EXPOCODE,SECT_ID,STNNBR,CASTNO,SAMPNO,BTLNBR,BTLNBR_FLAG_W,DATE,DATETIME,TIME,LATITUDE,LONGITUDE,DEPTH,CTDRAW,CTDPRS,CTDTMP,CTDSAL,CTDSAL_FLAG_W,SALNTY,SALNTY_FLAG_W,CTDOXY,CTDOXY_FLAG_W,OXYGEN,OXYGEN_FLAG_W,SILCAT,SILCAT_FLAG_W,NITRAT,NITRAT_FLAG_W,NITRIT,NITRIT_FLAG_W,PHSPHT,PHSPHT_FLAG_W,CFC-11,CFC-11_FLAG_W,CFC-12,CFC-12_FLAG_W,SF6,SF6_FLAG_W,CCL4,CCL4_FLAG_W,TCARBN,TCARBN_FLAG_W,ALKALI,ALKALI_FLAG_W,FCO2,FCO2_FLAG_W,FCO2TMP,PH_TOT,PH_TOT_FLAG_W,PH_TMP,DOC,DOC_FLAG_W,TDN,TDN_FLAG_W,TRITUM,TRITUM_FLAG_W,HELIUM,HELIUM_FLAG_W,DELHE3,DELHE3_FLAG_W,DELC14,DELC14_FLAG_W,C14ERR,DELC13,DELC13_FLAG_W,THETA,REFTMP,REFTMP_FLAG_W
33RO20100308, A13.5,1,1,24,11714,2,20100314,2010-03-14 9:10,910,-54.0007,0.0002,2545,5.6,5.6,2.3373,33.7458,2,33.7449,2,329.1,2,328.6,2,24.03,2,23.23,2,0.28,2,1.55,2,5.626,2,3.012,2,2.344,2,7.087,3,2149.7,6,2282.5,2,752.2,2,20,7.7264,2,25,45.03,2,26.33,2,,1,,1,,9,-91.2,2,2.5,1.58,2,2.337,2.3364,2
33RO20100308, A13.5,1,1,23,11713,2,20100314,2010-03-14 9:10,910,-54.0007,0.0002,2545,30,30,2.3393,33.7456,2,,9,330.2,2,329.2,2,23.64,2,23.04,2,0.33,2,1.56,2,5.616,6,3.007,6,2.479,6,7.224,3,2151,2,2280.2,2,754.3,2,20,7.726,2,25,43.28,2,26.42,2,,1,,1,,9,-88.4,2,2.5,1.53,2,2.3377,2.3387,2
33RO20100308, A13.5,1,1,22,11712,2,20100314,2010-03-14 9:10,910,-54.0007,0.0002,2545,59.6,59.6,2.3249,33.746,2,33.747,2,328.9,2,329.3,6,23.88,2,23.12,2,0.33,2,1.56,2,5.635,2,3.019,2,2.506,2,7.345,3,2148.5,2,2280.6,2,777.2,2,20,7.7261,2,25,42.24,2,25.81,2,,1,,1,,9,-90,2,2.6,1.56,2,2.3217,2.3248,2
33RO20100308, A13.5,1,1,21,11010,2,20100314,2010-03-14 9:10,910,-54.0007,0.0002,2545,99.7,99.7,0.8735,33.8568,2,,9,313.2,2,318.3,2,-9,9,-9,9,-9,9,-9,9,5.668,2,3,2,2.535,2,7.068,3,2176.1,2,2286,2,877.6,2,20,7.6681,2,25,40.99,2,30.41,2,,1,,1,,9,-92.1,2,2.5,1.26,2,0.8693,0.8767,3
33RO20100308, A13.5,1,1,20,11715,2,20100314,2010-03-14 9:10,910,-54.0007,0.0002,2545,150.1,150.1,0.2458,34.1994,2,34.2104,2,256.8,2,256.3,2,66.18,2,32.34,2,0.06,2,2.28,2,3.926,2,2.052,2,1.5,2,4.742,3,2219.9,2,2305.3,2,1131.2,2,20,7.583,2,25,40.43,2,34.39,2,,1,,1,,9,-115,2,2.8,0.75,2,0.2401,0.2479,2
33RO20100308, A13.5,1,1,19,11007,2,20100314,2010-03-14 9:10,910,-54.0007,0.0002,2545,200.3,200.3,1.0544,34.4228,2,34.4213,2,211.7,2,209.9,2,78.31,2,33.95,2,0.06,2,2.39,2,2.389,2,1.229,2,0.731,2,2.803,3,2244.8,2,2320.5,2,1216,2,20,7.5539,2,25,39.94,2,35.64,2,,1,,1,,9,-132,2,2.6,0.5,2,1.0453,1.0537,2
33RO20100308, A13.5,1,1,18,11710,2,20100314,2010-03-14 9:10,910,-54.0007,0.0002,2545,251.4,251.4,1.4835,34.5449,2,34.5423,2,188.5,2,187.4,2,85.24,2,34.38,2,0.05,2,2.42,2,1.428,2,0.732,2,0.456,2,1.677,3,2255.9,2,2329.8,2,1238,2,20,7.547,2,25,39.06,2,36.03,2,,1,,1,,9,-141.2,2,2.6,0.46,2,1.471,1.485,2
33RO20100308, A13.5,1,1,17,11023,3,20100314,2010-03-14 9:10,910,-54.0007,0.0002,2545,299.3,299.3,1.6204,34.5982,2,34.5947,2,182.5,2,,9,-9,9,-9,9,-9,9,-9,9,,9,,9,,9,,9,,9,,9,,9,,7.5615,4,25,,9,,9,,9,,9,,9,,9,,,9,1.6051,1.6187,2
33RO20100308, A13.5,1,1,16,11709,2,20100314,2010-03-14 9:10,910,-54.0007,0.0002,2545,399.8,399.8,1.6726,34.64,2,34.6393,2,181.2,2,180.1,2,90.22,2,33.66,2,0.05,2,2.37,2,0.79,2,0.395,2,0.207,2,0.964,3,2259.7,2,2338.9,2,1189.9,2,20,7.5605,2,25,38.59,2,35.78,2,,1,,1,,9,-150.2,2,2.5,0.39,2,1.6516,1.6717,2
33RO20100308, A13.5,1,1,15,11006,2,20100314,2010-03-14 9:10,910,-54.0007,0.0002,2545,500.5,500.5,1.6447,34.6776,2,34.677,2,183.9,2,183.6,2,92.75,2,32.9,2,0.05,2,2.31,2,0.595,2,0.3,2,0.152,2,0.752,3,2257.8,2,2342.3,2,1154.7,2,20,7.5751,2,25,38.7,2,34.71,2,,1,,1,,9,-155.2,2,2.8,0.47,2,1.618,1.6446,2
33RO20100308, A13.5,1,1,14,11708,2,20100314,2010-03-14 9:10,910,-54.0007,0.0002,2545,600.9,600.9,1.5734,34.7008,2,34.7007,2,187.8,2,188.7,2,94.7,2,32.18,2,0.04,2,2.27,2,0.477,2,0.239,2,0.129,2,0.619,3,2255,2,2347.1,2,1109,2,20,7.5896,2,25,38.52,2,33.96,2,,1,,1,,9,-155.6,2,2.7,0.52,2,1.5412,1.5731,2
33RO20100308, A13.5,1,1,13,11031,2,20100314,2010-03-14 9:10,910,-54.0007,0.0002,2545,701.5,701.5,1.4968,34.7077,2,34.7076,2,191.1,2,203,4,96.84,2,32.1,2,0.04,2,2.26,2,0.451,2,0.228,2,0.212,2,0.586,3,2255.3,2,2349.9,2,1106.9,2,20,7.5931,2,25,39.16,2,33.62,2,,1,,1,,9,-151.5,2,2.4,0.48,2,1.459,1.4963,2
33RO20100308, A13.5,1,1,12,11027,2,20100314,2010-03-14 9:10,910,-54.0007,0.0002,2545,798.3,798.3,1.4096,34.7143,2,34.7133,2,195,2,194.5,2,98.79,2,31.77,2,0.04,2,2.23,2,0.407,2,0.207,2,0.22,2,0.536,3,2255.3,2,2350.7,2,1082.5,2,20,7.5989,2,25,39.13,2,33.38,2,,1,,1,,9,-152.3,2,2.4,0.49,2,1.3665,1.4088,2
33RO20100308, A13.5,1,1,11,11707,3,20100314,2010-03-14 9:10,910,-54.0007,0.0002,2545,900.3,900.3,1.2975,34.714,2,34.7097,3,197.2,2,,9,-9,9,-9,9,-9,9,-9,9,,9,,9,,9,,9,,9,,9,,9,,,9,,,9,,9,,9,,9,,9,,9,,,9,1.2489,1.2973,2
33RO20100308, A13.5,1,1,10,11003,2,20100314,2010-03-14 9:10,910,-54.0007,0.0002,2545,1000.7,1000.7,1.1623,34.713,2,34.7135,2,199.2,2,199.1,2,105.17,2,31.82,2,0.04,2,2.23,2,0.382,2,0.19,2,0.116,2,0.509,3,2254.6,2,2354.4,2,1094.5,2,20,7.6027,2,25,39.26,2,33.78,2,,1,,1,,9,-158,2,2.6,0.51,2,1.1085,1.162,2
33RO20100308, A13.5,1,1,9,11706,2,20100314,2010-03-14 9:10,910,-54.0007,0.0002,2545,1101.1,1101.1,1.063,34.711,2,,9,201.2,2,200.8,2,-9,9,-9,9,-9,9,-9,9,0.368,6,0.182,6,0.105,6,0.494,3,2255.7,2,2351.7,2,1086.2,2,20,7.6025,2,25,38.89,2,34.15,2,,9,,1,,9,-160,2,2.3,0.5,2,1.0038,1.0624,2
33RO20100308, A13.5,1,1,8,11033,2,20100314,2010-03-14 9:10,910,-54.0007,0.0002,2545,1200,1200,0.9644,34.708,2,34.708,2,202,2,202.4,2,110.09,2,31.96,2,0.03,2,2.25,2,0.375,2,0.185,2,0.112,2,0.503,3,2257.6,2,2351.9,2,1082,2,20,7.6034,2,25,38.72,2,33.73,2,,1,,1,,9,-156.4,2,2.4,0.46,2,0.8998,0.964,2
33RO20100308, A13.5,1,1,7,11705,2,20100314,2010-03-14 9:10,910,-54.0007,0.0002,2545,1299.3,1299.3,0.8663,34.7026,2,34.7029,2,202.9,2,203.4,2,112.79,2,32.12,2,0.03,2,2.26,2,0.41,2,0.201,2,0.096,2,0.541,3,2257.3,2,2354.4,2,1075.4,2,20,7.5997,2,25,39.2,2,34.06,2,,1,,1,,9,-155.4,2,2.6,0.46,2,0.7963,0.8667,2
33RO20100308, A13.5,1,1,6,11029,2,20100314,2010-03-14 9:10,910,-54.0007,0.0002,2545,1500.1,1500.1,0.684,34.6961,2,34.6955,2,206.1,2,206.4,2,118.07,6,32.49,6,0.02,6,2.28,2,0.411,2,0.198,2,0.084,2,0.557,3,2258.2,2,2353.4,2,1093,2,20,7.5988,2,25,39.16,2,34.6,2,,1,,1,,9,-149.9,2,3.1,0.45,2,0.6029,0.6837,2
33RO20100308, A13.5,1,1,5,11704,2,20100314,2010-03-14 9:10,910,-54.0007,0.0002,2545,1700.3,1700.3,0.5424,34.6903,2,34.6877,2,208,2,211.5,4,122.4,6,32.66,6,0.02,6,2.29,2,0.421,2,0.199,2,0.082,2,0.578,3,2260.4,2,2353.6,2,1085.1,2,20,7.5963,2,25,39.2,2,34.41,2,,1,,1,,9,-152.8,2,2.3,0.47,2,0.4495,0.5427,2
33RO20100308, A13.5,1,1,4,11030,2,20100314,2010-03-14 9:10,910,-54.0007,0.0002,2545,1900.1,1900.1,0.4593,34.687,2,34.6871,2,209.3,2,209.2,2,125.81,6,32.82,6,0.01,6,2.3,2,0.416,2,0.198,2,0.084,2,0.595,3,2262.1,2,2352.2,2,1098.8,6,20,7.595,2,25,39.61,2,34.13,2,,1,,1,,9,-155.8,2,2.3,0.41,2,0.3536,0.4588,2
33RO20100308, A13.5,1,1,3,11703,3,20100314,2010-03-14 9:10,910,-54.0007,0.0002,2545,2099.6,2099.6,0.4059,34.6845,2,34.6808,2,210.6,2,,9,-9,9,-9,9,-9,9,-9,9,,9,,9,,9,,9,2261.5,2,,9,,9,,,9,,38.51,2,35.17,2,,9,,9,,9,,9,,,9,0.2865,0.4054,2
33RO20100308, A13.5,1,1,2,11702,2,20100314,2010-03-14 9:10,910,-54.0007,0.0002,2545,2300.8,2300.8,0.3886,34.6832,2,34.6851,2,211.6,2,211.3,2,130.98,6,32.95,6,0.01,6,2.31,2,0.419,6,0.197,6,0.109,2,0.611,3,2262.8,2,2354.8,2,1108.6,2,20,7.5944,2,25,39.03,2,34.59,2,,1,,1,,9,-154.5,2,2.5,0.46,2,0.2542,0.388,2
33RO20100308, A13.5,1,1,1,11701,2,20100314,2010-03-14 9:10,910,-54.0007,0.0002,2545,2544.2,2544.2,0.3944,34.6827,2,,9,211.6,2,210.5,6,133.63,2,33.02,2,0.03,2,2.32,2,0.426,2,0.2,2,0.121,2,0.6,3,2262,6,2346.6,2,1098.8,2,20,7.5925,2,25,39.3,2,35.29,2,,1,,1,,9,-157.1,2,2.8,0.53,2,0.2406,0.3943,2
33RO20100308, A13.5,2,1,24,11714,2,20100314,2010-03-14 15:33,1533,-53.5,0.0695,2538,4.3,4.3,2.3434,33.7513,2,33.7513,2,328.9,2,328.5,2,25,2,23.17,2,0.28,2,1.58,2,5.618,2,3.013,2,2.403,2,7.07,3,2149.6,6,2284.4,2,777.7,2,20,7.7234,2,25,,9,,9,,9,,9,,9,,9,,,9,2.3432,2.3414,2
33RO20100308, A13.5,2,1,23,11713,3,20100314,2010-03-14 15:33,1533,-53.5,0.0695,2538,44.6,44.6,2.3324,33.7524,2,,9,330.7,2,,9,25.15,2,23.25,2,0.28,2,1.58,2,,9,,9,,9,,9,,9,,9,,9,,,9,,,9,,9,,9,,9,,9,,9,,,9,2.33,2.3309,2
33RO20100308, A13.5,2,1,22,11712,2,20100314,2010-03-14 15:33,1533,-53.5,0.0695,2538,81.6,81.6,2.2132,33.7634,2,33.7656,2,328.3,2,329.9,2,25.44,2,23.35,2,0.27,2,1.59,2,5.65,6,3.02,6,2.531,6,7.029,3,2151.4,2,2282.6,2,780.8,6,20,7.7205,2,25,,9,,9,,9,,9,,9,,9,,,9,2.2089,2.2127,2
33RO20100308, A13.5,2,1,21,11010,2,20100314,2010-03-14 15:33,1533,-53.5,0.0695,2538,124.9,124.9,-0.0455,33.9939,2,33.9967,2,302.2,2,304.3,6,50.8,2,29.08,2,0.19,2,2.07,2,0,4,0.001,4,0.017,4,-0.003,4,2194.5,2,2293.2,2,993.2,2,20,7.6296,2,25,,9,,9,,9,,9,,9,,9,,,9,-0.0498,-0.0438,2
33RO20100308, A13.5,2,1,20,11715,4,20100314,2010-03-14 15:33,1533,-53.5,0.0695,2538,176.1,176.1,0.5173,34.2762,4,33.9919,4,244.6,4,305.1,4,50.55,4,28.97,4,0.19,4,2.07,4,5.354,2,2.811,2,2.092,2,6.399,3,2191.8,4,2295.4,4,971,4,20,7.6303,2,25,,9,,9,,9,,9,,9,,9,,,9,0.5102,0.5041,2
33RO20100308, A13.5,2,1,19,11007,2,20100314,2010-03-14 15:33,1533,-53.5,0.0695,2538,223.4,223.4,1.0703,34.4254,2,34.4238,2,208.6,2,208.8,2,78.66,2,34.04,2,0.01,2,2.38,2,2.339,2,1.196,2,0.801,2,2.669,3,2244.2,2,2320.8,2,1224.8,2,20,7.5518,2,25,,9,,9,,9,,9,,9,,9,,,9,1.0601,1.0661,2
33RO20100308, A13.5,2,1,18,11710,2,20100314,2010-03-14 15:33,1533,-53.5,0.0695,2538,272.1,272.1,1.4738,34.5446,2,34.5429,2,188.4,2,187.4,2,85.58,2,34.51,2,0,2,2.42,2,1.44,2,0.729,2,0.458,2,1.687,3,2253.7,2,2330.5,2,1232.8,2,20,7.5465,2,25,,9,,9,,9,,9,,9,,9,,,9,1.4603,1.4722,2
33RO20100308, A13.5,2,1,17,11023,2,20100314,2010-03-14 15:33,1533,-53.5,0.0695,2538,350.2,350.2,1.658,34.625,2,34.6236,2,180.8,2,183,2,90.18,6,34.18,6,0.01,6,2.39,6,0.881,2,0.438,2,0.229,2,1.059,3,2258.1,6,2339.1,2,1226.7,2,20,7.5557,2,25,,9,,9,,9,,9,,9,,9,,,9,1.6398,1.6572,2
33RO20100308, A13.5,2,1,16,11709,2,20100314,2010-03-14 15:33,1533,-53.5,0.0695,2538,451,451,1.6626,34.6671,2,34.6657,2,183,2,181.6,2,92.5,2,33.41,2,0,2,2.33,2,0.65,2,0.321,2,0.073,2,0.801,3,2258.5,2,2339.6,2,1174.4,2,20,7.5697,2,25,,9,,9,,9,,9,,9,,9,,,9,1.6387,1.6623,2
33RO20100308, A13.5,2,1,15,11006,2,20100314,2010-03-14 15:33,1533,-53.5,0.0695,2538,551.9,551.9,1.6018,34.6901,2,34.6877,2,186.2,2,186.2,2,94.63,2,32.88,2,0,2,2.28,2,0.531,2,0.266,2,0.126,2,0.67,3,2257.4,2,2343.9,2,1141.2,2,20,7.5815,2,25,,9,,9,,9,,9,,9,,9,,,9,1.5723,1.6009,2
33RO20100308, A13.5,2,1,14,11708,2,20100314,2010-03-14 15:33,1533,-53.5,0.0695,2538,649.6,649.6,1.5305,34.7037,2,34.7019,2,189.8,2,189.8,2,96.37,2,32.44,2,0,2,2.26,2,0.464,2,0.231,2,0.046,2,0.593,3,2256.2,2,2347.8,2,1114,6,20,7.5895,2,25,,9,,9,,9,,9,,9,,9,,,9,1.4956,1.5301,2
33RO20100308, A13.5,2,1,13,11031,2,20100314,2010-03-14 15:33,1533,-53.5,0.0695,2538,750.4,750.4,1.433,34.7106,2,34.7092,2,193,2,205.2,4,98.38,2,32.14,2,0,2,2.24,2,0.424,2,0.216,2,0.128,2,0.575,3,2256.3,2,1897.2,4,1091.9,2,20,7.5959,2,25,,9,,9,,9,,9,,9,,9,,,9,1.3926,1.4326,2
33RO20100308, A13.5,2,1,12,11027,2,20100314,2010-03-14 15:33,1533,-53.5,0.0695,2538,850.7,850.7,1.2998,34.7119,2,34.7113,2,195.8,2,196.3,2,101.53,2,31.99,2,0,2,2.23,2,0.416,2,0.205,2,0.081,2,0.535,3,2255.4,2,2350.7,2,1090,2,20,7.6005,2,25,,9,,9,,9,,9,,9,,9,,,9,1.2542,1.2997,2
33RO20100308, A13.5,2,1,11,11707,2,20100314,2010-03-14 15:33,1533,-53.5,0.0695,2538,951.6,951.6,1.1955,34.7099,2,34.7094,2,197.9,2,198.3,2,103.94,2,31.99,2,0,2,2.23,2,,5,,5,,5,,5,2254.5,2,2352.5,2,1079.4,2,20,7.6001,2,25,,9,,9,,9,,9,,9,,9,,,9,1.1445,1.1957,2
33RO20100308, A13.5,2,1,10,11003,2,20100314,2010-03-14 15:33,1533,-53.5,0.0695,2538,1050.6,1050.6,1.0749,34.7071,2,34.7067,2,199.6,2,200.4,2,106.98,6,32.11,6,0,6,2.23,6,0.424,2,0.208,2,0.143,2,0.541,3,2255,2,,5,1095.9,2,20,7.6007,2,25,,9,,9,,9,,9,,9,,9,,,9,1.0188,1.075,2
33RO20100308, A13.5,2,1,9,11706,2,20100314,2010-03-14 15:33,1533,-53.5,0.0695,2538,1150.5,1150.5,0.9425,34.7026,2,34.7027,2,201.7,2,202.4,2,110.37,2,32.29,2,0,2,2.25,2,0.452,2,0.246,2,0.49,4,0.618,3,2256.7,2,2352.5,2,1088.8,2,20,7.6002,2,25,,9,,9,,9,,9,,9,,9,,,9,0.8813,0.9426,2
33RO20100308, A13.5,2,1,8,11033,2,20100314,2010-03-14 15:33,1533,-53.5,0.0695,2538,1251,1251,0.848,34.6993,2,34.699,2,203.1,2,203.7,2,112.46,6,32.36,6,0,6,2.26,6,0.456,2,0.224,2,0,2,0.627,3,2255.4,2,2351.2,2,1094.4,2,20,7.5997,2,25,,9,,9,,9,,9,,9,,9,,,9,0.7813,0.8475,2
33RO20100308, A13.5,2,1,7,11705,2,20100314,2010-03-14 15:33,1533,-53.5,0.0695,2538,1401.4,1401.4,0.7541,34.6962,2,34.6981,2,205.6,2,205.1,2,114.97,2,32.46,2,0,2,2.26,2,0.464,2,0.226,2,0.067,2,0.596,3,2256.4,2,2354.6,2,1057.5,3,20,7.599,2,25,,9,,9,,9,,9,,9,,9,,,9,0.6787,0.7536,2
33RO20100308, A13.5,2,1,6,11029,2,20100314,2010-03-14 15:33,1533,-53.5,0.0695,2538,1600.3,1600.3,0.6149,34.6917,2,34.6911,2,206.8,2,207.7,2,118.89,2,32.73,2,0,2,2.28,2,0.449,2,0.223,2,0.073,2,0.618,3,2258.1,2,2354.4,2,1101.8,2,20,7.5967,2,25,,9,,9,,9,,9,,9,,9,,,9,0.5279,0.6151,2
33RO20100308, A13.5,2,1,5,11704,2,20100314,2010-03-14 15:33,1533,-53.5,0.0695,2538,1805.2,1805.2,0.5034,34.6882,2,34.6892,2,209.3,2,209.3,2,123.14,6,32.82,6,0,6,2.29,6,0.437,6,0.207,6,0.027,6,0.596,3,2259.6,2,2355.5,2,1088.4,2,20,,5,,,9,,9,,9,,9,,9,,9,,,9,0.4038,0.5041,2
33RO20100308, A13.5,2,1,4,11030,2,20100314,2010-03-14 15:33,1533,-53.5,0.0695,2538,2000.6,2000.6,0.439,34.6857,2,34.688,2,210.7,2,209.2,6,124.02,6,32.91,6,0,6,2.3,6,0.434,2,0.209,2,0.089,2,0.604,3,2258.9,2,2355.8,2,1098.9,2,20,7.5966,2,25,,9,,9,,9,,9,,9,,9,,,9,0.3263,0.4388,2
33RO20100308, A13.5,2,1,3,11703,3,20100314,2010-03-14 15:33,1533,-53.5,0.0695,2538,2200.1,2200.1,0.3975,34.6837,2,34.6833,2,211.4,2,,9,-9,9,-9,9,-9,9,-9,9,,9,,9,,9,,9,,9,,9,,9,,,9,,,9,,9,,9,,9,,9,,9,,,9,0.2707,0.3969,2
33RO20100308, A13.5,2,1,2,11702,2,20100314,2010-03-14 15:33,1533,-53.5,0.0695,2538,2400.8,2400.8,0.3791,34.6824,2,34.6837,2,213,2,212,2,130.98,6,33.04,6,0,6,2.3,6,0.433,2,0.203,2,0.066,2,0.605,3,2260.5,2,2354.7,2,1105.8,6,20,7.5956,2,25,,9,,9,,9,,9,,9,,9,,,9,0.2371,0.3784,2
33RO20100308, A13.5,2,1,1,11701,2,20100314,2010-03-14 15:33,1533,-53.5,0.0695,2538,2556.4,2556.4,0.3799,34.682,2,34.6823,2,211.7,2,210.6,2,134.61,2,33.06,2,0.01,2,2.3,2,0.426,2,0.205,2,0,2,0.621,3,2262.3,6,2355.2,2,1098,2,20,7.5941,2,25,,9,,9,,9,,9,,9,,9,,,9,0.2254,0.3792,2
33RO20100308, A13.5,3,1,23,11713,2,20100314,2010-03-14 21:22,2122,-52.9995,0.1452,2548,30.6,30.6,2.5066,33.7345,2,33.7343,2,330.8,2,330.6,2,17.44,2,22.48,2,0.23,2,1.52,2,5.62,6,3.006,6,2.602,6,7.184,3,2141.8,6,2284.2,2,746.5,2,20,7.74,2,25,46.64,2,24.09,2,,9,,9,,9,,9,,,9,2.5049,2.5062,2
33RO20100308, A13.5,3,1,22,11712,2,20100314,2010-03-14 21:22,2122,-52.9995,0.1452,2548,59.9,59.9,2.4829,33.7376,2,33.7403,2,331.2,2,330.9,2,17.88,2,22.51,2,0.29,2,1.5,2,5.63,2,3.014,2,2.598,2,7.163,3,2143.5,2,2279.1,2,748.4,2,20,7.7384,2,25,41.95,2,25.44,2,,9,,9,,9,,9,,,9,2.4796,2.4818,2
33RO20100308, A13.5,3,1,21,11010,2,20100314,2010-03-14 21:22,2122,-52.9995,0.1452,2548,101.2,101.2,0.767,33.8634,2,33.8545,2,313.2,2,318.3,2,35.42,2,26.96,2,0.18,2,1.99,2,5.703,2,3.017,2,2.423,2,7.036,3,2173.7,2,2283.8,2,,9,,7.6638,2,25,41.02,2,31.02,2,,9,,9,,9,,9,,,9,0.7628,0.7504,3
33RO20100308, A13.5,3,1,20,11715,2,20100314,2010-03-14 21:22,2122,-52.9995,0.1452,2548,150.5,150.5,0.8671,34.236,2,34.2348,2,240.4,2,238.9,6,63.55,2,33.22,2,0.04,2,2.36,2,3.362,2,1.716,2,1.24,2,3.947,3,2225.3,2,2305.3,2,1159,2,20,7.5688,2,25,40.39,2,35.47,2,,9,,9,,9,,9,,,9,0.8606,0.863,2
33RO20100308, A13.5,3,1,19,11007,2,20100314,2010-03-14 21:22,2122,-52.9995,0.1452,2548,200.9,200.9,1.4266,34.4275,2,34.4282,2,200.1,2,197.9,2,75.34,2,34.8,2,0.04,2,2.42,2,2.115,2,1.075,2,0.744,2,2.48,3,2246.5,2,2314,2,,9,,7.5416,2,25,39.96,2,38.05,2,,9,,9,,9,,9,,,9,1.4169,1.4215,2
33RO20100308, A13.5,3,1,18,11710,2,20100314,2010-03-14 21:22,2122,-52.9995,0.1452,2548,250.2,250.2,1.737,34.5322,2,34.5321,2,182.4,2,180.5,2,81.31,2,34.91,2,0.03,2,2.44,2,1.311,2,0.663,2,0.376,2,1.6,3,2254.9,2,2326.8,2,1271.5,2,20,7.5379,2,25,39.79,2,38.28,2,,9,,9,,9,,9,,,9,1.7241,1.7363,2
33RO20100308, A13.5,3,1,17,11023,2,20100314,2010-03-14 21:22,2122,-52.9995,0.1452,2548,301.6,301.6,1.8444,34.58,2,34.5796,2,176.2,2,175.4,2,84.09,2,34.59,2,0.03,2,2.41,2,0.967,2,0.489,2,0.221,2,1.226,3,2256.9,2,2031.9,4,,9,,7.5429,2,25,39.1,2,37.58,2,,9,,9,,9,,9,,,9,1.8284,1.844,2
33RO20100308, A13.5,3,1,16,11709,2,20100314,2010-03-14 21:22,2122,-52.9995,0.1452,2548,400.2,400.2,1.8414,34.6359,2,34.6357,2,176.8,2,176.3,2,87.67,2,33.84,2,0.03,2,2.35,2,0.694,2,0.35,2,0.235,2,0.906,3,2258.5,6,2338.8,2,1205.1,2,20,7.5571,2,25,38.62,2,36.41,2,,9,,9,,9,,9,,,9,1.8198,1.8402,2
33RO20100308, A13.5,3,1,15,11006,2,20100314,2010-03-14 21:22,2122,-52.9995,0.1452,2548,500.4,500.4,1.8419,34.6769,2,34.6769,2,180.4,2,179.6,2,89.5,2,32.93,2,0.03,2,2.3,2,0.492,2,0.248,2,0.119,2,0.676,3,2256.4,2,2343.6,2,,9,,7.5738,2,25,38.72,2,34.87,2,,9,,9,,9,,9,,,9,1.8144,1.8418,2
33RO20100308, A13.5,3,1,14,11708,2,20100314,2010-03-14 21:22,2122,-52.9995,0.1452,2548,602.7,602.7,1.8344,34.7069,2,34.7073,2,185.2,2,185.2,2,89.65,2,31.91,2,0.02,2,2.22,2,0.358,2,0.18,2,0.077,2,0.513,3,2253.5,2,2348.1,2,1110.7,2,20,7.5911,2,25,38.83,2,34.36,2,,9,,9,,9,,9,,,9,1.8008,1.8337,2
33RO20100308, A13.5,3,1,13,11031,2,20100314,2010-03-14 21:22,2122,-52.9995,0.1452,2548,698.1,698.1,1.7439,34.7155,2,34.7154,2,188.6,2,188.5,2,91.5,2,31.8,2,0.03,2,2.21,2,0.336,2,0.168,2,0.094,2,0.488,3,2253.3,2,2347,2,,9,,7.5961,2,25,38.61,2,33.01,2,,9,,9,,9,,9,,,9,1.7049,1.743,2
33RO20100308, A13.5,3,1,12,11027,2,20100314,2010-03-14 21:22,2122,-52.9995,0.1452,2548,802.7,802.7,1.613,34.7196,2,34.7213,2,192.3,4,213.4,4,94.35,2,31.62,2,0.02,2,2.19,2,0.349,2,0.178,2,0,2,0.498,3,2252.4,2,2350.3,2,,9,,7.5995,2,25,38.48,2,33.43,2,,9,,9,,9,,9,,,9,1.5683,1.6127,2
33RO20100308, A13.5,3,1,11,11707,2,20100314,2010-03-14 21:22,2122,-52.9995,0.1452,2548,900.9,900.9,1.553,34.725,2,34.7251,2,194.9,2,194.6,2,95.64,2,31.46,2,0.03,2,2.18,2,0.319,2,0.161,2,0,2,0.465,3,2251.3,2,2348.1,2,1081.5,2,20,7.605,2,25,38.65,2,33.21,2,,9,,9,,9,,9,,,9,1.5025,1.5525,2
33RO20100308, A13.5,3,1,10,11003,2,20100314,2010-03-14 21:22,2122,-52.9995,0.1452,2548,1001.9,1001.9,1.4847,34.7315,2,34.7318,2,197.7,2,198,2,96.86,2,31.08,2,0.01,2,2.15,2,0.271,2,0.137,2,0.099,2,0.404,3,2250.5,2,2349.3,2,,9,,7.6111,2,25,38.88,2,32.9,2,,9,,9,,9,,9,,,9,1.4283,1.484,2
33RO20100308, A13.5,3,1,9,11706,2,20100314,2010-03-14 21:22,2122,-52.9995,0.1452,2548,1100.3,1100.3,1.3605,34.726,2,34.7262,2,199.2,2,198.5,2,100.43,2,31.45,2,0.02,2,2.18,2,0.289,2,0.147,2,0,2,0.427,3,2252.4,2,2352.9,2,1067.2,2,20,7.6082,2,25,38.45,2,33.46,2,,9,,9,,9,,9,,,9,1.2987,1.3599,2
33RO20100308, A13.5,3,1,8,11033,2,20100314,2010-03-14 21:22,2122,-52.9995,0.1452,2548,1201.6,1201.6,1.2748,34.7234,2,34.7247,2,200.3,2,200.1,2,102.84,2,31.45,2,0.02,2,2.18,2,0.281,2,0.14,2,0,2,0.415,3,2253.2,2,2355.6,2,,9,,7.6087,2,25,39.07,2,33.42,2,,9,,9,,9,,9,,,9,1.2071,1.2743,2
33RO20100308, A13.5,3,1,7,11705,2,20100314,2010-03-14 21:22,2122,-52.9995,0.1452,2548,1302.1,1302.1,1.1188,34.7165,2,34.7173,2,200.8,2,201.3,2,106.97,2,31.78,2,0.03,2,2.19,2,,9,,9,,9,,9,2254.7,2,2355.3,2,1079.1,2,20,7.6061,2,25,39.51,2,33.58,2,,9,,9,,9,,9,,,9,1.046,1.1185,2
33RO20100308, A13.5,3,1,6,11029,2,20100314,2010-03-14 21:22,2122,-52.9995,0.1452,2548,1500.8,1500.8,0.9282,34.7069,2,34.7091,2,202.9,2,203.6,2,112.11,2,32.04,2,0.02,2,2.23,2,0.353,2,0.173,2,0,2,0.5,3,2255.2,2,2352.4,2,,9,,7.6019,2,25,39.09,2,33.88,2,,9,,9,,9,,9,,,9,0.8441,0.9281,2
33RO20100308, A13.5,3,1,5,11704,2,20100314,2010-03-14 21:22,2122,-52.9995,0.1452,2548,1700.4,1700.4,0.7847,34.7009,2,34.7018,2,205.6,2,205.7,6,116.36,2,32.2,2,0.01,2,2.23,2,0.364,2,0.179,2,0,2,0.515,3,2255.7,2,2354,2,1093.8,2,20,7.6011,2,25,38.47,2,33.82,2,,9,,9,,9,,9,,,9,0.6885,0.7834,2
33RO20100308, A13.5,3,1,4,11030,2,20100314,2010-03-14 21:22,2122,-52.9995,0.1452,2548,1902.1,1902.1,0.6432,34.6956,2,34.6959,2,207.8,2,207.7,2,121.25,2,32.53,2,0.02,2,2.25,2,0.371,2,0.181,2,0,2,0.544,3,2257.8,2,2353.8,2,,9,,7.5996,2,25,38.24,2,34.39,2,,9,,9,,9,,9,,,9,0.5346,0.643,2
33RO20100308, A13.5,3,1,3,11703,2,20100314,2010-03-14 21:22,2122,-52.9995,0.1452,2548,2100.8,2100.8,0.5512,34.6905,2,34.6909,2,209.2,2,209.2,2,124.31,2,32.57,2,0.01,2,2.25,2,,9,,9,,9,,9,2258.9,2,2354,2,,9,,7.5969,2,25,38.11,2,34.21,2,,9,,9,,9,,9,,,9,0.4293,0.5511,2
33RO20100308, A13.5,3,1,2,11702,2,20100314,2010-03-14 21:22,2122,-52.9995,0.1452,2548,2302.2,2302.2,0.5094,34.689,2,34.6892,2,210.3,2,210.3,2,128.11,2,32.75,2,0.03,2,2.27,2,0.39,6,0.187,6,0,6,0.579,3,2258.7,2,2356.7,2,,9,,7.5985,2,25,38.43,2,34.62,2,,9,,9,,9,,9,,,9,0.3727,0.5091,2
33RO20100308, A13.5,3,1,1,11701,2,20100314,2010-03-14 21:22,2122,-52.9995,0.1452,2548,2561.1,2561.1,0.4603,34.6861,2,34.6889,2,210.7,2,210.7,2,133.39,2,32.83,2,0.03,2,2.27,2,0.4,2,0.191,2,0,2,0.585,3,2260.9,6,2355.1,2,,9,,7.596,2,25,38.44,2,34.49,2,,9,,9,,9,,9,,,9,0.3039,0.4598,2
33RO20100308, A13.5,4,1,24,11714,2,20100315,2010-03-15 2:52,252,-52.5102,0.2515,2801,5.5,5.5,3.2726,33.6892,2,33.6894,2,324.7,2,316.1,4,8.76,2,22.28,2,0.28,2,1.45,2,5.318,2,2.873,2,2.449,2,6.778,3,2133.6,6,2279,6,727,2,20,7.7501,2,25,,9,,9,,9,,9,,9,-79.4,2,2.5,1.74,2,3.2723,3.2721,2
33RO20100308, A13.5,4,1,23,11713,2,20100315,2010-03-15 2:52,252,-52.5102,0.2515,2801,39.6,39.6,3.2737,33.6894,2,33.6886,2,322.7,2,324.1,2,8.78,2,22.14,2,0.28,2,1.46,2,5.307,2,2.88,2,2.496,2,6.581,3,2133.7,2,2278.2,2,719.9,2,20,7.7509,2,25,,9,,9,,9,,9,,9,-86.8,2,2.6,1.75,2,3.2713,3.2731,2
33RO20100308, A13.5,4,1,22,11712,2,20100315,2010-03-15 2:52,252,-52.5102,0.2515,2801,73.3,73.3,3.2674,33.6903,2,33.6897,2,323.6,2,324.2,2,9.02,2,22.35,2,0.28,2,-9,9,5.294,2,2.88,2,2.456,2,6.393,3,2133.1,2,2281.1,2,731.3,6,20,7.7507,2,25,,9,,9,,9,,9,,9,-82.9,2,2.6,1.64,2,3.2629,3.2698,2
33RO20100308, A13.5,4,1,21,11010,2,20100315,2010-03-15 2:52,252,-52.5102,0.2515,2801,98.9,98.9,3.2194,33.6928,2,33.6949,2,324.3,2,323.3,2,9.72,2,22.43,2,0.28,2,1.49,2,5.312,2,2.868,2,2.449,2,6.586,3,2133.6,2,2276.9,3,742.4,2,20,7.747,2,25,,9,,9,,9,,9,,9,-82.3,2,2.6,1.74,2,3.2134,3.2318,2
33RO20100308, A13.5,4,1,20,11715,2,20100315,2010-03-15 2:52,252,-52.5102,0.2515,2801,132.2,132.2,1.0431,33.9736,2,33.9576,2,283.8,2,290.5,2,37.36,2,30.05,2,0.07,2,2.15,2,,5,,5,,5,,5,2187.5,2,2290.7,2,998,2,20,7.6255,2,25,,9,,9,,9,,9,,9,-89.2,2,2.5,1.12,2,1.0373,1.0414,2
33RO20100308, A13.5,4,1,19,11007,2,20100315,2010-03-15 2:52,252,-52.5102,0.2515,2801,160.6,160.6,1.2113,34.149,2,34.1482,2,248.7,2,248.4,2,51,2,32.75,2,0.02,2,2.3,2,3.878,2,2.019,2,1.531,2,4.457,3,2213,2,2301.2,2,1127.8,2,20,7.5811,2,25,,9,,9,,9,,9,,9,-102.7,2,2.6,0.79,2,1.2039,1.2124,2
33RO20100308, A13.5,4,1,18,11710,2,20100315,2010-03-15 2:52,252,-52.5102,0.2515,2801,193.1,193.1,1.5043,34.2953,2,34.2912,2,215,2,216.6,2,60.86,2,34.49,2,0.02,2,2.4,2,2.923,2,1.495,2,0.993,2,3.236,3,2231.8,2,2310.1,2,1219.6,2,20,7.551,2,25,,9,,9,,9,,9,,9,-114.7,2,2.6,0.61,2,1.4949,1.4988,2
33RO20100308, A13.5,4,1,17,11023,2,20100315,2010-03-15 2:52,252,-52.5102,0.2515,2801,222.6,222.6,1.7021,34.3754,2,34.3699,2,200.1,2,198.7,2,66.22,6,35.18,6,0.02,6,2.46,6,2.318,2,1.176,2,0.759,2,2.684,3,2242,2,2315,2,1269.4,2,20,7.5384,2,25,,9,,9,,9,,9,,9,-121.7,2,2.5,0.4,2,1.6908,1.703,2
33RO20100308, A13.5,4,1,16,11709,2,20100315,2010-03-15 2:52,252,-52.5102,0.2515,2801,253.4,253.4,1.8342,34.4321,2,34.4309,2,188.8,2,186.6,2,70.38,6,35.4,6,0,6,2.51,6,1.829,2,0.926,2,0.556,2,2.111,3,2248.1,2,2320.6,6,1279.2,2,20,7.5343,2,25,,9,,9,,9,,9,,9,-134.3,2,2.5,0.49,2,1.8209,1.8347,2
33RO20100308, A13.5,4,1,15,11006,2,20100315,2010-03-15 2:52,252,-52.5102,0.2515,2801,351.4,351.4,2.0238,34.5605,2,34.5606,2,173.1,2,172.2,2,79.4,6,34.87,6,0.02,6,2.44,6,0.932,2,0.468,2,0.226,2,1.164,3,2257.2,2,2335,2,1268.7,2,20,7.5406,2,25,,9,,9,,9,,9,,9,-144.3,2,2.4,0.34,2,2.0045,2.0234,2
33RO20100308, A13.5,4,1,14,11708,2,20100315,2010-03-15 2:52,252,-52.5102,0.2515,2801,444.6,444.6,2.0157,34.6181,2,34.6179,2,172.9,2,172.5,2,83.15,2,34.14,2,0.01,2,2.36,2,0.662,2,0.334,2,0.135,2,0.868,3,2258.8,2,2340.7,2,1228,2,20,7.5527,2,25,,9,,9,,9,,9,,9,-153.8,2,2.4,0.54,2,1.9909,2.015,2
33RO20100308, A13.5,4,1,13,11031,2,20100315,2010-03-15 2:52,252,-52.5102,0.2515,2801,545,545,1.9971,34.6636,2,34.6636,2,176.3,2,187.2,4,85.34,2,33.28,2,0.01,2,2.31,2,0.469,2,0.239,2,0.184,2,0.64,3,2256.3,2,2346.4,2,1185,2,20,7.5701,2,25,,9,,9,,9,,9,,9,-154.9,2,2.4,0.44,2,1.9663,1.9973,2
33RO20100308, A13.5,4,1,12,11027,2,20100315,2010-03-15 2:52,252,-52.5102,0.2515,2801,645.8,645.8,1.9533,34.6882,2,34.6882,2,180.7,2,180.1,2,86.74,2,32.66,2,0.01,2,2.26,2,0.394,2,0.198,2,0.109,2,0.562,3,2255.5,2,2344,2,1148.8,2,20,7.5815,2,25,,9,,9,,9,,9,,9,-157,2,2.4,0.46,2,1.9164,1.9525,2
33RO20100308, A13.5,4,1,11,11707,2,20100315,2010-03-15 2:52,252,-52.5102,0.2515,2801,751.7,751.7,1.8865,34.7081,2,34.7083,2,184.6,2,184.5,2,88.25,2,32.12,2,0.01,2,2.22,2,0.342,2,0.173,2,0.231,3,0.489,3,2252,2,2348.8,2,1122.8,2,20,7.5903,2,25,,9,,9,,9,,9,,9,-152.2,2,3.8,0.58,2,1.8433,1.8858,2
33RO20100308, A13.5,4,1,10,11003,2,20100315,2010-03-15 2:52,252,-52.5102,0.2515,2801,850.1,850.1,1.8398,34.7232,2,34.7233,2,187.9,2,189.4,2,88.82,2,31.6,2,0.01,2,2.17,2,0.294,2,0.151,2,0.054,2,0.431,3,2252,2,2348.4,2,1095.1,2,20,7.6007,2,25,,9,,9,,9,,9,,9,-156.5,2,2.6,0.49,2,1.7906,1.8392,2
33RO20100308, A13.5,4,1,9,11706,2,20100315,2010-03-15 2:52,252,-52.5102,0.2515,2801,950.9,950.9,1.7818,34.7316,2,34.7316,2,192.4,2,192.5,2,89.34,2,31.09,2,0,2,2.15,2,0.272,2,0.14,2,0.115,2,0.447,3,2250.3,2,2349.6,2,1081.3,2,20,7.6062,2,25,,9,,9,,9,,9,,9,-160,2,2.5,0.49,2,1.7264,1.7823,2
33RO20100308, A13.5,4,1,8,11033,2,20100315,2010-03-15 2:52,252,-52.5102,0.2515,2801,1150.6,1150.6,1.5649,34.733,2,34.7325,2,196,2,196.4,2,94.66,2,31.38,2,0.01,2,2.19,2,0.272,2,0.137,2,0.086,2,0.419,3,2251.1,2,2353.6,2,1070.3,2,20,7.6109,2,25,,9,,9,,9,,9,,9,-158.7,2,2.6,0.52,2,1.4979,1.5647,2
33RO20100308, A13.5,4,1,7,11705,2,20100315,2010-03-15 2:52,252,-52.5102,0.2515,2801,1348.2,1348.2,1.3413,34.7254,2,34.7259,2,198,2,199.1,2,101.06,2,31.39,2,0.01,2,2.2,2,0.286,2,0.144,2,0,2,0.759,3,2253.3,2,2355.1,2,1072.5,2,20,7.6088,2,25,,9,,9,,9,,9,,9,-160.6,2,2.4,0.48,2,1.263,1.3405,2
33RO20100308, A13.5,4,1,6,11029,2,20100315,2010-03-15 2:52,252,-52.5102,0.2515,2801,1552.1,1552.1,1.148,34.7168,2,34.717,2,201.4,2,201.5,2,106.34,2,32.07,2,0.01,2,2.22,2,0.31,2,0.153,2,0.047,2,0.795,3,2256,2,2357.4,2,1077.5,2,20,7.6064,2,25,,9,,9,,9,,9,,9,-160.4,2,2.4,0.48,2,1.0577,1.1472,2
33RO20100308, A13.5,4,1,5,11704,2,20100315,2010-03-15 2:52,252,-52.5102,0.2515,2801,1846.4,1846.4,0.8635,34.7048,2,34.7051,2,205.2,2,205.1,2,113.72,2,32.04,2,0,2,2.24,2,0.357,2,0.175,2,0.067,2,0.541,3,2258,2,2355.6,2,1087.4,6,20,7.6029,2,25,,9,,9,,9,,9,,9,-163.1,2,2.4,0.47,2,0.7557,0.8643,2
33RO20100308, A13.5,4,1,4,11030,2,20100315,2010-03-15 2:52,252,-52.5102,0.2515,2801,2153.7,2153.7,0.6703,34.696,2,34.6966,2,209.1,2,208,2,120.01,6,32.34,6,0,6,2.25,6,0.374,2,0.182,2,0.098,2,0.619,3,2258.9,2,2352.9,2,1093.4,2,20,7.6007,2,25,,9,,9,,9,,9,,9,-157.6,2,2.4,0.46,2,0.5424,0.6699,2
33RO20100308, A13.5,4,1,3,11703,2,20100315,2010-03-15 2:52,252,-52.5102,0.2515,2801,2451.6,2451.6,0.5512,34.6904,2,34.691,2,209.9,2,209.8,6,126.57,6,32.64,6,0.01,6,2.28,6,0.38,2,0.184,2,0.11,2,0.855,3,2260.1,2,2357.8,2,1099.4,2,20,7.5978,2,25,,9,,9,,9,,9,,9,-160.5,2,3,0.47,2,0.4019,0.551,2
33RO20100308, A13.5,4,1,2,11702,2,20100315,2010-03-15 2:52,252,-52.5102,0.2515,2801,2702.3,2702.3,0.4963,34.6875,2,34.688,2,211.2,2,210.9,2,130.94,6,32.68,6,0,6,2.28,6,0.385,2,0.185,2,0.021,2,0.617,3,2260.8,2,2358.3,2,1102.6,2,20,7.5983,2,25,,9,,9,,9,,9,,9,-155.6,2,2.6,0.45,2,0.3274,0.495,2
33RO20100308, A13.5,4,1,1,11701,2,20100315,2010-03-15 2:52,252,-52.5102,0.2515,2801,2819.1,2819.1,0.4993,34.6871,2,34.6869,2,210.9,2,211.3,2,132.49,2,32.96,2,0.01,2,2.32,2,0.386,2,0.184,2,0.067,2,0.702,3,2261.6,6,2359.2,2,1097.3,2,20,7.5976,2,25,,9,,9,,9,,9,,9,-154.7,2,2.3,0.53,2,0.3204,0.4986,2
33RO20100308, A13.5,5,1,24,11714,2,20100315,2010-03-15 13:27,1327,-52.0087,0.338,3071,4.9,4.9,3.2675,33.6923,2,33.6922,2,326,2,325.8,2,7.68,2,21.97,2,0.28,2,1.39,2,5.327,2,2.896,2,2.537,2,6.733,3,2132.7,6,2282.2,6,717.8,2,20,7.7534,2,25,45.42,2,26.23,2,,9,,9,,9,,9,,,9,3.2672,3.2663,2
33RO20100308, A13.5,5,1,23,11713,2,20100315,2010-03-15 13:27,1327,-52.0087,0.338,3071,19.8,19.8,3.2671,33.6926,2,33.6923,2,326.7,2,325.9,2,7.69,2,21.94,2,0.29,2,1.39,2,5.366,2,2.894,2,2.564,2,6.827,3,2132.8,2,2276.1,2,709.6,2,20,7.7525,2,25,45.31,2,24.34,2,,9,,9,,9,,9,,,9,3.2659,3.2662,2
33RO20100308, A13.5,5,1,22,11712,2,20100315,2010-03-15 13:27,1327,-52.0087,0.338,3071,60.5,60.5,3.2608,33.6925,2,33.6907,2,326,2,325.1,2,7.65,2,22.02,2,0.28,2,1.41,2,5.333,2,2.9,6,2.514,6,6.588,3,2133.1,2,2275.7,2,725.9,2,20,7.7526,2,25,42.83,2,24.46,2,,9,,9,,9,,9,,,9,3.2571,3.2594,2
33RO20100308, A13.5,5,1,21,11010,2,20100315,2010-03-15 13:27,1327,-52.0087,0.338,3071,114.6,114.6,1.3959,33.8441,2,33.8471,2,311.6,2,311.5,2,29.04,2,26.49,2,0.17,2,1.94,2,5.51,2,2.947,2,2.518,2,6.725,3,2168.6,2,2283,2,894.3,2,20,7.6654,2,25,41.34,2,29.04,2,,9,,9,,9,,9,,,9,1.3906,1.3892,2
33RO20100308, A13.5,5,1,20,11715,2,20100315,2010-03-15 13:27,1327,-52.0087,0.338,3071,145.8,145.8,0.5574,34.0262,2,34.0258,2,279.9,2,280.8,2,50.19,2,30.9,2,0.03,2,2.16,2,4.751,2,2.478,2,2.092,2,5.803,3,2199.9,2,2293.8,2,1049.4,6,20,7.6046,2,25,40.8,2,32.93,2,,9,,9,,9,,9,,,9,0.5516,0.5561,2
33RO20100308, A13.5,5,1,19,11007,2,20100315,2010-03-15 13:27,1327,-52.0087,0.338,3071,174.8,174.8,0.7233,34.1517,2,34.1506,2,254.4,2,254.6,6,57.58,2,32.4,2,0.02,2,2.27,2,3.981,2,2.08,2,1.597,2,4.762,3,2215.4,2,2302,2,1131.8,2,20,7.5782,2,25,40.06,2,34.15,2,,9,,9,,9,,9,,,9,0.716,0.7221,2
33RO20100308, A13.5,5,1,18,11710,2,20100315,2010-03-15 13:27,1327,-52.0087,0.338,3071,211.3,211.3,1.052,34.2886,2,34.2803,2,225.6,2,226.7,2,65.59,2,33.75,2,0.01,2,2.37,2,3.162,2,1.615,2,1.19,2,3.73,3,2230.9,2,2311.3,2,1205,2,20,7.5549,2,25,39.61,2,35.64,2,,9,,9,,9,,9,,,9,1.0424,1.0438,2
33RO20100308, A13.5,5,1,17,11023,2,20100315,2010-03-15 13:27,1327,-52.0087,0.338,3071,240.2,240.2,1.4385,34.4008,2,34.3993,2,203.5,2,200,2,72.08,2,34.82,2,0.01,2,2.43,2,2.039,3,1.142,2,0.822,2,1.587,3,2243.9,2,2317.5,2,1260.7,2,20,7.5372,2,25,39.75,2,37.05,2,,9,,9,,9,,9,,,9,1.4268,1.4392,2
33RO20100308, A13.5,5,1,16,11709,2,20100315,2010-03-15 13:27,1327,-52.0087,0.338,3071,300,300,1.7684,34.506,2,34.5025,2,180.5,2,180.3,2,78.3,2,35.2,2,0.01,2,2.46,2,,5,,5,,5,,5,2253.7,2,2326.4,2,1286.8,2,20,7.5297,2,25,39.96,2,36.82,2,,9,,9,,9,,9,,,9,1.7527,1.7656,2
33RO20100308, A13.5,5,1,15,11006,2,20100315,2010-03-15 13:27,1327,-52.0087,0.338,3071,400.2,400.2,1.8823,34.5906,2,34.5889,2,175.1,2,176.1,2,83.77,2,34.48,2,0.01,2,2.41,2,0.877,2,0.452,2,0.283,2,0.742,3,2257.7,6,2335.6,6,1252.9,2,20,7.5413,2,25,39.47,2,37.25,2,,9,,9,,9,,9,,,9,1.8606,1.8815,2
33RO20100308, A13.5,5,1,14,11708,2,20100315,2010-03-15 13:27,1327,-52.0087,0.338,3071,502,502,1.8326,34.6275,2,34.6256,2,177.2,2,176.1,2,86.87,2,33.92,2,0.01,2,2.39,2,0.748,2,0.377,2,0.184,2,0.671,3,2259.1,2,2339.6,2,1224.7,2,20,7.5514,2,25,38.86,2,35.76,2,,9,,9,,9,,9,,,9,1.8051,1.832,2
33RO20100308, A13.5,5,1,13,11031,2,20100315,2010-03-15 13:27,1327,-52.0087,0.338,3071,600.4,600.4,1.813,34.6663,2,34.6654,2,179.5,2,179.3,2,89.15,2,33.08,2,0,2,2.31,2,0.372,3,0.28,2,0.237,2,0.436,3,2257.9,2,2343.9,2,1184.8,2,20,7.5652,2,25,39.57,2,34.69,2,,9,,9,,9,,9,,,9,1.7797,1.8125,2
33RO20100308, A13.5,5,1,12,11027,2,20100315,2010-03-15 13:27,1327,-52.0087,0.338,3071,699.5,699.5,1.7937,34.6911,2,34.6896,2,182.6,4,203.3,4,90.46,2,32.57,2,0.01,2,2.27,2,0.43,2,0.228,2,0.106,2,0.371,3,2255.5,2,2347.1,2,1150,2,20,7.577,2,25,40.03,2,34.36,2,,9,,9,,9,,9,,,9,1.7544,1.7934,2
33RO20100308, A13.5,5,1,11,11707,2,20100315,2010-03-15 13:27,1327,-52.0087,0.338,3071,800.4,800.4,1.7304,34.7092,2,34.7073,2,186.9,2,188,2,91.66,2,32.05,2,0,2,2.23,2,0.34,2,0.202,2,0.08,2,0.312,3,2252.9,2,2348.6,2,1125.8,2,20,7.5885,2,25,39.7,2,34.28,2,,9,,9,,9,,9,,,9,1.6851,1.7297,2
33RO20100308, A13.5,5,1,10,11003,2,20100315,2010-03-15 13:27,1327,-52.0087,0.338,3071,902.4,902.4,1.6504,34.7195,2,34.7179,2,190.2,2,191.1,2,93.3,2,31.59,2,0.01,2,2.21,2,0.267,3,0.179,2,0.07,2,0.3,3,2251.9,2,2348.9,2,1105.9,2,20,7.5956,2,25,39.82,2,33.22,2,,9,,9,,9,,9,,,9,1.5991,1.6501,2
33RO20100308, A13.5,5,1,9,11706,2,20100315,2010-03-15 13:27,1327,-52.0087,0.338,3071,1050.6,1050.6,1.5362,34.7258,2,34.7245,2,195,2,194.9,2,95.68,2,31.31,2,0,2,2.19,2,0.324,2,0.164,2,0.083,2,0.322,3,2250.4,2,2350.6,2,1082.1,2,20,7.6018,2,25,39.84,2,32.91,2,,9,,9,,9,,9,,,9,1.4762,1.5361,2
33RO20100308, A13.5,5,1,8,11033,2,20100315,2010-03-15 13:27,1327,-52.0087,0.338,3071,1250.7,1250.7,1.3593,34.7234,2,34.7196,2,197.2,2,198.3,6,100.3,6,31.39,6,0,6,2.18,6,0.325,2,0.159,2,0.036,2,0.338,3,2251.8,2,2352.4,2,1078.9,2,20,7.6034,2,25,39.44,2,33.37,2,,9,,9,,9,,9,,,9,1.2875,1.3594,2
33RO20100308, A13.5,5,1,7,11705,9,20100315,2010-03-15 13:27,1327,-52.0087,0.338,3071,1450.1,1450.1,1.1774,34.7175,2,,9,200.3,2,,9,-9,9,-9,9,-9,9,-9,9,,9,,9,,9,,9,,9,,9,,9,,,9,,,9,,9,,9,,9,,9,,9,,,9,1.0939,1.1767,2
33RO20100308, A13.5,5,1,6,11029,9,20100315,2010-03-15 13:27,1327,-52.0087,0.338,3071,1701.5,1701.5,0.9501,34.7094,2,,9,203.5,2,,9,-9,9,-9,9,-9,9,-9,9,,9,,9,,9,,9,,9,,9,,9,,,9,,,9,,9,,9,,9,,9,,9,,,9,0.8516,0.9485,2
33RO20100308, A13.5,5,1,5,11704,2,20100315,2010-03-15 13:27,1327,-52.0087,0.338,3071,2002,2002,0.7252,34.6995,2,34.6981,2,206.6,2,206.9,2,117.92,6,32.2,6,0.01,6,2.26,6,0.373,2,0.171,2,0,2,0.416,3,2256.6,2,2357,2,1091.9,2,20,7.5983,2,25,39.64,2,33.99,2,,9,,9,,9,,9,,,9,0.6079,0.7248,2
33RO20100308, A13.5,5,1,4,11030,2,20100315,2010-03-15 13:27,1327,-52.0087,0.338,3071,2300.6,2300.6,0.5824,34.6931,2,34.6917,2,209.7,2,209.7,2,123.98,6,32.48,6,0,6,2.27,6,0.386,2,0.176,2,0.04,2,0.442,3,2257.7,2,2356.6,2,1096.9,2,20,7.5962,2,25,39.35,2,34.23,2,,9,,9,,9,,9,,,9,0.4446,0.5821,2
33RO20100308, A13.5,5,1,3,11703,2,20100315,2010-03-15 13:27,1327,-52.0087,0.338,3071,2600.4,2600.4,0.5027,34.6884,2,34.6866,2,210.9,2,210.6,2,130.28,6,32.62,6,0,6,2.28,6,0.392,2,0.178,6,0,2,0.335,3,2259.1,2,2357.3,2,1100.9,6,20,7.5949,2,25,39.26,2,34.01,2,,9,,9,,9,,9,,,9,0.3422,0.502,2
33RO20100308, A13.5,5,1,2,11702,2,20100315,2010-03-15 13:27,1327,-52.0087,0.338,3071,2801.3,2801.3,0.4848,34.6869,2,34.6873,2,211.6,2,210.7,2,134.55,6,32.66,6,0.01,6,2.29,6,0.396,2,0.182,2,0,2,0.434,3,2259.9,2,2354.4,2,1106.8,2,20,7.5932,2,25,38.94,2,33.92,2,,9,,9,,9,,9,,,9,0.3077,0.484,2
33RO20100308, A13.5,5,1,1,11701,2,20100315,2010-03-15 13:27,1327,-52.0087,0.338,3071,3086.9,3086.9,0.4957,34.6863,2,34.6863,2,210.9,2,210.5,2,138.52,6,32.74,6,0.01,6,2.29,6,0.402,2,0.179,2,0.02,2,0.459,3,2261.6,6,2360.4,6,1117.3,2,20,7.593,2,25,39.89,2,34.14,2,,9,,9,,9,,9,,,9,0.2933,0.4952,2
33RO20100308, A13.5,6,1,24,11714,2,20100315,2010-03-15 19:38,1938,-51.5002,0.3478,2406,6,6,3.9911,33.7283,2,33.7277,2,319.6,2,319.7,2,6.96,2,21.16,2,0.27,2,1.51,2,5.172,2,2.799,2,2.277,2,6.874,3,2132.4,6,2279.2,6,699.5,2,20,7.7621,2,25,,9,,9,,9,,9,,9,,9,,,9,3.9907,3.9904,2
33RO20100308, A13.5,6,1,23,11713,2,20100315,2010-03-15 19:38,1938,-51.5002,0.3478,2406,41,41,3.9901,33.7287,2,33.7291,2,317.5,2,319.6,2,6.97,6,21.16,6,0.26,6,1.5,6,5.248,2,2.8,2,2.411,2,6.882,3,2131.6,2,2276.5,2,,9,,7.7619,2,25,,9,,9,,9,,9,,9,,9,,,9,3.9874,3.9899,2
33RO20100308, A13.5,6,1,22,11712,2,20100315,2010-03-15 19:38,1938,-51.5002,0.3478,2406,69.5,69.5,3.982,33.7285,2,33.7285,2,318.3,2,318.6,2,6.92,6,21.16,6,0.26,6,1.49,6,5.199,2,2.79,2,2.304,2,6.747,3,2131.6,2,2275.7,2,698.3,2,20,7.7609,2,25,,9,,9,,9,,9,,9,,9,,,9,3.9773,3.9814,2
33RO20100308, A13.5,6,1,21,11010,2,20100315,2010-03-15 19:38,1938,-51.5002,0.3478,2406,99.4,99.4,3.9727,33.7277,2,33.7304,2,319.3,2,319,2,7.25,2,21.33,2,0.27,2,1.59,2,5.213,2,2.796,2,2.373,2,6.696,3,2132.7,2,,5,704.3,2,20,7.7593,2,25,,9,,9,,9,,9,,9,,9,,,9,3.966,3.9739,2
33RO20100308, A13.5,6,1,20,11715,2,20100315,2010-03-15 19:38,1938,-51.5002,0.3478,2406,130.1,130.1,1.6141,33.9054,2,33.9129,2,306.9,2,307.8,2,26.16,2,27.43,2,0.12,2,1.99,2,5.345,6,2.86,6,2.27,6,6.858,3,2173.2,2,2293.5,2,900.5,2,20,7.6611,2,25,,9,,9,,9,,9,,9,,9,,,9,1.6078,1.6172,2
33RO20100308, A13.5,6,1,19,11007,2,20100315,2010-03-15 19:38,1938,-51.5002,0.3478,2406,160.1,160.1,1.101,34.0146,2,34.0181,2,287.6,2,286.6,2,36.52,2,30.33,2,0.03,2,2.18,2,4.999,2,2.607,2,1.999,2,5.714,3,2191,2,2294.7,2,1009.3,2,20,7.6213,2,25,,9,,9,,9,,9,,9,,9,,,9,1.0938,1.1004,2
33RO20100308, A13.5,6,1,18,11710,2,20100315,2010-03-15 19:38,1938,-51.5002,0.3478,2406,192.3,192.3,1.3985,34.1715,2,34.1704,2,249.6,2,247.1,6,47.85,2,32.73,2,0.02,2,2.32,2,3.904,2,1.994,2,1.353,2,4.602,3,2213,2,2298.7,2,1122,2,20,7.5799,2,25,,9,,9,,9,,9,,9,,9,,,9,1.3893,1.3978,2
33RO20100308, A13.5,6,1,17,11023,2,20100315,2010-03-15 19:38,1938,-51.5002,0.3478,2406,220.8,220.8,1.6858,34.2993,2,34.2945,2,213.8,2,215.1,2,58.01,2,34.48,2,0.02,2,2.43,2,2.91,2,1.467,2,0.988,2,3.5,3,2232,2,2308.4,2,1212.7,2,20,7.5503,2,25,,9,,9,,9,,9,,9,,9,,,9,1.6746,1.6796,2
33RO20100308, A13.5,6,1,16,11709,2,20100315,2010-03-15 19:38,1938,-51.5002,0.3478,2406,250.2,250.2,1.8372,34.3684,2,34.3671,2,198,2,198.2,2,63.89,2,35.12,2,0.02,2,2.53,3,2.326,2,1.148,2,0.75,2,2.758,3,2240.8,2,2313.1,2,1250,2,20,7.5393,2,25,,9,,9,,9,,9,,9,,9,,,9,1.8241,1.8363,2
33RO20100308, A13.5,6,1,15,11006,9,20100315,2010-03-15 19:38,1938,-51.5002,0.3478,2406,350.9,350.9,2.0557,34.4938,2,,9,177.1,2,,9,-9,9,-9,9,-9,9,-9,9,,9,,9,,9,,9,,9,,9,,9,,,9,,,9,,9,,9,,9,,9,,9,,,9,2.0364,2.0555,2
33RO20100308, A13.5,6,1,14,11708,2,20100315,2010-03-15 19:38,1938,-51.5002,0.3478,2406,449,449,2.1437,34.5695,2,34.5646,2,173,2,172.3,2,77.73,2,34.72,2,0.01,2,2.44,2,0.826,3,0.403,3,0.156,2,1.01,3,2257.8,2,2332.4,2,1237.2,6,20,7.5434,2,25,,9,,9,,9,,9,,9,,9,,,9,2.1182,2.1431,2
33RO20100308, A13.5,6,1,13,11031,2,20100315,2010-03-15 19:38,1938,-51.5002,0.3478,2406,551,551,2.1037,34.6197,2,34.6188,2,173.8,2,172.8,2,81.33,2,34.01,2,0.01,2,2.4,2,0.611,2,0.301,2,0.159,2,0.743,3,2260.4,6,2339.8,2,,9,,7.5539,2,25,,9,,9,,9,,9,,9,,9,,,9,2.0721,2.1034,2
33RO20100308, A13.5,6,1,12,11027,2,20100315,2010-03-15 19:38,1938,-51.5002,0.3478,2406,650.3,650.3,2.1055,34.6634,2,34.6619,2,177.5,3,197.2,4,82.66,2,33.24,2,0.02,2,2.46,3,,5,,5,,5,,5,2258.3,2,2342.8,2,1160.9,2,20,7.5705,2,25,,9,,9,,9,,9,,9,,9,,,9,2.0676,2.1049,2
33RO20100308, A13.5,6,1,11,11707,2,20100315,2010-03-15 19:38,1938,-51.5002,0.3478,2406,749.8,749.8,2.165,34.6993,2,34.6979,2,179.7,2,181.9,2,80.87,2,31.97,2,0.01,2,2.24,2,0.317,2,0.154,2,0.072,2,0.441,3,2254,2,2342.8,2,1112.7,2,20,7.5875,2,25,,9,,9,,9,,9,,9,,9,,,9,2.1203,2.1645,2
33RO20100308, A13.5,6,1,10,11003,2,20100315,2010-03-15 19:38,1938,-51.5002,0.3478,2406,849.3,849.3,2.1997,34.7241,2,34.7228,2,186.4,2,186.5,2,79.08,2,31.07,2,0,2,2.17,2,0.248,2,0.119,2,0,2,0.368,3,2249.5,2,2344.2,2,,9,,7.5997,2,25,,9,,9,,9,,9,,9,,9,,,9,2.1481,2.1994,2
33RO20100308, A13.5,6,1,9,11706,2,20100315,2010-03-15 19:38,1938,-51.5002,0.3478,2406,951.4,951.4,2.0984,34.7434,2,34.7426,2,192.4,2,192.1,2,80.59,2,30.43,2,0.01,2,2.13,2,0.208,2,0.099,2,0,2,0.328,3,2246,2,2343.8,2,1049.5,2,20,7.6105,2,25,,9,,9,,9,,9,,9,,9,,,9,2.0405,2.098,2
33RO20100308, A13.5,6,1,8,11033,2,20100315,2010-03-15 19:38,1938,-51.5002,0.3478,2406,1150.3,1150.3,1.9885,34.7567,2,34.7556,2,197,2,197.2,2,82.37,2,30.14,2,0.01,2,2.13,2,0.178,2,0.084,2,0,2,0.263,3,2244.9,2,2346.9,2,,9,,7.6195,2,25,,9,,9,,9,,9,,9,,9,,,9,1.9176,1.9879,2
33RO20100308, A13.5,6,1,7,11705,2,20100315,2010-03-15 19:38,1938,-51.5002,0.3478,2406,1351.5,1351.5,1.7634,34.7523,2,34.7513,2,200.6,2,199.6,2,88.06,2,30.15,2,0,2,2.11,2,0.189,2,0.092,2,0,2,0.278,3,2247.7,2,2347.4,2,1022.8,2,20,7.6199,2,25,,9,,9,,9,,9,,9,,9,,,9,1.6803,1.7632,2
33RO20100308, A13.5,6,1,6,11029,2,20100315,2010-03-15 19:38,1938,-51.5002,0.3478,2406,1551.4,1551.4,1.5514,34.7467,2,34.7455,2,202.2,2,202.2,6,93.77,6,30.54,6,0.01,6,2.14,6,0.192,2,0.091,2,0,2,0.271,3,2249.4,2,2352.7,2,,9,,7.6196,2,25,,9,,9,,9,,9,,9,,9,,,9,1.4561,1.5511,2
33RO20100308, A13.5,6,1,5,11704,2,20100315,2010-03-15 19:38,1938,-51.5002,0.3478,2406,1850.3,1850.3,1.3182,34.7345,2,34.7333,2,204.5,2,203.4,2,100.76,6,30.86,6,0.01,6,2.16,6,0.224,2,0.106,2,0,2,0.296,3,2252.5,2,2356.4,2,1044.7,2,20,7.6144,2,25,,9,,9,,9,,9,,9,,9,,,9,1.2035,1.3178,2
33RO20100308, A13.5,6,1,4,11030,2,20100315,2010-03-15 19:38,1938,-51.5002,0.3478,2406,2150.6,2150.6,1.1137,34.7216,2,34.7207,2,206.1,2,205.1,2,107,2,31.46,2,0,2,2.19,2,0.294,6,0.139,6,0,6,0.352,3,2255.5,2,2350.3,3,,9,,7.6091,2,25,,9,,9,,9,,9,,9,,9,,,9,0.9786,1.1135,2
33RO20100308, A13.5,6,1,3,11703,2,20100315,2010-03-15 19:38,1938,-51.5002,0.3478,2406,2250.9,2250.9,1.0469,34.7179,2,34.7168,2,206,2,206.9,2,109.05,2,31.56,2,0.01,2,2.22,2,0.295,2,0.138,2,0.075,2,0.344,3,2256.4,2,2358.7,2,1062,2,20,7.6083,2,25,,9,,9,,9,,9,,9,,9,,,9,0.9049,1.0461,2
33RO20100308, A13.5,6,1,2,11702,2,20100315,2010-03-15 19:38,1938,-51.5002,0.3478,2406,2350,2350,1.0137,34.715,2,34.7121,2,206.3,2,206.1,2,110.58,6,31.73,6,0.01,6,2.22,6,0.303,2,0.143,2,0,2,0.357,3,2258,2,2357,2,,9,,7.6073,2,25,,9,,9,,9,,9,,9,,9,,,9,0.8641,1.0132,2
33RO20100308, A13.5,6,1,1,11701,2,20100315,2010-03-15 19:38,1938,-51.5002,0.3478,2406,2423.2,2423.2,0.9411,34.7105,2,34.7094,2,206.6,2,206.9,2,113.03,6,31.85,6,0.01,6,2.23,6,0.332,2,0.154,2,0,2,0.375,3,2260,6,2358,6,,9,,7.6038,2,25,,9,,9,,9,,9,,9,,9,,,9,0.7868,0.9404,2
33RO20100308, A13.5,7,1,24,11714,2,20100316,2010-03-16 :55,55,-51,0.416,2042,5.3,5.3,4.414,33.7834,2,33.7837,2,315,2,315.3,2,6.74,2,20.53,2,0.22,2,1.47,2,5.055,2,2.73,2,2.193,2,6.896,3,2128,6,2283.6,6,690.1,2,20,7.7708,2,25,46.54,2,25.43,2,,1,,1,,9,,9,,,9,4.4136,4.4133,2
33RO20100308, A13.5,7,1,23,11713,2,20100316,2010-03-16 :55,55,-51,0.416,2042,25,25,4.4154,33.7839,2,33.7859,2,314.9,2,315.1,2,6.8,2,20.54,2,0.22,2,1.49,2,5.052,2,2.734,2,2.273,2,6.83,3,2127.7,2,2282,2,686,2,20,7.7709,2,25,47.01,2,25.62,2,,1,,1,,9,-73.5,2,2.9,1.77,2,4.4136,4.4146,2
33RO20100308, A13.5,7,1,22,11712,2,20100316,2010-03-16 :55,55,-51,0.416,2042,50.3,50.3,4.417,33.7841,2,33.7831,2,315.3,2,315.5,2,6.88,2,20.68,2,0.22,2,1.51,2,,9,,9,,9,,9,2128.3,2,2282.7,2,683.4,6,20,7.7698,2,25,45.68,2,26.01,2,,9,,9,,9,,9,,,9,4.4135,4.4169,2
33RO20100308, A13.5,7,1,21,11010,2,20100316,2010-03-16 :55,55,-51,0.416,2042,98.9,98.9,3.6701,33.8573,2,33.865,2,299.8,4,339.5,4,13.87,2,22.84,2,0.23,2,1.7,2,5.211,2,2.795,2,2.221,2,6.69,3,2145.3,2,2284.5,2,757.5,2,20,7.7283,2,25,43.81,2,27.18,2,,1,,1,,9,-66.1,2,2.7,1.53,2,3.6637,3.6324,3
33RO20100308, A13.5,7,1,20,11715,2,20100316,2010-03-16 :55,55,-51,0.416,2042,149.4,149.4,1.607,34.0526,2,34.0556,2,282.7,2,282.5,2,34.93,2,30.21,2,0.04,2,2.09,2,,9,,9,,9,,9,2185.6,2,2287.3,2,982,2,20,7.6281,2,25,40.49,2,33.91,2,,9,,9,,9,-72.5,2,2.7,1.05,2,1.5997,1.6065,2
33RO20100308, A13.5,7,1,19,11007,2,20100316,2010-03-16 :55,55,-51,0.416,2042,199.5,199.5,1.7114,34.1811,2,,9,245.5,2,246.1,2,45.01,2,32.78,2,0.03,2,2.27,2,3.848,2,1.976,2,1.347,2,4.787,3,2206.8,2,2302.2,2,1079.7,2,20,7.5898,2,25,40.82,2,35.4,2,,1,,1,,9,-95.4,2,2.5,0.82,2,1.7013,1.7121,2
33RO20100308, A13.5,7,1,18,11710,2,20100316,2010-03-16 :55,55,-51,0.416,2042,300.7,300.7,2.0535,34.3398,2,34.3411,2,203.6,2,206.2,2,58.63,2,34.53,2,0.01,2,2.39,2,2.381,2,1.183,2,0.673,2,3.024,3,2230.6,2,2312.5,2,1211,2,20,7.551,2,25,40.58,2,37.42,2,,1,,1,,9,,9,,,9,2.0371,2.0523,2
33RO20100308, A13.5,7,1,17,11023,3,20100316,2010-03-16 :55,55,-51,0.416,2042,399.2,399.2,2.1701,34.4557,2,34.4571,2,182.3,2,,9,-9,9,-9,9,-9,9,-9,9,,9,,9,,9,,9,,9,,9,,9,,,9,,,9,,9,,9,,9,,9,,9,,,9,2.1476,2.171,2
33RO20100308, A13.5,7,1,16,11709,2,20100316,2010-03-16 :55,55,-51,0.416,2042,500,500,2.1492,34.508,2,34.5092,2,177.2,2,176.1,2,74.07,2,34.96,2,0.02,2,2.43,2,,9,,9,,9,,9,2251.4,2,2331.6,2,1260.7,2,20,7.5388,2,25,40.46,2,37.38,2,,9,,9,,9,-128.6,2,2.4,0.41,2,2.1206,2.1485,2
33RO20100308, A13.5,7,1,15,11006,2,20100316,2010-03-16 :55,55,-51,0.416,2042,600.6,600.6,2.2111,34.5786,2,34.5784,2,173.3,2,172.9,2,77.98,2,34.35,2,0.01,2,2.38,2,0.728,2,0.353,2,0.182,2,1.076,3,2254.8,2,2333.5,2,1228.1,2,20,7.5487,2,25,40.25,2,37.08,2,,1,,1,,9,-142.3,2,2.6,0.44,2,2.1759,2.2106,2
33RO20100308, A13.5,7,1,14,11708,2,20100316,2010-03-16 :55,55,-51,0.416,2042,699.6,699.6,2.1971,34.6266,2,34.6265,2,174.1,2,173.3,2,80.42,6,33.68,6,0.01,6,2.34,2,,9,,9,,9,,9,2255.6,2,2336,2,1197.7,2,20,7.5602,2,25,39.39,2,35.7,2,,9,,9,,9,-149.6,2,2.4,0.42,2,2.1556,2.1967,2
33RO20100308, A13.5,7,1,13,11031,2,20100316,2010-03-16 :55,55,-51,0.416,2042,800.5,800.5,2.1724,34.6636,2,34.664,2,176.8,2,187.4,4,81.86,6,32.92,6,0,6,2.28,6,0.408,2,0.198,2,0.197,3,0.647,3,2251.5,2,2341.4,2,1163.8,2,20,7.5711,2,25,39.19,2,34.62,2,,1,,1,,9,-151.8,2,2.4,0.41,2,2.1243,2.1718,2
33RO20100308, A13.5,7,1,12,11027,2,20100316,2010-03-16 :55,55,-51,0.416,2042,899.8,899.8,2.0938,34.6937,2,34.6935,2,180.3,2,180.8,2,83.98,2,32.18,2,0,2,2.24,2,,9,,9,,9,,9,2251.6,2,2345,2,1130.9,2,20,7.5823,2,25,39.13,2,34.15,2,,9,,9,,9,-148.4,2,2.5,0.53,2,2.0395,2.0932,2
33RO20100308, A13.5,7,1,11,11707,2,20100316,2010-03-16 :55,55,-51,0.416,2042,1001.6,1001.6,1.9838,34.7056,2,34.7052,2,183.9,2,183.5,2,86.58,2,31.9,2,0.01,2,2.22,2,0.335,2,0.165,2,0.118,3,0.539,3,2252,2,2344.6,2,1114.5,2,20,7.589,2,25,38.53,2,33.7,2,,1,,1,,9,-161,2,2.9,0.52,2,1.9234,1.9831,2
33RO20100308, A13.5,7,1,10,11003,2,20100316,2010-03-16 :55,55,-51,0.416,2042,1100.3,1100.3,1.9749,34.7241,2,34.7238,2,188.8,2,188.8,2,86.08,2,31.19,2,0,2,2.17,2,,9,,9,,9,,9,2250.1,2,2342,2,1087.9,2,20,7.5991,2,25,39.09,2,33.21,2,,9,,9,,9,-161.1,2,2.7,0.51,2,1.9077,1.9747,2
33RO20100308, A13.5,7,1,9,11706,2,20100316,2010-03-16 :55,55,-51,0.416,2042,1198.8,1198.8,1.9173,34.7404,2,34.7413,2,192.5,2,193.2,2,86.48,2,30.72,2,0.01,2,2.15,2,0.235,2,0.114,2,0.042,2,0.405,3,2246.1,2,2348.8,2,1066.4,2,20,,5,,39.2,2,32.93,2,,1,,1,,9,-155.2,2,2.4,0.45,2,1.8437,1.9166,2
33RO20100308, A13.5,7,1,8,11033,2,20100316,2010-03-16 :55,55,-51,0.416,2042,1300.3,1300.3,1.7993,34.7396,2,34.7399,2,195.2,2,195.9,2,89.57,2,30.78,2,0.01,2,2.14,2,,9,,9,,9,,9,2247.1,2,2350.4,2,1058.7,2,20,7.609,2,25,39.19,2,32.15,2,,9,,9,,9,-159.1,2,2.3,0.55,2,1.7196,1.7985,2
33RO20100308, A13.5,7,1,7,11705,2,20100316,2010-03-16 :55,55,-51,0.416,2042,1401.2,1401.2,1.7193,34.7452,2,34.7478,2,197.3,2,198,2,91,2,30.59,2,0,2,2.13,2,0.216,2,0.107,2,0.063,2,0.365,3,2246.6,2,2352.3,2,1041.7,2,20,7.6149,2,25,39.77,2,32.46,2,,1,,1,,9,,9,,,9,1.6331,1.7191,2
33RO20100308, A13.5,7,1,6,11029,2,20100316,2010-03-16 :55,55,-51,0.416,2042,1499.7,1499.7,1.6399,34.7451,2,34.7452,2,200.1,2,200.1,2,92.87,2,30.5,2,0,2,2.13,2,,9,,9,,9,,9,2245.4,2,2353,2,1040.6,2,20,7.6163,2,25,40.1,2,31.78,2,,9,,9,,9,-159.6,2,2.5,0.57,2,1.5474,1.6396,2
33RO20100308, A13.5,7,1,5,11704,2,20100316,2010-03-16 :55,55,-51,0.416,2042,1600.6,1600.6,1.5034,34.7407,2,,9,201.5,2,201.5,2,96.76,2,30.66,2,0.02,2,2.08,3,,9,,9,,9,,9,2247.8,2,2351.4,2,1043.7,2,20,7.6155,2,25,39.94,2,32.03,2,,9,,9,,9,,9,,,9,1.4051,1.5043,2
33RO20100308, A13.5,7,1,4,11030,2,20100316,2010-03-16 :55,55,-51,0.416,2042,1699.5,1699.5,1.3269,34.7302,2,34.7302,2,202,2,201.3,2,101.59,6,31.05,6,0,6,2.15,6,0.248,2,0.121,2,0,2,0.406,3,2251.1,2,2356.7,2,1055.1,2,20,7.6109,2,25,39.75,2,32.32,2,,1,,1,,9,,9,,,9,1.2235,1.327,2
33RO20100308, A13.5,7,1,3,11703,2,20100316,2010-03-16 :55,55,-51,0.416,2042,1801.8,1801.8,1.2437,34.7276,2,34.7291,2,203.7,2,203.2,6,103.99,6,31.14,6,0.01,6,2.16,6,,9,,9,,9,,9,2251.4,2,2356.2,2,1057.8,6,20,7.6101,2,25,40.2,2,32.26,2,,9,,9,,9,,9,,,9,1.1338,1.2437,2
33RO20100308, A13.5,7,1,2,11702,2,20100316,2010-03-16 :55,55,-51,0.416,2042,1902,1902,1.1471,34.723,2,34.7215,2,204.8,2,204.3,2,106.67,2,31.35,6,0.01,6,2.17,6,,9,,9,,9,,9,2251.8,2,2354.2,2,1063.8,2,20,7.6096,2,25,40.1,2,32.49,2,,9,,9,,9,,9,,,9,1.0309,1.1463,2
33RO20100308, A13.5,7,1,1,11701,2,20100316,2010-03-16 :55,55,-51,0.416,2042,2046.5,2046.5,1.0453,34.7176,2,34.7174,2,207,2,207.3,2,110.71,6,31.57,6,0.01,6,2.18,6,0.289,2,0.139,2,0.043,2,0.458,3,2254.2,6,2357,2,1060.5,2,20,7.6072,2,25,39.73,2,32.52,2,,1,,1,,9,,9,,,9,0.9196,1.0445,2
33RO20100308, A13.5,8,1,24,11714,2,20100316,2010-03-16 6:40,640,-50.5002,0.4855,3616,4.9,4.9,4.551,33.799,2,33.7991,2,313.5,2,314.9,2,7.48,2,20.23,2,0.24,2,1.49,2,5.001,2,2.724,2,2.399,2,6.683,3,2127.2,6,2284.9,6,682.4,2,20,7.7757,2,25,,9,,9,,9,,9,,9,,9,,,9,4.5507,4.5496,2
33RO20100308, A13.5,8,1,23,11713,2,20100316,2010-03-16 6:40,640,-50.5002,0.4855,3616,79,79,3.8695,33.8707,2,33.8736,2,303.2,2,303.2,2,11.95,2,22.31,2,0.3,2,1.69,2,5.141,2,2.773,2,2.341,2,6.638,3,2143.3,2,2285.3,2,757,6,20,7.7312,2,25,,9,,9,,9,,9,,9,,9,,,9,3.8642,3.8639,2
33RO20100308, A13.5,8,1,22,11712,2,20100316,2010-03-16 6:40,640,-50.5002,0.4855,3616,124.1,124.1,2.3357,34.0142,2,34.0158,2,286.7,2,284.5,2,25.23,2,28.95,2,0.03,2,2.01,2,4.877,6,2.578,6,1.983,6,5.977,3,2170.3,2,2284.2,2,928.2,2,20,7.6524,2,25,,9,,9,,9,,9,,9,,9,,,9,2.3289,2.3339,2
33RO20100308, A13.5,8,1,21,11010,2,20100316,2010-03-16 6:40,640,-50.5002,0.4855,3616,175.5,175.5,2.0316,34.1084,2,34.1094,2,265.2,2,263.4,2,33.86,2,31,2,0.01,2,2.15,2,4.262,2,2.234,2,1.62,2,5.252,3,2188.5,2,2287.7,2,1009.9,2,20,7.6192,2,25,,9,,9,,9,,9,,9,,9,,,9,2.0223,2.0284,2
33RO20100308, A13.5,8,1,20,11715,2,20100316,2010-03-16 6:40,640,-50.5002,0.4855,3616,223.7,223.7,2.2161,34.2159,2,34.2144,2,233.8,2,234.5,2,42.47,2,32.55,2,0.01,2,2.26,2,3.349,2,1.7,2,1.008,2,4.114,3,2205.5,2,2296.7,2,1096.5,2,20,7.5916,2,25,,9,,9,,9,,9,,9,,9,,,9,2.2038,2.2197,2
33RO20100308, A13.5,8,1,19,11007,2,20100316,2010-03-16 6:40,640,-50.5002,0.4855,3616,299.6,299.6,2.3211,34.3028,2,34.3024,2,211.5,2,210.8,6,51.6,2,33.87,2,0.01,2,2.34,2,2.539,2,1.265,2,0.79,2,3.179,3,2220.8,2,2304.9,2,1162.1,2,20,7.569,2,25,,9,,9,,9,,9,,9,,9,,,9,2.3042,2.3206,2
33RO20100308, A13.5,8,1,18,11710,2,20100316,2010-03-16 6:40,640,-50.5002,0.4855,3616,399.8,399.8,2.2839,34.3841,2,34.3853,2,193.4,2,193.5,2,60.92,2,34.57,2,0.02,2,2.39,2,1.899,2,0.934,2,0.46,2,2.446,3,2234.4,2,2314.5,2,1209.9,2,20,7.5527,2,25,,9,,9,,9,,9,,9,,9,,,9,2.261,2.2833,2
33RO20100308, A13.5,8,1,17,11023,3,20100316,2010-03-16 6:40,640,-50.5002,0.4855,3616,501,501,2.3462,34.4887,2,,9,178.3,2,,9,-9,9,-9,9,-9,9,-9,9,,9,,9,,9,,9,,9,,9,,9,,,9,,,9,,9,,9,,9,,9,,9,,,9,2.3168,2.3457,2
33RO20100308, A13.5,8,1,16,11709,2,20100316,2010-03-16 6:40,640,-50.5002,0.4855,3616,599.8,599.8,2.3533,34.5398,2,34.5399,2,174.4,2,174,2,73.16,2,34.45,2,0.01,2,2.41,2,0.826,2,0.401,2,0.21,2,1.209,3,2250.7,6,2331.9,6,1224.1,2,20,7.5504,2,25,,9,,9,,9,,9,,9,,9,,,9,2.3175,2.3535,2
33RO20100308, A13.5,8,1,15,11006,2,20100316,2010-03-16 6:40,640,-50.5002,0.4855,3616,750.9,750.9,2.3609,34.6273,2,34.6266,2,174.2,2,174.1,2,76.24,2,33.35,2,0.01,2,2.33,2,0.462,2,0.224,2,0.119,2,0.747,3,2251.1,2,2339.8,2,1178.2,2,20,7.566,2,25,,9,,9,,9,,9,,9,,9,,,9,2.315,2.3609,2
33RO20100308, A13.5,8,1,14,11708,2,20100316,2010-03-16 6:40,640,-50.5002,0.4855,3616,899.5,899.5,2.3121,34.6735,2,34.6728,2,178.3,2,178.1,2,77.08,2,32.37,2,0,2,2.23,2,0.341,2,0.164,2,0.075,2,0.58,3,2249.2,2,2341.8,2,1142.1,2,20,7.5787,2,25,,9,,9,,9,,9,,9,,9,,,9,2.2563,2.3122,2
33RO20100308, A13.5,8,1,13,11031,2,20100316,2010-03-16 6:40,640,-50.5002,0.4855,3616,1102.3,1102.3,2.1563,34.7111,2,34.7113,2,183.9,2,184,2,81.36,6,31.59,6,0,6,2.2,6,0.281,2,0.136,2,0.08,2,0.464,3,2249.5,2,2344.3,2,1110.1,2,20,7.5928,2,25,,9,,9,,9,,9,,9,,9,,,9,2.0875,2.1556,2
33RO20100308, A13.5,8,1,12,11027,2,20100316,2010-03-16 6:40,640,-50.5002,0.4855,3616,1299.8,1299.8,2.0609,34.7458,2,34.746,2,192.7,4,214.6,4,81.04,6,30.45,6,0.01,6,2.12,6,0.215,2,0.108,2,0.057,2,0.382,3,2241.2,2,2348.1,2,1056.7,2,20,7.6118,2,25,,9,,9,,9,,9,,9,,9,,,9,1.9785,2.0603,2
33RO20100308, A13.5,8,1,11,11707,2,20100316,2010-03-16 6:40,640,-50.5002,0.4855,3616,1501.5,1501.5,1.9476,34.7606,2,34.7605,2,198.1,2,198.8,2,81.36,2,29.7,2,0.01,2,2.06,2,-0.004,4,0,4,0.09,4,0.338,4,2242.2,2,2350,2,1025.1,2,20,7.6226,2,25,,9,,9,,9,,9,,9,,9,,,9,1.8513,1.9462,2
33RO20100308, A13.5,8,1,10,11003,2,20100316,2010-03-16 6:40,640,-50.5002,0.4855,3616,1699.1,1699.1,1.6763,34.7486,2,34.7488,2,199.2,2,200.3,2,89.38,2,30.49,2,0,2,2.14,4,0.191,2,0.094,2,0.045,2,0.346,3,2246.7,2,2350,2,1034.3,2,20,7.6179,2,25,,9,,9,,9,,9,,9,,9,,,9,1.5683,1.6764,2
33RO20100308, A13.5,8,1,9,11706,2,20100316,2010-03-16 6:40,640,-50.5002,0.4855,3616,1899.7,1899.7,1.4607,34.7438,2,34.7422,2,203.3,2,203.5,2,94.96,2,30.52,2,0,2,2.1,2,0.183,2,0.09,2,0.038,2,0.335,3,2248.6,2,2353.7,2,1034.6,2,20,7.6177,2,25,,9,,9,,9,,9,,9,,9,,,9,1.3401,1.4601,2
33RO20100308, A13.5,8,1,8,11033,2,20100316,2010-03-16 6:40,640,-50.5002,0.4855,3616,2101,2101,1.3484,34.7429,2,34.7428,2,206.4,2,206.9,2,98.62,6,30.45,6,0,6,2.11,6,0.183,2,0.089,2,0.017,2,0.334,3,2248.6,2,2357.7,2,1025.1,2,20,7.6222,2,25,,9,,9,,9,,9,,9,,9,,,9,1.2134,1.3475,2
33RO20100308, A13.5,8,1,7,11705,2,20100316,2010-03-16 6:40,640,-50.5002,0.4855,3616,2298.8,2298.8,1.195,34.7298,2,34.7292,2,206.5,2,206.3,2,102.85,2,31.05,2,0,2,2.16,2,0.234,2,0.111,2,0,2,0.414,3,2251.6,2,2357.3,2,1047.2,2,20,7.6144,2,25,,9,,9,,9,,9,,9,,9,,,9,1.0464,1.1949,2
33RO20100308, A13.5,8,1,6,11029,2,20100316,2010-03-16 6:40,640,-50.5002,0.4855,3616,2499.7,2499.7,1.023,34.7171,2,34.7178,2,207.4,2,207.2,2,107.79,2,31.45,2,0,2,2.18,2,0.282,2,0.134,2,0,2,0.457,3,2255,2,2359.7,2,1054.2,2,20,7.6087,2,25,,9,,9,,9,,9,,9,,9,,,9,0.8608,1.0223,2
33RO20100308, A13.5,8,1,5,11704,2,20100316,2010-03-16 6:40,640,-50.5002,0.4855,3616,2701.8,2701.8,0.9023,34.7092,2,34.709,2,209.3,2,207.7,2,112.02,2,32.05,2,0,2,2.25,2,0.326,2,0.152,2,0.079,2,0.526,3,2257.1,2,2359.5,2,1077,6,20,7.6055,2,25,,9,,9,,9,,9,,9,,9,,,9,0.7251,0.9019,2
33RO20100308, A13.5,8,1,4,11030,2,20100316,2010-03-16 6:40,640,-50.5002,0.4855,3616,2894.6,2894.6,0.7672,34.7007,3,34.7078,4,210.3,2,208.1,3,112.01,3,31.94,2,0,2,2.26,2,0.327,2,0.154,2,0.037,2,0.538,3,2257,2,2359.3,2,1075.1,2,20,7.605,2,25,,9,,9,,9,,9,,9,,9,,,9,0.5759,0.7666,2
33RO20100308, A13.5,8,1,3,11703,2,20100316,2010-03-16 6:40,640,-50.5002,0.4855,3616,3150.1,3150.1,0.6541,34.696,2,34.6964,2,212.7,2,211.6,2,121.57,6,32.26,6,0.01,6,2.3,6,0.361,6,0.169,6,0.024,6,0.583,3,2259.4,2,2359.7,2,1084.1,2,20,7.6021,2,25,,9,,9,,9,,9,,9,,9,,,9,0.4423,0.6535,2
33RO20100308, A13.5,8,1,2,11702,2,20100316,2010-03-16 6:40,640,-50.5002,0.4855,3616,3399.9,3399.9,0.5852,34.6909,2,34.6916,2,213.5,2,213,2,124.97,6,32.46,6,0,6,2.28,6,0.394,2,0.181,2,0.075,2,0.667,3,2258.6,2,2359.9,2,1088.8,2,20,7.6001,2,25,,9,,9,,9,,9,,9,,9,,,9,0.3517,0.5843,2
33RO20100308, A13.5,8,1,1,11701,2,20100316,2010-03-16 6:40,640,-50.5002,0.4855,3616,3659.3,3659.3,0.5678,34.6884,2,34.6879,2,214.1,2,214,2,125.87,6,32.74,6,0.01,6,2.32,6,0.416,2,0.192,2,0.059,2,0.653,3,2260.3,6,2359.6,6,1090.1,2,20,7.5996,2,25,,9,,9,,9,,9,,9,,9,,,9,0.3097,0.5672,2
33RO20100308, A13.5,9,1,24,11714,2,20100316,2010-03-16 13:03,1303,-50,0.5545,3629,5.9,5.9,5.0416,33.8316,2,33.8318,2,311,2,310.7,6,4.5,2,19.68,2,0.26,2,1.53,2,4.865,2,2.654,2,2.209,2,6.467,3,2128,6,2286.8,6,669.2,2,20,7.7812,2,25,44.77,2,23.61,2,,1,,9,,9,-85.6,2,1.9,0.78,2,5.0412,5.041,2
33RO20100308, A13.5,9,1,23,11713,2,20100316,2010-03-16 13:03,1303,-50,0.5545,3629,50.1,50.1,5.0163,33.8321,2,33.8323,2,310.1,2,310.4,2,4.58,2,19.65,2,0.25,2,1.51,2,4.852,2,2.65,2,2.251,2,6.379,3,2130.8,2,2285.8,2,665.9,2,20,7.7799,2,25,45.26,2,23.75,2,,1,,1,,9,-105.8,2,2.1,0.46,2,5.0125,5.0154,2
33RO20100308, A13.5,9,1,22,11712,2,20100316,2010-03-16 13:03,1303,-50,0.5545,3629,99.6,99.6,4.169,33.8682,2,33.8688,2,302.3,2,302.8,2,8.87,2,21.73,2,0.32,2,1.69,2,5.082,6,2.753,6,2.34,6,6.562,3,2144.7,2,2282.6,2,743,6,20,7.7422,2,25,43.5,2,25.54,2,,9,,9,,9,-66.8,2,2.2,1.77,2,4.1621,4.1887,2
33RO20100308, A13.5,9,1,21,11010,2,20100316,2010-03-16 13:03,1303,-50,0.5545,3629,150.5,150.5,2.3014,34.0182,2,34.0178,2,283.4,2,284.4,2,24.39,2,29.11,2,0.02,2,2.06,2,4.866,2,2.586,2,1.951,2,5.975,3,2176,2,2277.2,2,931.9,2,20,7.6508,2,25,40.26,2,32.74,2,,1,,1,,9,-53.1,2,2.1,1.17,2,2.2932,2.3027,2
33RO20100308, A13.5,9,1,20,11715,2,20100316,2010-03-16 13:03,1303,-50,0.5545,3629,199.8,199.8,2.1178,34.1248,2,34.1253,2,253.7,2,258.9,2,32.99,2,31.44,2,0.01,2,2.21,2,4.17,2,2.158,2,1.566,2,5.121,3,2192.4,2,2289.5,2,1015.9,2,20,7.6163,2,25,40.43,2,33.94,2,,9,,9,,9,-68.6,2,2.1,0.98,2,2.1071,2.1176,2
33RO20100308, A13.5,9,1,19,11007,2,20100316,2010-03-16 13:03,1303,-50,0.5545,3629,268.6,268.6,2.1528,34.2242,2,34.2219,2,229.7,2,231.5,2,42.99,2,32.96,2,0,2,2.31,2,3.305,2,1.666,2,1.035,2,4.086,3,2209.8,2,2299.5,2,1102,2,20,7.5883,2,25,39.65,2,35.52,2,,1,,1,,9,-85.6,2,2.8,0.9,2,2.1381,2.153,2
33RO20100308, A13.5,9,1,18,11710,2,20100316,2010-03-16 13:03,1303,-50,0.5545,3629,349.8,349.8,2.3972,34.3342,2,34.3339,2,201.9,2,202.2,2,53.17,2,34.24,2,0.01,2,2.39,2,2.245,2,1.108,2,0.603,2,2.75,3,2227.8,2,2308.1,2,1173.3,2,20,7.5637,2,25,39.31,2,35.82,2,,9,,9,,9,-111,2,2.2,0.72,2,2.3771,2.396,2
33RO20100308, A13.5,9,1,17,11025,9,20100316,2010-03-16 13:03,1303,-50,0.5545,3629,449.6,449.6,2.3241,34.4379,2,,9,183.2,2,,9,-9,9,-9,9,-9,9,-9,9,,9,,9,,9,,9,,9,,9,,9,,,9,,,9,,9,,9,,9,,9,,9,,,9,2.298,2.3242,2
33RO20100308, A13.5,9,1,16,11709,2,20100316,2010-03-16 13:03,1303,-50,0.5545,3629,599.4,599.4,2.3591,34.5452,2,34.544,2,173.3,2,173.5,2,72.38,2,34.43,2,0,2,2.41,2,0.796,2,0.388,2,0.112,2,1.099,3,2252,6,2332.2,6,1221.3,2,20,7.5512,2,25,38.83,2,35.74,2,,9,,9,,9,-141.4,2,2,0.54,2,2.3233,2.3581,2
33RO20100308, A13.5,9,1,15,11006,2,20100316,2010-03-16 13:03,1303,-50,0.5545,3629,800.1,800.1,2.3806,34.6418,2,34.6419,2,175.4,2,174.7,2,75.63,2,32.98,2,0,2,2.31,2,0.407,2,0.194,2,0,2,0.667,3,2253.3,2,2340.6,2,1168.2,2,20,7.5722,2,25,38.78,2,34.14,2,,9,,1,,9,-141.3,2,2.9,0.52,2,2.3313,2.3803,2
33RO20100308, A13.5,9,1,14,11708,2,20100316,2010-03-16 13:03,1303,-50,0.5545,3629,1000.5,1000.5,2.3091,34.6962,2,34.694,2,181.3,2,180.5,2,77.63,2,31.85,2,0,2,2.24,2,0.287,2,0.138,2,0,2,0.504,3,2250.4,2,2343.6,2,1115.4,2,20,7.588,2,25,39.13,2,33.51,2,,9,,9,,9,-140.4,2,3,0.56,2,2.2463,2.3086,2
33RO20100308, A13.5,9,1,13,11031,2,20100316,2010-03-16 13:03,1303,-50,0.5545,3629,1200.8,1200.8,2.2367,34.7334,2,34.733,2,188.6,2,188.2,2,78.27,2,30.82,2,0.01,2,2.17,2,0.222,2,0.106,2,0,2,0.404,3,2246.6,2,2345.2,2,1068.4,2,20,7.6043,2,25,39.06,2,32.51,2,,9,,1,,9,-146.4,2,2.4,0.56,2,2.16,2.2363,2
33RO20100308, A13.5,9,1,12,11027,4,20100316,2010-03-16 13:03,1303,-50,0.5545,3629,1400.7,1400.7,2.0236,34.7357,2,34.7353,2,192.8,4,211.9,4,83.58,2,30.78,2,0,2,2.16,2,0.241,4,0.115,4,0,2,0.394,4,2248.7,3,,5,1065.3,2,20,7.6058,2,25,38.94,2,32.48,2,,9,,9,,9,,9,,,9,1.9342,2.0232,2
33RO20100308, A13.5,9,1,10,11003,2,20100316,2010-03-16 13:03,1303,-50,0.5545,3629,1600.8,1600.8,1.8885,34.7528,2,34.753,2,198.4,2,197,2,85.7,6,30.13,6,0.01,6,2.12,6,0.194,2,0.092,2,0,2,0.342,3,2244.7,2,2351.1,2,1031.2,2,20,7.6184,2,25,39.44,2,32.35,2,,9,,9,,9,-147.7,2,2,0.57,2,1.7854,1.8885,2
33RO20100308, A13.5,9,1,11,11707,2,20100316,2010-03-16 13:03,1303,-50,0.5545,3629,1600.9,1600.9,1.8899,34.7528,2,34.7541,2,198.4,2,197.1,2,85.46,2,30.16,2,0,2,2.12,2,0.195,2,0.095,2,0,2,0.35,3,2245.2,2,2351.5,2,1030.6,6,20,7.6176,2,25,38.91,2,32.1,2,,1,,1,,9,-151,2,2.4,0.61,2,1.7867,1.8893,2
33RO20100308, A13.5,9,1,9,11706,2,20100316,2010-03-16 13:03,1303,-50,0.5545,3629,1800.4,1800.4,1.705,34.7537,2,34.7535,2,201.5,2,200.7,2,89.89,2,30.26,2,0,2,2.11,2,0.171,2,0.083,2,0,2,0.305,3,2245.1,2,2351.2,2,1031.4,2,20,7.6211,2,25,38.55,2,32.41,2,,1,,1,,9,,9,,,9,1.5887,1.7045,2
33RO20100308, A13.5,9,1,8,11033,2,20100316,2010-03-16 13:03,1303,-50,0.5545,3629,1999.8,1999.8,1.4748,34.7467,2,34.7476,2,205.2,2,204.2,2,95.68,2,30.43,2,0,2,2.14,2,0.177,2,0.083,2,0,2,0.316,3,2249.5,2,2354.7,2,1026.5,2,20,7.6217,2,25,38.52,2,32.1,2,,9,,9,,9,-151,2,2.4,0.55,2,1.346,1.4744,2
33RO20100308, A13.5,9,1,7,11705,2,20100316,2010-03-16 13:03,1303,-50,0.5545,3629,2200.9,2200.9,1.3002,34.7391,2,34.7376,2,207.3,2,206.2,6,100.58,6,30.69,6,0,6,2.16,6,0.196,2,0.093,2,0,2,0.338,3,2250.1,2,2357.1,2,1014.2,2,20,7.6206,2,25,39.83,2,33.12,2,,1,,1,,9,-153.6,2,2.3,0.55,2,1.1579,1.2997,2
33RO20100308, A13.5,9,1,6,11029,4,20100316,2010-03-16 13:03,1303,-50,0.5545,3629,2400.9,2400.9,1.164,34.7316,3,34.7397,4,208.2,2,206.4,2,100.61,3,30.63,3,0,3,2.16,3,0.196,3,0.093,3,0,2,0.335,3,2249.2,4,2355.6,2,1026.2,3,20,7.6203,2,25,38.13,2,32.35,2,,9,,9,,9,,9,,,9,1.0074,1.1632,2
33RO20100308, A13.5,9,1,5,11704,2,20100316,2010-03-16 13:03,1303,-50,0.5545,3629,2599.7,2599.7,0.9961,34.7167,2,34.717,2,207.7,2,207.1,2,110.27,6,31.58,6,0,6,2.23,6,0.29,2,0.138,2,0,2,0.461,3,2254.7,2,2356.9,2,1054.3,2,20,7.6093,2,25,40.02,2,32.52,2,,1,,1,,9,-159.1,2,2.4,0.51,2,0.8258,0.9959,2
33RO20100308, A13.5,9,1,4,11030,2,20100316,2010-03-16 13:03,1303,-50,0.5545,3629,2799.5,2799.5,0.8065,34.7025,2,34.702,2,208.4,2,208.1,2,116,6,32.11,6,0,6,2.26,6,0.363,2,0.171,2,0,2,0.551,3,2257.3,2,2351.9,2,1079.2,2,20,7.6014,2,25,39.33,2,33.52,2,,9,,9,,9,-160.2,2,3.7,0.46,2,0.6228,0.8063,2
33RO20100308, A13.5,9,1,3,11703,2,20100316,2010-03-16 13:03,1303,-50,0.5545,3629,3100.6,3100.6,0.6334,34.6936,2,34.6934,2,211.2,2,211.1,2,121.8,6,32.44,6,0,6,2.27,6,0.396,2,0.184,2,0,2,0.604,3,2258.8,2,2357.3,2,1083.1,2,20,7.6024,2,25,39.42,2,33.39,2,,1,,1,,9,-157.7,2,2.3,0.48,2,0.4266,0.6327,2
33RO20100308, A13.5,9,1,2,11702,4,20100316,2010-03-16 13:03,1303,-50,0.5545,3629,3400.2,3400.2,0.556,34.6888,3,34.7021,4,214,4,180.2,4,77.59,4,31.97,4,0,4,2.26,4,0.29,4,0.137,4,0.042,4,0.515,4,2248.8,4,2343.9,4,1114.9,4,20,7.5868,2,25,40.15,2,33.2,2,,9,,9,,9,,9,,,9,0.3232,0.556,2
33RO20100308, A13.5,9,1,1,11701,2,20100316,2010-03-16 13:03,1303,-50,0.5545,3629,3710.7,3710.7,0.527,34.6861,2,34.6859,2,215.3,2,213.9,2,126.36,6,32.75,6,0.01,6,2.33,6,0.44,2,0.203,2,0.097,2,0.666,3,2260.1,6,2359.4,6,1086.1,2,20,7.5987,2,25,40,2,34.37,2,,1,,1,,9,-160.6,2,4,0.53,2,0.2649,0.5262,2
33RO20100308, A13.5,10,1,24,11714,2,20100316,2010-03-16 19:12,1912,-49.4993,0.6255,3892,6,6,6.4291,33.8168,2,33.8165,2,304.3,2,301.2,6,1.47,2,18.92,2,0.27,2,1.39,2,4.466,6,2.471,6,2.052,6,6.158,3,2108.5,6,2272.3,6,640.9,2,20,7.7965,2,25,,9,,9,,9,,9,,9,,9,,,9,6.4286,6.4302,2
33RO20100308, A13.5,10,1,23,11713,2,20100316,2010-03-16 19:12,1912,-49.4993,0.6255,3892,31.1,31.1,6.2966,33.82,2,33.8195,2,305.3,2,302.4,2,1.78,2,19.04,2,0.27,2,1.4,2,4.5,2,2.484,2,2.161,2,6.038,3,2109.2,2,2273.6,2,,9,,7.7939,2,25,,9,,9,,9,,9,,9,,9,,,9,6.2939,6.2892,2
33RO20100308, A13.5,10,1,22,11712,2,20100316,2010-03-16 19:12,1912,-49.4993,0.6255,3892,74.5,74.5,5.7108,33.8314,2,33.8313,2,306.1,2,305.8,2,2.69,2,19.57,2,0.28,2,1.44,2,4.988,2,2.738,2,2.31,2,6.775,3,2118.3,2,2276.8,2,662.2,2,20,7.7838,2,25,,9,,9,,9,,9,,9,,9,,,9,5.7048,5.7091,2
33RO20100308, A13.5,10,1,21,11010,2,20100316,2010-03-16 19:12,1912,-49.4993,0.6255,3892,100.9,100.9,4.9817,33.8712,2,33.8658,2,298.8,2,299.7,2,5.67,2,21.59,2,0.28,2,1.57,2,4.815,2,2.638,2,2.111,2,6.253,3,2128.6,2,2272.5,2,721.6,2,20,7.752,2,25,,9,,9,,9,,9,,9,,9,,,9,4.9741,5.0132,2
33RO20100308, A13.5,10,1,20,11715,2,20100316,2010-03-16 19:12,1912,-49.4993,0.6255,3892,200.8,200.8,3.019,34.0658,2,34.0656,2,272.2,2,274.8,2,19.94,2,28.57,2,0.01,2,1.96,2,0.007,4,0,4,0.025,4,0.002,4,2168.4,2,2281.9,2,915.4,2,20,7.6577,2,25,,9,,9,,9,,9,,9,,9,,,9,3.0068,3.0209,2
33RO20100308, A13.5,10,1,19,11007,2,20100316,2010-03-16 19:12,1912,-49.4993,0.6255,3892,300.2,300.2,2.5439,34.1609,2,34.1595,2,248.5,2,247.9,2,31.74,2,31.25,2,0.01,2,2.15,2,3.773,2,1.946,2,1.246,2,4.469,3,2192.1,2,2289,2,1022.7,2,20,7.617,2,25,,9,,9,,9,,9,,9,,9,,,9,2.5265,2.5435,2
33RO20100308, A13.5,10,1,18,11710,2,20100316,2010-03-16 19:12,1912,-49.4993,0.6255,3892,400.2,400.2,2.4895,34.2573,2,34.2562,2,221.6,2,222.1,2,42.81,6,32.8,6,0.01,6,2.26,2,,9,,9,,9,,9,2211,2,2302.1,2,1104.9,2,20,7.5877,2,25,,9,,9,,9,,9,,9,,9,,,9,2.466,2.4892,2
33RO20100308, A13.5,10,1,17,11025,2,20100316,2010-03-16 19:12,1912,-49.4993,0.6255,3892,500,500,2.4757,34.3581,2,34.356,2,195.7,2,198.1,2,54.31,6,34.17,6,0.01,6,2.35,2,2.036,2,0.989,2,0.538,2,2.615,3,2229,2,2309.8,2,1187.3,2,20,7.5608,2,25,,9,,9,,9,,9,,9,,9,,,9,2.446,2.4756,2
33RO20100308, A13.5,10,1,16,11709,2,20100316,2010-03-16 19:12,1912,-49.4993,0.6255,3892,600.8,600.8,2.5109,34.4249,2,34.422,2,185.1,2,186.2,2,60.41,2,34.51,2,0,2,2.37,2,,9,,9,,9,,9,2238.1,2,2317,2,1211,2,20,7.5555,2,25,,9,,9,,9,,9,,9,,9,,,9,2.4744,2.512,2
33RO20100308, A13.5,10,1,15,11006,2,20100316,2010-03-16 19:12,1912,-49.4993,0.6255,3892,698.7,698.7,2.4769,34.494,2,34.4911,2,176.8,2,177.5,2,66.69,2,34.51,2,0,2,2.38,2,1.002,2,0.484,2,0.231,2,1.402,3,2247,2,2326.7,2,,9,,7.5511,2,25,,9,,9,,9,,9,,9,,9,,,9,2.434,2.4761,2
33RO20100308, A13.5,10,1,14,11708,2,20100316,2010-03-16 19:12,1912,-49.4993,0.6255,3892,900.3,900.3,2.4411,34.5944,2,34.5923,2,174.1,2,174.2,2,72.75,2,33.62,2,0,2,2.31,2,,9,,9,,9,,9,2252.8,6,2334.7,6,1182.1,2,20,7.5623,2,25,,9,,9,,9,,9,,9,,9,,,9,2.3845,2.4406,2
33RO20100308, A13.5,10,1,13,11031,2,20100316,2010-03-16 19:12,1912,-49.4993,0.6255,3892,1100.6,1100.6,2.3288,34.6683,2,34.668,2,177.9,4,188.5,4,77.23,2,32.45,2,0,2,2.24,2,0.354,2,0.168,2,0.063,2,0.587,3,2253.9,2,2343.1,2,,9,,7.578,2,25,,9,,9,,9,,9,,9,,9,,,9,2.2587,2.3288,2
33RO20100308, A13.5,10,1,12,11027,2,20100316,2010-03-16 19:12,1912,-49.4993,0.6255,3892,1300.6,1300.6,2.3928,34.741,2,34.74,2,191.3,2,190.2,2,73.03,2,30.22,2,0,2,2.08,2,,9,,9,,9,,9,2243.9,2,2345.2,2,1038.6,2,20,7.6106,2,25,,9,,9,,9,,9,,9,,9,,,9,2.307,2.3918,2
33RO20100308, A13.5,10,1,11,11707,2,20100316,2010-03-16 19:12,1912,-49.4993,0.6255,3892,1499.8,1499.8,2.309,34.7681,2,34.7676,2,197,2,197.2,2,72.79,2,29.21,2,0,2,2,2,,9,,9,,9,,9,2239.3,2,2345.9,2,1009.1,2,20,7.6258,2,25,,9,,9,,9,,9,,9,,9,,,9,2.2086,2.3085,2
33RO20100308, A13.5,10,1,10,11003,2,20100316,2010-03-16 19:12,1912,-49.4993,0.6255,3892,1699.4,1699.4,2.1274,34.7714,2,34.7694,2,199.9,2,200.5,2,77.13,2,29.16,2,0,2,2.01,2,,9,,9,,9,,9,2239.1,2,2346.6,2,,9,,7.6291,2,25,,9,,9,,9,,9,,9,,9,,,9,2.0134,2.1271,2
33RO20100308, A13.5,10,1,9,11706,2,20100316,2010-03-16 19:12,1912,-49.4993,0.6255,3892,1899.7,1899.7,1.9754,34.7701,2,34.7697,2,203,2,202.2,6,81,2,29.23,2,0,2,2.01,2,0.141,2,0.065,2,0.026,2,0.275,3,2240.2,2,2351.4,2,999.5,2,20,7.6304,2,25,,9,,9,,9,,9,,9,,9,,,9,1.8472,1.9746,2
33RO20100308, A13.5,10,1,8,11033,2,20100316,2010-03-16 19:12,1912,-49.4993,0.6255,3892,2099.9,2099.9,1.7789,34.7628,2,34.7623,2,208,3,203.5,2,86.65,2,29.54,2,0,2,2.03,2,,9,,9,,9,,9,2243.4,2,2347.9,2,,9,,7.6282,2,25,,9,,9,,9,,9,,9,,9,,,9,1.637,1.7784,2
33RO20100308, A13.5,10,1,7,11705,2,20100316,2010-03-16 19:12,1912,-49.4993,0.6255,3892,2299.9,2299.9,1.5552,34.7489,2,34.7485,2,204.6,2,203.6,2,93.84,2,30.16,2,0,2,2.08,2,,9,,9,,9,,9,2246.7,2,2353.4,2,1024.4,6,20,7.6222,2,25,,9,,9,,9,,9,,9,,9,,,9,1.4002,1.5545,2
33RO20100308, A13.5,10,1,6,11029,2,20100316,2010-03-16 19:12,1912,-49.4993,0.6255,3892,2500.2,2500.2,1.3981,34.7418,2,34.741,2,206.4,2,206.1,2,98.31,2,30.48,2,0,2,2.1,2,,9,,9,,9,,9,2248.3,2,2356.1,2,,9,,7.6206,2,25,,9,,9,,9,,9,,9,,9,,,9,1.2286,1.3977,2
33RO20100308, A13.5,10,1,5,11704,2,20100316,2010-03-16 19:12,1912,-49.4993,0.6255,3892,2750.2,2750.2,1.2004,34.7306,2,34.7283,2,207.5,2,207.1,2,104.22,2,30.91,2,0,2,2.13,2,0.238,2,0.112,2,0,2,0.389,3,2251.7,2,2354.5,2,1040.4,2,20,7.6177,2,25,,9,,9,,9,,9,,9,,9,,,9,1.0128,1.1999,2
33RO20100308, A13.5,10,1,4,11030,2,20100316,2010-03-16 19:12,1912,-49.4993,0.6255,3892,2950.3,2950.3,1.0433,34.7177,2,34.7156,2,208.6,2,207.5,2,109.22,2,31.33,2,0,2,2.17,2,,9,,9,,9,,9,2254.9,2,2355.8,2,,9,,7.6108,2,25,,9,,9,,9,,9,,9,,9,,,9,0.8409,1.0433,2
33RO20100308, A13.5,10,1,3,11703,2,20100316,2010-03-16 19:12,1912,-49.4993,0.6255,3892,3251.9,3251.9,0.7827,34.7009,2,34.7001,2,210.8,2,210.2,2,116.86,6,31.95,6,0,6,2.21,6,,9,,9,,9,,9,2258.3,2,2359.5,2,1077.8,2,20,7.6038,2,25,,9,,9,,9,,9,,9,,9,,,9,0.5584,0.7825,2
33RO20100308, A13.5,10,1,2,11702,2,20100316,2010-03-16 19:12,1912,-49.4993,0.6255,3892,3600,3600,0.6141,34.6909,2,34.6888,2,212.7,2,213,2,122.82,6,32.29,6,0,6,2.24,6,0.414,2,0.191,2,0.067,2,0.64,3,2259.6,2,2357,2,,9,,7.5993,2,25,,9,,9,,9,,9,,9,,9,,,9,0.3606,0.6136,2
33RO20100308, A13.5,10,1,1,11701,2,20100316,2010-03-16 19:12,1912,-49.4993,0.6255,3892,3945.7,3945.7,0.5932,34.688,2,34.6873,2,214.4,2,213.1,2,124.57,6,32.38,6,0,6,2.25,6,0.435,6,0.201,6,0,2,0.655,3,2262.4,6,2360.3,6,,9,,7.6016,2,25,,9,,9,,9,,9,,9,,9,,,9,0.3055,0.5925,2
33RO20100308, A13.5,11,1,24,11714,2,20100317,2010-03-17 1:01,101,-48.9998,0.6928,3904,5.1,5.1,5.6885,33.7987,2,33.8041,2,307.2,2,307,2,3.79,2,19.92,2,0.25,2,1.43,2,4.59,2,2.548,2,2.116,2,6.316,3,2116.5,6,2275.3,6,667.3,2,20,7.7794,2,25,45.45,2,25.06,2,,9,,9,,9,,9,,,9,5.6881,5.6879,2
33RO20100308, A13.5,11,1,23,11713,2,20100317,2010-03-17 1:01,101,-48.9998,0.6928,3904,84.5,84.5,5.5651,33.8064,2,33.8088,2,305.2,2,305.1,2,3.94,2,20.04,2,0.27,2,1.47,2,4.64,2,2.564,2,2.256,2,6.366,3,2118.9,2,2274.7,2,677.7,6,20,7.7751,2,25,43.24,2,25.58,2,,9,,9,,9,,9,,,9,5.5583,5.575,2
33RO20100308, A13.5,11,1,22,11712,2,20100317,2010-03-17 1:01,101,-48.9998,0.6928,3904,135.1,135.1,3.5999,33.9737,2,33.9749,2,296.7,2,297.4,2,12.36,6,25.57,6,0.03,6,1.76,6,4.928,6,2.69,6,2.18,6,6.355,3,2146.7,2,2270.2,2,820.2,2,20,7.6998,2,25,42.48,2,29.18,2,,9,,9,,9,,9,,,9,3.5911,3.5998,2
33RO20100308, A13.5,11,1,21,11010,2,20100317,2010-03-17 1:01,101,-48.9998,0.6928,3904,179.6,179.6,3.2399,34.0602,2,34.0671,2,280.1,2,276.3,2,17.67,2,27.96,2,0.01,2,1.92,2,4.499,2,2.423,2,1.728,2,5.585,3,2162.8,2,2280.1,2,892.8,2,20,7.6655,2,25,41.81,2,32.05,2,,9,,9,,9,,9,,,9,3.2287,3.2399,2
33RO20100308, A13.5,11,1,20,11715,2,20100317,2010-03-17 1:01,101,-48.9998,0.6928,3904,249.2,249.2,2.9364,34.1347,2,34.1363,2,258.2,2,257.3,2,25.29,2,30.11,2,0.01,2,2.07,2,3.998,2,2.082,2,1.367,2,4.87,3,2180.9,2,2285.7,2,968.3,2,20,7.6353,2,25,40.46,2,33.32,2,,9,,9,,9,,9,,,9,2.9213,2.9372,2
33RO20100308, A13.5,11,1,19,11007,2,20100317,2010-03-17 1:01,101,-48.9998,0.6928,3904,300.3,300.3,2.6535,34.149,2,34.1509,2,251.6,2,251.3,2,29.36,6,30.92,6,0.01,6,2.12,6,3.835,2,1.998,2,1.332,2,4.653,3,2188.3,2,2287.8,2,998.6,2,20,7.6222,2,25,39.31,2,33.56,2,,9,,9,,9,,9,,,9,2.6358,2.653,2
33RO20100308, A13.5,11,1,18,11710,2,20100317,2010-03-17 1:01,101,-48.9998,0.6928,3904,399.8,399.8,2.547,34.2377,2,34.2377,2,228.9,2,227.3,6,39.69,6,32.42,6,0,6,2.24,6,3.05,2,1.531,2,0.872,2,3.814,3,2206.8,2,2298.9,2,1085.6,2,20,7.5957,2,25,39.53,2,34.23,2,,9,,9,,9,,9,,,9,2.5234,2.5465,2
33RO20100308, A13.5,11,1,17,11025,2,20100317,2010-03-17 1:01,101,-48.9998,0.6928,3904,500.8,500.8,2.5937,34.3218,2,34.3217,2,205.3,2,205.4,2,48.99,6,33.68,6,0.01,6,2.32,6,2.274,2,1.112,2,0.54,2,3.028,3,2222.8,2,2308.3,2,1152,2,20,7.5731,2,25,39.25,2,35.18,2,,9,,9,,9,,9,,,9,2.5635,2.5931,2
33RO20100308, A13.5,11,1,16,11709,2,20100317,2010-03-17 1:01,101,-48.9998,0.6928,3904,600.3,600.3,2.5887,34.4041,2,34.4038,2,188.3,2,188.9,2,57.39,2,34.22,2,0,2,2.36,2,1.548,2,0.76,2,0.286,2,2.037,3,2235.3,2,2314.2,2,1187.1,2,20,7.5593,2,25,39.38,2,35.98,2,,9,,9,,9,,9,,,9,2.5519,2.5882,2
33RO20100308, A13.5,11,1,15,11006,2,20100317,2010-03-17 1:01,101,-48.9998,0.6928,3904,700.2,700.2,2.4881,34.4708,2,34.4709,2,178.2,2,178.8,2,64.75,2,34.59,2,0,2,2.38,2,1.132,2,0.551,2,0.303,2,1.568,3,2244.8,2,2322.7,2,1218.1,2,20,7.5505,2,25,39.45,2,36.32,2,,9,,9,,9,,9,,,9,2.4451,2.4878,2
33RO20100308, A13.5,11,1,14,11708,2,20100317,2010-03-17 1:01,101,-48.9998,0.6928,3904,800.5,800.5,2.4856,34.5209,2,34.5239,2,174.4,2,175.2,2,68.21,2,34.38,2,0,2,2.37,2,0.83,2,0.408,2,0.152,2,1.213,3,2249.1,2,2327.2,2,1213.3,2,20,7.5522,2,25,38.8,2,36.46,2,,9,,9,,9,,9,,,9,2.4357,2.4851,2
33RO20100308, A13.5,11,1,13,11031,2,20100317,2010-03-17 1:01,101,-48.9998,0.6928,3904,899.9,899.9,2.4961,34.5752,2,34.5771,2,173.9,2,174.2,2,70.43,2,33.64,2,0,2,2.32,2,0.577,2,0.275,2,0.169,2,0.901,3,2249.8,2,2334.3,2,1185.4,2,20,7.5615,2,25,39.34,2,35.28,2,,9,,9,,9,,9,,,9,2.4392,2.4959,2
33RO20100308, A13.5,11,1,12,11027,2,20100317,2010-03-17 1:01,101,-48.9998,0.6928,3904,1100.1,1100.1,2.4251,34.6555,2,34.6564,2,175.9,4,196.8,4,74.54,2,32.56,2,0,2,2.24,2,0.356,2,0.171,2,0.108,2,0.591,3,2249.2,2,2339.2,2,1146.9,2,20,7.5769,2,25,38.83,2,34.32,2,,9,,9,,9,,9,,,9,2.3542,2.4243,2
33RO20100308, A13.5,11,1,11,11707,2,20100317,2010-03-17 1:01,101,-48.9998,0.6928,3904,1300,1300,2.4061,34.7163,2,34.7155,2,184.8,2,185.6,2,74.15,2,30.94,2,0,2,2.12,2,0.235,2,0.113,2,0,2,0.442,3,2244.4,2,2340.1,2,1087.1,2,20,7.6,2,25,39.49,2,33,2,,9,,9,,9,,9,,,9,2.3203,2.4055,2
33RO20100308, A13.5,11,1,10,11003,2,20100317,2010-03-17 1:01,101,-48.9998,0.6928,3904,1499.3,1499.3,2.3222,34.7529,2,34.7533,2,192.5,2,193.2,2,74.23,2,29.84,2,0,2,2.05,2,0.17,2,0.082,2,0,2,0.342,3,2240.6,2,2341.7,2,1039.4,2,20,7.6167,2,25,38.67,2,31.44,2,,9,,9,,9,,9,,,9,2.2218,2.3217,2
33RO20100308, A13.5,11,1,9,11706,2,20100317,2010-03-17 1:01,101,-48.9998,0.6928,3904,1799.5,1799.5,2.0978,34.7688,2,34.7689,2,199.9,2,199.6,2,78.27,2,29.34,2,0,2,2.01,2,,5,,5,,5,,5,2238.3,2,2347,2,1018.5,2,20,7.6274,2,25,38.9,2,31.38,2,,9,,9,,9,,9,,,9,1.9761,2.0974,2
33RO20100308, A13.5,11,1,8,11033,2,20100317,2010-03-17 1:01,101,-48.9998,0.6928,3904,2099.3,2099.3,1.8315,34.7676,2,34.7673,2,204.8,2,204.5,2,84.52,2,29.36,2,0,2,2.02,2,0.134,2,0.065,2,0,2,0.262,3,2239.9,2,2349.4,2,1002.3,2,20,7.6323,2,25,38.54,2,31.08,2,,9,,9,,9,,9,,,9,1.6888,1.8312,2
33RO20100308, A13.5,11,1,7,11705,2,20100317,2010-03-17 1:01,101,-48.9998,0.6928,3904,2399.7,2399.7,1.5066,34.7487,2,34.7488,2,205,2,205.8,2,94.94,2,30.17,2,0,2,2.08,2,0.175,2,0.082,2,0,2,0.305,3,2247.1,2,2352.7,2,1019.3,2,20,7.6242,2,25,38.66,2,31.47,2,,9,,9,,9,,9,,,9,1.3439,1.5065,2
33RO20100308, A13.5,11,1,6,11029,4,20100317,2010-03-17 1:01,101,-48.9998,0.6928,3904,2700.2,2700.2,1.2265,34.7289,4,34.7723,4,205.7,2,204.1,2,80.94,4,29.12,4,0,4,2,4,0.128,3,0.062,3,0,2,0.262,3,2237.7,4,2347.2,4,994.8,4,20,7.6338,2,25,39.85,2,30.4,2,,9,,9,,9,,9,,,9,1.0428,1.2265,2
33RO20100308, A13.5,11,1,5,11704,2,20100317,2010-03-17 1:01,101,-48.9998,0.6928,3904,2999.3,2999.3,0.9235,34.7071,2,34.7062,2,207.4,2,206.3,2,112.8,2,31.88,2,0,2,2.2,2,0.341,3,0.164,3,0,2,0.525,3,2257.3,2,2358.1,2,1075.4,6,20,7.6038,2,25,40.06,2,33.27,2,,9,,9,,9,,9,,,9,0.7193,0.9231,2
33RO20100308, A13.5,11,1,4,11030,9,20100317,2010-03-17 1:01,101,-48.9998,0.6928,3904,3300.7,3300.7,0.7133,34.6965,2,,9,210.3,2,,9,-9,9,-9,9,-9,9,-9,9,,9,,9,,9,,9,,9,,9,,9,,,9,,,9,,9,,9,,9,,9,,9,,,9,0.486,0.7127,2
33RO20100308, A13.5,11,1,3,11703,2,20100317,2010-03-17 1:01,101,-48.9998,0.6928,3904,3601,3601,0.624,34.6919,2,34.6921,2,212.2,2,212,2,123.71,6,32.4,6,0,6,2.24,6,0.381,6,0.178,6,0.028,6,0.602,3,2259.8,2,2357.5,2,1081.6,2,20,7.6007,2,25,39.21,2,33.9,2,,9,,9,,9,,9,,,9,0.3701,0.6234,2
33RO20100308, A13.5,11,1,2,11702,2,20100317,2010-03-17 1:01,101,-48.9998,0.6928,3904,3749.5,3749.5,0.5863,34.689,2,34.6893,2,212.5,4,206.4,4,125.58,6,32.5,6,0.01,6,2.25,6,0.403,2,0.191,2,0,2,0.629,3,2260.5,2,2357.3,2,1089.5,2,20,7.5997,2,25,39.25,2,33.77,2,,9,,9,,9,,9,,,9,0.3187,0.5856,2
33RO20100308, A13.5,11,1,1,11701,2,20100317,2010-03-17 1:01,101,-48.9998,0.6928,3904,3937.6,3937.6,0.558,34.6862,2,34.6902,2,214.1,2,214.3,2,125.88,6,32.57,6,0.01,6,2.25,6,0.435,2,0.201,2,0.05,2,0.679,3,2261.1,6,2360,6,1086.2,2,20,7.5996,2,25,39.39,2,33.87,2,,9,,9,,9,,9,,,9,0.2722,0.5569,2
33RO20100308, A13.5,12,1,24,11714,2,20100317,2010-03-17 7:05,705,-48.5007,0.7618,4071,5.3,5.3,6.241,33.7982,2,33.7997,2,303.6,2,302.5,2,3.23,2,19.36,2,0.25,2,1.41,2,4.438,2,2.494,2,2.12,2,-0.003,4,2110,6,2271,6,656.2,2,20,7.789,2,25,,9,,9,,9,,9,,9,-47.5,2,2.6,1.81,2,6.2406,6.2404,2
33RO20100308, A13.5,12,1,23,11713,2,20100317,2010-03-17 7:05,705,-48.5007,0.7618,4071,74.4,74.4,5.9093,33.8223,2,33.8248,2,299.2,2,299.6,2,4.07,2,19.82,2,0.29,2,1.47,2,4.519,2,2.527,2,2.216,2,5.478,3,2114.3,2,2273.6,2,669.5,6,20,7.7775,2,25,,9,,9,,9,,9,,9,-40.7,2,3.4,1.76,2,5.9032,5.9558,2
33RO20100308, A13.5,12,1,22,11712,2,20100317,2010-03-17 7:05,705,-48.5007,0.7618,4071,100.3,100.3,4.4818,33.8998,2,33.9,2,296.1,2,296.9,2,9.63,2,23.69,2,0.23,2,1.67,2,4.823,6,2.671,6,2.24,6,6.181,3,2135.1,2,2270.3,2,767.3,2,20,7.7246,2,25,,9,,9,,9,,9,,9,-35.5,2,2.9,1.5,2,4.4746,4.4885,2
33RO20100308, A13.5,12,1,21,11010,2,20100317,2010-03-17 7:05,705,-48.5007,0.7618,4071,150.5,150.5,3.2545,33.9749,2,33.9725,2,296.2,2,295.2,2,15.96,2,26.49,2,0.02,2,1.83,2,4.889,2,2.668,2,2.07,2,6.085,3,2152.5,2,2275,2,849.3,2,20,7.6881,2,25,,9,,9,,9,,9,,9,,9,,,9,3.2451,3.2543,2
33RO20100308, A13.5,12,1,20,11715,2,20100317,2010-03-17 7:05,705,-48.5007,0.7618,4071,199.2,199.2,2.9423,34.0411,2,34.0447,2,278.9,2,279.1,6,20.51,2,28.36,2,0.01,2,1.95,2,4.543,2,2.461,2,1.744,2,0.003,4,2164.9,2,2279.9,2,904.5,2,20,7.6617,2,25,,9,,9,,9,,9,,9,-46.9,2,2.7,1.14,2,2.9303,2.9438,2
33RO20100308, A13.5,12,1,19,11007,2,20100317,2010-03-17 7:05,705,-48.5007,0.7618,4071,250.5,250.5,2.7842,34.1044,2,34.1046,2,263.2,2,263,2,25.82,2,29.98,2,0.01,2,2.06,2,4.191,2,2.215,2,1.507,2,4.947,3,2177.8,2,2283.4,2,960.3,2,20,7.6373,2,25,,9,,9,,9,,9,,9,-51,2,3.1,1.03,2,2.7693,2.784,2
33RO20100308, A13.5,12,1,18,11710,2,20100317,2010-03-17 7:05,705,-48.5007,0.7618,4071,350.5,350.5,2.5344,34.1937,2,34.1969,2,237.1,2,239.2,2,36.65,2,31.91,2,0.01,2,2.19,2,3.418,2,1.763,2,1.041,2,-0.006,4,2197.3,2,2292.4,2,1045,2,20,7.6069,2,25,,9,,9,,9,,9,,9,-63.2,2,3.3,0.88,2,2.5139,2.533,2
33RO20100308, A13.5,12,1,17,11025,2,20100317,2010-03-17 7:05,705,-48.5007,0.7618,4071,450.3,450.3,2.5407,34.2726,2,34.2748,2,217.3,2,217.5,2,45.58,2,33.14,2,0.01,2,2.28,2,2.727,2,1.36,2,0.711,2,3.361,3,2213.3,2,2301.6,2,1114.7,2,20,7.5841,2,25,,9,,9,,9,,9,,9,-94.1,2,2.6,0.82,2,2.5139,2.5401,2
33RO20100308, A13.5,12,1,16,11709,2,20100317,2010-03-17 7:05,705,-48.5007,0.7618,4071,548.9,548.9,2.5631,34.3493,2,34.3517,2,199.6,2,199.1,2,53.95,2,34.02,2,0,2,2.34,2,2.029,2,0.998,2,0.441,2,2.49,3,2227.4,2,2308.2,2,1164.8,2,20,7.5669,2,25,,9,,9,,9,,9,,9,-114,2,2.6,0.71,2,2.5298,2.5624,2
33RO20100308, A13.5,12,1,15,11006,2,20100317,2010-03-17 7:05,705,-48.5007,0.7618,4071,649.8,649.8,2.5574,34.437,2,34.4401,2,183.4,2,183.4,2,62.79,2,34.45,2,0,2,2.38,2,1.31,2,0.639,2,0.278,2,1.76,3,2239.7,2,2321.1,2,1200.8,2,20,7.5552,2,25,,9,,9,,9,,9,,9,-129.1,2,2.6,0.63,2,2.5174,2.557,2
33RO20100308, A13.5,12,1,14,11708,2,20100317,2010-03-17 7:05,705,-48.5007,0.7618,4071,750.4,750.4,2.5362,34.4946,2,34.4969,2,177.7,2,177.3,2,67.59,2,34.4,2,0,2,2.38,2,0.951,2,0.466,2,0.204,2,1.352,3,2245.5,2,2325.1,2,1205.8,6,20,7.5552,2,25,,9,,9,,9,,9,,9,-131.7,2,2.5,0.62,2,2.4895,2.5355,2
33RO20100308, A13.5,12,1,13,11031,2,20100317,2010-03-17 7:05,705,-48.5007,0.7618,4071,849.7,849.7,2.4791,34.5472,2,34.5469,2,174.2,2,184,4,71.67,2,34.2,2,0,2,2.37,2,0.711,2,0.352,2,0.188,2,1.078,3,2249.9,2,2332.3,2,1207.3,2,20,7.5549,2,25,,9,,9,,9,,9,,9,-131.9,2,2.9,0.52,2,2.4258,2.479,2
33RO20100308, A13.5,12,1,12,11027,2,20100317,2010-03-17 7:05,705,-48.5007,0.7618,4071,1000.7,1000.7,2.4841,34.6156,2,34.6164,2,175,2,174.2,2,74.05,2,33.24,2,0,2,2.3,2,0.45,2,0.22,2,0.112,2,0.723,3,2249.8,2,2336.9,2,1169.8,2,20,7.5685,2,25,,9,,9,,9,,9,,9,-139.2,2,4.1,0.62,2,2.42,2.4833,2
33RO20100308, A13.5,12,1,11,11707,2,20100317,2010-03-17 7:05,705,-48.5007,0.7618,4071,1199.8,1199.8,2.4155,34.6764,2,34.6777,2,180.1,2,178.4,2,77.07,2,32.12,2,0,2,2.22,2,0.312,2,0.153,2,0,2,0.558,3,2249.2,2,2338.7,2,1128.3,2,20,7.584,2,25,,9,,9,,9,,9,,9,-140.6,2,2.4,0.55,2,2.3373,2.4148,2
33RO20100308, A13.5,12,1,10,11003,2,20100317,2010-03-17 7:05,705,-48.5007,0.7618,4071,1399.8,1399.8,2.3041,34.7212,2,34.7222,2,185.4,2,185.8,2,79.01,2,31.16,2,0,2,2.15,2,0.231,2,0.113,2,0.07,2,0.421,3,2247.6,2,2344,2,1089.6,2,20,7.5989,2,25,,9,,9,,9,,9,,9,-146.6,2,2.5,0.51,2,2.2117,2.3036,2
33RO20100308, A13.5,12,1,9,11706,2,20100317,2010-03-17 7:05,705,-48.5007,0.7618,4071,1700.3,1700.3,2.1457,34.761,2,34.7612,2,196.2,2,196.5,2,80.19,2,29.75,2,0,2,2.04,2,0.161,2,0.079,2,0,2,0.336,3,2241,2,2346.5,2,1027,2,20,7.621,2,25,,9,,9,,9,,9,,9,-146,2,3.9,0.63,2,2.0314,2.1463,2
33RO20100308, A13.5,12,1,8,11033,2,20100317,2010-03-17 7:05,705,-48.5007,0.7618,4071,1999.9,1999.9,1.8898,34.7674,2,34.7676,2,201.2,2,202.7,2,85.17,2,29.47,2,0,2,2.02,2,0.141,2,0.07,2,0.042,2,0.266,3,2241.1,2,2347.5,2,1007.1,2,20,7.6302,2,25,,9,,9,,9,,9,,9,-148,2,2.8,0.61,2,1.7546,1.8893,2
33RO20100308, A13.5,12,1,7,11705,2,20100317,2010-03-17 7:05,705,-48.5007,0.7618,4071,2299.2,2299.2,1.4919,34.743,2,34.7429,2,200.7,2,202.7,2,98.04,2,30.62,2,0,2,2.1,2,-0.002,4,0.001,4,0,2,-0.002,4,2247.8,2,2354.5,2,1030.4,2,20,7.6183,2,25,,9,,9,,9,,9,,9,-150.3,2,2.4,0.56,2,1.3381,1.491,2
33RO20100308, A13.5,12,1,6,11029,2,20100317,2010-03-17 7:05,705,-48.5007,0.7618,4071,2599.3,2599.3,1.2962,34.7374,2,34.7372,2,205.9,2,206.6,2,102.17,2,30.75,2,0,2,2.12,2,0.195,2,0.094,2,0.04,2,0.324,3,2251.1,2,2356.4,2,1030.3,2,20,7.6203,2,25,,9,,9,,9,,9,,9,-160.7,2,2.4,0.56,2,1.12,1.2961,2
33RO20100308, A13.5,12,1,5,11704,2,20100317,2010-03-17 7:05,705,-48.5007,0.7618,4071,2900.3,2900.3,1.1031,34.7232,2,34.7245,2,206,2,207.2,2,107.43,2,31.39,2,0,2,2.16,2,-0.001,4,0,2,0,2,-0.001,4,2254.1,2,2356.9,2,1050.2,2,20,7.6141,2,25,,9,,9,,9,,9,,9,-153.1,2,2.5,0.52,2,0.904,1.1027,2
33RO20100308, A13.5,12,1,4,11030,2,20100317,2010-03-17 7:05,705,-48.5007,0.7618,4071,3199.1,3199.1,0.8633,34.7072,2,34.7074,2,208.1,2,208.7,2,115.14,6,31.94,6,0,6,2.2,6,0.31,2,0.147,2,0.071,3,0.488,3,2257.8,2,2359.6,2,1071.4,2,20,7.6074,2,25,,9,,9,,9,,9,,9,-156.2,2,3,0.53,2,0.642,0.8626,2
33RO20100308, A13.5,12,1,3,11703,2,20100317,2010-03-17 7:05,705,-48.5007,0.7618,4071,3500.3,3500.3,0.7346,34.6998,2,34.6996,2,210.5,2,211.4,2,120.59,6,32.23,6,0,6,2.23,6,0.324,6,0.152,6,0.078,3,0.54,3,2259,2,2359.1,2,1072.2,2,20,7.6053,2,25,,9,,9,,9,,9,,9,-159,2,3.4,0.5,2,0.4877,0.734,2
33RO20100308, A13.5,12,1,2,11702,2,20100317,2010-03-17 7:05,705,-48.5007,0.7618,4071,3799.8,3799.8,0.6669,34.6934,2,,9,212,2,210.8,6,-9,9,-9,9,-9,9,-9,9,0.362,2,0.168,2,0.039,2,0.563,3,2259.8,2,2358.7,2,1083.3,2,20,7.602,2,25,,9,,9,,9,,9,,9,-163.9,2,2.7,0.5,2,0.392,0.6663,2
33RO20100308, A13.5,12,1,1,11701,2,20100317,2010-03-17 7:05,705,-48.5007,0.7618,4071,4131.4,4131.4,0.6493,34.69,2,34.6905,2,212.3,2,211.4,2,124.26,2,32.6,6,0.01,6,2.26,6,0.386,2,0.182,2,0,2,0.586,3,2262.7,6,2361.8,6,1088.5,2,20,7.6012,2,25,,9,,9,,9,,9,,9,-156.7,2,2.5,0.44,2,0.3407,0.6486,2
33RO20100308, A13.5,13,1,24,11714,2,20100317,2010-03-17 13:01,1301,-48,0.8313,4326,5.6,5.6,6.7171,33.7959,2,33.7956,2,300.1,2,300.9,2,1.65,2,18.86,2,0.26,2,1.37,2,4.284,2,2.442,2,2.063,2,5.656,3,2102.9,6,2268.3,6,627.1,2,20,7.802,2,25,45.58,2,22.66,2,,1,,1,,9,,9,,,9,6.7166,6.717,2
33RO20100308, A13.5,13,1,23,11713,2,20100317,2010-03-17 13:01,1301,-48,0.8313,4326,30.6,30.6,6.6975,33.7959,2,33.7969,2,301.1,2,301.3,2,1.64,2,18.82,2,0.26,2,1.36,2,4.288,2,2.438,2,2.046,2,5.751,3,2104.4,2,2263.8,2,625,2,20,7.8012,2,25,45.57,2,22.99,2,,1,,1,,9,,9,,,9,6.6948,6.6956,2
33RO20100308, A13.5,13,1,22,11712,2,20100317,2010-03-17 13:01,1301,-48,0.8313,4326,60.3,60.3,6.2012,33.8006,2,33.8023,2,300.1,2,301.6,2,1.65,2,18.93,2,0.26,2,1.41,2,4.417,6,2.496,6,2.191,6,5.897,3,2111.8,2,2272.6,2,638.1,6,20,7.7937,2,25,44.76,2,22.82,2,,1,,1,,9,,9,,,9,6.1961,6.2048,2
33RO20100308, A13.5,13,1,21,11010,2,20100317,2010-03-17 13:01,1301,-48,0.8313,4326,100.1,100.1,5.0145,33.8458,2,33.8487,2,300.6,2,301.2,2,5.07,2,20.89,2,0.35,2,1.58,2,4.726,2,2.655,2,2.228,2,6.061,3,2128.3,2,2278.6,2,710.2,2,20,7.7574,2,25,44.07,2,23.7,2,,1,,1,,9,,9,,,9,5.0069,5.0115,2
33RO20100308, A13.5,13,1,20,11715,2,20100317,2010-03-17 13:01,1301,-48,0.8313,4326,199,199,3.0495,34.0694,2,34.0699,2,271.9,2,273.5,2,20.26,2,28.7,2,0.01,2,1.98,2,4.378,2,2.38,2,1.64,2,5.253,3,2167.6,2,2280.5,2,911.5,2,20,7.6573,2,25,42.26,2,31.52,2,,1,,1,,9,,9,,,9,3.0373,3.049,2
33RO20100308, A13.5,13,1,19,11007,2,20100317,2010-03-17 13:01,1301,-48,0.8313,4326,299.9,299.9,2.7939,34.1543,2,,9,249.8,2,250.9,2,28.96,2,30.74,2,0.01,2,2.12,2,3.746,2,1.98,2,1.219,2,4.483,3,2184.7,2,2286.6,2,995.2,2,20,7.6268,2,25,41.21,2,33.59,2,,1,,1,,9,,9,,,9,2.7759,2.7941,2
33RO20100308, A13.5,13,1,18,11710,2,20100317,2010-03-17 13:01,1301,-48,0.8313,4326,400.5,400.5,2.5499,34.227,2,34.2276,2,229.3,2,229.9,2,39.22,2,32.43,2,0.01,2,2.23,2,3.089,2,1.586,2,0.892,2,3.715,3,2203.7,2,2297.6,2,1073.5,2,20,7.5978,2,25,40.59,2,34.36,2,,1,,1,,9,,9,,,9,2.5263,2.5494,2
33RO20100308, A13.5,13,1,17,11025,2,20100317,2010-03-17 13:01,1301,-48,0.8313,4326,500,500,2.536,34.2923,2,34.2931,2,212.7,2,212.6,2,46.85,2,33.39,2,0,2,2.31,2,2.521,2,1.262,2,0.698,2,3.195,3,2216.2,2,2306.2,2,1137,2,20,7.5778,2,25,39.65,2,35.53,2,,1,,1,,9,,9,,,9,2.5061,2.5363,2
33RO20100308, A13.5,13,1,16,11709,2,20100317,2010-03-17 13:01,1301,-48,0.8313,4326,600.7,600.7,2.4945,34.3761,2,34.3741,2,193.5,2,193.7,2,56.29,2,34.41,2,0,2,2.38,2,1.845,2,0.909,2,0.408,2,2.349,3,2230.1,2,2314.1,2,1195.5,2,20,7.5579,2,25,38.98,2,36.41,2,,1,,1,,9,,9,,,9,2.4582,2.4949,2
33RO20100308, A13.5,13,1,15,11006,2,20100317,2010-03-17 13:01,1301,-48,0.8313,4326,700.2,700.2,2.5461,34.4636,2,34.4614,2,180.4,2,180.4,6,63.86,2,34.54,2,0,2,2.39,2,1.138,2,0.559,2,0.257,2,1.571,3,2241,2,2326,2,1203.5,2,20,7.5538,2,25,38.22,2,35.58,2,,1,,1,,9,,9,,,9,2.5028,2.5454,2
33RO20100308, A13.5,13,1,14,11708,2,20100317,2010-03-17 13:01,1301,-48,0.8313,4326,899.7,899.7,2.5275,34.5781,2,34.5773,2,173.8,2,174.2,2,70.47,2,33.67,2,0,2,2.34,2,0.559,2,0.274,2,0.09,2,0.865,3,2247.4,6,2332.6,6,1181.5,2,20,7.5628,2,25,38.35,2,35.41,2,,1,,1,,9,,9,,,9,2.4703,2.527,2
33RO20100308, A13.5,13,1,13,11031,2,20100317,2010-03-17 13:01,1301,-48,0.8313,4326,1099.4,1099.4,2.4745,34.6521,2,34.652,2,176.6,4,188,4,73.55,2,32.59,2,0,2,2.25,2,0.356,2,0.172,2,0,2,0.603,3,2247.8,2,2339.3,2,1139,2,20,7.5773,2,25,38.02,2,33.84,2,,1,,1,,9,,9,,,9,2.4032,2.4746,2
33RO20100308, A13.5,13,1,12,11027,2,20100317,2010-03-17 13:01,1301,-48,0.8313,4326,1300.1,1300.1,2.3959,34.7067,2,34.706,2,183.2,2,183,2,75.21,2,31.42,2,0,2,2.17,2,0.253,2,0.124,2,0.058,2,0.454,3,2245.2,2,2341.2,2,1094.5,2,20,7.5949,2,25,38,2,33.44,2,,1,,1,,9,,9,,,9,2.3102,2.3965,2
33RO20100308, A13.5,13,1,11,11707,2,20100317,2010-03-17 13:01,1301,-48,0.8313,4326,1600.4,1600.4,2.3064,34.763,2,34.7631,2,195.4,2,195.8,2,74.13,2,29.54,2,0,2,2.03,2,0.152,2,0.073,2,0,2,0.322,3,2236.9,2,2344.5,2,1021,2,20,7.6234,2,25,39.09,2,31.29,2,,1,,1,,9,,9,,,9,2.1981,2.3053,2
33RO20100308, A13.5,13,1,10,11003,2,20100317,2010-03-17 13:01,1301,-48,0.8313,4326,1900,1900,2.0482,34.7753,2,34.7751,2,202.8,2,203,6,78.88,2,29.12,2,0,2,2.01,2,0.126,2,0.06,2,0,2,0.264,3,2236.4,2,2347,2,991.5,2,20,7.6337,2,25,38.07,2,30.57,2,,1,,1,,9,,9,,,9,1.9189,2.0485,2
33RO20100308, A13.5,13,1,9,11706,2,20100317,2010-03-17 13:01,1301,-48,0.8313,4326,2200.5,2200.5,1.8135,34.7756,2,34.7753,2,206.9,2,208.4,2,83.68,2,28.91,2,0,2,2,2,0.113,2,0.054,2,0,2,0.235,3,2237.4,2,2350.1,2,990,2,20,7.6389,2,25,39.24,2,30.68,2,,1,,1,,9,,9,,,9,1.6625,1.8136,2
33RO20100308, A13.5,13,1,8,11033,2,20100317,2010-03-17 13:01,1301,-48,0.8313,4326,2500.9,2500.9,1.4063,34.7374,2,34.7368,2,202.7,2,203.1,2,99.61,2,30.83,2,0,2,2.13,2,0.209,2,0.104,2,0.061,3,0.354,3,2250.2,2,2354.9,2,1042.1,2,20,7.6156,2,25,39.37,2,32.88,2,,1,,1,,9,,9,,,9,1.2367,1.406,2
33RO20100308, A13.5,13,1,7,11705,2,20100317,2010-03-17 13:01,1301,-48,0.8313,4326,2800.1,2800.1,1.1989,34.7281,2,34.7282,2,205.2,2,206.1,2,105.22,2,31.1,2,0,2,2.15,2,0.231,2,0.111,2,0.056,3,0.383,3,2252.6,2,2356.6,2,1042.4,6,20,7.6152,2,25,38.37,2,32.81,2,,9,,1,,9,,9,,,9,1.0068,1.1983,2
33RO20100308, A13.5,13,1,6,11029,2,20100317,2010-03-17 13:01,1301,-48,0.8313,4326,3100.7,3100.7,0.9852,34.7119,2,34.7113,2,206.9,2,207.4,2,112.28,2,31.79,2,0,2,2.2,2,0.312,2,0.152,2,0.101,2,0.494,3,2255.4,2,2357.8,2,1066.4,2,20,7.6071,2,25,38.65,2,34.14,2,,1,,1,,9,,9,,,9,0.7702,0.9845,2
33RO20100308, A13.5,13,1,5,11704,2,20100317,2010-03-17 13:01,1301,-48,0.8313,4326,3400.2,3400.2,0.7527,34.6997,2,34.6999,2,209.8,2,210.4,2,119.35,2,32.2,2,0,2,2.22,2,0.35,2,0.164,2,0,2,0.569,3,2258.7,2,2354.5,2,1072.7,2,20,7.6032,2,25,38.79,2,34.77,2,,9,,1,,9,,9,,,9,0.515,0.7525,2
33RO20100308, A13.5,13,1,4,11030,2,20100317,2010-03-17 13:01,1301,-48,0.8313,4326,3701.7,3701.7,0.6643,34.6938,3,34.6992,4,211.1,2,209.9,2,119.22,6,32.19,6,0,6,2.23,6,0.348,2,0.167,2,0.112,2,0.545,3,2258.2,2,2361,2,1079.1,2,20,7.6032,2,25,39.49,2,34.81,2,,1,,1,,9,,9,,,9,0.3994,0.664,2
33RO20100308, A13.5,13,1,3,11703,2,20100317,2010-03-17 13:01,1301,-48,0.8313,4326,3999.8,3999.8,0.6483,34.691,2,34.6908,2,212.1,2,212.2,2,125.3,6,32.45,6,0,6,2.25,6,0.387,6,0.183,6,0,2,0.61,3,2260.3,2,2361,2,1085.5,2,20,7.6015,2,25,38.93,2,34.24,2,,9,,1,,9,,9,,,9,0.3535,0.6478,2
33RO20100308, A13.5,13,1,2,11702,2,20100317,2010-03-17 13:01,1301,-48,0.8313,4326,4300.1,4300.1,0.6533,34.6891,2,34.6926,4,212.7,2,212.3,2,124.1,6,32.41,6,0,6,2.25,6,0.374,2,0.178,2,0.048,2,0.591,3,2258.5,2,2359.3,2,1083.1,2,20,7.6017,2,25,38.77,2,35.03,2,,1,,1,,9,,9,,,9,0.3265,0.6527,2
33RO20100308, A13.5,13,1,1,11701,2,20100317,2010-03-17 13:01,1301,-48,0.8313,4326,4384.3,4384.3,0.6548,34.6887,2,34.6889,2,213.5,2,212.4,2,126.44,6,32.58,6,0.01,6,2.26,6,0.4,2,0.188,2,0,2,0.622,3,2260.7,6,2359.4,6,1082.9,2,20,7.6005,2,25,38.36,2,35.08,2,,1,,1,,9,,9,,,9,0.3189,0.654,2
33RO20100308, A13.5,14,1,24,11714,2,20100317,2010-03-17 19:07,1907,-47.5002,0.9012,4106,5.4,5.4,7.1656,33.8398,2,33.8383,2,298.1,2,297.5,2,1.31,2,18.51,2,0.27,2,1.33,2,4.149,2,2.372,2,2.089,2,5.47,3,2100.3,6,2266.6,6,623.2,2,20,7.8067,2,25,,9,,9,,9,,9,,9,,9,,,9,7.1651,7.1649,2
33RO20100308, A13.5,14,1,23,11713,2,20100317,2010-03-17 19:07,1907,-47.5002,0.9012,4106,50.5,50.5,7.1011,33.8417,2,33.8416,2,296.8,2,296.5,2,1.53,2,18.57,2,0.27,2,1.34,2,4.124,6,2.366,6,2.077,6,5.42,3,2101.7,2,2262.5,2,624.9,2,20,7.803,2,25,,9,,9,,9,,9,,9,,9,,,9,7.0965,7.103,2
33RO20100308, A13.5,14,1,22,11712,2,20100317,2010-03-17 19:07,1907,-47.5002,0.9012,4106,75.8,75.8,7.0484,33.8524,2,33.8577,2,294.9,2,294.2,2,1.91,2,18.78,2,0.28,2,1.37,2,4.146,2,2.375,2,2.087,2,5.319,3,2103.9,2,2268.2,2,646.2,2,20,7.7947,2,25,,9,,9,,9,,9,,9,,9,,,9,7.0415,7.0421,2
33RO20100308, A13.5,14,1,21,11010,2,20100317,2010-03-17 19:07,1907,-47.5002,0.9012,4106,99.9,99.9,4.7434,34.0584,2,34.057,2,281,2,284.6,2,10.37,2,25,2,0.02,2,1.73,2,4.462,2,2.503,2,2.016,2,5.507,3,2144.2,2,,5,814.1,2,20,7.7026,2,25,,9,,9,,9,,9,,9,,9,,,9,4.736,4.7664,2
33RO20100308, A13.5,14,1,20,11715,2,20100317,2010-03-17 19:07,1907,-47.5002,0.9012,4106,150,150,3.8266,34.0836,2,34.0853,2,279.4,2,282,2,14.14,2,26.56,2,0.02,2,1.82,2,5.755,4,5.315,4,34.119,4,5.926,4,2153.8,2,2276.7,2,855.6,2,20,7.6873,2,25,,9,,9,,9,,9,,9,,9,,,9,3.8165,3.8264,2
33RO20100308, A13.5,14,1,19,11007,2,20100317,2010-03-17 19:07,1907,-47.5002,0.9012,4106,250.8,250.8,3.3965,34.1326,2,34.1323,2,264.2,2,263.9,2,20.59,2,28.68,2,0.01,2,1.96,2,4.03,2,2.181,2,1.454,2,4.859,3,2170.7,2,2284.1,2,,9,,7.6568,2,25,,9,,9,,9,,9,,9,,9,,,9,3.3803,3.3967,2
33RO20100308, A13.5,14,1,18,11710,2,20100317,2010-03-17 19:07,1907,-47.5002,0.9012,4106,350.4,350.4,3.0489,34.1728,2,34.1723,2,246.7,2,247.8,2,28.38,2,30.45,2,0.01,2,2.09,2,3.573,2,1.879,2,1.184,2,4.303,3,2185.7,2,2289.1,2,992.4,2,20,7.6301,2,25,,9,,9,,9,,9,,9,,9,,,9,3.027,3.0488,2
33RO20100308, A13.5,14,1,17,11025,2,20100317,2010-03-17 19:07,1907,-47.5002,0.9012,4106,450.2,450.2,2.8403,34.2249,2,34.2256,2,231.7,2,231.2,2,35.94,2,31.82,2,0,2,2.19,2,3.056,2,1.573,2,0.938,2,3.68,3,2200.5,2,2295.6,2,,9,,7.5889,2,25,,9,,9,,9,,9,,9,,9,,,9,2.8125,2.8393,2
33RO20100308, A13.5,14,1,16,11709,2,20100317,2010-03-17 19:07,1907,-47.5002,0.9012,4106,550.8,550.8,2.6236,34.2755,2,34.276,2,218.5,2,218.2,2,43.88,2,32.86,2,0,2,2.29,2,2.618,2,1.322,2,0.798,2,3.206,3,2213.3,2,2301.8,2,1103.8,2,20,7.588,2,25,,9,,9,,9,,9,,9,,9,,,9,2.59,2.623,2
33RO20100308, A13.5,14,1,15,11006,2,20100317,2010-03-17 19:07,1907,-47.5002,0.9012,4106,649.1,649.1,2.6579,34.3484,2,34.3485,2,201.7,2,200.6,2,51.61,6,33.75,6,0,6,2.32,2,1.934,2,0.954,2,0.486,2,2.464,3,2226.5,2,2312.5,2,,9,,7.5707,2,25,,9,,9,,9,,9,,9,,9,,,9,2.6176,2.657,2
33RO20100308, A13.5,14,1,14,11708,2,20100317,2010-03-17 19:07,1907,-47.5002,0.9012,4106,799.9,799.9,2.6487,34.475,2,34.4743,2,181.9,2,180.4,6,62.64,6,34.09,6,0,6,2.36,6,1.004,2,0.493,2,0.207,2,1.413,3,2240.3,2,2322.9,2,1182.7,2,20,7.5608,2,25,,9,,9,,9,,9,,9,,9,,,9,2.5979,2.6493,2
33RO20100308, A13.5,14,1,13,11031,2,20100317,2010-03-17 19:07,1907,-47.5002,0.9012,4106,1000.2,1000.2,2.6066,34.5873,2,34.5869,2,176.4,4,186.9,4,68.42,2,33.24,2,0,2,2.31,2,0.489,2,0.238,2,0.089,2,0.813,3,2247.6,6,2335.1,2,,9,,7.5693,2,25,,9,,9,,9,,9,,9,,9,,,9,2.5416,2.6065,2
33RO20100308, A13.5,14,1,12,11027,2,20100317,2010-03-17 19:07,1907,-47.5002,0.9012,4106,1199.9,1199.9,2.4792,34.6576,2,34.6554,2,124.6,4,177.4,2,73.69,2,32.38,2,0,2,2.25,2,0.342,2,0.167,2,0,2,0.596,3,2249.3,2,2338.7,2,1134.7,2,20,7.5791,2,25,,9,,9,,9,,9,,9,,9,,,9,2.4004,2.4783,2
33RO20100308, A13.5,14,1,11,11707,2,20100317,2010-03-17 19:07,1907,-47.5002,0.9012,4106,1400.2,1400.2,2.4951,34.7244,2,34.7239,2,118.2,4,186.7,6,71.66,3,30.59,3,0,3,2.12,3,0.219,2,0.104,2,0,2,0.435,3,2242.8,2,2339.7,6,1061.7,2,20,7.6049,2,25,,9,,9,,9,,9,,9,,9,,,9,2.4006,2.4946,2
33RO20100308, A13.5,14,1,10,11003,2,20100317,2010-03-17 19:07,1907,-47.5002,0.9012,4106,1650.2,1650.2,2.3295,34.7649,2,34.7646,2,196.7,2,197.2,2,72.96,2,29.19,2,0,2,2.02,2,0.147,2,0.071,2,0,2,0.314,3,2238,2,2345.8,2,,9,,7.6248,2,25,,9,,9,,9,,9,,9,,9,,,9,2.2169,2.3293,2
33RO20100308, A13.5,14,1,9,11706,2,20100317,2010-03-17 19:07,1907,-47.5002,0.9012,4106,1799.8,1799.8,2.2285,34.774,2,34.7739,2,199.9,2,201,2,74.61,2,28.94,2,0,2,2,2,0.134,2,0.064,2,0,2,0.296,3,2236.9,2,2345.9,2,1000,2,20,7.6306,2,25,,9,,9,,9,,9,,9,,9,,,9,2.1049,2.2279,2
33RO20100308, A13.5,14,1,8,11033,2,20100317,2010-03-17 19:07,1907,-47.5002,0.9012,4106,2100.5,2100.5,2.0076,34.7781,2,34.7763,2,205.3,2,205.4,2,79.45,2,28.83,2,0,2,1.99,2,0.116,2,0.057,2,0,2,0.249,3,2237.5,2,2347.7,2,,9,,7.637,2,25,,9,,9,,9,,9,,9,,9,,,9,1.862,2.0077,2
33RO20100308, A13.5,14,1,7,11705,2,20100317,2010-03-17 19:07,1907,-47.5002,0.9012,4106,2400,2400,1.6988,34.7638,2,34.7632,2,206,2,206.2,2,88.73,2,29.49,2,0,2,2.04,2,0.127,2,0.061,2,0,2,0.25,3,2242.3,2,2351.1,2,990.7,2,20,7.6315,2,25,,9,,9,,9,,9,,9,,9,,,9,1.5325,1.6986,2
33RO20100308, A13.5,14,1,6,11029,4,20100317,2010-03-17 19:07,1907,-47.5002,0.9012,4106,2701.2,2701.2,1.4292,34.7463,4,34.7772,4,208.1,2,205.5,2,79.29,4,28.81,4,0,4,1.99,4,0.116,2,0.056,2,0,2,0.246,3,2237,4,2348.4,4,,9,,7.6355,2,25,,9,,9,,9,,9,,9,,9,,,9,1.2412,1.4284,2
33RO20100308, A13.5,14,1,5,11704,2,20100317,2010-03-17 19:07,1907,-47.5002,0.9012,4106,3000.3,3000.3,1.1196,34.7195,2,34.7188,2,206.5,2,205.8,2,108.25,2,31.42,2,0,2,2.17,2,0.271,2,0.133,2,0,2,0.422,3,2256.1,2,2354.9,2,1061.8,2,20,7.6092,2,25,,9,,9,,9,,9,,9,,9,,,9,0.9109,1.1192,2
33RO20100308, A13.5,14,1,4,11030,9,20100317,2010-03-17 19:07,1907,-47.5002,0.9012,4106,3298.7,3298.7,0.89,34.7061,2,,9,209.3,2,,9,-9,9,-9,9,-9,9,-9,9,,9,,9,,9,,9,,9,,9,,9,,,9,,,9,,9,,9,,9,,9,,9,,,9,0.6586,0.8896,2
33RO20100308, A13.5,14,1,3,11703,2,20100317,2010-03-17 19:07,1907,-47.5002,0.9012,4106,3599.7,3599.7,0.7448,34.6987,2,34.6979,2,212.2,2,211.2,2,120.01,6,32.14,6,0,6,2.23,6,0.343,2,0.164,2,0,2,0.539,3,2260.6,2,2362.3,2,1077.4,2,20,7.6038,2,25,,9,,9,,9,,9,,9,,9,,,9,0.4878,0.7443,2
33RO20100308, A13.5,14,1,2,11702,2,20100317,2010-03-17 19:07,1907,-47.5002,0.9012,4106,3900.7,3900.7,0.6704,34.6927,2,34.6923,2,213.5,2,212.2,2,123.51,6,32.38,6,0,6,2.24,6,0.373,2,0.176,2,0,2,0.587,3,2261.9,2,2355.7,2,,9,,7.6013,2,25,,9,,9,,9,,9,,9,,9,,,9,0.3852,0.6696,2
33RO20100308, A13.5,14,1,1,11701,2,20100317,2010-03-17 19:07,1907,-47.5002,0.9012,4106,4156.2,4156.2,0.6359,34.6891,2,34.6884,2,214.1,2,211.8,2,126.69,6,32.48,6,0.01,6,2.25,6,0.405,2,0.189,2,0.084,3,0.627,3,2263.7,6,2360.7,6,,9,,7.6002,2,25,,9,,9,,9,,9,,9,,9,,,9,0.325,0.6348,2
33RO20100308, A13.5,15,1,24,11714,2,20100318,2010-03-18 1:04,104,-47,0.97,3967,5.3,5.3,7.1343,33.8433,2,33.8465,2,296,2,298,2,1.7,2,18.66,2,0.27,2,1.35,2,4.142,2,2.378,2,2.041,2,5.501,3,2102.2,6,2266.3,6,625,6,20,7.8039,2,25,45.49,2,23.18,2,,9,,9,,9,-22.3,2,3,1.84,2,7.1338,7.1335,2
33RO20100308, A13.5,15,1,23,11713,2,20100318,2010-03-18 1:04,104,-47,0.97,3967,74.1,74.1,7.0647,33.8485,2,33.8497,2,297.2,2,296.2,2,2.13,2,18.77,2,0.28,2,1.37,2,4.135,2,2.374,2,2.006,2,5.477,3,2103.8,2,2267.4,2,643.3,2,20,7.7998,2,25,42.72,2,23.43,2,,9,,9,,9,-23.4,2,2.8,1.82,2,7.0579,7.0692,2
33RO20100308, A13.5,15,1,22,11712,2,20100318,2010-03-18 1:04,104,-47,0.97,3967,124.9,124.9,4.4848,34.0834,2,34.0845,2,281.7,2,282.8,2,11.03,2,25.23,2,0.02,2,1.75,2,4.555,2,2.562,2,1.975,2,5.571,3,2147.7,2,2277.4,2,818.6,2,20,7.6991,2,25,41.7,2,29.4,2,,9,,9,,9,-11.7,2,3.1,1.29,2,4.4758,4.4832,2
33RO20100308, A13.5,15,1,21,11010,2,20100318,2010-03-18 1:04,104,-47,0.97,3967,174.9,174.9,3.8547,34.0866,2,34.0875,2,280.9,2,282.3,2,13.86,2,26.47,2,0.02,2,1.82,2,4.483,2,2.488,2,1.83,2,5.41,3,2152.9,2,2271,2,846.8,2,20,7.6865,2,25,41.59,2,30.26,2,,9,,9,,9,-19.6,2,2.8,1.27,2,3.8429,3.8538,2
33RO20100308, A13.5,15,1,20,11715,2,20100318,2010-03-18 1:04,104,-47,0.97,3967,249.8,249.8,3.5568,34.1242,2,34.1249,2,267.6,2,267.3,2,18.63,2,28.14,2,0.01,2,1.93,2,4.121,2,2.249,2,1.47,2,4.913,3,2165.8,2,2279.8,2,897.2,2,20,7.6634,2,25,40.94,2,30.48,2,,9,,9,,9,-33,2,2.8,1.16,2,3.5404,3.5566,2
33RO20100308, A13.5,15,1,19,11007,2,20100318,2010-03-18 1:04,104,-47,0.97,3967,349.2,349.2,3.1229,34.1625,2,34.1633,2,248.3,2,250.5,2,26.56,2,30.05,2,0.01,2,2.06,2,3.656,6,1.941,6,1.183,6,4.41,3,2182.5,2,2285.4,2,973.6,2,20,7.6343,2,25,40.24,2,32.67,2,,9,,9,,9,-54.8,2,2.7,1.05,2,3.1009,3.123,2
33RO20100308, A13.5,15,1,18,11710,2,20100318,2010-03-18 1:04,104,-47,0.97,3967,451.4,451.4,2.8833,34.2226,2,34.2243,2,231,2,231.3,2,35.29,2,31.63,2,0.01,2,2.18,2,3.058,2,1.578,2,0.895,2,3.684,3,2198.7,2,2295.1,2,1035.6,2,20,7.6088,2,25,39.27,2,33.2,2,,9,,9,,9,-76.9,2,2.6,0.92,2,2.8553,2.8806,2
33RO20100308, A13.5,15,1,17,11025,2,20100318,2010-03-18 1:04,104,-47,0.97,3967,549.3,549.3,2.7345,34.2848,2,34.2859,2,215.3,2,216.4,2,43.55,2,32.83,2,0,2,2.26,2,2.5,2,1.262,2,0.633,2,3.037,3,2213.4,2,2299.6,2,1098.4,2,20,7.5881,2,25,38.08,2,34.47,2,,9,,9,,9,-88.2,2,3.8,0.77,2,2.7005,2.7331,2
33RO20100308, A13.5,15,1,16,11709,2,20100318,2010-03-18 1:04,104,-47,0.97,3967,699.8,699.8,2.72,34.402,2,34.4024,2,190.5,2,190.6,2,55.82,2,33.92,2,0,2,2.34,2,1.478,2,0.719,2,0.263,2,1.962,3,2231.7,2,2315.8,2,1163.5,2,20,7.5667,2,25,38.37,2,35.73,2,,9,,9,,9,-113.3,2,2.5,0.68,2,2.6758,2.7202,2
33RO20100308, A13.5,15,1,15,11006,2,20100318,2010-03-18 1:04,104,-47,0.97,3967,849.9,849.9,2.6044,34.4826,2,34.4843,2,180.4,2,179,6,63.98,2,34.18,2,0,2,2.36,2,0.969,2,0.475,2,0.226,2,1.369,3,2243.5,2,2324.6,2,1200.9,2,20,7.559,2,25,38.22,2,36.06,2,,9,,9,,9,-129,2,2.5,0.58,2,2.5504,2.6041,2
33RO20100308, A13.5,15,1,14,11708,2,20100318,2010-03-18 1:04,104,-47,0.97,3967,1001.6,1001.6,2.5368,34.5599,2,34.5635,2,175.2,2,174.9,2,69.48,2,33.75,2,0,2,2.34,2,0.621,2,0.307,2,0.064,2,0.953,3,2248.8,6,2330.6,2,1196.3,2,20,7.5613,2,25,38.81,2,35.69,2,,9,,9,,9,-136.5,2,3.1,0.54,2,2.4723,2.5368,2
33RO20100308, A13.5,15,1,13,11031,2,20100318,2010-03-18 1:04,104,-47,0.97,3967,1250.3,1250.3,2.4601,34.6759,2,34.6763,2,178.3,2,179.5,2,74.15,2,32.01,2,0,2,2.21,2,0.302,2,0.146,2,0.052,2,0.558,3,2248.3,2,2337.7,2,1120.8,2,20,7.5854,2,25,38.27,2,34.02,2,,9,,9,,9,-145.1,2,2.8,0.53,2,2.3776,2.4593,2
33RO20100308, A13.5,15,1,12,11027,2,20100318,2010-03-18 1:04,104,-47,0.97,3967,1400.5,1400.5,2.4533,34.7198,2,34.7224,2,183.8,4,207.6,4,72.85,6,30.74,6,0.01,6,2.12,6,0.215,2,0.105,2,0,2,0.422,3,2243.6,2,2340.3,2,1074.1,2,20,7.6021,2,25,38.41,2,32.25,2,,9,,9,,9,-141.4,2,2.6,0.6,2,2.3592,2.453,2
33RO20100308, A13.5,15,1,11,11707,2,20100318,2010-03-18 1:04,104,-47,0.97,3967,1549.8,1549.8,2.4303,34.7484,2,34.7509,2,191.2,2,192.8,2,71.75,6,29.81,6,0.01,6,2.05,6,0.172,2,0.082,2,0,2,0.361,3,2239.9,2,2342.6,2,1037.3,2,20,7.6167,2,25,38.94,2,31.76,2,,9,,9,,9,-142.4,2,3.2,0.6,2,2.3246,2.4297,2
33RO20100308, A13.5,15,1,10,11003,2,20100318,2010-03-18 1:04,104,-47,0.97,3967,1700.7,1700.7,2.3136,34.7595,2,34.7587,2,194.3,2,195.5,2,74.46,2,29.56,2,0,2,2.03,2,0.162,2,0.079,2,0.058,2,0.345,3,2239.8,2,2340.8,2,1022.7,2,20,7.6222,2,25,39.58,2,30.92,2,,9,,9,,9,-146.4,2,2.3,0.61,2,2.1971,2.3134,2
33RO20100308, A13.5,15,1,9,11706,2,20100318,2010-03-18 1:04,104,-47,0.97,3967,1850,1850,2.2247,34.776,2,34.7759,2,201.2,2,201,2,74.63,2,28.92,2,0,2,1.98,2,0.129,2,0.063,2,0.049,2,0.292,3,2235.9,2,2343.7,2,995.9,2,20,7.6323,2,25,39.28,2,30.5,2,,9,,9,,9,-143.6,2,2.6,0.65,2,2.097,2.224,2
33RO20100308, A13.5,15,1,8,11033,2,20100318,2010-03-18 1:04,104,-47,0.97,3967,2049.9,2049.9,2.0714,34.7809,2,34.7812,2,205.3,2,205.4,2,77.14,2,28.51,2,0,2,1.97,2,0.114,2,0.055,2,0.027,2,0.246,3,2235.1,2,2346,2,983.1,2,20,7.6386,2,25,37.97,2,30.84,2,,9,,9,,9,-147.9,2,2.4,0.74,2,1.9291,2.0711,2
33RO20100308, A13.5,15,1,7,11705,2,20100318,2010-03-18 1:04,104,-47,0.97,3967,2351.4,2351.4,1.8137,34.7719,2,34.7722,2,207.5,2,207.1,2,84.63,2,29.04,2,0,2,2,2,0.119,2,0.058,2,0,2,0.244,3,2239.1,2,2349.6,2,998,2,20,7.6369,2,25,39.46,2,30.97,2,,9,,9,,9,-148.1,2,2.8,0.66,2,1.6496,1.8134,2
33RO20100308, A13.5,15,1,6,11029,2,20100318,2010-03-18 1:04,104,-47,0.97,3967,2650.8,2650.8,1.4818,34.7477,2,34.7518,2,206.9,2,205.8,2,96.47,2,30.2,2,0,2,2.08,2,0.162,2,0.079,2,0,2,0.283,3,2247.9,2,2354.4,2,1023.5,2,20,7.6242,2,25,39.42,2,32.07,2,,9,,9,,9,-154.1,2,2.4,0.6,2,1.2974,1.4813,2
33RO20100308, A13.5,15,1,5,11704,2,20100318,2010-03-18 1:04,104,-47,0.97,3967,2950.6,2950.6,1.2591,34.7352,2,34.7361,2,208.8,2,207.7,2,103.19,2,30.73,2,0,2,2.12,2,0.195,2,0.094,2,0,2,0.333,3,2251.1,2,2358.1,2,1033.3,2,20,7.6203,2,25,38.74,2,32.38,2,,9,,9,,9,-158.1,2,3.6,0.63,2,1.0519,1.2583,2
33RO20100308, A13.5,15,1,4,11030,2,20100318,2010-03-18 1:04,104,-47,0.97,3967,3249.2,3249.2,0.978,34.7128,2,34.714,2,210.1,2,208.2,6,112.25,2,31.59,2,0,2,2.19,2,0.29,2,0.139,2,0,2,0.483,3,2256.2,2,2357.5,2,1059.5,2,20,7.6091,2,25,39.28,2,32.41,2,,9,,9,,9,-160.5,2,2.6,0.54,2,0.7492,0.9776,2
33RO20100308, A13.5,15,1,3,11703,2,20100318,2010-03-18 1:04,104,-47,0.97,3967,3550.4,3550.4,0.7761,34.7008,2,34.7009,2,211.6,2,211.1,2,118.99,6,32.01,6,0,6,2.22,6,0.338,2,0.163,2,0.06,2,0.537,3,2257.8,2,2361.5,2,1076.4,2,20,7.6054,2,25,38.79,2,32.98,2,,9,,9,,9,-155.7,2,2.3,0.55,2,0.5232,0.7763,2
33RO20100308, A13.5,15,1,2,11702,2,20100318,2010-03-18 1:04,104,-47,0.97,3967,3849.9,3849.9,0.6938,34.6945,2,34.6944,2,212.9,2,212.9,2,122.73,6,32.24,6,0,6,2.24,6,0.353,2,0.168,2,0.067,2,0.56,3,2259.1,2,2359.2,2,1080.6,2,20,7.6017,2,25,39.28,2,33.83,2,,9,,9,,9,-157.4,2,2.4,0.54,2,0.4131,0.6927,2
33RO20100308, A13.5,15,1,1,11701,2,20100318,2010-03-18 1:04,104,-47,0.97,3967,4021.6,4021.6,0.652,34.6908,2,34.6909,2,213.4,2,212.3,2,125.47,6,32.39,6,0.01,6,2.24,6,0.378,2,0.181,2,0.083,2,0.579,3,2261.9,6,2358,6,1083.7,6,20,7.6015,2,25,38.74,2,34.22,2,,9,,9,,9,-155.9,2,2.4,0.49,2,0.3548,0.6509,2
33RO20100308, A13.5,16,1,24,11714,2,20100318,2010-03-18 6:56,656,-46.4998,1.0397,3980,4.7,4.7,7.207,33.787,2,33.7888,2,297.7,2,298.7,2,2.97,2,18.74,2,0.24,2,1.33,2,4.153,2,2.39,2,2.095,2,5.055,3,2097.7,6,2262.2,6,631.9,2,20,7.8034,2,25,,9,,9,,9,,9,,9,,9,,,9,7.2066,7.2045,2
33RO20100308, A13.5,16,1,23,11713,2,20100318,2010-03-18 6:56,656,-46.4998,1.0397,3980,49.7,49.7,7.1972,33.7873,2,33.7888,2,298.8,2,298.8,2,3.12,2,18.72,2,0.24,2,1.33,2,4.147,2,2.381,2,2.036,2,5.077,3,2098.8,2,2263,2,629.1,6,20,7.8033,2,25,,9,,9,,9,,9,,9,,9,,,9,7.1926,7.1989,2
33RO20100308, A13.5,16,1,22,11712,2,20100318,2010-03-18 6:56,656,-46.4998,1.0397,3980,100,100,6.1546,33.8141,2,33.8163,2,297.6,2,298,2,3.51,2,19.48,2,0.27,2,1.43,2,4.338,6,2.484,6,2.198,6,5.386,3,2112.3,2,2268.9,2,666.6,2,20,7.7807,2,25,,9,,9,,9,,9,,9,,9,,,9,6.1461,6.1547,2
33RO20100308, A13.5,16,1,21,11010,2,20100318,2010-03-18 6:56,656,-46.4998,1.0397,3980,150.1,150.1,3.6936,34.0012,2,34.0028,2,294.2,2,293,2,12.4,2,25.61,2,0.02,2,1.76,2,4.471,2,2.511,2,1.957,2,5.101,3,2148.1,2,2273.8,2,836.4,2,20,7.6977,2,25,,9,,9,,9,,9,,9,,9,,,9,3.6837,3.6909,2
33RO20100308, A13.5,16,1,20,11715,2,20100318,2010-03-18 6:56,656,-46.4998,1.0397,3980,249,249,3.3219,34.1145,2,34.1158,2,264.6,2,265.1,6,20.27,2,28.67,2,0.01,2,1.97,2,4.098,2,2.241,2,1.585,2,4.499,3,2168.5,2,2281.3,2,924.5,2,20,7.6535,2,25,,9,,9,,9,,9,,9,,9,,,9,3.306,3.3194,2
33RO20100308, A13.5,16,1,19,11007,2,20100318,2010-03-18 6:56,656,-46.4998,1.0397,3980,350.4,350.4,2.8556,34.1676,2,34.1704,2,247.5,2,246.4,2,29.61,2,30.73,2,0.01,2,2.11,2,3.572,2,1.888,2,1.209,2,3.975,3,2187.1,2,2287.2,2,1000.2,2,20,7.6234,2,25,,9,,9,,9,,9,,9,,9,,,9,2.8342,2.8552,2
33RO20100308, A13.5,16,1,18,11710,2,20100318,2010-03-18 6:56,656,-46.4998,1.0397,3980,449.5,449.5,2.7152,34.2276,2,34.226,2,230.1,2,229.6,2,37.3,2,31.99,2,0.01,2,2.19,2,3.032,2,1.565,2,0.971,2,3.43,3,2201.9,2,2293,2,1055.6,2,20,7.6039,2,25,,9,,9,,9,,9,,9,,9,,,9,2.6879,2.7197,2
33RO20100308, A13.5,16,1,17,11025,2,20100318,2010-03-18 6:56,656,-46.4998,1.0397,3980,550,550,2.5971,34.2982,2,34.3022,2,211.6,2,210.7,2,46.78,2,33.28,2,0,2,2.29,2,2.423,2,1.224,2,0.673,2,2.812,3,2217.6,2,2305.3,2,1130.5,2,20,7.5789,2,25,,9,,9,,9,,9,,9,,9,,,9,2.5637,2.5954,2
33RO20100308, A13.5,16,1,16,11709,2,20100318,2010-03-18 6:56,656,-46.4998,1.0397,3980,700,700,2.5865,34.4101,2,34.4108,2,188.3,2,187.4,2,58.66,2,34.22,2,0,2,2.36,2,1.495,2,0.732,2,0.414,2,1.88,3,2235.8,2,2314.7,2,1190.8,2,20,7.5602,2,25,,9,,9,,9,,9,,9,,9,,,9,2.543,2.5859,2
33RO20100308, A13.5,16,1,15,11006,2,20100318,2010-03-18 6:56,656,-46.4998,1.0397,3980,850.5,850.5,2.5822,34.5142,2,34.516,2,176.7,2,176.4,2,66.41,2,33.99,2,0,2,2.35,2,0.794,2,0.389,2,0.175,2,1.122,3,2244.7,6,2327,6,1191.5,2,20,7.5596,2,25,,9,,9,,9,,9,,9,,9,,,9,2.5282,2.5817,2
33RO20100308, A13.5,16,1,14,11708,2,20100318,2010-03-18 6:56,656,-46.4998,1.0397,3980,999,999,2.5214,34.5825,2,34.5849,2,174.6,2,174,2,70.71,2,33.46,2,0,2,2.3,2,0.538,2,0.262,2,0.109,2,0.85,3,2248.4,2,2334.1,2,1182.4,2,20,7.564,2,25,,9,,9,,9,,9,,9,,9,,,9,2.4572,2.521,2
33RO20100308, A13.5,16,1,13,11031,2,20100318,2010-03-18 6:56,656,-46.4998,1.0397,3980,1149.1,1149.1,2.4933,34.6583,2,34.6588,2,178.3,4,188.6,4,72.83,2,32.32,2,0,2,2.22,2,0.336,2,0.162,2,0.102,2,0.579,3,2248.8,2,2337.6,2,1136.2,2,20,7.581,2,25,,9,,9,,9,,9,,9,,9,,,9,2.4182,2.4935,2
33RO20100308, A13.5,16,1,12,11027,2,20100318,2010-03-18 6:56,656,-46.4998,1.0397,3980,1299.6,1299.6,2.4061,34.696,2,34.697,2,181.4,2,181.1,2,75.1,2,31.53,2,0,2,2.17,2,0.273,2,0.134,2,0.106,2,0.476,3,2248,2,2339.3,2,1110,2,20,7.5906,2,25,,9,,9,,9,,9,,9,,9,,,9,2.3204,2.4055,2
33RO20100308, A13.5,16,1,11,11707,2,20100318,2010-03-18 6:56,656,-46.4998,1.0397,3980,1450.1,1450.1,2.411,34.7355,2,34.7354,2,189.2,2,188.5,2,73.28,2,30.38,2,0,2,2.09,2,0.192,2,0.093,2,0.058,2,0.373,3,2242.7,2,2344,2,1051.9,2,20,7.6094,2,25,,9,,9,,9,,9,,9,,9,,,9,2.3135,2.4102,2
33RO20100308, A13.5,16,1,10,11003,2,20100318,2010-03-18 6:56,656,-46.4998,1.0397,3980,1601.9,1601.9,2.2991,34.7548,2,34.7554,2,192.9,2,194.3,2,75.43,2,29.83,2,0,2,2.04,2,0.168,2,0.08,2,0.038,2,0.331,3,2241.4,2,2343.3,2,1029,2,20,7.6186,2,25,,9,,9,,9,,9,,9,,9,,,9,2.1908,2.2988,2
33RO20100308, A13.5,16,1,9,11706,2,20100318,2010-03-18 6:56,656,-46.4998,1.0397,3980,1749.7,1749.7,2.2198,34.7707,2,34.7707,2,198.7,2,199.5,2,75.32,2,29.21,2,0,2,2.01,2,0.139,2,0.067,2,0,2,0.287,3,2237.9,2,2343.1,2,1005.6,2,20,7.6304,2,25,,9,,9,,9,,9,,9,,9,,,9,2.1005,2.2194,2
33RO20100308, A13.5,16,1,8,11033,2,20100318,2010-03-18 6:56,656,-46.4998,1.0397,3980,1900.3,1900.3,2.1001,34.7752,2,34.7759,2,202.4,2,202.3,2,77.52,2,28.93,2,0,2,1.98,2,0.128,2,0.064,2,0.066,2,0.263,3,2237.7,2,2345.3,2,992.3,2,20,7.6341,2,25,,9,,9,,9,,9,,9,,9,,,9,1.97,2.0999,2
33RO20100308, A13.5,16,1,7,11705,2,20100318,2010-03-18 6:56,656,-46.4998,1.0397,3980,2200.1,2200.1,1.8609,34.77,2,34.772,2,205.3,2,205,2,83.94,2,29.28,2,0,2,2,2,0.13,2,0.065,2,0.069,3,0.253,3,2240.8,2,2349.3,2,999.1,2,20,7.6338,2,25,,9,,9,,9,,9,,9,,9,,,9,1.7092,1.8611,2
33RO20100308, A13.5,16,1,6,11029,2,20100318,2010-03-18 6:56,656,-46.4998,1.0397,3980,2500.5,2500.5,1.5603,34.754,2,34.7547,2,205.6,2,205.8,6,93.41,6,29.91,6,0,6,2.05,6,0.149,2,0.073,2,0.052,2,0.269,3,2247.1,2,2351.3,2,1012.4,2,20,7.628,2,25,,9,,9,,9,,9,,9,,9,,,9,1.3877,1.5602,2
33RO20100308, A13.5,16,1,5,11704,2,20100318,2010-03-18 6:56,656,-46.4998,1.0397,3980,2798.8,2798.8,1.3398,34.7406,2,34.7406,2,206.9,2,207.8,2,100.44,6,30.54,6,0,6,2.1,6,0.18,2,0.085,2,0,2,0.307,3,2251.2,2,2355.9,2,1031.5,2,20,7.6241,2,25,,9,,9,,9,,9,,9,,9,,,9,1.1448,1.3394,2
33RO20100308, A13.5,16,1,4,11030,9,20100318,2010-03-18 6:56,656,-46.4998,1.0397,3980,3099.8,3099.8,1.1337,34.7277,2,,9,208,2,,9,-9,9,-9,9,-9,9,-9,9,,9,,9,,9,,9,,9,,9,,9,,,9,,,9,,9,,9,,9,,9,,9,,,9,0.9154,1.1332,2
33RO20100308, A13.5,16,1,3,11703,2,20100318,2010-03-18 6:56,656,-46.4998,1.0397,3980,3400.2,3400.2,0.9401,34.7161,2,34.7166,2,210.7,2,211.2,2,113.16,6,31.48,6,0.01,6,2.17,6,0.248,6,0.118,6,0.038,2,0.41,3,2257.5,2,2359.1,2,1048.6,6,20,7.6161,2,25,,9,,9,,9,,9,,9,,9,,,9,0.6976,0.9393,2
33RO20100308, A13.5,16,1,2,11702,9,20100318,2010-03-18 6:56,656,-46.4998,1.0397,3980,3699.5,3699.5,0.7847,34.7022,2,,9,211.6,2,,9,-9,9,-9,9,-9,9,-9,9,,9,,9,,9,,9,,9,,9,,9,,,9,,,9,,9,,9,,9,,9,,9,,,9,0.5167,0.7839,2
33RO20100308, A13.5,16,1,1,11701,2,20100318,2010-03-18 6:56,656,-46.4998,1.0397,3980,4028.2,4028.2,0.6887,34.6933,2,34.696,2,213.3,2,210.8,2,125.85,2,32.33,6,0.01,6,2.23,6,0.353,2,0.167,2,0.087,3,0.557,3,2264.7,6,2362.5,6,1083.9,2,20,7.6038,2,25,,9,,9,,9,,9,,9,,9,,,9,0.3897,0.6877,2
33RO20100308, A13.5,17,1,24,11714,2,20100318,2010-03-18 12:45,1245,-46,1.1085,4381,6,6,7.6247,33.8698,2,33.8701,2,296.8,2,297.1,6,2.03,2,18.33,2,0.27,2,1.34,2,4.062,2,2.339,2,2.088,2,4.948,3,2100.5,6,2266.9,6,617.9,2,20,7.8078,2,25,47.59,2,23.28,2,,1,,1,,9,-26.8,2,2.7,1.85,2,7.6241,7.6292,2
33RO20100308, A13.5,17,1,23,11713,2,20100318,2010-03-18 12:45,1245,-46,1.1085,4381,50.4,50.4,7.4422,33.8893,2,33.8894,2,296.3,2,294.1,2,1.83,2,18.21,2,0.25,2,1.35,2,4.051,2,2.348,2,2.018,2,4.956,3,2102.7,2,2265.7,2,637.5,3,20,7.8062,2,25,46.97,2,22.98,2,,1,,1,,9,-21,2,3.6,1.82,2,7.4374,7.4417,2
33RO20100308, A13.5,17,1,22,11712,2,20100318,2010-03-18 12:45,1245,-46,1.1085,4381,74.5,74.5,7.4094,33.8969,2,33.8979,2,294.7,2,292.2,2,1.94,2,18.23,2,0.25,2,1.37,2,4.057,6,2.339,6,2.007,6,4.956,3,2104.6,2,2266.6,2,626.5,6,20,7.8023,2,25,46.97,2,23.36,2,,1,,1,,9,-25.8,2,2.7,1.76,2,7.4024,7.4072,2
33RO20100308, A13.5,17,1,21,11010,2,20100318,2010-03-18 12:45,1245,-46,1.1085,4381,124.3,124.3,5.0146,34.087,2,34.0836,2,284.8,2,283.9,2,9.08,2,23.97,2,0.03,2,1.68,2,4.47,2,2.536,2,2.034,2,5.09,3,2140.5,2,2271.8,2,791,2,20,7.7129,2,25,45.88,2,25.14,2,,1,,1,,9,-22.4,2,3.4,1.29,2,5.0051,5.0113,2
33RO20100308, A13.5,17,1,20,11715,2,20100318,2010-03-18 12:45,1245,-46,1.1085,4381,174.6,174.6,4.3183,34.1122,2,34.1124,2,279.4,2,278.2,2,11.86,2,25.61,2,0.01,2,1.78,2,4.423,2,2.469,2,1.901,2,4.846,3,2152.4,2,2275.1,2,838.5,2,20,7.6924,2,25,43.93,2,28.12,2,,1,,1,,9,-18.2,2,2.6,1.23,2,4.3059,4.3164,2
33RO20100308, A13.5,17,1,19,11007,2,20100318,2010-03-18 12:45,1245,-46,1.1085,4381,250.3,250.3,3.9401,34.1348,2,34.1346,2,265.3,2,264.1,2,16.23,2,27.55,2,0.01,2,1.9,2,4.129,2,2.275,2,1.572,2,4.422,3,2162.7,2,2277.8,2,889.4,2,20,7.6678,2,25,41.76,2,30.22,2,,1,,1,,9,-35,2,2.6,1.15,2,3.9229,3.9394,2
33RO20100308, A13.5,17,1,18,11710,2,20100318,2010-03-18 12:45,1245,-46,1.1085,4381,351.1,351.1,3.3931,34.1629,2,34.1626,2,249,2,250,2,23.96,2,29.58,2,0.01,2,2.04,2,3.684,2,1.963,2,1.159,2,3.976,3,2178.6,2,2284.7,2,965.7,2,20,7.64,2,25,41.48,2,32.28,2,,1,,1,,9,-49.4,2,3.2,1.02,2,3.3702,3.3929,2
33RO20100308, A13.5,17,1,17,11025,2,20100318,2010-03-18 12:45,1245,-46,1.1085,4381,500.3,500.3,3.0228,34.2222,2,34.2222,2,230.8,2,231,2,33.71,2,31.49,2,0,2,2.18,2,3.056,2,1.579,2,0.908,2,3.342,3,2196.3,2,2292.7,2,1033.1,2,20,7.6109,2,25,40.14,2,33.6,2,,1,,1,,9,-77,2,2.6,0.95,2,2.991,3.0224,2
33RO20100308, A13.5,17,1,16,11709,2,20100318,2010-03-18 12:45,1245,-46,1.1085,4381,649.7,649.7,2.7786,34.3181,2,34.3184,2,209.1,2,207.2,2,46.63,2,33.14,2,0,2,2.29,2,2.185,2,1.087,2,0.534,2,2.479,3,2217.7,2,2301.9,2,1119.8,2,20,7.5809,2,25,40.57,2,34.54,2,,1,,1,,9,-100,2,2.6,0.79,2,2.7376,2.7777,2
33RO20100308, A13.5,17,1,15,11006,2,20100318,2010-03-18 12:45,1245,-46,1.1085,4381,800.1,800.1,2.6672,34.4208,2,34.4202,2,187.8,2,186.7,2,58.32,2,34.06,2,0,2,2.37,2,1.357,2,0.667,2,0.306,2,1.631,3,2235.6,2,2316.9,2,1177.5,2,20,7.5625,2,25,40,2,35.32,2,,1,,1,,9,-126.7,2,2.4,0.68,2,2.6163,2.6666,2
33RO20100308, A13.5,17,1,14,11708,2,20100318,2010-03-18 12:45,1245,-46,1.1085,4381,1000.6,1000.6,2.6092,34.5419,2,,9,176.7,2,175.9,2,66.95,2,33.77,2,0,2,2.34,2,0.655,2,0.323,2,0.124,2,0.91,3,2246.4,2,2329.2,2,1174.5,2,20,7.5624,2,25,37.92,2,35.42,2,,1,,1,,9,-133.7,2,2.7,0.69,2,2.5442,2.6084,2
33RO20100308, A13.5,17,1,13,11031,2,20100318,2010-03-18 12:45,1245,-46,1.1085,4381,1199.2,1199.2,2.5214,34.6274,2,34.6275,2,176.4,2,176,2,72.13,2,32.85,2,0,2,2.29,2,0.401,2,0.2,2,0.063,2,0.605,3,2248.9,6,2335.5,6,1150.2,2,20,7.5726,2,25,37.72,2,35.22,2,,1,,1,,9,-135.5,2,3.4,0.48,2,2.4423,2.5197,2
33RO20100308, A13.5,17,1,12,11027,2,20100318,2010-03-18 12:45,1245,-46,1.1085,4381,1399.8,1399.8,2.4818,34.7035,2,34.7036,2,183.2,2,183.3,2,72.8,2,31.2,2,0,2,2.16,2,0.242,2,0.119,2,0.062,2,0.407,3,2244.9,2,2339.7,2,1087.5,2,20,7.5952,2,25,39.44,2,33.06,2,,1,,1,,9,-146.6,2,2.3,0.58,2,2.3875,2.4815,2
33RO20100308, A13.5,17,1,11,11707,2,20100318,2010-03-18 12:45,1245,-46,1.1085,4381,1599.5,1599.5,2.4332,34.7468,2,34.7464,2,192.1,2,191.7,2,71.95,2,29.88,2,0,2,2.07,2,0.168,2,0.083,2,0,2,0.311,3,2240.5,2,2341.6,2,1033.9,2,20,7.6154,2,25,39.11,2,31.52,2,,1,,1,,9,-143.4,2,2.5,0.63,2,2.3235,2.4326,2
33RO20100308, A13.5,17,1,10,11003,2,20100318,2010-03-18 12:45,1245,-46,1.1085,4381,1799.4,1799.4,2.3205,34.7664,2,34.7679,2,196.6,2,196.8,2,73.39,2,29.22,2,0,2,2.02,2,0.148,2,0.073,2,0.032,2,0.279,3,2238.1,2,2343.4,2,1019.6,2,20,7.6262,2,25,38.2,2,31.29,2,,1,,1,,9,-142.5,2,2.3,0.67,2,2.1957,2.3201,2
33RO20100308, A13.5,17,1,9,11706,2,20100318,2010-03-18 12:45,1245,-46,1.1085,4381,2099.7,2099.7,2.0437,34.7756,2,34.7743,2,203.3,2,203.2,2,79.13,2,28.93,2,0,2,1.99,2,0.123,2,0.06,2,0.032,2,0.224,3,2238.1,2,2345.2,2,999.6,2,20,7.6343,2,25,37.93,2,30.52,2,,9,,9,,9,-143.4,2,2.7,0.63,2,1.8976,2.0424,2
33RO20100308, A13.5,17,1,8,11033,2,20100318,2010-03-18 12:45,1245,-46,1.1085,4381,2299.1,2299.1,1.8732,34.772,2,34.7714,2,204.7,2,205.3,2,83.52,2,29.11,2,0,2,2.01,2,0.13,2,0.063,2,0.024,2,0.231,3,2240.2,2,2349.5,2,993.9,2,20,7.6334,2,25,37.85,2,30.42,2,,1,,1,,9,-145.6,2,2.6,0.62,2,1.7126,1.8728,2
33RO20100308, A13.5,17,1,7,11705,2,20100318,2010-03-18 12:45,1245,-46,1.1085,4381,2600.5,2600.5,1.5378,34.748,2,34.7475,2,203.7,2,203.8,2,95.47,2,30.27,2,0,2,2.1,2,0.165,2,0.081,2,0.025,2,0.263,3,2248.2,2,2354.3,2,1020.7,6,20,7.6227,2,25,38.14,2,31.44,2,,9,,9,,9,-155.9,2,2.3,0.58,2,1.3568,1.5377,2
33RO20100308, A13.5,17,1,6,11029,2,20100318,2010-03-18 12:45,1245,-46,1.1085,4381,2900.2,2900.2,1.3089,34.7355,2,34.7343,2,205.2,2,206.2,2,102.3,2,30.76,2,0,2,2.13,2,0.196,2,0.095,2,0,2,0.3,3,2250.9,2,2355.5,2,1033.6,2,20,7.6184,2,25,39.08,2,32.65,2,,1,,1,,9,-157,2,2.4,0.56,2,1.1053,1.3084,2
33RO20100308, A13.5,17,1,5,11704,2,20100318,2010-03-18 12:45,1245,-46,1.1085,4381,3200.8,3200.8,1.1307,34.7246,2,34.7248,2,207.5,2,207.4,2,107.46,6,31.08,6,0,6,2.15,6,0.233,2,0.113,2,0.03,2,0.355,3,2253.7,2,2356.3,2,1043.8,2,20,7.6147,2,25,38.39,2,33.05,2,,9,,9,,9,-155.6,2,2.4,0.54,2,0.9028,1.1304,2
33RO20100308, A13.5,17,1,4,11030,2,20100318,2010-03-18 12:45,1245,-46,1.1085,4381,3500.7,3500.7,0.8715,34.7068,2,34.7054,2,209.8,2,209.5,2,115.92,6,31.77,6,0,6,2.21,6,0.308,2,0.148,2,0.071,3,0.447,3,2258,2,2358.5,2,1063.1,2,20,7.6067,2,25,38.16,2,33.32,2,,1,,1,,9,-160.7,2,2.3,0.51,2,0.621,0.8707,2
33RO20100308, A13.5,17,1,3,11703,2,20100318,2010-03-18 12:45,1245,-46,1.1085,4381,3799.4,3799.4,0.7653,34.6994,2,34.6997,2,211.8,2,211,2,120.71,6,32.06,6,0,6,2.23,6,0.33,2,0.159,2,0.065,3,0.474,3,2259.6,2,2359.3,2,1079.3,2,20,7.6049,2,25,38.23,2,33.34,2,,9,,9,,9,-158.4,2,2.6,0.47,2,0.4877,0.7645,2
33RO20100308, A13.5,17,1,2,11702,4,20100318,2010-03-18 12:45,1245,-46,1.1085,4381,4099.8,4099.8,0.7292,34.6958,4,33.9281,4,212.4,4,287.9,4,3.4,4,19.55,4,0.31,4,1.47,4,4.307,4,2.457,4,2.142,4,5.038,4,2112.8,4,2269.7,4,,9,,7.7651,4,25,47.55,4,23.95,4,,1,,1,,9,,9,,,9,0.4215,0.7286,2
33RO20100308, A13.5,17,1,1,11701,2,20100318,2010-03-18 12:45,1245,-46,1.1085,4381,4445.5,4445.5,0.7252,34.6926,2,34.693,2,213.9,2,211.3,6,125.45,6,32.32,6,0,6,2.25,6,0.352,2,0.171,2,0.046,2,0.501,3,2262.9,6,2361,6,1085.4,2,20,7.6029,2,25,38.8,2,33.68,2,,1,,1,,9,-164.5,2,3.1,0.49,2,0.3803,0.7242,2
33RO20100308, A13.5,18,1,24,11714,2,20100318,2010-03-18 18:40,1840,-45.5003,1.1777,4162,5.7,5.7,9.5204,34.0354,2,34.0353,2,285.9,2,287,2,1.18,2,13.97,2,0.23,2,1.07,2,3.589,2,2.118,2,1.92,2,4.016,3,2082,6,2270.5,6,557,2,20,7.849,2,25,,9,,9,,9,,9,,9,,9,,,9,9.5198,9.5204,2
33RO20100308, A13.5,18,1,23,11713,2,20100318,2010-03-18 18:40,1840,-45.5003,1.1777,4162,29.1,29.1,9.4925,34.042,2,34.042,2,286,2,286.5,2,1.21,2,13.93,2,0.23,2,1.08,2,3.66,2,2.127,2,1.892,2,4.258,3,2082.8,2,2270.5,2,557.1,2,20,7.8477,2,25,,9,,9,,9,,9,,9,,9,,,9,9.4893,9.4914,2
33RO20100308, A13.5,18,1,22,11712,2,20100318,2010-03-18 18:40,1840,-45.5003,1.1777,4162,59.8,59.8,9.3604,34.0498,2,34.0491,2,282.7,2,282.3,2,1.36,2,14.07,2,0.24,2,1.11,2,,9,,9,,9,,9,2085.9,2,2270.8,2,568.2,6,20,7.8409,2,25,,9,,9,,9,,9,,9,,9,,,9,9.3539,9.3624,2
33RO20100308, A13.5,18,1,21,11010,2,20100318,2010-03-18 18:40,1840,-45.5003,1.1777,4162,99.9,99.9,7.8321,34.2758,2,34.2777,2,270.9,2,270.8,2,4.21,2,17.87,2,0.34,2,1.32,2,3.889,2,2.263,2,1.97,2,4.028,3,2120,2,2279.3,2,680.7,2,20,7.7761,2,25,,9,,9,,9,,9,,9,,9,,,9,7.8223,7.8313,2
33RO20100308, A13.5,18,1,20,11715,2,20100318,2010-03-18 18:40,1840,-45.5003,1.1777,4162,150.6,150.6,5.9007,34.2197,2,34.2194,2,271.7,2,274.2,2,7.28,2,22.1,2,0.03,2,1.56,2,,9,,9,,9,,9,2137.9,2,2276.8,2,763.1,2,20,7.7277,2,25,,9,,9,,9,,9,,9,,9,,,9,5.8881,5.9001,2
33RO20100308, A13.5,18,1,19,11007,2,20100318,2010-03-18 18:40,1840,-45.5003,1.1777,4162,201.3,201.3,5.1576,34.1801,2,34.1795,2,273.5,2,270.8,2,9.27,2,24.13,2,0.02,2,1.68,2,4.228,2,2.381,2,1.784,2,4.259,3,2145.6,2,2276,2,,9,,7.7057,2,25,,9,,9,,9,,9,,9,,9,,,9,5.1419,5.1564,2
33RO20100308, A13.5,18,1,18,11710,2,20100318,2010-03-18 18:40,1840,-45.5003,1.1777,4162,250,250,4.699,34.1589,2,34.1589,2,266.4,2,266.1,2,11.34,2,25.65,2,0.01,2,1.78,2,,9,,9,,9,,9,2152.9,2,2275.6,2,861.8,2,20,7.6876,2,25,,9,,9,,9,,9,,9,,9,,,9,4.6803,4.6981,2
33RO20100308, A13.5,18,1,17,11025,2,20100318,2010-03-18 18:40,1840,-45.5003,1.1777,4162,398.5,398.5,3.8822,34.1653,2,34.1646,2,253.2,2,254.2,2,19.09,2,28.34,2,0.01,2,1.96,2,3.748,2,2.03,2,1.342,2,3.753,3,2170.1,2,2280.8,2,,9,,7.6563,2,25,,9,,9,,9,,9,,9,,9,,,9,3.8545,3.8716,2
33RO20100308, A13.5,18,1,16,11709,2,20100318,2010-03-18 18:40,1840,-45.5003,1.1777,4162,550.7,550.7,3.2804,34.2048,2,34.2051,2,235.7,2,237,2,29.2,2,30.6,2,0.01,2,2.12,2,,9,,9,,9,,9,2189.1,2,2288.2,2,1005,2,20,7.6234,2,25,,9,,9,,9,,9,,9,,9,,,9,3.244,3.2798,2
33RO20100308, A13.5,18,1,15,11006,2,20100318,2010-03-18 18:40,1840,-45.5003,1.1777,4162,700.6,700.6,2.9985,34.2836,2,34.2831,2,216,2,215.2,2,40.43,2,32.26,2,0.01,2,2.24,2,2.43,2,1.217,2,0.634,2,2.682,3,2207.7,2,2302.1,2,,9,,7.5949,2,25,,9,,9,,9,,9,,9,,9,,,9,2.9529,2.9978,2
33RO20100308, A13.5,18,1,14,11708,2,20100318,2010-03-18 18:40,1840,-45.5003,1.1777,4162,900.6,900.6,2.7777,34.3943,2,34.3919,2,192.7,2,192,2,54.53,6,33.73,6,0.01,6,2.34,6,,9,,9,,9,,9,2230.6,2,2315.3,2,1153.5,2,20,7.5687,2,25,,9,,9,,9,,9,,9,,9,,,9,2.719,2.7772,2
33RO20100308, A13.5,18,1,13,11031,2,20100318,2010-03-18 18:40,1840,-45.5003,1.1777,4162,1100.4,1100.4,2.6688,34.5222,2,34.5211,2,177.7,2,177.7,6,65.07,6,33.75,6,0.01,6,2.34,6,0.708,2,0.351,2,0.135,2,0.925,3,2244.5,2,2329.1,2,,9,,7.5641,2,25,,9,,9,,9,,9,,9,,9,,,9,2.596,2.6684,2
33RO20100308, A13.5,18,1,12,11027,2,20100318,2010-03-18 18:40,1840,-45.5003,1.1777,4162,1299.7,1299.7,2.6947,34.6317,2,34.6292,2,179.2,2,180.1,2,66.26,2,32.01,2,0,2,2.23,2,,9,,9,,9,,9,2243.2,2,2333.9,2,1118.9,2,20,7.5849,2,25,,9,,9,,9,,9,,9,,9,,,9,2.6062,2.6942,2
33RO20100308, A13.5,18,1,11,11707,2,20100318,2010-03-18 18:40,1840,-45.5003,1.1777,4162,1500.4,1500.4,2.588,34.6957,2,34.6953,2,181.9,2,182.9,2,70.04,2,31.03,2,0,2,2.16,2,0.248,2,0.121,2,0,2,0.432,3,2243,2,2338.9,2,1079.7,2,20,7.5955,2,25,,9,,9,,9,,9,,9,,9,,,9,2.4846,2.5873,2
33RO20100308, A13.5,18,1,10,11003,2,20100318,2010-03-18 18:40,1840,-45.5003,1.1777,4162,1700.1,1700.1,2.5547,34.7351,2,34.7341,2,189.6,2,189.8,2,69.53,2,29.93,2,0,2,2.08,2,,9,,9,,9,,9,,9,2339,2,,9,,7.611,2,25,,9,,9,,9,,9,,9,,9,,,9,2.4352,2.5544,2
33RO20100308, A13.5,18,1,9,11706,2,20100318,2010-03-18 18:40,1840,-45.5003,1.1777,4162,1900.8,1900.8,2.4737,34.7767,2,34.7768,2,200.5,2,201.1,2,67.18,2,28.28,2,0,2,1.96,2,0.114,2,0.055,2,0,2,0.247,3,2231.2,2,2343.2,2,980.4,2,20,7.6354,2,25,,9,,9,,9,,9,,9,,9,,,9,2.3382,2.4732,2
33RO20100308, A13.5,18,1,8,11033,2,20100318,2010-03-18 18:40,1840,-45.5003,1.1777,4162,2200.4,2200.4,2.3323,34.7963,2,34.794,2,208.7,2,209,2,67.94,2,27.53,2,0,2,1.91,2,,9,,9,,9,,9,,9,2341,2,,9,,7.6512,2,25,,9,,9,,9,,9,,9,,9,,,9,2.1726,2.3317,2
33RO20100308, A13.5,18,1,7,11705,2,20100318,2010-03-18 18:40,1840,-45.5003,1.1777,4162,2501,2501,2.1349,34.796,2,34.7952,2,209.8,2,211.4,2,73.18,2,27.63,2,0,2,1.91,2,0.1,2,0.05,2,0,2,0.21,3,2229.8,2,2345.1,2,953.4,2,20,7.6514,2,25,,9,,9,,9,,9,,9,,9,,,9,1.9514,2.1338,2
33RO20100308, A13.5,18,1,6,11029,2,20100318,2010-03-18 18:40,1840,-45.5003,1.1777,4162,2800.9,2800.9,1.8138,34.7739,2,34.7733,2,207.4,2,209.5,2,84.75,2,28.76,2,0,2,1.99,2,,9,,9,,9,,9,,9,2350.6,2,,9,,7.6393,2,25,,9,,9,,9,,9,,9,,9,,,9,1.6087,1.8129,2
33RO20100308, A13.5,18,1,5,11704,2,20100318,2010-03-18 18:40,1840,-45.5003,1.1777,4162,3100.8,3100.8,1.4911,34.753,2,34.7529,2,209.8,2,209.1,2,95.57,2,29.69,2,0,2,2.06,2,,5,,5,,5,,5,2246.2,2,2356.5,2,1000.1,2,20,7.6303,2,25,,9,,9,,9,,9,,9,,9,,,9,1.2644,1.4905,2
33RO20100308, A13.5,18,1,4,11030,2,20100318,2010-03-18 18:40,1840,-45.5003,1.1777,4162,3399.9,3399.9,1.2788,34.7395,2,34.7391,2,210.3,2,210.4,2,102.53,2,30.23,2,0,2,2.11,2,,9,,9,,9,,9,,9,2357.6,2,,9,,7.6253,2,25,,9,,9,,9,,9,,9,,9,,,9,1.0279,1.2784,2
33RO20100308, A13.5,18,1,3,11703,2,20100318,2010-03-18 18:40,1840,-45.5003,1.1777,4162,3699.5,3699.5,0.9999,34.7178,2,34.716,2,212,2,210.5,2,112.41,6,31.26,6,0.01,6,2.17,6,0.241,6,0.117,6,0.038,6,0.374,3,2256,2,2360,2,1044,2,20,7.616,2,25,,9,,9,,9,,9,,9,,9,,,9,0.7261,0.9991,2
33RO20100308, A13.5,18,1,2,11702,2,20100318,2010-03-18 18:40,1840,-45.5003,1.1777,4162,3999.9,3999.9,0.8764,34.7085,2,34.709,2,212,2,212,6,117.56,6,31.61,6,0,6,2.2,6,,9,,9,,9,,9,,9,2363.6,2,,9,,7.6125,2,25,,9,,9,,9,,9,,9,,9,,,9,0.5749,0.8771,2
33RO20100308, A13.5,18,1,1,11701,2,20100318,2010-03-18 18:40,1840,-45.5003,1.1777,4162,4193.1,4193.1,0.7988,34.7005,2,34.7011,2,213,2,211.8,2,121.59,6,32.01,6,0.01,6,2.23,6,0.307,2,0.148,2,0.044,2,0.461,3,2260.5,6,2361.5,6,1058.3,2,20,7.6075,2,25,,9,,9,,9,,9,,9,,9,,,9,0.4791,0.7979,2
33RO20100308, A13.5,19,1,24,11714,2,20100319,2010-03-19 :42,42,-45,1.247,4578,5,5,10.3722,34.1046,2,34.1047,2,284.2,2,281.9,2,1.54,2,12.32,2,0.21,2,0.95,2,3.408,2,2.06,2,1.793,2,,5,2077.8,6,2277.5,6,532.5,2,20,7.8668,2,25,51.67,2,16.54,2,,9,,9,,9,1.1,2,2.9,2,2,10.3716,10.3713,2
33RO20100308, A13.5,19,1,23,11713,2,20100319,2010-03-19 :42,42,-45,1.247,4578,49.8,49.8,9.9339,34.0927,2,34.0935,2,281.8,2,279.9,2,1.55,2,12.99,2,0.22,2,1.02,2,3.478,2,2.092,2,1.759,2,,5,2082.4,2,2274.2,2,545.2,6,20,7.8575,2,25,51.39,2,16.72,2,,9,,9,,9,-3.2,2,2.9,1.02,3,9.9283,9.9419,2
33RO20100308, A13.5,19,1,22,11712,2,20100319,2010-03-19 :42,42,-45,1.247,4578,101.2,101.2,9.4988,34.5506,2,34.5479,2,260.1,2,259.5,2,2.88,2,14.24,2,0.06,2,1.07,2,3.477,6,2.062,6,1.804,6,,5,2115.1,2,2293.2,2,612.7,2,20,7.8124,2,25,50.54,2,17.15,2,,9,,9,,9,19.3,2,2.8,1.65,2,9.4876,9.5012,2
33RO20100308, A13.5,19,1,21,11010,2,20100319,2010-03-19 :42,42,-45,1.247,4578,151.2,151.2,8.5898,34.5902,2,34.5941,2,257.9,2,256.8,2,4.41,2,16,2,0.02,2,1.16,2,3.447,2,2.013,2,1.696,2,,5,2125.7,2,2291.3,2,659,2,20,7.7868,2,25,48.1,2,18.76,2,,9,,9,,9,18.6,2,3.1,1.26,2,8.574,8.5908,2
33RO20100308, A13.5,19,1,20,11715,2,20100319,2010-03-19 :42,42,-45,1.247,4578,200.4,200.4,7.6792,34.4783,2,34.4737,2,258.8,2,258.7,6,5.42,2,18.41,2,0.02,2,1.31,2,3.665,2,2.135,2,1.698,2,,5,2132,2,2281.9,2,698.8,2,20,7.7615,2,25,44.77,2,20.47,2,,9,,9,,9,14.2,2,2.8,1.27,2,7.6595,7.6777,2
33RO20100308, A13.5,19,1,19,11007,2,20100319,2010-03-19 :42,42,-45,1.247,4578,299.6,299.6,6.0655,34.3003,2,34.2988,2,250,2,249.5,2,8.81,2,23.56,2,0.01,2,1.63,2,3.834,2,2.199,2,1.472,2,,5,2148.3,2,2279.3,2,813.2,2,20,7.7032,2,25,42.96,2,24.92,2,,9,,9,,9,1.5,2,2.8,1.19,2,6.0397,6.0642,2
33RO20100308, A13.5,19,1,18,11710,2,20100319,2010-03-19 :42,42,-45,1.247,4578,399.8,399.8,4.8867,34.196,2,34.1947,2,254.8,2,255.3,2,11.9,2,26.14,2,0.01,2,1.79,2,3.947,2,2.225,2,1.368,2,,5,2154.6,2,2277.1,2,861.7,2,20,7.6803,2,25,41.14,2,27.23,2,,9,,9,,9,-12,2,2.6,1.17,2,4.8557,4.8858,2
33RO20100308, A13.5,19,1,17,11025,4,20100319,2010-03-19 :42,42,-45,1.247,4578,500.5,500.5,4.2787,34.177,4,34.226,4,253.4,4,210.4,4,25.34,4,28.89,4,0,4,1.98,4,0.233,4,0.114,4,0.082,4,,5,2185.3,4,2292.9,3,1041.2,4,20,7.61,2,25,41.25,2,30.89,2,,9,,9,,9,,9,,,9,4.2419,4.278,2
33RO20100308, A13.5,19,1,16,11709,2,20100319,2010-03-19 :42,42,-45,1.247,4578,649.9,649.9,3.7406,34.2013,2,34.2008,2,241.2,2,242.1,2,23.52,6,29.48,6,0,6,2.02,6,3.29,2,1.767,2,0.986,2,,5,2178.6,2,2287.8,2,954.5,2,20,7.6422,2,25,40.61,2,31.61,2,,9,,9,,9,-44.6,2,2.7,1.07,2,3.6948,3.7403,2
33RO20100308, A13.5,19,1,15,11006,2,20100319,2010-03-19 :42,42,-45,1.247,4578,799.7,799.7,3.2079,34.2573,2,34.2563,2,222.3,2,223.3,2,35.1,2,31.55,2,0,2,2.17,2,2.589,2,1.342,2,0.691,2,,5,2199.8,2,2296.4,2,1039.3,2,20,7.61,2,25,40.06,2,32.69,2,,9,,9,,9,-75.1,2,2.6,0.92,2,3.1539,3.2072,2
33RO20100308, A13.5,19,1,14,11708,2,20100319,2010-03-19 :42,42,-45,1.247,4578,999.8,999.8,2.9468,34.3627,2,34.3627,2,199.2,2,198.9,2,48.9,2,33.22,2,0,2,2.3,2,1.602,2,0.8,2,0.346,2,,5,2221.1,2,2310.1,2,1118.7,2,20,7.582,2,25,39.81,2,34.52,2,,9,,9,,9,-103.1,2,2.4,0.73,2,2.8796,2.9461,2
33RO20100308, A13.5,19,1,13,11031,2,20100319,2010-03-19 :42,42,-45,1.247,4578,1199.4,1199.4,2.7873,34.4808,2,34.4808,2,182.8,2,182.7,2,59.82,2,33.61,2,0,2,2.32,2,0.819,2,0.413,2,0.188,2,,5,2236.6,2,2319.6,2,1156.6,2,20,7.5703,2,25,39.45,2,34.88,2,,9,,9,,9,-121.4,2,2.5,0.62,2,2.706,2.7861,2
33RO20100308, A13.5,19,1,12,11027,2,20100319,2010-03-19 :42,42,-45,1.247,4578,1400.2,1400.2,2.7165,34.5805,2,34.5806,2,178,2,177.3,2,65.54,2,32.84,2,0,2,2.28,2,0.455,2,0.23,2,0.096,2,,5,2243.5,2,2332,2,1147.7,2,20,7.5744,2,25,39.27,2,34.78,2,,9,,9,,9,-129.4,2,2.4,0.55,2,2.6199,2.7155,2
33RO20100308, A13.5,19,1,11,11707,2,20100319,2010-03-19 :42,42,-45,1.247,4578,1599.7,1599.7,2.7165,34.6649,2,34.6647,2,181.7,2,181.3,2,66.32,2,31.5,2,0,2,2.17,2,0.263,2,0.132,2,0.03,2,,5,2242.4,2,2335.4,2,1095.6,2,20,7.5938,2,25,39.16,2,33.14,2,,9,,9,,9,-137.1,6,1.7,0.68,2,2.6035,2.7158,2
33RO20100308, A13.5,19,1,10,11003,2,20100319,2010-03-19 :42,42,-45,1.247,4578,1800.1,1800.1,2.6465,34.7307,2,34.7298,2,190.1,2,191.4,2,66.14,2,29.8,2,0,2,2.06,2,0.168,2,0.085,2,0.073,2,,5,2236.9,2,2335.7,2,1038.9,2,20,7.6148,2,25,39.38,2,32.06,2,,9,,9,,9,-134.8,2,2.7,0.65,2,2.5173,2.6457,2
33RO20100308, A13.5,19,1,9,11706,2,20100319,2010-03-19 :42,42,-45,1.247,4578,2099,2099,2.5468,34.7711,2,34.7701,2,199.6,2,200.1,2,66.02,2,28.6,2,0,2,1.96,2,0.121,2,0.058,2,0,2,,5,2232.5,2,2339.4,2,997,2,20,7.6342,2,25,39.43,2,30.7,2,,9,,9,,9,,9,,,9,2.3928,2.5465,2
33RO20100308, A13.5,19,1,8,11033,2,20100319,2010-03-19 :42,42,-45,1.247,4578,2400.5,2400.5,2.3209,34.7908,2,34.7901,2,206.7,2,206.1,2,70.35,2,28.02,2,0.01,2,1.92,2,0.094,2,0.048,2,0,2,,5,2231.2,2,2341.3,2,974.3,2,20,7.6439,2,25,38.9,2,29.51,2,,9,,9,,9,-143.2,2,2.7,0.72,2,2.1433,2.3203,2
33RO20100308, A13.5,19,1,7,11705,2,20100319,2010-03-19 :42,42,-45,1.247,4578,2700.4,2700.4,2.0915,34.7899,2,34.7889,2,209.7,2,210.7,2,75.97,2,28.14,2,0,2,1.93,2,0.089,2,0.044,2,0,2,,5,2233.5,2,2347.4,2,958.6,2,20,7.6471,2,25,39.23,2,29.9,2,,9,,9,,9,-147.2,2,2.4,0.69,2,1.8902,2.0907,2
33RO20100308, A13.5,19,1,6,11029,2,20100319,2010-03-19 :42,42,-45,1.247,4578,3000.4,3000.4,1.8829,34.79,2,34.7893,2,214.5,2,214.9,2,79.76,2,28.01,2,0,2,1.92,2,0.075,2,0.039,2,0,2,,5,2233.7,2,2350.6,2,942.8,2,20,7.6526,2,25,39.05,2,30.45,2,,9,,9,,9,-154.3,2,2.4,0.68,2,1.657,1.8823,2
33RO20100308, A13.5,19,1,5,11704,2,20100319,2010-03-19 :42,42,-45,1.247,4578,3300.5,3300.5,1.5626,34.7685,2,34.768,2,213.7,2,214.1,2,91.01,6,29.12,6,0,6,2,6,0.091,2,0.045,2,0,2,,5,2242.4,2,2355.8,2,967,2,20,7.6444,2,25,39.07,2,31.55,2,,9,,9,,9,-151.8,2,2.5,0.79,3,1.3145,1.563,2
33RO20100308, A13.5,19,1,4,11030,2,20100319,2010-03-19 :42,42,-45,1.247,4578,3599.5,3599.5,1.3126,34.7469,2,34.7456,2,212.7,2,212.4,2,100.87,6,30.13,6,0,6,2.07,6,0.125,2,0.063,2,0,2,,5,2249.1,2,2359.1,2,990.5,2,20,7.6348,2,25,39.13,2,31.79,2,,9,,9,,9,-159.4,2,2.6,0.62,2,1.0406,1.3121,2
33RO20100308, A13.5,19,1,3,11703,2,20100319,2010-03-19 :42,42,-45,1.247,4578,3900.4,3900.4,1.093,34.7278,2,34.7272,2,212.2,2,213,6,109.4,6,30.99,6,0,6,2.13,6,0.175,6,0.087,6,0.032,6,,5,2255.5,2,2362.2,2,1019.6,2,20,7.6249,2,25,39.65,2,32.09,2,,9,,9,,9,-159.9,2,2.9,0.62,2,0.7958,1.0928,2
33RO20100308, A13.5,19,1,2,11702,2,20100319,2010-03-19 :42,42,-45,1.247,4578,4200.4,4200.4,0.9452,34.7165,2,34.7149,2,213.8,2,213.2,2,114.94,2,31.45,2,0.01,2,2.17,2,0.202,2,0.099,2,0.089,2,,5,2259.1,2,2363.7,2,1027.3,6,20,7.6214,2,25,39.96,2,33.04,2,,9,,9,,9,-162.1,2,2.4,0.57,2,0.6203,0.9444,2
33RO20100308, A13.5,19,1,1,11701,2,20100319,2010-03-19 :42,42,-45,1.247,4578,4649.5,4649.5,0.8571,34.7018,2,34.7018,2,212.6,2,212.1,2,120.97,2,32.11,2,0.01,2,2.22,2,0.283,2,0.14,2,0.079,2,,5,2260.7,6,2364.1,6,1059.6,2,20,7.6094,2,25,40.2,2,33.34,2,,9,,9,,9,-158.6,2,2.4,0.51,2,0.4851,0.8564,2
33RO20100308, A13.5,20,1,24,11714,2,20100319,2010-03-19 6:43,643,-44.501,1.3153,4281,4.9,4.9,11.5562,34.4915,2,34.4936,2,270.1,2,271.9,2,0.72,2,7.56,2,0.18,2,0.73,2,3.198,2,1.925,2,1.747,2,0,4,2077.8,6,2288.8,6,506.7,2,20,7.8886,2,25,,9,,9,,9,,9,,9,,9,,,9,11.5556,11.5553,2
33RO20100308, A13.5,20,1,23,11713,2,20100319,2010-03-19 6:43,643,-44.501,1.3153,4281,80,80,11.2686,34.5022,2,34.5034,2,267.6,2,268.2,2,0.85,2,7.72,2,0.2,2,0.76,2,3.296,2,1.945,2,1.827,2,3.84,3,2082.5,2,2292.6,2,514.6,6,20,7.8809,2,25,,9,,9,,9,,9,,9,,9,,,9,11.2587,11.2664,2
33RO20100308, A13.5,20,1,22,11712,2,20100319,2010-03-19 6:43,643,-44.501,1.3153,4281,125.5,125.5,10.5492,34.5227,2,34.5272,2,260.5,2,261.5,2,1.58,2,10.12,2,0.34,2,0.88,2,,9,,9,,9,,9,2096.4,2,2292.2,2,561.1,2,20,7.8474,2,25,,9,,9,,9,,9,,9,,9,,,9,10.5343,10.5509,2
33RO20100308, A13.5,20,1,21,11010,2,20100319,2010-03-19 6:43,643,-44.501,1.3153,4281,176.6,176.6,9.4986,34.6066,2,34.608,2,254.7,2,254.5,2,3.11,2,13.23,2,0.02,2,1.01,2,3.549,2,2.05,2,1.736,2,2.961,3,2115.6,2,2292.6,2,630.7,2,20,7.8058,2,25,,9,,9,,9,,9,,9,,9,,,9,9.4789,9.4984,2
33RO20100308, A13.5,20,1,20,11715,2,20100319,2010-03-19 6:43,643,-44.501,1.3153,4281,250.1,250.1,8.6377,34.5703,2,34.5632,2,254.7,2,248.8,6,4.57,2,16.44,2,0.01,2,1.2,2,,9,,9,,9,,9,2128.6,2,2288.9,2,684.5,2,20,7.7706,2,25,,9,,9,,9,,9,,9,,9,,,9,8.6113,8.6465,2
33RO20100308, A13.5,20,1,19,11007,2,20100319,2010-03-19 6:43,643,-44.501,1.3153,4281,349.2,349.2,7.2579,34.4318,2,34.4328,2,237,2,237.5,2,7.33,2,21.23,2,0.01,2,1.49,2,3.759,2,2.087,2,1.425,2,3.071,3,2144.3,2,2282.5,2,787.7,2,20,7.7185,2,25,,9,,9,,9,,9,,9,,9,,,9,7.2244,7.256,2
33RO20100308, A13.5,20,1,18,11710,2,20100319,2010-03-19 6:43,643,-44.501,1.3153,4281,449.2,449.2,5.9964,34.3073,2,34.3067,2,241,2,240.2,2,10.13,2,24.52,2,0.01,2,1.71,2,,9,,9,,9,,9,2153.3,2,2278.9,2,845.7,2,20,7.6887,2,25,,9,,9,,9,,9,,9,,9,,,9,5.9575,5.9942,2
33RO20100308, A13.5,20,1,17,11025,2,20100319,2010-03-19 6:43,643,-44.501,1.3153,4281,649.9,649.9,4.3051,34.2065,2,34.2087,2,243.3,2,244.4,2,18.28,2,28.11,2,0,2,1.95,2,3.655,2,1.927,2,1.028,2,3.888,3,2167.1,2,2283.3,2,921.1,2,20,7.6568,2,25,,9,,9,,9,,9,,9,,9,,,9,4.2564,4.3038,2
33RO20100308, A13.5,20,1,16,11709,2,20100319,2010-03-19 6:43,643,-44.501,1.3153,4281,850.1,850.1,3.6557,34.2304,2,34.232,2,233.8,2,233.2,2,27.38,2,30.12,2,0,2,2.09,2,,9,,9,,9,,9,2183.7,2,2290,2,970.7,2,20,7.6316,2,25,,9,,9,,9,,9,,9,,9,,,9,3.595,3.6558,2
33RO20100308, A13.5,20,1,15,11006,2,20100319,2010-03-19 6:43,643,-44.501,1.3153,4281,1049.4,1049.4,3.1835,34.3085,2,34.3106,2,212.2,2,210.6,2,40.66,2,32.17,2,0,2,2.24,2,2.122,2,1.044,2,0.445,2,2.497,3,2205.5,2,2302.5,2,1069.2,2,20,7.5991,4,25,,9,,9,,9,,9,,9,,9,,,9,3.1107,3.1828,2
33RO20100308, A13.5,20,1,14,11708,2,20100319,2010-03-19 6:43,643,-44.501,1.3153,4281,1249.8,1249.8,2.8787,34.4237,2,34.4243,2,189.4,2,189.4,2,54.46,2,33.39,2,0,2,2.32,2,,9,,9,,9,,9,2227.2,2,2316.1,2,1140.5,6,20,7.5754,2,25,,9,,9,,9,,9,,9,,9,,,9,2.7927,2.878,2
33RO20100308, A13.5,20,1,13,11031,2,20100319,2010-03-19 6:43,643,-44.501,1.3153,4281,1450.5,1450.5,2.7842,34.5354,2,34.5377,2,181.2,2,179.5,2,62.55,2,33.15,2,0,2,2.31,2,0.573,2,0.289,2,0.106,2,0.768,3,2237.4,2,2327.5,2,1150.9,2,20,7.5742,2,25,,9,,9,,9,,9,,9,,9,,,9,2.683,2.7834,2
33RO20100308, A13.5,20,1,12,11027,2,20100319,2010-03-19 6:43,643,-44.501,1.3153,4281,1650,1650,2.7247,34.6385,2,34.6419,2,179.4,2,180.7,2,65.95,2,31.83,2,0,2,2.22,2,,9,,9,,9,,9,2237.3,2,2333.4,2,1110.7,2,20,7.5892,2,25,,9,,9,,9,,9,,9,,9,,,9,2.6075,2.724,2
33RO20100308, A13.5,20,1,11,11707,2,20100319,2010-03-19 6:43,643,-44.501,1.3153,4281,1850.5,1850.5,2.6844,34.7,2,34.6999,2,184.8,2,186.3,2,66.36,2,30.59,2,0,2,2.13,2,0.214,2,0.103,2,0,2,0.422,3,2234.2,2,2334.2,2,1068.2,2,20,7.6049,2,25,,9,,9,,9,,9,,9,,9,,,9,2.5504,2.684,2
33RO20100308, A13.5,20,1,10,11003,2,20100319,2010-03-19 6:43,643,-44.501,1.3153,4281,2050.3,2050.3,2.6389,34.7389,2,34.7392,2,191.8,2,192.4,2,66.44,2,29.57,2,0,2,2.06,2,,9,,9,,9,,9,2230.3,2,2336.6,2,1035.9,2,20,7.6176,2,25,,9,,9,,9,,9,,9,,9,,,9,2.4879,2.6379,2
33RO20100308, A13.5,20,1,9,11706,2,20100319,2010-03-19 6:43,643,-44.501,1.3153,4281,2350.9,2350.9,2.4822,34.7826,2,34.782,2,203.5,2,203.4,2,66.3,2,28.07,2,0,2,1.95,2,0.098,2,0.047,2,0,2,0.253,3,2224.7,2,2340.8,2,979.7,2,20,7.642,2,25,,9,,9,,9,,9,,9,,9,,,9,2.3063,2.4817,2
33RO20100308, A13.5,20,1,8,11033,2,20100319,2010-03-19 6:43,643,-44.501,1.3153,4281,2649.7,2649.7,2.2929,34.7975,2,34.7986,2,209.7,2,210.2,2,69.22,2,27.46,2,0,2,1.92,2,,9,,9,,9,,9,2223.4,2,2342.1,2,948.7,2,20,7.6515,2,25,,9,,9,,9,,9,,9,,9,,,9,2.0924,2.2926,2
33RO20100308, A13.5,20,1,7,11705,2,20100319,2010-03-19 6:43,643,-44.501,1.3153,4281,2948.5,2948.5,1.9668,34.7771,2,34.7772,2,206.9,2,207.7,2,81.61,2,28.7,2,0,2,2,2,0.113,2,0.055,2,0,2,0.247,3,2232.8,2,2349,2,977.7,2,20,7.638,2,25,,9,,9,,9,,9,,9,,9,,,9,1.7443,1.9662,2
33RO20100308, A13.5,20,1,6,11029,4,20100319,2010-03-19 6:43,643,-44.501,1.3153,4281,3249.8,3249.8,1.6702,34.7601,4,34.4698,4,207.7,4,185.7,4,58.13,4,33.47,4,0.01,4,2.33,4,,9,,9,,9,,9,2230.9,4,2321.1,4,1140.5,4,20,7.5726,4,25,,9,,9,,9,,9,,9,,9,,,9,1.4247,1.67,2
33RO20100308, A13.5,20,1,5,11704,2,20100319,2010-03-19 6:43,643,-44.501,1.3153,4281,3549.3,3549.3,1.4325,34.7481,2,34.7482,2,209.7,2,209.5,2,98.4,6,30.07,6,0.01,6,2.08,6,0.152,2,0.075,2,0.079,3,0.299,3,2244.6,2,2356,2,997.8,2,20,7.6296,2,25,,9,,9,,9,,9,,9,,9,,,9,1.1626,1.4319,2
33RO20100308, A13.5,20,1,4,11030,2,20100319,2010-03-19 6:43,643,-44.501,1.3153,4281,3850,3850,1.2562,34.7372,2,34.7374,2,211.4,2,211.6,2,104.22,6,30.53,6,0,6,2.12,6,,9,,9,,9,,9,2248.9,2,2359.1,2,1013,2,20,7.6269,2,25,,9,,9,,9,,9,,9,,9,,,9,0.9598,1.2556,2
33RO20100308, A13.5,20,1,3,11703,2,20100319,2010-03-19 6:43,643,-44.501,1.3153,4281,4148.5,4148.5,1.0849,34.7261,2,34.7264,2,212.8,2,213,2,110.09,6,30.95,6,0,6,2.15,6,0.188,6,0.089,6,0.03,2,0.386,3,2252.9,2,2361.9,2,1017.9,2,20,7.6248,2,25,,9,,9,,9,,9,,9,,9,,,9,0.7614,1.084,2
33RO20100308, A13.5,20,1,2,11702,2,20100319,2010-03-19 6:43,643,-44.501,1.3153,4281,4249.7,4249.7,0.992,34.7179,2,34.7169,2,212.5,2,212.8,2,113.9,6,31.25,6,0,6,2.18,6,,9,,9,,9,,9,2255.2,2,2364,2,1033.3,2,20,7.621,2,25,,9,,9,,9,,9,,9,,9,,,9,0.6603,0.9925,2
33RO20100308, A13.5,20,1,1,11701,2,20100319,2010-03-19 6:43,643,-44.501,1.3153,4281,4371,4371,0.907,34.7088,2,34.7111,2,212.4,2,211.6,2,117.79,2,31.74,2,0.01,2,2.21,2,0.265,2,0.128,2,0.08,3,0.492,3,2257.8,6,2363.9,6,1049.3,2,20,7.6145,2,25,,9,,9,,9,,9,,9,,9,,,9,0.5646,0.9057,2
33RO20100308, A13.5,21,1,24,11714,2,20100319,2010-03-19 12:39,1239,-44.0002,1.35,4251,5.1,5.1,11.8724,34.5148,2,34.5151,2,274.2,2,274.8,2,0.56,2,6.51,2,0.17,2,0.64,2,3.24,2,1.907,2,1.745,2,3.839,3,2076.1,6,2292.3,6,486.2,2,20,7.9034,2,25,51.3,2,10.7,2,,1,,1,,9,,9,,,9,11.8717,11.8718,2
33RO20100308, A13.5,21,1,23,11713,2,20100319,2010-03-19 12:39,1239,-44.0002,1.35,4251,50.5,50.5,11.3492,34.4724,2,34.471,2,271.1,2,272.6,2,0.85,2,7.81,2,0.18,2,0.73,2,3.294,2,1.941,2,1.718,2,3.9,3,2083.5,2,2288.8,2,502.6,2,20,7.888,2,25,47.76,2,11.67,2,,1,,1,,9,,9,,,9,11.3429,11.3492,2
33RO20100308, A13.5,21,1,22,11712,2,20100319,2010-03-19 12:39,1239,-44.0002,1.35,4251,101,101,10.7967,34.4585,2,34.4631,2,265.1,2,264.9,2,1.27,2,9.48,2,0.39,2,0.84,2,3.371,2,1.975,2,1.714,2,3.695,3,2095.1,2,2287.4,2,551,2,20,7.8589,2,25,47.54,2,13.3,2,,1,,1,,9,,9,,,9,10.7845,10.8082,2
33RO20100308, A13.5,21,1,21,11010,2,20100319,2010-03-19 12:39,1239,-44.0002,1.35,4251,199.7,199.7,9.1467,34.6103,2,34.6083,2,251.3,2,255.7,2,3.95,2,14.55,2,0.02,2,1.08,2,3.589,2,2.095,2,1.846,2,3.072,3,2123.8,2,2288.7,2,638.3,2,20,7.7967,2,25,44.65,2,16.17,2,,1,,1,,9,,9,,,9,9.1249,9.1488,2
33RO20100308, A13.5,21,1,20,11715,2,20100319,2010-03-19 12:39,1239,-44.0002,1.35,4251,300.3,300.3,8.1388,34.5143,2,34.5132,2,247.3,2,247.4,2,5.66,2,18.05,2,0.01,2,1.28,2,3.674,2,2.089,2,1.57,2,3.016,3,2136.3,2,2286.3,2,721.8,2,20,7.757,2,25,44.4,2,19.77,2,,1,,1,,9,,9,,,9,8.1081,8.1396,2
33RO20100308, A13.5,21,1,19,11007,2,20100319,2010-03-19 12:39,1239,-44.0002,1.35,4251,400.1,400.1,6.9361,34.3971,2,34.397,2,237.7,2,237.4,6,8.19,2,22.31,2,0.01,2,1.54,2,3.77,2,2.095,2,1.456,2,3.162,3,2150.8,2,2281.3,2,,9,,7.7089,2,25,40.9,2,23.67,2,,1,,1,,9,,9,,,9,6.8986,6.9359,2
33RO20100308, A13.5,21,1,18,11710,2,20100319,2010-03-19 12:39,1239,-44.0002,1.35,4251,600.3,600.3,4.7589,34.2326,2,34.2323,2,238.9,2,240.1,2,16.36,2,27.56,2,0,2,1.9,2,3.688,2,1.961,2,1.07,2,3.708,3,2166.9,2,2282.8,2,913.7,6,20,7.6602,2,25,39.6,2,29.2,2,,1,,1,,9,,9,,,9,4.712,4.7581,2
33RO20100308, A13.5,21,1,17,11025,2,20100319,2010-03-19 12:39,1239,-44.0002,1.35,4251,799.9,799.9,3.8026,34.2374,2,34.2366,2,224.4,2,232.4,3,26.67,2,29.95,2,0,2,2.06,2,3.061,2,1.578,2,0.781,2,3.341,3,2183.3,2,2290.9,2,,9,,7.6345,2,25,39.28,2,32.24,2,,1,,1,,9,,9,,,9,3.7449,3.8035,2
33RO20100308, A13.5,21,1,16,11709,2,20100319,2010-03-19 12:39,1239,-44.0002,1.35,4251,1001.1,1001.1,3.4054,34.3254,2,34.327,2,208.8,2,207.8,2,40.41,2,32.09,2,0,2,2.22,2,2.089,2,1.031,2,0.451,2,2.447,3,2206.8,2,2303.8,2,1049.7,2,20,7.6022,2,25,38.18,2,33.97,2,,1,,1,,9,,9,,,9,3.3346,3.4048,2
33RO20100308, A13.5,21,1,15,11006,2,20100319,2010-03-19 12:39,1239,-44.0002,1.35,4251,1198.2,1198.2,3.0306,34.4084,2,34.4094,2,192.9,2,190.6,2,52.39,2,33.32,2,0,2,2.31,2,1.294,2,0.627,2,0.232,2,1.691,3,2226.1,2,2315.2,2,,9,,7.5799,2,25,38.1,2,35.34,2,,1,,1,,9,,9,,,9,2.9473,3.0293,2
33RO20100308, A13.5,21,1,14,11708,2,20100319,2010-03-19 12:39,1239,-44.0002,1.35,4251,1399.5,1399.5,2.855,34.5211,2,34.5214,2,180.6,2,179.4,2,61.79,2,33.37,2,0,2,2.31,2,0.659,2,0.321,2,0.113,2,0.988,3,2235.8,6,2326.9,2,1139.8,2,20,7.5732,2,25,37.77,2,35.39,2,,1,,1,,9,,9,,,9,2.7571,2.8543,2
33RO20100308, A13.5,21,1,13,11031,2,20100319,2010-03-19 12:39,1239,-44.0002,1.35,4251,1600.5,1600.5,2.7355,34.6071,2,34.6074,2,180.6,2,180,2,65.06,2,32.37,2,0,2,2.24,2,0.382,2,0.186,2,0.046,2,0.632,3,2238.9,2,2332.2,6,,9,,7.5835,2,25,37.87,2,34.15,2,,1,,1,,9,,9,,,9,2.6223,2.7348,2
33RO20100308, A13.5,21,1,12,11027,2,20100319,2010-03-19 12:39,1239,-44.0002,1.35,4251,1999.4,1999.4,2.6442,34.7373,2,34.7373,2,192.6,2,192.8,2,65.61,2,29.65,2,0,2,2.04,2,0.147,2,0.071,2,0,2,0.306,3,2231.6,2,2336.9,2,1020.2,2,20,7.6194,2,25,38.42,2,31.09,2,,1,,1,,9,,9,,,9,2.4977,2.6436,2
33RO20100308, A13.5,21,1,11,11707,2,20100319,2010-03-19 12:39,1239,-44.0002,1.35,4251,2198.9,2198.9,2.5475,34.7723,2,34.7727,2,200,2,201.2,2,66.07,6,28.6,6,0,6,1.96,6,0.109,2,0.052,2,0,2,0.247,3,2226.6,2,2340,2,982.2,2,20,7.6354,2,25,38.36,2,30.52,2,,1,,1,,9,,9,,,9,2.3845,2.5471,2
33RO20100308, A13.5,21,1,10,11003,2,20100319,2010-03-19 12:39,1239,-44.0002,1.35,4251,2400.1,2400.1,2.4001,34.7874,2,34.7874,2,204.9,2,205,2,68.55,6,28.1,6,0,6,1.93,6,0.099,2,0.047,2,0.061,2,0.22,3,2226.6,2,2342.7,2,,9,,7.6432,2,25,38.11,2,30.09,2,,1,,1,,9,,9,,,9,2.2211,2.3998,2
33RO20100308, A13.5,21,1,9,11706,2,20100319,2010-03-19 12:39,1239,-44.0002,1.35,4251,2600.2,2600.2,2.2646,34.7954,2,34.7946,2,209.6,2,209.2,2,70.69,6,27.76,6,0,6,1.91,6,0.084,2,0.042,2,0,2,0.202,3,2226.8,2,2343.4,2,948.8,2,20,7.6504,2,25,38.38,2,29.41,2,,9,,1,,9,,9,,,9,2.0694,2.2638,2
33RO20100308, A13.5,21,1,8,11033,2,20100319,2010-03-19 12:39,1239,-44.0002,1.35,4251,2799.9,2799.9,2.141,34.7976,2,34.798,2,210.6,2,212.2,2,73.1,6,27.64,6,0,6,1.9,6,0.078,2,0.038,2,0,2,0.179,3,2226.2,2,2345.3,2,,9,,7.6539,2,25,38.39,2,29.39,2,,1,,1,,9,,9,,,9,1.9291,2.1403,2
33RO20100308, A13.5,21,1,7,11705,2,20100319,2010-03-19 12:39,1239,-44.0002,1.35,4251,3000,3000,1.9295,34.782,2,34.782,2,210.1,2,209.9,6,81.26,3,28.48,3,0,3,1.96,3,0.1,2,0.047,2,0,2,0.205,3,2233.3,2,2348.3,2,966.2,2,20,7.6446,2,25,38.3,2,30.32,2,,9,,1,,9,,9,,,9,1.7027,1.9286,2
33RO20100308, A13.5,21,1,6,11029,2,20100319,2010-03-19 12:39,1239,-44.0002,1.35,4251,3200.7,3200.7,1.7742,34.7803,2,34.7807,2,212.5,2,213.5,2,84.62,2,28.52,2,0,2,1.97,2,0.09,2,0.046,2,0,2,0.185,3,2234.6,2,2351.6,2,,9,,7.6481,2,25,38.31,2,30.1,2,,1,,1,,9,,9,,,9,1.5311,1.774,2
33RO20100308, A13.5,21,1,5,11704,2,20100319,2010-03-19 12:39,1239,-44.0002,1.35,4251,3399.8,3399.8,1.604,34.7671,2,34.7669,2,212.5,2,212.3,2,91.02,2,29.12,2,0.01,2,2.01,2,0.105,2,0.049,2,0,2,0.209,3,2240.3,2,2354.1,2,966,2,20,7.6424,2,25,38.25,2,30.94,2,,9,,1,,9,,9,,,9,1.3449,1.6028,2
33RO20100308, A13.5,21,1,4,11030,2,20100319,2010-03-19 12:39,1239,-44.0002,1.35,4251,3599.9,3599.9,1.4532,34.7537,2,34.7537,2,212.4,2,211.5,2,96.92,2,29.81,2,0.01,2,2.06,2,0.126,2,0.06,2,0,2,0.237,3,2243.7,2,2354.8,2,,9,,7.6354,2,25,38.05,2,31.6,2,,1,,1,,9,,9,,,9,1.1775,1.452,2
33RO20100308, A13.5,21,1,3,11703,2,20100319,2010-03-19 12:39,1239,-44.0002,1.35,4251,3800.5,3800.5,1.3323,34.7487,2,34.7489,2,213.4,2,213.6,2,100.31,2,29.97,2,0.01,2,2.07,2,0.119,2,0.057,2,0,2,0.231,3,2245.9,2,2360.1,2,991.5,2,20,7.6364,2,25,38.72,2,31.66,2,,9,,1,,9,,9,,,9,1.0389,1.3316,2
33RO20100308, A13.5,21,1,2,11702,2,20100319,2010-03-19 12:39,1239,-44.0002,1.35,4251,4000.4,4000.4,1.2274,34.7412,2,34.7413,2,214.2,2,213.9,2,104.03,2,30.25,2,0.01,2,2.09,2,0.122,2,0.057,2,0,2,0.244,3,2248.6,2,2361.3,2,,9,,7.6337,2,25,38.33,2,32.25,2,,1,,1,,9,,9,,,9,0.9157,1.2269,2
33RO20100308, A13.5,21,1,1,11701,2,20100319,2010-03-19 12:39,1239,-44.0002,1.35,4251,4311,4311,1.0327,34.7241,2,34.7256,2,215.3,2,213.4,2,112.1,2,31.09,2,0.01,2,2.15,2,,5,,5,,5,,5,2254.9,6,2365,2,1013,2,20,7.6274,2,25,38.96,2,33.21,2,,1,,1,,9,,9,,,9,0.693,1.0317,2
33RO20100308, A13.5,22,1,24,11714,2,20100319,2010-03-19 18:36,1836,-43.5007,1.3413,4391,7.3,7.3,12.1296,34.485,2,34.4852,2,272.7,2,271.9,2,0.76,2,6.66,2,0.16,2,0.66,2,3.267,2,1.915,2,1.758,2,4.035,3,2076.2,6,2290.6,6,494.8,2,20,7.9027,2,25,,9,,9,,9,,9,,9,,9,,,9,12.1286,12.1321,2
33RO20100308, A13.5,22,1,23,11713,2,20100319,2010-03-19 18:36,1836,-43.5007,1.3413,4391,69.9,69.9,11.264,34.4663,2,34.4655,2,267.6,2,269.1,2,0.84,2,8.06,2,0.21,2,0.76,2,,9,,9,,9,,9,2086,2,2289.8,2,514.7,6,20,7.8814,2,25,,9,,9,,9,,9,,9,,9,,,9,11.2553,11.2588,2
33RO20100308, A13.5,22,1,22,11712,2,20100319,2010-03-19 18:36,1836,-43.5007,1.3413,4391,99.2,99.2,10.7043,34.4898,2,34.5067,2,263.4,2,262.8,2,1.5,2,10.06,2,0.31,2,0.87,2,3.43,6,1.989,6,1.765,6,3.831,3,2099.6,2,2288.9,2,558.9,2,20,7.8538,2,25,,9,,9,,9,,9,,9,,9,,,9,10.6924,10.6933,2
33RO20100308, A13.5,22,1,21,11010,2,20100319,2010-03-19 18:36,1836,-43.5007,1.3413,4391,199.5,199.5,8.9939,34.6187,2,34.6169,2,256.4,2,257.1,2,3.85,2,14.49,2,0.02,2,1.09,2,,9,,9,,9,,9,2125.5,2,2291.6,2,651.1,2,20,7.7951,2,25,,9,,9,,9,,9,,9,,9,,,9,8.9723,8.9901,2
33RO20100308, A13.5,22,1,20,11715,2,20100319,2010-03-19 18:36,1836,-43.5007,1.3413,4391,299.6,299.6,7.8215,34.4809,2,34.4827,2,242.6,2,242.7,2,5.96,2,19.11,2,0.01,2,1.35,2,3.751,2,2.104,2,1.538,2,3.128,3,2140.4,2,2284.4,2,741.7,2,20,7.7439,2,25,,9,,9,,9,,9,,9,,9,,,9,7.7916,7.8319,2
33RO20100308, A13.5,22,1,19,11007,2,20100319,2010-03-19 18:36,1836,-43.5007,1.3413,4391,399.5,399.5,6.3551,34.3408,2,34.3399,2,236.9,2,237.6,2,9.38,2,23.85,2,0.01,2,1.65,2,,9,,9,,9,,9,2155.3,2,2280.2,2,837.2,2,20,7.6929,2,25,,9,,9,,9,,9,,9,,9,,,9,6.3195,6.3563,2
33RO20100308, A13.5,22,1,18,11710,2,20100319,2010-03-19 18:36,1836,-43.5007,1.3413,4391,499.6,499.6,5.1155,34.2269,2,34.2241,2,248.9,2,247.4,6,12.28,2,26.16,2,0.01,2,1.81,2,4.034,2,2.154,2,1.324,2,4.185,3,2158.6,2,2276.5,2,875.1,2,20,7.6749,2,25,,9,,9,,9,,9,,9,,9,,,9,5.0755,5.1171,2
33RO20100308, A13.5,22,1,17,11025,2,20100319,2010-03-19 18:36,1836,-43.5007,1.3413,4391,600.3,600.3,4.729,34.2194,2,34.2169,2,244.2,2,243.6,2,15.45,2,27.3,2,0.01,2,1.89,2,,9,,9,,9,,9,2166,2,2283.2,2,910.7,2,20,7.6625,2,25,,9,,9,,9,,9,,9,,9,,,9,4.6823,4.73,2
33RO20100308, A13.5,22,1,16,11709,2,20100319,2010-03-19 18:36,1836,-43.5007,1.3413,4391,750.2,750.2,4.3076,34.2684,2,34.2693,2,233.5,2,227.7,2,24.78,2,29.28,2,0,2,2.03,2,3.114,2,1.581,2,0.819,2,3.457,3,2182.6,2,2290.6,2,957.6,2,20,7.6413,2,25,,9,,9,,9,,9,,9,-43.6,2,2.7,1.04,2,4.2508,4.3052,2
33RO20100308, A13.5,22,1,15,11006,2,20100319,2010-03-19 18:36,1836,-43.5007,1.3413,4391,899.7,899.7,3.6993,34.3097,2,34.3089,2,223.8,2,213.4,2,35.44,2,31.28,2,0,2,2.17,2,,9,,9,,9,,9,2200.2,2,2298.2,2,1029.9,2,20,7.6148,2,25,,9,,9,,9,,9,,9,-73.1,2,2.5,0.9,2,3.6343,3.7015,2
33RO20100308, A13.5,22,1,14,11708,2,20100319,2010-03-19 18:36,1836,-43.5007,1.3413,4391,1099.6,1099.6,3.1133,34.3816,2,34.3806,2,194.9,2,196,2,48.85,2,33.03,2,0,2,2.29,2,1.546,2,0.744,2,0.323,2,1.984,3,2221.4,2,2311.1,2,1108.9,2,20,7.5856,2,25,,9,,9,,9,,9,,9,-106.2,2,2.6,0.75,2,3.037,3.1128,2
33RO20100308, A13.5,22,1,13,11031,2,20100319,2010-03-19 18:36,1836,-43.5007,1.3413,4391,1299.8,1299.8,2.8498,34.4801,2,34.482,2,184,2,183.5,2,59.16,2,33.52,2,0,2,2.33,2,,9,,9,,9,,9,2237,2,2321.4,2,1146.9,2,20,7.5736,2,25,,9,,9,,9,,9,,9,-133.6,2,2.4,0.62,2,2.7601,2.8488,2
33RO20100308, A13.5,22,1,12,11027,2,20100319,2010-03-19 18:36,1836,-43.5007,1.3413,4391,1500.3,1500.3,2.7325,34.5955,2,34.5949,2,178.9,2,179.8,2,65.03,2,32.66,2,0,2,2.27,2,0.404,2,0.192,2,0,2,0.711,3,2242.5,2,2332,2,1127.7,2,20,7.5801,2,25,,9,,9,,9,,9,,9,-141.6,2,2.4,0.59,2,2.6277,2.7318,2
33RO20100308, A13.5,22,1,11,11707,2,20100319,2010-03-19 18:36,1836,-43.5007,1.3413,4391,1699.8,1699.8,2.6911,34.6749,2,34.6734,2,182.1,2,183.5,2,66.71,2,31.3,2,0,2,2.16,2,,9,,9,,9,,9,2241.2,2,2335.3,2,1086.4,2,20,7.5958,2,25,,9,,9,,9,,9,,9,-138.8,2,2.6,0.59,2,2.57,2.6904,2
33RO20100308, A13.5,22,1,10,11003,2,20100319,2010-03-19 18:36,1836,-43.5007,1.3413,4391,1901.2,1901.2,2.6404,34.7256,2,34.7249,2,188.8,2,190.7,2,66.53,2,29.9,2,0,2,2.08,2,,5,,5,,5,,5,2236.6,2,2337.9,2,1042.2,2,20,7.6138,2,25,,9,,9,,9,,9,,9,-138.9,2,2.5,0.61,2,2.5026,2.6402,2
33RO20100308, A13.5,22,1,9,11706,2,20100319,2010-03-19 18:36,1836,-43.5007,1.3413,4391,2099.6,2099.6,2.5754,34.763,2,34.7625,2,197.2,2,198.3,2,65.57,2,28.79,2,0,2,1.99,2,,9,,9,,9,,9,2231.8,2,2338.2,2,999.1,2,20,7.6316,2,25,,9,,9,,9,,9,,9,-140,2,2.4,0.7,2,2.4209,2.5753,2
33RO20100308, A13.5,22,1,8,11033,2,20100319,2010-03-19 18:36,1836,-43.5007,1.3413,4391,2399.7,2399.7,2.4091,34.7964,2,34.7955,2,207.9,2,208.7,6,66.1,2,27.57,2,0,2,1.9,2,0.081,2,0.037,2,0,2,0.213,3,2226.7,2,2341.9,2,955.7,2,20,7.6512,2,25,,9,,9,,9,,9,,9,-138.3,2,2.6,0.75,2,2.23,2.409,2
33RO20100308, A13.5,22,1,7,11705,2,20100319,2010-03-19 18:36,1836,-43.5007,1.3413,4391,2700.8,2700.8,2.2803,34.81,2,34.8097,2,215,2,215.1,2,66.92,2,26.9,2,0,2,1.86,2,,9,,9,,9,,9,2223.7,2,2341.9,2,918.1,6,20,7.6622,2,25,,9,,9,,9,,9,,9,-140,2,2.9,0.79,2,2.0751,2.2795,2
33RO20100308, A13.5,22,1,6,11029,2,20100319,2010-03-19 18:36,1836,-43.5007,1.3413,4391,2999.5,2999.5,2.0358,34.8018,2,34.8012,2,216.1,2,216.2,2,74.34,2,27.44,2,0,2,1.89,2,0.065,2,0.031,2,0,2,0.166,3,2229.5,2,2348.4,2,928,2,20,7.6603,2,25,,9,,9,,9,,9,,9,-138.6,2,2.5,0.73,2,1.8066,2.035,2
33RO20100308, A13.5,22,1,5,11704,2,20100319,2010-03-19 18:36,1836,-43.5007,1.3413,4391,3299.9,3299.9,1.7729,34.7876,2,34.7873,2,215.7,2,216.8,2,82.9,6,28.08,6,0,6,1.94,6,,9,,9,,9,,9,2234.6,2,2352.2,2,933,2,20,7.655,4,25,,9,,9,,9,,9,,9,-148.9,2,3.5,0.72,2,1.5198,1.7731,2
33RO20100308, A13.5,22,1,4,11030,2,20100319,2010-03-19 18:36,1836,-43.5007,1.3413,4391,3601.1,3601.1,1.4667,34.7594,2,34.7594,2,213,2,213.5,2,95.16,6,29.44,6,0,6,2.04,6,0.111,2,0.052,2,0,2,0.215,3,2245.1,2,2358.7,2,974.4,2,20,7.6417,2,25,,9,,9,,9,,9,,9,-151.8,2,3,0.63,2,1.1905,1.4666,2
33RO20100308, A13.5,22,1,3,11703,2,20100319,2010-03-19 18:36,1836,-43.5007,1.3413,4391,3899.4,3899.4,1.2648,34.7441,2,34.744,2,213.6,2,213.8,2,102.59,6,30.07,6,0,6,2.09,6,,9,,9,,9,,9,2250.5,2,2360.8,2,985,2,20,7.6364,2,25,,9,,9,,9,,9,,9,-149.9,2,2.4,0.64,2,0.9628,1.2637,2
33RO20100308, A13.5,22,1,2,11702,2,20100319,2010-03-19 18:36,1836,-43.5007,1.3413,4391,4201.3,4201.3,1.0996,34.7289,2,34.7288,2,213.3,2,213.3,2,109.75,6,30.85,6,0,6,2.14,6,,9,,9,,9,,9,2255.2,2,2365.2,2,1011.8,2,20,7.6279,2,25,,9,,9,,9,,9,,9,-156.6,2,2.6,0.56,2,0.7699,1.0993,2
33RO20100308, A13.5,22,1,1,11701,2,20100319,2010-03-19 18:36,1836,-43.5007,1.3413,4391,4475.1,4475.1,1.0077,34.7187,2,34.719,2,214.1,2,212.6,2,114.49,6,31.32,6,0,6,2.17,6,0.206,2,0.095,2,0,2,0.379,3,2258.7,6,2365.6,6,1025.5,2,20,7.6244,2,25,,9,,9,,9,,9,,9,-156.8,2,2.4,0.5,2,0.6506,1.0067,2
33RO20100308, A13.5,23,1,24,11714,2,20100320,2010-03-20 1:18,118,-42.8333,1.3312,3658,4.8,4.8,11.6356,34.3815,2,34.3824,2,272,2,274.6,2,1.16,2,8.81,2,0.18,2,0.77,2,3.329,2,1.954,2,1.782,2,4.05,3,2075.7,6,2285.5,6,501.4,2,20,7.8915,2,25,49.05,2,12.94,2,,9,,9,,9,,9,,,9,11.635,11.6394,2
33RO20100308, A13.5,23,1,23,11713,2,20100320,2010-03-20 1:18,118,-42.8333,1.3312,3658,40.4,40.4,11.1456,34.376,2,34.3759,2,274.9,2,275,2,1.32,2,9.36,2,0.19,2,0.8,2,3.363,2,1.988,2,1.776,2,4.01,3,2077.7,2,2285.8,2,508.5,6,20,7.8858,2,25,47.32,2,12.63,2,,9,,9,,9,,9,,,9,11.1407,11.1433,2
33RO20100308, A13.5,23,1,22,11712,2,20100320,2010-03-20 1:18,118,-42.8333,1.3312,3658,90.5,90.5,10.9453,34.4998,2,34.5042,2,262.3,2,260.8,2,1.62,2,9.64,2,0.29,2,0.83,2,3.383,6,1.969,6,1.781,6,3.595,3,2093.7,2,2289.2,2,546.7,2,20,7.8594,2,25,45.6,2,13.28,2,,9,,9,,9,,9,,,9,10.9343,10.947,2
33RO20100308, A13.5,23,1,21,11010,2,20100320,2010-03-20 1:18,118,-42.8333,1.3312,3658,149.3,149.3,9.4549,34.5862,2,34.5851,2,255.9,2,256.3,2,3.03,2,13.06,2,0.02,2,0.99,2,3.566,2,2.074,2,1.728,2,3.131,3,2115.1,2,2288.2,2,622.6,2,20,7.8098,2,25,44.62,2,15.46,2,,9,,9,,9,,9,,,9,9.4383,9.4516,2
33RO20100308, A13.5,23,1,20,11715,2,20100320,2010-03-20 1:18,118,-42.8333,1.3312,3658,199.8,199.8,9.1319,34.596,2,34.595,2,253.1,2,254.5,2,3.7,2,14.33,2,0.02,2,1.06,2,3.609,2,2.098,2,1.82,2,3.045,3,2119.2,2,2290,2,641.3,2,20,7.7967,2,25,43.65,2,16.97,2,,9,,9,,9,,9,,,9,9.1101,9.1312,2
33RO20100308, A13.5,23,1,19,11007,2,20100320,2010-03-20 1:18,118,-42.8333,1.3312,3658,300,300,8.2322,34.5219,2,34.5209,2,254.9,2,252.2,2,5.04,2,17.18,2,0.01,2,1.23,2,3.736,2,2.115,2,1.689,2,3.285,3,2128.4,2,2286.3,2,690.9,2,20,7.7689,2,25,42.53,2,19.41,2,,9,,9,,9,,9,,,9,8.2013,8.2308,2
33RO20100308, A13.5,23,1,18,11710,2,20100320,2010-03-20 1:18,118,-42.8333,1.3312,3658,400,400,6.7385,34.3734,2,34.3743,2,241.3,2,242,2,8.4,2,22.35,2,0.01,2,1.54,2,3.826,2,2.129,2,1.485,2,3.434,3,2145.9,2,2282.3,2,792.6,2,20,7.713,2,25,41.79,2,24.13,2,,9,,9,,9,,9,,,9,6.7017,6.7446,2
33RO20100308, A13.5,23,1,17,11025,2,20100320,2010-03-20 1:18,118,-42.8333,1.3312,3658,500.5,500.5,5.2408,34.2547,2,34.2522,2,243.7,2,241.4,6,13.58,2,26.42,2,0.01,2,1.81,2,3.834,2,2.064,2,1.202,2,3.791,3,2158.9,2,2280.6,2,882,2,20,7.6714,2,25,41.25,2,27.97,2,,9,,9,,9,,9,,,9,5.2002,5.2433,2
33RO20100308, A13.5,23,1,16,11709,2,20100320,2010-03-20 1:18,118,-42.8333,1.3312,3658,649.6,649.6,4.2269,34.2122,2,34.2116,2,237.7,2,242.1,2,19.79,2,28.48,2,0,2,1.95,2,3.573,2,1.87,2,1.077,2,3.826,3,2168.3,2,2284.1,2,921.6,2,20,7.6545,2,25,39.94,2,29.89,2,,9,,9,,9,,9,,,9,4.1786,4.2255,2
33RO20100308, A13.5,23,1,15,11006,2,20100320,2010-03-20 1:18,118,-42.8333,1.3312,3658,800.3,800.3,3.7765,34.2326,2,34.2332,2,231,2,233.5,2,26.47,2,29.98,2,0,2,2.05,2,3.137,2,1.601,2,0.83,2,3.595,3,2183.2,2,2287.8,2,970.1,2,20,7.6359,2,25,39.2,2,32.48,2,,9,,9,,9,,9,,,9,3.7189,3.7747,2
33RO20100308, A13.5,23,1,14,11708,2,20100320,2010-03-20 1:18,118,-42.8333,1.3312,3658,950.8,950.8,3.535,34.3097,2,34.3079,2,213,2,212.2,2,37.22,2,31.58,2,0,2,2.17,2,2.324,2,1.149,2,0.497,2,2.797,3,2203.1,2,2296.8,2,1037.5,2,20,7.6103,2,25,39.02,2,33.37,2,,9,,9,,9,,9,,,9,3.4671,3.5348,2
33RO20100308, A13.5,23,1,13,11031,2,20100320,2010-03-20 1:18,118,-42.8333,1.3312,3658,1100,1100,3.1476,34.3516,2,34.3521,2,201.8,2,201.7,2,45.55,2,32.69,2,0,2,2.24,2,1.787,2,0.862,2,0.429,2,2.242,3,2214.1,2,2307.4,2,1090.9,2,20,7.5921,2,25,39.03,2,35.32,2,,9,,9,,9,,9,,,9,3.0711,3.1475,2
33RO20100308, A13.5,23,1,12,11027,2,20100320,2010-03-20 1:18,118,-42.8333,1.3312,3658,1299.7,1299.7,2.9278,34.4458,2,34.4463,2,187.6,2,186.2,2,55.88,2,33.36,2,0,2,2.31,2,1.06,2,0.505,2,0.221,2,1.502,3,2230.5,2,2318.4,2,1141.8,2,20,7.5751,2,25,39.68,2,35.12,2,,9,,9,,9,,9,,,9,2.8374,2.9287,2
33RO20100308, A13.5,23,1,11,11707,2,20100320,2010-03-20 1:18,118,-42.8333,1.3312,3658,1500.6,1500.6,2.7724,34.5571,2,34.5574,2,179.1,2,179.4,2,63.33,2,33.03,2,0,2,2.27,2,0.542,2,0.258,2,0.129,2,0.879,3,2238.8,2,2331,2,488.6,4,20,7.5771,2,25,39.21,2,34.67,2,,9,,9,,9,,9,,,9,2.6672,2.7719,2
33RO20100308, A13.5,23,1,10,11003,2,20100320,2010-03-20 1:18,118,-42.8333,1.3312,3658,1700.3,1700.3,2.7204,34.6462,2,34.6463,2,181.7,2,181.7,2,65.67,2,31.76,2,0,2,2.18,2,0.305,2,0.143,2,0.133,2,0.571,3,2238.9,2,2331.4,2,1104.4,2,20,7.5919,2,25,38.76,2,33.23,2,,9,,9,,9,,9,,,9,2.599,2.7198,2
33RO20100308, A13.5,23,1,9,11706,2,20100320,2010-03-20 1:18,118,-42.8333,1.3312,3658,1899.9,1899.9,2.6653,34.7155,2,34.7141,2,189.5,2,189.6,2,65.79,2,30.19,2,0,2,2.06,2,0.181,2,0.085,2,0,2,0.375,3,2233.3,2,2335.3,2,1053.5,2,20,7.6108,2,25,39.3,2,31.78,2,,9,,9,,9,,9,,,9,2.5273,2.6649,2
33RO20100308, A13.5,23,1,8,11033,2,20100320,2010-03-20 1:18,118,-42.8333,1.3312,3658,2099.9,2099.9,2.5954,34.7571,2,34.757,2,197.1,2,197.4,2,65.22,2,28.98,2,0,2,1.98,2,0.126,2,0.06,2,0,2,0.292,3,2228.8,2,2339,2,1009,2,20,7.6306,2,25,39.28,2,30.64,2,,9,,9,,9,,9,,,9,2.4406,2.595,2
33RO20100308, A13.5,23,1,7,11705,2,20100320,2010-03-20 1:18,118,-42.8333,1.3312,3658,2300.7,2300.7,2.492,34.7844,2,34.7846,2,204.6,2,204.1,2,65.43,2,28.03,2,0,2,1.91,2,0.095,2,0.044,2,0,2,0.228,3,2226.2,2,2339.7,2,965.1,2,20,7.6446,2,25,38.61,2,30.07,2,,9,,9,,9,,9,,,9,2.3206,2.4914,2
33RO20100308, A13.5,23,1,6,11029,2,20100320,2010-03-20 1:18,118,-42.8333,1.3312,3658,2499,2499,2.3615,34.8004,2,34.8,2,210.5,2,210.4,2,66.59,2,27.4,2,0,2,1.87,2,0.073,2,0.035,2,0,2,0.188,3,2222.9,2,2343.3,6,939.4,2,20,7.6543,2,25,38.31,2,29.13,2,,9,,9,,9,,9,,,9,2.174,2.3612,2
33RO20100308, A13.5,23,1,5,11704,2,20100320,2010-03-20 1:18,118,-42.8333,1.3312,3658,2701.2,2701.2,2.2587,34.8076,2,34.8066,2,214.6,2,214.2,6,67.61,6,26.99,6,0,6,1.84,6,0.062,2,0.032,2,0,2,0.166,3,2221.6,2,2341.9,2,923.7,2,20,7.6612,2,25,39.77,2,28.5,2,,9,,9,,9,,9,,,9,2.0539,2.2582,2
33RO20100308, A13.5,23,1,4,11030,2,20100320,2010-03-20 1:18,118,-42.8333,1.3312,3658,2900.3,2900.3,2.0969,34.8069,2,34.8054,2,216.1,2,216.5,2,71.54,6,27.19,6,0,6,1.85,6,0.062,2,0.027,2,0,2,0.156,3,2222.1,2,2344.1,2,919.1,2,20,7.6646,2,25,39.53,2,28.75,2,,9,,9,,9,,9,,,9,1.8761,2.096,2
33RO20100308, A13.5,23,1,3,11703,2,20100320,2010-03-20 1:18,118,-42.8333,1.3312,3658,3149.8,3149.8,1.8615,34.7932,2,34.7921,2,216.1,2,216.4,2,79.53,6,27.88,6,0,6,1.9,6,0.067,6,0.032,6,0,6,0.153,3,2228.7,2,2351.7,6,931.1,2,20,7.6585,2,25,39.49,2,28.94,2,,9,,9,,9,,9,,,9,1.6214,1.8609,2
33RO20100308, A13.5,23,1,2,11702,2,20100320,2010-03-20 1:18,118,-42.8333,1.3312,3658,3400.2,3400.2,1.6407,34.7737,2,34.7731,2,214.2,2,215,2,88.36,6,28.78,6,0,6,1.97,6,0.093,2,0.042,2,0,2,0.194,3,2236.9,2,2353.5,6,959.4,6,20,7.6483,2,25,39.2,2,30.92,2,,9,,9,,9,,9,,,9,1.3807,1.6401,2
33RO20100308, A13.5,23,1,1,11701,2,20100320,2010-03-20 1:18,118,-42.8333,1.3312,3658,3712.7,3712.7,1.4095,34.7552,2,34.755,2,213.9,2,213.2,2,97.29,6,29.63,6,0.01,6,2.03,6,0.308,4,0.657,4,8.023,4,0.241,4,2244.6,6,2360,6,980.9,2,20,7.6405,2,25,39.05,2,30.76,2,,9,,9,,9,,9,,,9,1.1232,1.4086,2
33RO20100308, A13.5,24,1,24,11714,2,20100320,2010-03-20 6:27,627,-42.4137,1.2892,3771,4.8,4.8,12.4523,34.5297,2,34.5296,2,266.9,2,268.3,2,0.7,2,5.78,2,0.16,2,0.59,2,3.172,2,1.858,2,1.699,2,3.873,3,2073.8,6,2290.3,6,482.4,2,20,,5,,,9,,9,,9,,9,,9,,9,,,9,12.4517,12.4527,2
33RO20100308, A13.5,24,1,23,11713,2,20100320,2010-03-20 6:27,627,-42.4137,1.2892,3771,59.1,59.1,11.8875,34.5481,2,34.5475,2,260.5,2,262.8,2,0.82,2,6.29,2,0.23,2,0.64,2,,9,,9,,9,,9,2081.5,2,2292.9,2,504.5,6,20,7.8898,2,25,,9,,9,,9,,9,,9,,9,,,9,11.8799,11.8867,2
33RO20100308, A13.5,24,1,22,11712,2,20100320,2010-03-20 6:27,627,-42.4137,1.2892,3771,79.5,79.5,11.3082,34.5426,2,34.5447,2,257.7,2,258.6,6,1.06,2,8.2,2,0.32,2,0.75,2,3.293,6,1.921,6,1.706,6,3.527,3,2090.7,2,2288.7,2,541.5,2,20,7.8666,2,25,,9,,9,,9,,9,,9,,9,,,9,11.2983,11.3013,2
33RO20100308, A13.5,24,1,21,11010,2,20100320,2010-03-20 6:27,627,-42.4137,1.2892,3771,100.3,100.3,10.1908,34.5708,2,34.5705,2,255.6,2,256.6,2,1.88,2,11.29,2,0.04,2,0.9,2,,9,,9,,9,,9,2105.7,2,2289.2,2,590.2,2,20,7.8277,2,25,,9,,9,,9,,9,,9,,9,,,9,10.1791,10.189,2
33RO20100308, A13.5,24,1,20,11715,2,20100320,2010-03-20 6:27,627,-42.4137,1.2892,3771,139.7,139.7,9.4144,34.5619,2,34.5619,2,257.5,2,257.7,2,2.43,2,12.82,2,0.02,2,0.98,2,3.582,2,2.07,2,1.673,2,3.138,3,2114.7,2,2288.4,2,626,2,20,7.8103,2,25,,9,,9,,9,,9,,9,,9,,,9,9.3989,9.4146,2
33RO20100308, A13.5,24,1,19,11007,2,20100320,2010-03-20 6:27,627,-42.4137,1.2892,3771,200.5,200.5,9.1537,34.5955,2,34.5948,2,253.5,2,254.1,2,3.08,2,14.08,2,0.02,2,1.05,2,,9,,9,,9,,9,2120.9,2,2290.6,2,643.2,2,20,7.7968,2,25,,9,,9,,9,,9,,9,,9,,,9,9.1318,9.1538,2
33RO20100308, A13.5,24,1,18,11710,2,20100320,2010-03-20 6:27,627,-42.4137,1.2892,3771,300.1,300.1,8.0278,34.5012,2,34.4998,2,246.3,2,246.1,2,5.06,2,18.26,2,0.01,2,1.29,2,3.72,2,2.099,2,1.608,2,3.045,3,2134.6,2,2284.8,2,724.3,2,20,7.7519,2,25,,9,,9,,9,,9,,9,,9,,,9,7.9974,8.0261,2
33RO20100308, A13.5,24,1,17,11025,2,20100320,2010-03-20 6:27,627,-42.4137,1.2892,3771,399.1,399.1,6.5448,34.359,2,34.3592,2,235.7,2,236.8,2,8.26,2,23.18,2,0.01,2,1.59,2,,9,,9,,9,,9,2150.8,2,2280.3,2,821.9,2,20,7.6986,2,25,,9,,9,,9,,9,,9,,9,,,9,6.5086,6.5445,2
33RO20100308, A13.5,24,1,16,11709,2,20100320,2010-03-20 6:27,627,-42.4137,1.2892,3771,499.9,499.9,5.3801,34.2734,2,34.2744,2,235.9,2,235.5,2,12.91,2,26.29,2,0,2,1.8,2,3.744,2,2.002,2,1.159,2,3.553,3,2161.4,2,2279.4,6,887,2,20,7.6682,2,25,,9,,9,,9,,9,,9,,9,,,9,5.339,5.3793,2
33RO20100308, A13.5,24,1,15,11006,2,20100320,2010-03-20 6:27,627,-42.4137,1.2892,3771,650.9,650.9,4.1932,34.199,2,34.1992,2,245.1,2,238.2,2,16.83,2,28.11,2,0,2,1.93,2,,9,,9,,9,,9,2169.3,2,2282.7,2,917.1,2,20,7.6568,2,25,,9,,9,,9,,9,,9,,9,,,9,4.145,4.1925,2
33RO20100308, A13.5,24,1,14,11708,2,20100320,2010-03-20 6:27,627,-42.4137,1.2892,3771,799.4,799.4,3.8249,34.2622,2,34.2623,2,221.4,2,225.8,2,23.74,2,30.03,2,0,2,2.07,2,2.879,2,1.471,2,0.704,2,3.227,3,2187.7,2,2292.1,2,990,2,20,7.6298,2,25,,9,,9,,9,,9,,9,,9,,,9,3.767,3.8265,2
33RO20100308, A13.5,24,1,13,11031,2,20100320,2010-03-20 6:27,627,-42.4137,1.2892,3771,1000.3,1000.3,3.1346,34.332,2,34.3325,2,204.3,2,205.8,2,43.08,6,32.29,6,0.01,6,2.22,6,,9,,9,,9,,9,2209.4,2,2304.5,2,1083.2,2,20,7.5948,2,25,,9,,9,,9,,9,,9,,9,,,9,3.0659,3.134,2
33RO20100308, A13.5,24,1,12,11027,2,20100320,2010-03-20 6:27,627,-42.4137,1.2892,3771,1198.7,1198.7,2.8895,34.4267,2,34.4266,2,190.2,2,189.6,2,53.74,6,33.2,6,0,6,2.28,6,1.151,2,0.553,2,0.201,2,1.591,3,2227.2,2,2314.1,2,1143.1,2,20,7.5772,2,25,,9,,9,,9,,9,,9,,9,,,9,2.8074,2.889,2
33RO20100308, A13.5,24,1,11,11707,2,20100320,2010-03-20 6:27,627,-42.4137,1.2892,3771,1402.1,1402.1,2.782,34.5383,2,34.5378,2,179.6,2,179,2,62.29,6,33.05,6,0.01,6,2.28,6,0.592,2,0.29,2,0.11,2,0.913,3,2239.3,2,2325.6,2,1156.2,2,20,7.5745,2,25,,9,,9,,9,,9,,9,,9,,,9,2.6847,2.7815,2
33RO20100308, A13.5,24,1,10,11003,9,20100320,2010-03-20 6:27,627,-42.4137,1.2892,3771,1599,1599,2.7253,34.633,2,,9,182,2,,9,-9,9,-9,9,-9,9,-9,9,,9,,9,,9,,9,,9,,9,,9,,,9,,,9,,9,,9,,9,,9,,9,,,9,2.6123,2.7248,2
33RO20100308, A13.5,24,1,9,11706,2,20100320,2010-03-20 6:27,627,-42.4137,1.2892,3771,1800.6,1800.6,2.6913,34.6927,2,34.6916,2,186.3,2,187,2,38.75,4,30.59,2,0,2,2.1,2,0.21,2,0.101,2,0,2,0.405,3,2235,2,2334.6,2,1066.7,2,20,7.6047,2,25,,9,,9,,9,,9,,9,,9,,,9,2.5616,2.691,2
33RO20100308, A13.5,24,1,8,11033,2,20100320,2010-03-20 6:27,627,-42.4137,1.2892,3771,2000.2,2000.2,2.6363,34.7403,2,34.7393,2,193.8,2,193.8,2,64.71,2,29.34,2,0,2,2.01,2,0.148,2,0.072,2,0,2,0.316,3,2231.7,2,2336.4,2,1011.6,2,20,7.6226,2,25,,9,,9,,9,,9,,9,,9,,,9,2.4898,2.6358,2
33RO20100308, A13.5,24,1,7,11705,2,20100320,2010-03-20 6:27,627,-42.4137,1.2892,3771,2199.4,2199.4,2.5418,34.7759,2,34.776,2,201.6,2,202,2,64.61,6,28.15,6,0,6,1.92,6,0.099,2,0.048,2,0,2,0.246,3,2227,2,2338.2,2,975.4,6,20,7.6408,2,25,,9,,9,,9,,9,,9,,9,,,9,2.3788,2.5409,2
33RO20100308, A13.5,24,1,6,11029,2,20100320,2010-03-20 6:27,627,-42.4137,1.2892,3771,2399.7,2399.7,2.4496,34.7937,2,34.7924,2,206.8,2,207.6,2,64.95,6,27.51,6,0,6,1.88,6,0.078,2,0.038,2,0,2,0.198,3,2224.2,2,2339.7,2,950.4,2,20,7.6499,2,25,,9,,9,,9,,9,,9,,9,,,9,2.2698,2.4496,2
33RO20100308, A13.5,24,1,5,11704,2,20100320,2010-03-20 6:27,627,-42.4137,1.2892,3771,2598.9,2598.9,2.3649,34.8044,2,34.8038,2,211.9,2,212.1,2,65.94,2,27.13,2,0.01,2,1.86,2,0.062,2,0.031,2,0,2,0.168,3,2222.8,2,2339.8,2,923.1,2,20,7.659,2,25,,9,,9,,9,,9,,9,,9,,,9,2.1678,2.3644,2
33RO20100308, A13.5,24,1,4,11030,9,20100320,2010-03-20 6:27,627,-42.4137,1.2892,3771,2800.5,2800.5,2.2515,34.8092,2,,9,215.3,2,,9,-9,9,-9,9,-9,9,-9,9,,9,,9,,9,,9,,9,,9,,9,,,9,,,9,,9,,9,,9,,9,,9,,,9,2.0372,2.2514,2
33RO20100308, A13.5,24,1,3,11703,2,20100320,2010-03-20 6:27,627,-42.4137,1.2892,3771,3099.4,3099.4,2.0071,34.7995,2,,9,215.5,2,216.1,6,75.52,2,27.39,2,0,2,1.88,2,0.064,6,0.032,6,0,6,0.149,3,2228.6,2,2347.7,2,932.8,2,20,7.6589,2,25,,9,,9,,9,,9,,9,,9,,,9,1.7687,2.0078,2
33RO20100308, A13.5,24,1,2,11702,9,20100320,2010-03-20 6:27,627,-42.4137,1.2892,3771,3399,3399,1.7365,34.7798,2,,9,214.1,2,,9,-9,9,-9,9,-9,9,-9,9,,9,,9,,9,,9,,9,,9,,9,,,9,,,9,,9,,9,,9,,9,,9,,,9,1.4742,1.7358,2
33RO20100308, A13.5,24,1,1,11701,2,20100320,2010-03-20 6:27,627,-42.4137,1.2892,3771,3821.9,3821.9,1.3377,34.7502,2,,9,213.4,2,213.6,2,100.05,2,29.73,2,0.01,2,2.05,2,0.108,2,0.052,2,0.058,2,0.218,3,2248.7,6,2361.3,6,979.3,2,20,7.6402,2,25,,9,,9,,9,,9,,9,,9,,,9,1.0419,1.3369,2
33RO20100308, A13.5,25,1,22,11712,2,20100320,2010-03-20 10:51,1051,-41.9993,1.1497,906,5.2,5.2,12.2852,34.4858,2,34.4901,2,271.2,2,,9,0.81,2,6.54,2,0.15,2,0.63,2,,9,,9,,9,,9,2073.5,6,2290.1,2,,9,,7.9052,2,25,51.99,2,10.54,2,,9,,9,,9,48.8,2,3,1.87,2,12.2845,,9
33RO20100308, A13.5,25,1,21,11010,2,20100320,2010-03-20 10:51,1051,-41.9993,1.1497,906,5.1,5.1,12.286,34.4858,2,34.4868,2,271.2,2,272.5,2,0.85,2,6.53,2,0.15,2,0.63,2,3.211,2,1.88,2,1.641,2,3.978,3,2073.2,2,2290.2,2,482.8,6,20,7.9041,2,25,52.78,2,10.47,2,,1,,1,,9,,9,,,9,12.2853,12.2847,2
33RO20100308, A13.5,25,1,20,11715,2,20100320,2010-03-20 10:51,1051,-41.9993,1.1497,906,24.8,24.8,12.1252,34.4814,2,34.4819,2,272.4,2,273.2,2,0.77,2,6.58,2,0.16,2,0.65,2,,9,,9,,9,,9,2073.1,2,2290.7,2,,9,,7.9038,2,25,52.69,2,10.73,2,,9,,9,,9,,9,,,9,12.122,12.1476,2
33RO20100308, A13.5,25,1,19,11007,2,20100320,2010-03-20 10:51,1051,-41.9993,1.1497,906,49.7,49.7,11.7188,34.4951,2,34.4962,2,266.1,2,266.3,2,0.91,2,6.85,2,0.19,2,0.68,2,3.239,2,1.895,2,1.591,2,3.877,3,2079.8,2,2290.7,2,502.9,2,20,7.8903,2,25,52.31,2,11.27,2,,1,,1,,9,38.7,2,3.5,1.73,2,11.7125,11.7193,2
33RO20100308, A13.5,25,1,17,11025,2,20100320,2010-03-20 10:51,1051,-41.9993,1.1497,906,74.6,74.6,11.6306,34.5132,2,34.5139,2,262.9,2,263.3,6,0.95,2,7.1,2,0.25,2,0.71,2,3.248,2,1.902,2,1.643,2,3.837,3,2084.1,2,2291.6,2,,9,,7.8826,2,25,51.5,2,11.31,2,,1,,1,,9,,9,,,9,11.6212,11.633,2
33RO20100308, A13.5,25,1,18,11710,2,20100320,2010-03-20 10:51,1051,-41.9993,1.1497,906,74.3,74.3,11.6347,34.5127,2,34.5133,2,263,2,,9,0.95,2,7.08,2,0.25,2,0.71,2,3.246,2,1.897,2,1.693,2,3.855,3,,9,,9,,9,,,9,,51.69,2,11.4,2,,1,,1,,9,,9,,,9,11.6253,,9
33RO20100308, A13.5,25,1,16,11709,2,20100320,2010-03-20 10:51,1051,-41.9993,1.1497,906,100.8,100.8,11.1258,34.529,2,34.53,2,262,2,260.8,2,1.24,2,8.6,2,0.35,2,0.79,2,3.317,2,1.939,2,1.639,2,3.765,3,2091.2,2,2291.4,2,537.5,2,20,7.8659,2,25,51.61,2,13.74,2,,1,,1,,9,,9,,,9,11.1134,11.1609,2
33RO20100308, A13.5,25,1,15,11006,2,20100320,2010-03-20 10:51,1051,-41.9993,1.1497,906,150.6,150.6,9.8549,34.581,2,34.582,2,257.9,2,256.6,2,2.57,2,12.51,2,0.04,2,0.97,2,3.52,2,2.036,2,1.769,2,3.417,3,2111.2,2,2290.3,2,606.2,2,20,7.8215,2,25,48.41,2,15.32,2,,1,,1,,9,46.1,2,3.6,1.39,2,9.8377,9.8562,2
33RO20100308, A13.5,25,1,14,11708,2,20100320,2010-03-20 10:51,1051,-41.9993,1.1497,906,200.4,200.4,9.0311,34.6031,2,34.6027,2,257.9,2,257.8,2,3.86,2,14.63,2,0.02,2,1.09,2,3.654,2,2.093,2,1.746,2,3.355,3,2121.6,2,2290.8,2,640.7,2,20,7.7992,2,25,46.06,2,17.48,2,,1,,1,,9,,9,,,9,9.0094,9.0317,2
33RO20100308, A13.5,25,1,13,11031,2,20100320,2010-03-20 10:51,1051,-41.9993,1.1497,906,249.5,249.5,8.1832,34.5144,2,34.5133,2,254.5,2,254.5,2,5.09,2,17.33,2,0.01,2,1.25,2,3.733,2,2.122,2,1.645,2,3.374,3,2131.1,2,2287,2,693.5,2,20,7.7699,2,25,44.01,2,19.63,2,,1,,1,,9,35,2,3,1.23,2,8.1577,8.1938,2
33RO20100308, A13.5,25,1,12,11027,2,20100320,2010-03-20 10:51,1051,-41.9993,1.1497,906,350.1,350.1,6.9675,34.3967,2,34.3971,2,239.5,2,240.2,2,8.2,2,21.97,2,0.01,2,1.53,2,3.779,2,2.082,2,1.456,2,3.376,3,2147.8,2,2281.4,2,787.3,2,20,7.7175,2,25,42.09,2,24.12,2,,1,,1,,9,,9,,,9,6.9347,6.9684,2
33RO20100308, A13.5,25,1,11,11707,2,20100320,2010-03-20 10:51,1051,-41.9993,1.1497,906,399.6,399.6,6.4402,34.3655,2,34.3655,2,235.3,2,230.9,2,10.91,2,24.18,2,0.01,2,1.67,2,3.675,2,1.987,2,1.249,2,3.41,3,2156.2,2,2282.4,3,840.1,2,20,7.6911,2,25,42.15,2,26.43,2,,1,,1,,9,14.8,2,2.8,1.25,2,6.4043,6.4445,2
33RO20100308, A13.5,25,1,9,11706,2,20100320,2010-03-20 10:51,1051,-41.9993,1.1497,906,451,451,5.9758,34.3434,2,34.3417,2,227.9,2,225.8,2,13.81,2,25.74,2,0,2,1.78,2,,9,,9,,9,,9,2163.3,2,2282.9,3,876,2,20,7.6738,2,25,41,2,27.29,2,,9,,9,,9,,9,,,9,5.9367,5.978,2
33RO20100308, A13.5,25,1,10,11003,2,20100320,2010-03-20 10:51,1051,-41.9993,1.1497,906,451,451,5.9785,34.3439,2,34.3422,2,227.9,2,,9,13.78,2,25.8,2,0,2,1.78,2,3.543,2,1.884,2,1.051,2,3.471,3,,9,,9,,9,,7.6733,2,25,41.24,2,26.98,2,,1,,1,,9,,9,,,9,5.9394,,9
33RO20100308, A13.5,25,1,8,11033,2,20100320,2010-03-20 10:51,1051,-41.9993,1.1497,906,500.3,500.3,5.1031,34.2418,2,34.2423,2,241.4,2,242.1,2,13.46,2,26.64,2,0,2,1.83,2,3.865,2,2.045,2,1.253,2,4.051,3,2161.2,2,2278.9,2,889.4,2,20,7.6702,2,25,40.9,2,28.36,2,,1,,1,,9,-1.9,2,2.7,1.22,2,5.063,5.1026,2
33RO20100308, A13.5,25,1,7,11705,2,20100320,2010-03-20 10:51,1051,-41.9993,1.1497,906,600.5,600.5,4.4803,34.2332,2,34.2364,2,239.3,2,238.2,2,18.99,2,28.2,2,0,2,1.94,2,,9,,9,,9,,9,2171.2,2,2283.2,2,923.2,2,20,7.6552,2,25,40.31,2,30.04,2,,9,,9,,9,,9,,,9,4.4347,4.4781,2
33RO20100308, A13.5,25,1,6,11029,2,20100320,2010-03-20 10:51,1051,-41.9993,1.1497,906,700.3,700.3,4.0037,34.2156,2,34.2161,2,219,3,238.8,2,21.85,2,29.03,2,0,2,2,2,3.395,2,1.764,2,0.905,2,3.769,3,2174.7,2,2284.5,2,,9,,7.6468,2,25,39.98,2,30.99,2,,1,,1,,9,-35.4,2,3.1,1.1,2,3.9526,4.0089,2
33RO20100308, A13.5,25,1,4,11030,2,20100320,2010-03-20 10:51,1051,-41.9993,1.1497,906,800.5,800.5,3.8392,34.2422,2,34.2438,2,230.9,2,230.9,6,26.39,6,29.92,6,0.01,6,2.06,6,3.072,2,1.555,2,0.794,2,3.566,3,,9,,9,,9,,,9,,39.85,2,31.86,2,,1,,1,,9,,9,,,9,3.7812,3.8396,2
33RO20100308, A13.5,25,1,5,11704,2,20100320,2010-03-20 10:51,1051,-41.9993,1.1497,906,799.6,799.6,3.8397,34.2422,2,34.2425,2,230.9,2,,9,26.38,6,29.88,6,0,6,2.06,6,,9,,9,,9,,9,2182.8,2,2288.9,2,970.3,2,20,7.6346,2,25,40.24,2,31.48,2,,9,,9,,9,,9,,,9,3.7817,,9
33RO20100308, A13.5,25,1,3,11703,2,20100320,2010-03-20 10:51,1051,-41.9993,1.1497,906,849.8,849.8,3.7452,34.2514,2,34.2518,2,228,2,228.1,2,28.27,6,30.3,6,0.01,6,2.08,6,2.947,2,1.492,2,0.742,2,3.412,3,2185.8,2,2289.4,2,980.5,2,20,7.6304,2,25,40.35,2,32.36,2,,1,,1,,9,,9,,,9,3.6839,3.745,2
33RO20100308, A13.5,25,1,1,11701,2,20100320,2010-03-20 10:51,1051,-41.9993,1.1497,906,893.3,893.3,3.6565,34.2612,2,34.2607,2,224.6,2,225.3,2,30.27,6,30.62,6,0.01,6,2.11,6,2.811,6,1.416,6,0.687,6,3.281,3,2189.8,2,2293.2,2,,9,,7.6247,2,25,40.29,2,31.83,2,,1,,1,,9,,9,,,9,3.5924,3.656,2
33RO20100308, A13.5,25,1,2,11702,2,20100320,2010-03-20 10:51,1051,-41.9993,1.1497,906,892.8,892.8,3.6562,34.2611,2,34.2593,2,224.6,2,,9,30.05,6,30.61,6,0.01,6,2.1,6,,9,,9,,9,,9,2189,2,2293.3,2,994.5,6,20,7.6262,2,25,40.15,2,32.07,2,,9,,9,,9,-54.8,2,2.6,1.03,2,3.5921,,9
33RO20100308, A13.5,26,1,24,11714,2,20100320,2010-03-20 14:57,1457,-41.5833,1.0092,2750,7.2,7.2,13.0808,34.5301,2,34.5297,2,268.8,2,267.6,2,0.66,2,5.14,2,0.16,2,0.56,2,3.116,2,1.826,2,1.589,2,3.849,3,2068,6,2290.1,6,474.8,2,20,7.918,2,25,,9,,9,,9,,9,,9,,9,,,9,13.0798,13.0816,2
33RO20100308, A13.5,26,1,23,11713,2,20100320,2010-03-20 14:57,1457,-41.5833,1.0092,2750,31.7,31.7,13.0567,34.5273,2,34.5265,2,269.7,2,267.9,2,0.68,2,5.21,2,0.16,2,0.57,2,,9,,9,,9,,9,2068.1,2,2291.2,2,469.7,6,20,7.9163,2,25,,9,,9,,9,,9,,9,,9,,,9,13.0524,13.0633,2
33RO20100308, A13.5,26,1,22,11712,2,20100320,2010-03-20 14:57,1457,-41.5833,1.0092,2750,61.9,61.9,11.8349,34.5935,2,34.5936,2,251,2,252.6,2,1.33,2,7.33,2,0.54,2,0.71,2,3.259,2,1.883,2,1.619,2,3.299,3,2090.5,2,2292.1,2,533.7,2,20,7.8664,2,25,,9,,9,,9,,9,,9,,9,,,9,11.827,11.8328,2
33RO20100308, A13.5,26,1,21,11010,2,20100320,2010-03-20 14:57,1457,-41.5833,1.0092,2750,100.3,100.3,10.5981,34.5593,2,34.5587,2,256.8,2,256.4,2,1.85,2,10.23,2,0.23,2,0.85,2,3.423,2,1.972,2,1.684,2,3.43,3,2100.7,2,2289.9,2,580.5,2,20,7.8404,2,25,,9,,9,,9,,9,,9,,9,,,9,10.5861,10.6165,2
33RO20100308, A13.5,26,1,20,11715,2,20100320,2010-03-20 14:57,1457,-41.5833,1.0092,2750,201.2,201.2,8.9967,34.5438,2,34.5435,2,255.6,2,255.7,2,3.48,2,14.3,2,0.02,2,1.07,2,3.649,2,2.07,2,1.651,2,3.299,3,2118.4,2,2287.2,2,646.9,2,20,7.7942,2,25,,9,,9,,9,,9,,9,,9,,,9,8.975,8.9963,2
33RO20100308, A13.5,26,1,19,11007,2,20100320,2010-03-20 14:57,1457,-41.5833,1.0092,2750,301.3,301.3,7.9485,34.4911,2,34.4916,2,242.1,2,241.7,2,5.9,2,18.88,2,0.01,2,1.33,2,3.727,2,2.098,2,1.505,2,3.08,3,2137.7,2,2284.9,2,,9,,7.7436,2,25,,9,,9,,9,,9,,9,,9,,,9,7.9181,7.9518,2
33RO20100308, A13.5,26,1,18,11710,2,20100320,2010-03-20 14:57,1457,-41.5833,1.0092,2750,400.5,400.5,6.589,34.3654,2,34.3661,2,235,2,235.7,2,9.19,2,23.25,2,0.01,2,1.61,2,3.835,2,2.094,2,1.283,2,3.475,3,2151.2,2,2280.9,2,835.1,2,20,7.6979,2,25,,9,,9,,9,,9,,9,,9,,,9,6.5526,6.5904,2
33RO20100308, A13.5,26,1,17,11025,2,20100320,2010-03-20 14:57,1457,-41.5833,1.0092,2750,498.9,498.9,5.4738,34.276,2,34.2769,2,234.8,2,235.3,2,12.94,2,26.11,2,0,2,1.8,2,3.839,2,2.025,2,1.121,2,3.874,3,2161.6,2,2279.1,2,,9,,7.6702,2,25,,9,,9,,9,,9,,9,,9,,,9,5.4324,5.4733,2
33RO20100308, A13.5,26,1,16,11709,2,20100320,2010-03-20 14:57,1457,-41.5833,1.0092,2750,599.5,599.5,4.7715,34.2362,2,34.2362,2,238.4,2,238.6,6,13.8,2,26.34,2,0.02,2,1.82,2,3.718,2,1.943,2,1.035,2,3.918,3,2166.4,2,2281.1,2,917.3,2,20,7.6595,2,25,,9,,9,,9,,9,,9,,9,,,9,4.7246,4.7749,2
33RO20100308, A13.5,26,1,15,11006,2,20100320,2010-03-20 14:57,1457,-41.5833,1.0092,2750,699.2,699.2,4.1986,34.2288,2,34.2285,2,237,2,236.4,2,21.37,2,28.76,2,0,2,1.98,2,3.399,2,1.769,2,0.927,2,3.694,3,2174.1,2,2281.5,2,,9,,7.6482,2,25,,9,,9,,9,,9,,9,,9,,,9,4.1465,4.1985,2
33RO20100308, A13.5,26,1,14,11708,2,20100320,2010-03-20 14:57,1457,-41.5833,1.0092,2750,800.3,800.3,3.844,34.2433,2,34.243,2,231.7,2,230.6,2,26.42,2,29.87,2,0,2,2.06,2,,9,,9,,9,,9,2182.6,2,2284.4,2,976.7,2,20,7.6346,2,25,,9,,9,,9,,9,,9,,9,,,9,3.786,3.8467,2
33RO20100308, A13.5,26,1,13,11031,2,20100320,2010-03-20 14:57,1457,-41.5833,1.0092,2750,899.4,899.4,3.5128,34.2735,2,34.273,2,221.7,2,221,2,33.1,2,31.02,2,0,2,2.15,2,2.63,2,1.309,2,0.514,2,3.241,3,2194.4,2,2294.7,2,,9,,7.6178,2,25,,9,,9,,9,,9,,9,,9,,,9,3.4492,3.5138,2
33RO20100308, A13.5,26,1,12,11027,2,20100320,2010-03-20 14:57,1457,-41.5833,1.0092,2750,999.6,999.6,3.2878,34.3198,2,34.3175,2,210.3,2,209.8,2,40.13,2,31.97,2,0,2,2.21,2,,9,,9,,9,,9,2208.5,2,2302.2,2,1059.9,2,20,7.6031,2,25,,9,,9,,9,,9,,9,,9,,,9,3.218,3.2897,2
33RO20100308, A13.5,26,1,11,11707,2,20100320,2010-03-20 14:57,1457,-41.5833,1.0092,2750,1099.6,1099.6,3.0846,34.3861,2,34.3849,2,196.6,2,196.2,2,48.71,2,32.78,2,0,2,2.28,2,1.516,2,0.727,2,0.276,2,1.99,3,2220.1,2,2311,2,1109.2,2,20,7.5866,2,25,,9,,9,,9,,9,,9,,9,,,9,3.0086,3.0843,2
33RO20100308, A13.5,26,1,10,11003,2,20100320,2010-03-20 14:57,1457,-41.5833,1.0092,2750,1202.1,1202.1,2.9804,34.4387,2,34.4357,2,188.7,2,187.9,6,54.31,2,33.16,2,0,2,2.3,2,,9,,9,,9,,9,2228.5,2,2313.3,2,,9,,7.5782,2,25,,9,,9,,9,,9,,9,,9,,,9,2.8972,2.9799,2
33RO20100308, A13.5,26,1,9,11706,2,20100320,2010-03-20 14:57,1457,-41.5833,1.0092,2750,1300.6,1300.6,2.8798,34.4903,2,34.4899,2,184.3,2,182.6,2,58.96,2,33.21,2,0,2,2.3,2,0.827,2,0.399,2,0.122,2,1.25,3,2234,2,2322.2,2,1132.3,2,20,7.5764,2,25,,9,,9,,9,,9,,9,,9,,,9,2.7897,2.8794,2
33RO20100308, A13.5,26,1,8,11033,2,20100320,2010-03-20 14:57,1457,-41.5833,1.0092,2750,1399.6,1399.6,2.8258,34.5505,2,34.5495,2,180.1,2,178.5,2,62.89,2,33.01,2,0,2,2.29,2,,9,,9,,9,,9,2238.9,6,2327.7,2,,9,,7.5758,2,25,,9,,9,,9,,9,,9,,9,,,9,2.7282,2.8258,2
33RO20100308, A13.5,26,1,7,11705,2,20100320,2010-03-20 14:57,1457,-41.5833,1.0092,2750,1600.9,1600.9,2.7514,34.6339,2,34.6326,2,180.2,2,180.3,2,64.68,2,31.66,2,0,2,2.21,2,0.314,2,0.149,2,0.092,2,0.573,3,2238.7,2,2331.8,2,1105,2,20,7.5903,2,25,,9,,9,,9,,9,,9,,9,,,9,2.6379,2.7525,2
33RO20100308, A13.5,26,1,6,11029,2,20100320,2010-03-20 14:57,1457,-41.5833,1.0092,2750,1800.6,1800.6,2.6873,34.7019,2,34.7012,2,187.8,2,187.9,2,64.97,2,30.34,2,0,2,2.1,2,0.192,2,0.091,2,0.067,2,0.391,3,2235,2,2335.2,2,,9,,7.609,2,25,,9,,9,,9,,9,,9,,9,,,9,2.5576,2.6871,2
33RO20100308, A13.5,26,1,5,11704,2,20100320,2010-03-20 14:57,1457,-41.5833,1.0092,2750,2001.7,2001.7,2.6276,34.7505,2,34.7497,2,196.4,2,196.1,2,63.93,6,29.03,6,0,6,1.99,6,0.125,2,0.059,2,0,2,0.289,3,2227,2,2337.3,2,997.5,2,20,7.6281,2,25,,9,,9,,9,,9,,9,,9,,,9,2.4811,2.6277,2
33RO20100308, A13.5,26,1,4,11030,2,20100320,2010-03-20 14:57,1457,-41.5833,1.0092,2750,2200.7,2200.7,2.5208,34.7902,2,34.7888,2,205.7,2,206.1,2,62.8,6,27.76,6,0,6,1.9,6,0.076,2,0.035,2,0,2,0.199,3,2221.1,2,2338.2,2,,9,,7.6492,2,25,,9,,9,,9,,9,,9,,9,,,9,2.358,2.5195,2
33RO20100308, A13.5,26,1,3,11703,2,20100320,2010-03-20 14:57,1457,-41.5833,1.0092,2750,2400,2400,2.4297,34.8091,2,34.8084,2,212.5,2,212.8,2,62.46,6,26.94,6,0,6,1.84,6,0.054,6,0.025,6,0,6,0.157,3,2217.9,2,2340.1,2,928.1,2,20,7.6624,2,25,,9,,9,,9,,9,,9,,9,,,9,2.2501,2.4295,2
33RO20100308, A13.5,26,1,2,11702,2,20100320,2010-03-20 14:57,1457,-41.5833,1.0092,2750,2599.9,2599.9,2.3258,34.8197,2,34.8191,2,215.8,2,217.8,2,63.29,6,26.47,6,0,6,1.81,2,0.039,2,0.018,2,0,2,0.119,3,2216.4,2,2339,2,,9,,7.6706,2,25,,9,,9,,9,,9,,9,,9,,,9,2.1293,2.3252,2
33RO20100308, A13.5,26,1,1,11701,2,20100320,2010-03-20 14:57,1457,-41.5833,1.0092,2750,2791.9,2791.9,2.1655,34.8217,2,34.8202,2,220.3,2,220.6,2,66.33,6,26.39,6,0,6,1.8,6,0.033,2,0.018,2,0,2,0.099,3,2218.3,6,2343.9,2,899.5,2,20,7.6753,2,25,,9,,9,,9,,9,,9,,9,,,9,1.9538,2.1643,2
33RO20100308, A13.5,27,1,24,11714,2,20100320,2010-03-20 21:12,2112,-40.9995,0.9717,4603,6.3,6.3,13.4321,34.5324,2,34.5328,2,263.9,2,264.4,2,0.68,2,5.08,2,0.13,2,0.57,2,3.08,2,1.808,2,1.574,2,3.791,3,2071.7,6,2292.7,6,473,2,20,7.9144,2,25,57.07,2,9.43,2,,9,,9,,9,,9,,,9,13.4312,13.4385,2
33RO20100308, A13.5,27,1,23,11713,2,20100320,2010-03-20 21:12,2112,-40.9995,0.9717,4603,51.5,51.5,12.5551,34.5328,2,34.5328,2,265.5,2,263.4,2,0.72,2,5.39,2,0.13,2,0.6,2,3.149,2,1.828,2,1.604,2,3.745,3,2075.9,2,2291.8,2,485.5,6,20,7.9037,4,25,56.24,2,11.07,2,,9,,9,,9,,9,,,9,12.5483,12.5555,2
33RO20100308, A13.5,27,1,22,11712,2,20100320,2010-03-20 21:12,2112,-40.9995,0.9717,4603,110.3,110.3,10.8932,34.6997,2,34.6972,2,251.1,2,252.3,2,2.01,2,9.59,2,0.02,2,0.8,2,3.36,2,1.951,2,1.617,2,2.665,3,2106.4,2,2293.7,2,571.2,2,20,7.8432,2,25,49.9,2,13.13,2,,9,,9,,9,,9,,,9,10.8798,10.8981,2
33RO20100308, A13.5,27,1,21,11010,2,20100320,2010-03-20 21:12,2112,-40.9995,0.9717,4603,151.1,151.1,10.0391,34.6413,2,34.6408,2,251.5,2,252.3,2,2.57,2,11.68,2,0.02,2,0.92,2,3.461,6,2,6,1.674,6,2.695,3,2115.1,2,2291.4,2,611.5,2,20,7.8202,2,25,45.26,2,15.04,2,,9,,9,,9,,9,,,9,10.0216,10.0391,2
33RO20100308, A13.5,27,1,20,11715,2,20100320,2010-03-20 21:12,2112,-40.9995,0.9717,4603,250.6,250.6,9.0104,34.6122,2,34.6123,2,238.1,2,240.1,2,4.47,2,16.13,2,0.01,2,1.17,2,3.584,2,2.032,2,1.538,2,2.665,3,2132.7,2,2288.4,2,687.9,2,20,7.771,2,25,44.44,2,18.64,2,,9,,9,,9,,9,,,9,8.9832,8.9983,2
33RO20100308, A13.5,27,1,19,11007,2,20100320,2010-03-20 21:12,2112,-40.9995,0.9717,4603,352.2,352.2,7.656,34.4706,2,34.4714,2,236,2,236.9,2,6.7,2,20.19,2,0,2,1.42,2,3.748,2,2.073,2,1.341,2,3.046,3,2144.9,2,2276.7,2,767.5,2,20,7.729,2,25,43.8,2,22.5,2,,9,,9,,9,,9,,,9,7.6212,7.661,2
33RO20100308, A13.5,27,1,18,11710,2,20100320,2010-03-20 21:12,2112,-40.9995,0.9717,4603,449,449,6.2848,34.3391,2,34.3395,2,232,2,233.5,2,9.94,2,24.27,2,0.01,2,1.68,2,3.823,2,2.056,2,1.273,2,3.417,3,2156.4,2,2279,2,844.5,2,20,7.6881,2,25,41.4,2,26.1,2,,9,,9,,9,,9,,,9,6.2449,6.2876,2
33RO20100308, A13.5,27,1,17,11025,2,20100320,2010-03-20 21:12,2112,-40.9995,0.9717,4603,600.3,600.3,4.7572,34.2323,2,34.2319,2,239.3,2,239.5,2,16.14,2,27.45,2,0,2,1.9,2,3.737,2,1.969,2,1.126,2,3.826,3,2167.4,2,2280.8,2,910.3,2,20,7.6601,2,25,41.32,2,28.99,2,,9,,9,,9,,9,,,9,4.7103,4.757,2
33RO20100308, A13.5,27,1,16,11709,2,20100320,2010-03-20 21:12,2112,-40.9995,0.9717,4603,751,751,4.0953,34.2245,2,34.2248,2,236.8,2,237,2,22.03,2,28.99,2,0,2,2.01,2,3.396,2,1.758,2,0.881,2,3.788,3,2177.4,2,2284.2,2,947.3,2,20,7.646,2,25,41.07,2,30.59,2,,9,,9,,9,,9,,,9,4.0397,4.0971,2
33RO20100308, A13.5,27,1,15,11006,2,20100320,2010-03-20 21:12,2112,-40.9995,0.9717,4603,900.3,900.3,3.5079,34.2647,2,34.265,2,223.2,2,222.9,2,32.35,2,30.88,2,0,2,2.14,2,2.687,2,1.348,2,0.568,2,3.219,3,2194.8,2,2295.9,2,1012.2,2,20,7.6198,2,25,40.29,2,31.88,2,,9,,9,,9,,9,,,9,3.4443,3.5065,2
33RO20100308, A13.5,27,1,14,11708,2,20100320,2010-03-20 21:12,2112,-40.9995,0.9717,4603,1051.4,1051.4,3.2153,34.3421,2,34.3429,2,202.7,2,204.7,2,43.45,2,32.36,2,0,2,2.25,2,1.876,2,0.913,2,0.38,2,2.375,3,2212.8,2,2294.1,3,1081.8,2,20,7.5957,2,25,39.88,2,33.82,2,,9,,9,,9,,9,,,9,3.142,3.2148,2
33RO20100308, A13.5,27,1,13,11031,2,20100320,2010-03-20 21:12,2112,-40.9995,0.9717,4603,1199.8,1199.8,3.0174,34.4229,2,34.4221,2,189,2,188.9,6,53.38,2,33.3,2,0,2,2.33,2,,9,,9,,9,,9,2227.4,2,2317.1,2,1128.2,2,20,7.5786,2,25,39.96,2,35.03,2,,9,,9,,9,,9,,,9,2.9341,3.0179,2
33RO20100308, A13.5,27,1,12,11027,2,20100320,2010-03-20 21:12,2112,-40.9995,0.9717,4603,1499.2,1499.2,2.8036,34.5878,2,34.5887,2,177.4,2,178.3,2,64.42,2,32.77,2,0,2,2.28,2,0.401,2,0.193,2,0,2,0.702,3,2240.5,6,2330.2,6,1132.3,2,20,7.5798,2,25,39.14,2,34.53,2,,9,,9,,9,,9,,,9,2.698,2.8032,2
33RO20100308, A13.5,27,1,11,11707,2,20100320,2010-03-20 21:12,2112,-40.9995,0.9717,4603,1800.4,1800.4,2.6947,34.7046,2,34.7049,2,186.6,2,188,6,64.97,2,30.48,2,0,2,2.1,2,,9,,9,,9,,9,2235.3,2,2336,2,1053.2,2,20,7.6079,2,25,39.35,2,32.68,2,,9,,9,,9,,9,,,9,2.5649,2.6942,2
33RO20100308, A13.5,27,1,10,11003,2,20100320,2010-03-20 21:12,2112,-40.9995,0.9717,4603,2101.7,2101.7,2.6142,34.7788,2,34.7776,2,201.3,2,202.3,2,61.81,2,28.21,2,0,2,1.94,2,0.08,2,0.037,2,0,2,0.207,3,2224.5,2,2337.6,2,972,2,20,7.6417,2,25,39.17,2,29.85,2,,9,,9,,9,,9,,,9,2.4589,2.6136,2
33RO20100308, A13.5,27,1,9,11706,2,20100320,2010-03-20 21:12,2112,-40.9995,0.9717,4603,2400.6,2400.6,2.4963,34.8119,2,34.811,2,211.7,2,212.5,2,60.31,2,26.83,2,0,2,1.84,2,,9,,9,,9,,9,2217.7,2,2336.6,2,926.6,2,20,7.6624,2,25,39.33,2,28.97,2,,9,,9,,9,,9,,,9,2.3155,2.4958,2
33RO20100308, A13.5,27,1,8,11033,2,20100320,2010-03-20 21:12,2112,-40.9995,0.9717,4603,2699.8,2699.8,2.3812,34.8264,2,34.8266,2,219.3,2,218.9,2,60.8,2,26.16,2,0,2,1.79,2,0.034,2,0.017,2,0,2,0.105,3,2215.1,2,2340,2,896.2,2,20,7.6743,2,25,39.34,2,28.49,2,,9,,9,,9,,9,,,9,2.174,2.3809,2
33RO20100308, A13.5,27,1,7,11705,2,20100320,2010-03-20 21:12,2112,-40.9995,0.9717,4603,3000.4,3000.4,2.231,34.8311,2,34.8305,2,222.8,2,222.7,2,63.58,2,25.99,2,0,2,1.78,2,,9,,9,,9,,9,2216.7,2,2340.4,2,881.9,6,20,7.6804,2,25,39.14,2,27.59,2,,9,,9,,9,,9,,,9,1.9973,2.2303,2
33RO20100308, A13.5,27,1,6,11029,2,20100320,2010-03-20 21:12,2112,-40.9995,0.9717,4603,3300.9,3300.9,2.0182,34.8204,2,34.8194,2,221.5,2,223,2,70.59,2,26.55,2,0,2,1.82,2,0.032,2,0.015,2,0,2,0.089,3,2223,2,2349.5,2,889.7,2,20,7.6774,2,25,39.1,2,27.76,2,,9,,9,,9,,9,,,9,1.759,2.0176,2
33RO20100308, A13.5,27,1,5,11704,2,20100320,2010-03-20 21:12,2112,-40.9995,0.9717,4603,3501.7,3501.7,1.7958,34.7991,2,34.7986,2,219.8,2,219.7,2,79.56,6,27.49,6,0.01,6,1.89,6,0.042,2,0.02,2,0,2,0.112,3,2230,2,2350.8,2,911.7,2,20,7.6667,2,25,39.56,2,28.79,2,,9,,9,,9,,9,,,9,1.5213,1.7954,2
33RO20100308, A13.5,27,1,4,11030,2,20100320,2010-03-20 21:12,2112,-40.9995,0.9717,4603,3799.4,3799.4,1.4236,34.766,2,34.7653,2,217.6,2,217.8,2,93.72,6,29.01,6,0.01,6,2.01,6,0.065,2,0.031,2,0,2,0.169,3,2242.2,2,2357.9,2,957.8,2,20,7.6506,2,25,39.29,2,30.75,2,,9,,9,,9,,9,,,9,1.1278,1.423,2
33RO20100308, A13.5,27,1,3,11703,2,20100320,2010-03-20 21:12,2112,-40.9995,0.9717,4603,4103.2,4103.2,1.1513,34.7423,2,34.7413,2,216.7,2,216.5,2,104.1,6,30.16,6,0.01,6,2.09,6,0.083,2,0.039,2,0,2,0.219,3,2249.4,2,2364.4,2,983.6,2,20,7.6408,2,25,39.43,2,32.1,2,,9,,9,,9,,9,,,9,0.8307,1.1508,2
33RO20100308, A13.5,27,1,2,11702,2,20100320,2010-03-20 21:12,2112,-40.9995,0.9717,4603,4401,4401,1.0872,34.7342,2,34.7342,2,216.9,2,216.4,2,107.71,6,30.55,6,0,6,2.12,6,0.1,6,0.047,6,0,6,0.246,3,2252.4,2,2367.2,2,993.7,2,20,7.6367,2,25,39.75,2,31.93,2,,9,,9,,9,,9,,,9,0.7358,1.0865,2
33RO20100308, A13.5,27,1,1,11701,2,20100320,2010-03-20 21:12,2112,-40.9995,0.9717,4603,4667.6,4667.6,1.0763,34.7291,2,34.7289,2,216.8,2,214.7,2,110.23,6,30.83,6,0.01,6,2.14,6,0.12,2,0.056,2,0,2,0.268,3,2256.6,6,2367.9,6,997,2,20,7.6343,2,25,39.3,2,31.75,2,,9,,9,,9,,9,,,9,0.695,1.0761,2
33RO20100308, A13.5,28,1,24,11714,2,20100321,2010-03-21 3:12,312,-40.4998,0.9773,4691,6.1,6.1,14.5636,34.6007,2,34.6012,2,260.5,2,259.5,2,0.21,2,2.51,2,0.08,2,0.4,2,2.862,2,1.687,2,1.447,2,3.236,3,2058,6,2297.5,6,437.2,2,20,7.9469,2,25,,9,,9,,9,,9,,9,,9,,,9,14.5627,14.5619,2
33RO20100308, A13.5,28,1,23,11713,2,20100321,2010-03-21 3:12,312,-40.4998,0.9773,4691,59.8,59.8,13.864,34.5989,2,34.5985,2,253.2,2,253.1,2,0.31,2,3.4,2,0.12,2,0.48,2,2.919,2,1.728,2,1.593,2,3.204,3,2070.3,2,2295.8,2,464.3,6,20,7.9245,2,25,,9,,9,,9,,9,,9,,9,,,9,13.8555,13.8623,2
33RO20100308, A13.5,28,1,22,11712,2,20100321,2010-03-21 3:12,312,-40.4998,0.9773,4691,90.1,90.1,12.1217,34.5472,2,34.5459,2,260.5,2,260,2,0.71,2,6.25,2,0.23,2,0.67,2,3.19,6,1.864,6,1.679,6,3.537,3,2085.2,2,2293.4,2,509.2,2,20,7.8857,2,25,,9,,9,,9,,9,,9,,9,,,9,12.11,12.1242,2
33RO20100308, A13.5,28,1,21,11010,2,20100321,2010-03-21 3:12,312,-40.4998,0.9773,4691,198.9,198.9,9.6822,34.5883,2,34.5903,2,253.2,4,420.9,4,2.34,2,12.33,2,0.01,2,0.96,2,3.523,2,2.032,2,1.759,2,2.802,3,2111,2,2289,2,623.2,2,20,7.8139,2,25,,9,,9,,9,,9,,9,,9,,,9,9.6597,9.6933,2
33RO20100308, A13.5,28,1,20,11715,2,20100321,2010-03-21 3:12,312,-40.4998,0.9773,4691,299.6,299.6,8.7927,34.5788,2,34.5779,2,243.5,2,242.2,2,4.21,2,16.4,2,0.01,2,1.19,2,3.634,2,2.054,2,1.551,2,2.765,3,2131.5,2,2288.9,2,697,2,20,7.767,2,25,,9,,9,,9,,9,,9,,9,,,9,8.7606,8.7929,2
33RO20100308, A13.5,28,1,19,11007,2,20100321,2010-03-21 3:12,312,-40.4998,0.9773,4691,399.4,399.4,7.6403,34.4698,2,34.4694,2,237.9,2,237.6,2,6.39,2,20.04,2,0.01,2,1.42,2,3.747,2,2.081,2,1.432,2,3.086,3,2143.8,2,2282.3,2,765,2,20,7.7295,2,25,,9,,9,,9,,9,,9,,9,,,9,7.6007,7.6375,2
33RO20100308, A13.5,28,1,18,11710,2,20100321,2010-03-21 3:12,312,-40.4998,0.9773,4691,500.3,500.3,6.0922,34.3226,2,34.3235,2,232.6,2,235.3,2,10.44,2,24.6,2,0,2,1.71,2,3.846,2,2.069,2,1.268,2,3.561,3,2157.3,2,2281.4,2,850.5,2,20,7.6844,2,25,,9,,9,,9,,9,,9,,9,,,9,6.0483,6.094,2
33RO20100308, A13.5,28,1,17,11025,2,20100321,2010-03-21 3:12,312,-40.4998,0.9773,4691,600.4,600.4,4.8784,34.2333,2,34.2329,2,238.2,2,239.7,2,14.94,2,27.22,2,0,2,1.89,2,3.809,2,2,2,1.092,2,3.844,3,2164.6,2,2276.6,2,903.9,2,20,7.6625,2,25,,9,,9,,9,,9,,9,,9,,,9,4.831,4.8816,2
33RO20100308, A13.5,28,1,16,11709,2,20100321,2010-03-21 3:12,312,-40.4998,0.9773,4691,700.7,700.7,4.2611,34.2292,2,34.2287,2,235.7,2,236.4,2,20.8,2,28.75,2,0,2,1.99,2,3.444,2,1.773,2,0.908,2,3.737,3,2173,2,2285,2,927.1,2,20,7.6483,2,25,,9,,9,,9,,9,,9,,9,,,9,4.2086,4.2585,2
33RO20100308, A13.5,28,1,15,11006,2,20100321,2010-03-21 3:12,312,-40.4998,0.9773,4691,798.9,798.9,3.804,34.2396,2,34.2385,2,229.7,2,230.9,6,26.45,2,29.94,2,0,2,2.08,2,3.081,2,1.57,2,0.771,2,3.441,3,2183.3,2,2288.7,2,976.5,2,20,7.6337,2,25,,9,,9,,9,,9,,9,,9,,,9,3.7463,3.8041,2
33RO20100308, A13.5,28,1,14,11708,2,20100321,2010-03-21 3:12,312,-40.4998,0.9773,4691,998.8,998.8,3.2276,34.3365,2,34.3354,2,211.4,2,207.9,2,42.75,2,32.38,2,0,2,2.25,2,1.908,2,0.931,2,0.371,2,2.36,3,2210.5,2,2304.1,2,1075.5,2,20,7.5963,2,25,,9,,9,,9,,9,,9,,9,,,9,3.1583,3.2282,2
33RO20100308, A13.5,28,1,13,11031,2,20100321,2010-03-21 3:12,312,-40.4998,0.9773,4691,1199.8,1199.8,3.0811,34.4561,2,34.4557,2,182.8,2,183.4,2,55.7,2,33.29,2,0,2,2.33,2,0.979,2,0.472,2,0.176,2,1.376,3,2231.1,2,2318.1,2,1139.4,2,20,7.5767,2,25,,9,,9,,9,,9,,9,,9,,,9,2.9971,3.0799,2
33RO20100308, A13.5,28,1,12,11027,2,20100321,2010-03-21 3:12,312,-40.4998,0.9773,4691,1400.9,1400.9,2.8913,34.5453,2,34.5458,2,178.6,2,177.4,2,62.04,2,32.98,6,0,6,2.31,6,0.521,2,0.255,2,0.095,2,0.849,3,2239.4,2,,5,1144.5,2,20,7.5775,2,25,,9,,9,,9,,9,,9,,9,,,9,2.7929,2.8892,2
33RO20100308, A13.5,28,1,11,11707,2,20100321,2010-03-21 3:12,312,-40.4998,0.9773,4691,1599.2,1599.2,2.8139,34.6431,2,34.643,2,180.8,2,178.1,2,64.98,2,31.78,6,0,6,2.22,6,0.25,2,0.12,2,0.045,2,0.482,3,2240.1,2,2333.9,2,1103.8,2,20,7.5893,2,25,,9,,9,,9,,9,,9,,9,,,9,2.6998,2.8145,2
33RO20100308, A13.5,28,1,10,11003,2,20100321,2010-03-21 3:12,312,-40.4998,0.9773,4691,1800.2,1800.2,2.7162,34.7155,2,34.7149,2,187.6,2,187.9,2,64.37,2,30.12,2,0,2,2.1,2,0.149,2,0.072,2,0,2,0.316,3,2234,2,2336.5,2,1049.9,2,20,7.6113,2,25,,9,,9,,9,,9,,9,,9,,,9,2.5861,2.7166,2
33RO20100308, A13.5,28,1,9,11706,2,20100321,2010-03-21 3:12,312,-40.4998,0.9773,4691,1999.5,1999.5,2.6645,34.7735,2,34.7738,2,197.7,2,199,2,61.33,2,28.34,2,0,2,1.97,2,0.083,2,0.039,2,0,2,0.201,3,2226.2,2,2336.1,2,977.4,2,20,7.6364,2,25,,9,,9,,9,,9,,9,,9,,,9,2.5175,2.6643,2
33RO20100308, A13.5,28,1,8,11033,2,20100321,2010-03-21 3:12,312,-40.4998,0.9773,4691,2299.9,2299.9,2.5481,34.8133,2,34.8126,2,210,2,210.5,2,59.06,2,26.76,2,0,2,1.85,2,0.041,2,0.021,2,0,2,0.115,3,2217.8,2,2338.4,2,921.1,2,20,7.66,2,25,,9,,9,,9,,9,,9,,9,,,9,2.3757,2.548,2
33RO20100308, A13.5,28,1,7,11705,2,20100321,2010-03-21 3:12,312,-40.4998,0.9773,4691,2600.5,2600.5,2.424,34.8328,2,34.8327,2,218.1,2,219.4,2,58.41,6,25.82,6,0,6,1.77,6,0.024,2,0.015,2,0.042,2,0.074,3,2213.3,2,2337.9,2,885.1,2,20,7.6765,2,25,,9,,9,,9,,9,,9,,9,,,9,2.2255,2.4238,2
33RO20100308, A13.5,28,1,6,11029,2,20100321,2010-03-21 3:12,312,-40.4998,0.9773,4691,2900.9,2900.9,2.2792,34.831,2,34.831,2,219.2,2,220.9,2,62.61,2,25.92,2,0,2,1.78,2,0.023,2,0.012,2,0,2,0.075,3,2216.8,2,2341,2,883.7,2,20,7.6782,2,25,,9,,9,,9,,9,,9,,9,,,9,2.0544,2.2786,2
33RO20100308, A13.5,28,1,5,11704,2,20100321,2010-03-21 3:12,312,-40.4998,0.9773,4691,3300.2,3300.2,2.0563,34.8225,2,34.8209,2,221,2,221.6,2,69.67,2,26.41,2,0,2,1.82,2,0.026,2,0.013,2,0,2,0.071,3,2221.7,2,2341,2,892.7,2,20,7.6772,2,25,,9,,9,,9,,9,,9,,9,,,9,1.7962,2.0559,2
33RO20100308, A13.5,28,1,4,11030,2,20100321,2010-03-21 3:12,312,-40.4998,0.9773,4691,3700.4,3700.4,1.5744,34.7765,2,34.7763,2,216,2,216.1,6,89.27,6,28.55,6,0,6,1.98,6,0.06,2,0.031,2,0.023,2,0.138,3,2238.4,2,2356.7,2,949.5,2,20,7.6519,2,25,,9,,9,,9,,9,,9,,9,,,9,1.2849,1.5739,2
33RO20100308, A13.5,28,1,3,11703,2,20100321,2010-03-21 3:12,312,-40.4998,0.9773,4691,4100.9,4100.9,1.219,34.7472,2,34.747,2,216.3,2,216,2,102.33,2,29.9,6,0,6,2.07,6,0.076,6,0.037,6,0,2,0.191,3,2248.7,2,2362.8,2,980.1,2,20,7.6392,2,25,,9,,9,,9,,9,,9,,9,,,9,0.8967,1.2186,2
33RO20100308, A13.5,28,1,2,11702,2,20100321,2010-03-21 3:12,312,-40.4998,0.9773,4691,4500.4,4500.4,1.0999,34.7343,2,34.7347,2,216.6,2,215.5,2,107.83,2,30.53,2,0,2,2.12,2,0.091,2,0.044,2,0.024,2,0.222,3,2252.7,2,2364.1,2,997.8,6,20,7.6361,2,25,,9,,9,,9,,9,,9,,9,,,9,0.7369,1.0993,2
33RO20100308, A13.5,28,1,1,11701,2,20100321,2010-03-21 3:12,312,-40.4998,0.9773,4691,4775.2,4775.2,1.0934,34.7303,2,34.7308,2,216.4,2,214.1,2,109.47,2,30.67,2,0.01,2,2.14,2,0.109,2,0.053,2,0,2,0.244,3,2255.2,6,2364.5,6,994.2,2,20,7.6365,2,25,,9,,9,,9,,9,,9,,9,,,9,0.6991,1.0926,2
33RO20100308, A13.5,29,1,24,11714,2,20100321,2010-03-21 9:31,931,-39.9998,0.9828,4935,5,5,15.5213,34.6344,2,34.6333,2,253.4,2,256.1,6,0.68,2,1.01,2,0.05,2,0.3,2,2.721,2,1.629,2,1.51,2,2.852,3,2054.2,6,2298.5,6,421.4,2,20,7.9618,2,25,57.21,2,5.99,2,,9,,9,,9,,9,,,9,15.5205,15.5202,2
33RO20100308, A13.5,29,1,23,11713,2,20100321,2010-03-21 9:31,931,-39.9998,0.9828,4935,54.8,54.8,14.29,34.597,2,34.5962,2,252.5,2,251.9,2,0.79,2,3.09,2,0.16,2,0.48,2,2.889,2,1.725,2,1.568,2,2.94,3,2073.6,2,2296.4,2,,9,,7.9231,2,25,55.26,2,8.54,2,,9,,9,,9,,9,,,9,14.282,14.2899,2
33RO20100308, A13.5,29,1,22,11712,2,20100321,2010-03-21 9:31,931,-39.9998,0.9828,4935,124.9,124.9,12.1058,34.9679,2,34.9658,2,248.4,2,246.4,2,2.53,2,7.76,2,0.01,2,0.68,2,3.092,6,1.827,6,1.577,6,1.83,3,2104.1,2,2307,2,531.7,2,20,7.8722,2,25,50.26,2,11.88,2,,9,,9,,9,,9,,,9,12.0895,12.1052,2
33RO20100308, A13.5,29,1,21,11010,2,20100321,2010-03-21 9:31,931,-39.9998,0.9828,4935,251.1,251.1,9.46,34.6654,2,34.6649,2,237.3,2,236,2,4.46,2,15.43,2,0.01,2,1.13,2,3.469,2,1.979,2,1.517,2,2.197,3,2132.3,2,2293,2,681.5,2,20,7.7788,2,25,45.72,2,18.27,2,,9,,9,,9,,9,,,9,9.4319,9.4555,2
33RO20100308, A13.5,29,1,20,11715,2,20100321,2010-03-21 9:31,931,-39.9998,0.9828,4935,350.9,350.9,8.1971,34.5458,2,34.5443,2,230.3,2,229.2,2,7.41,2,19.64,2,0.01,2,1.39,2,3.52,2,1.954,2,1.346,2,2.479,3,2146.2,2,2288.1,2,757.8,2,20,7.7358,2,25,42.86,2,22.03,2,,9,,9,,9,,9,,,9,8.1609,8.1976,2
33RO20100308, A13.5,29,1,19,11007,2,20100321,2010-03-21 9:31,931,-39.9998,0.9828,4935,449.8,449.8,6.6015,34.3738,2,34.3734,2,231.5,2,232.6,2,9.95,2,23.61,2,0,2,1.65,2,3.736,2,2.026,2,1.302,2,3.087,3,2156.6,2,2282.4,2,839.9,2,20,7.6947,2,25,41.84,2,25.93,2,,9,,9,,9,,9,,,9,6.5604,6.5999,2
33RO20100308, A13.5,29,1,18,11710,2,20100321,2010-03-21 9:31,931,-39.9998,0.9828,4935,550.4,550.4,5.6048,34.3289,2,34.3328,2,221.7,2,223.7,2,16.84,2,26.7,2,0,2,1.87,2,3.339,2,1.759,2,0.909,2,2.987,3,2170.3,2,2285.4,2,898.4,2,20,7.6649,2,25,41.1,2,28.06,2,,9,,9,,9,,9,,,9,5.5583,5.6385,2
33RO20100308, A13.5,29,1,17,11025,2,20100321,2010-03-21 9:31,931,-39.9998,0.9828,4935,650.1,650.1,4.6637,34.2747,2,34.2739,2,232,2,229.8,2,21.25,2,28.37,2,0,2,1.98,2,3.232,2,1.675,2,0.842,2,3.161,3,2178.2,2,2287,2,931.6,2,20,7.6527,2,25,39.98,2,29.82,2,,9,,9,,9,,9,,,9,4.6131,4.6631,2
33RO20100308, A13.5,29,1,16,11709,2,20100321,2010-03-21 9:31,931,-39.9998,0.9828,4935,751.3,751.3,4.2943,34.3056,2,34.3036,2,219.5,2,219,2,28.49,2,29.79,2,0,2,2.09,2,2.695,2,1.37,2,0.609,2,2.792,3,2189.7,2,2294.1,2,973.7,2,20,7.6348,2,25,40.3,2,31.11,2,,9,,9,,9,,9,,,9,4.2374,4.2937,2
33RO20100308, A13.5,29,1,15,11006,2,20100321,2010-03-21 9:31,931,-39.9998,0.9828,4935,900,900,3.5368,34.3098,2,34.309,2,214.4,2,213,2,36.75,2,31.43,2,0,2,2.21,2,2.237,2,1.11,2,0.477,2,2.501,3,2202.5,2,2299,2,1039.2,2,20,7.6131,2,25,40.32,2,32.99,2,,9,,9,,9,,9,,,9,3.4729,3.5381,2
33RO20100308, A13.5,29,1,14,11708,2,20100321,2010-03-21 9:31,931,-39.9998,0.9828,4935,1099.7,1099.7,3.1271,34.4421,2,34.4394,2,187,2,185.9,2,54.19,2,33.32,2,0,2,2.34,2,1.075,2,0.518,2,0.17,2,1.475,3,2231.3,2,2317.4,2,1126.3,2,20,7.5808,2,25,39.62,2,34.71,2,,9,,9,,9,,9,,,9,3.0506,3.1257,2
33RO20100308, A13.5,29,1,13,11031,2,20100321,2010-03-21 9:31,931,-39.9998,0.9828,4935,1299,1299,2.9313,34.5788,2,34.5775,2,177,2,176.3,2,63.56,2,32.65,2,0,2,2.3,2,0.414,2,0.202,2,0.113,2,0.695,3,2242.8,6,2326.1,6,1134.9,2,20,7.5814,2,25,39.36,2,34.72,2,,9,,9,,9,,9,,,9,2.8406,2.9308,2
33RO20100308, A13.5,29,1,12,11027,2,20100321,2010-03-21 9:31,931,-39.9998,0.9828,4935,1500.6,1500.6,2.8635,34.6853,2,34.6836,2,182.6,2,183.7,2,62.78,2,30.84,2,0,2,2.16,2,0.168,2,0.082,2,0.062,2,0.348,3,2237.1,2,2334.3,2,1065.5,2,20,7.6053,2,25,39.43,2,32.69,2,,9,,9,,9,,9,,,9,2.7569,2.8631,2
33RO20100308, A13.5,29,1,11,11707,2,20100321,2010-03-21 9:31,931,-39.9998,0.9828,4935,1699.6,1699.6,2.8313,34.7266,2,34.725,2,189.7,2,190.5,2,60.64,2,29.71,2,0,2,2.08,2,0.109,2,0.053,2,0.027,2,0.24,3,2231,2,2333.8,2,1018.3,2,20,7.6214,2,25,39.28,2,31.25,2,,9,,9,,9,,9,,,9,2.7083,2.8307,2
33RO20100308, A13.5,29,1,10,11003,2,20100321,2010-03-21 9:31,931,-39.9998,0.9828,4935,1899.9,1899.9,2.8094,34.7618,2,34.7604,2,197.1,2,197.5,2,58.04,2,28.56,2,0,2,1.99,2,0.073,2,0.034,2,0,2,0.179,3,2225.7,2,2334.6,2,,9,,7.6367,2,25,39.11,2,29.99,2,,9,,9,,9,,9,,,9,2.6692,2.809,2
33RO20100308, A13.5,29,1,9,11706,2,20100321,2010-03-21 9:31,931,-39.9998,0.9828,4935,2101.4,2101.4,2.7457,34.8,2,34.7985,2,206.7,2,207.3,2,55.53,2,27.17,2,0,2,1.89,2,0.043,2,0.021,2,0,2,0.121,3,2218.8,2,2334.8,2,937.3,2,20,7.6559,2,25,38.98,2,28.32,2,,9,,9,,9,,9,,,9,2.5883,2.7453,2
33RO20100308, A13.5,29,1,8,11033,2,20100321,2010-03-21 9:31,931,-39.9998,0.9828,4935,2399.3,2399.3,2.5952,34.8292,2,34.8274,2,217.8,2,217.6,2,55.05,2,25.99,2,0,2,1.8,2,0.025,2,0.013,2,0,2,0.078,3,2213.2,2,2337.9,2,,9,,7.6747,2,25,39.42,2,27.22,2,,9,,9,,9,-112.2,2,2.5,0.82,2,2.4127,2.5947,2
33RO20100308, A13.5,29,1,7,11705,2,20100321,2010-03-21 9:31,931,-39.9998,0.9828,4935,2700.4,2700.4,2.4512,34.8389,2,34.8375,2,223.4,2,222.6,2,56.88,2,25.55,2,0,2,1.76,2,0.016,2,0.009,2,0,2,0.061,3,2213.3,2,2338.5,2,871.7,6,20,7.6843,2,25,39.72,2,27.77,2,,9,,9,,9,-112.1,2,2.6,0.83,2,2.2425,2.4511,2
33RO20100308, A13.5,29,1,6,11029,2,20100321,2010-03-21 9:31,931,-39.9998,0.9828,4935,3100.4,3100.4,2.3132,34.8406,2,34.8387,2,226.3,2,225.4,2,60.13,2,25.48,2,0,2,1.76,2,0.014,2,0.008,2,0,2,0.052,3,2214.4,2,2342.9,2,,9,,7.6877,2,25,39.24,2,27.37,2,,9,,9,,9,-116.3,2,2.9,0.79,2,2.0676,2.3134,2
33RO20100308, A13.5,29,1,5,11704,2,20100321,2010-03-21 9:31,931,-39.9998,0.9828,4935,3500.2,3500.2,2.0929,34.8294,2,34.8285,2,226.3,2,225.2,2,67.55,6,26.01,6,0,6,1.8,2,0.019,2,0.01,2,0,2,0.061,3,2221,2,2347.7,2,877.6,2,20,7.6866,2,25,39.21,2,28.11,2,,9,,9,,9,-127.3,2,2.5,0.81,2,1.811,2.0921,2
33RO20100308, A13.5,29,1,4,11030,2,20100321,2010-03-21 9:31,931,-39.9998,0.9828,4935,3900.7,3900.7,1.632,34.7844,2,34.7838,2,222.3,2,220.1,2,86.37,6,28.15,6,0,6,1.96,6,0.045,2,0.022,2,0,2,0.119,3,2237.2,2,2357,2,,9,,7.6616,2,25,39.02,2,30.32,2,,9,,9,,9,-138.2,2,2.3,0.69,2,1.3195,1.6316,2
33RO20100308, A13.5,29,1,3,11703,2,20100321,2010-03-21 9:31,931,-39.9998,0.9828,4935,4298.8,4298.8,1.2409,34.7484,2,34.7474,2,219.4,2,217.7,2,101.87,6,29.86,6,0,6,2.09,6,0.071,2,0.034,2,0,2,0.18,3,2249.3,2,2362.8,2,975.2,2,20,7.6451,2,25,38.71,2,31.88,2,,9,,9,,9,-152.2,2,2.3,0.62,2,0.8961,1.2405,2
33RO20100308, A13.5,29,1,2,11702,2,20100321,2010-03-21 9:31,931,-39.9998,0.9828,4935,4699.5,4699.5,1.1256,34.7348,2,34.7343,2,218.3,2,217.1,2,107.6,6,30.48,6,0,6,2.13,6,0.092,2,0.045,2,0,2,0.222,3,2254.1,2,2365.8,2,990.5,2,20,7.6386,2,25,38.46,2,32.6,2,,9,,9,,9,-151.2,2,2.6,0.59,2,0.739,1.125,2
33RO20100308, A13.5,29,1,1,11701,2,20100321,2010-03-21 9:31,931,-39.9998,0.9828,4935,5008.2,5008.2,1.1231,34.7307,2,34.7314,2,217.8,2,218.6,6,109.42,6,30.71,6,0,6,2.15,6,0.107,2,0.05,2,0,2,0.245,3,2256,6,2366.9,6,995.5,2,20,7.6374,2,25,38.7,2,32.59,2,,9,,9,,9,-156.4,2,2.3,0.57,2,0.7003,1.1224,2
33RO20100308, A13.5,30,1,24,11714,2,20100321,2010-03-21 15:55,1555,-39.5,0.979,5092,6,6,15.8409,34.6488,2,34.648,2,258.7,2,258.1,2,0.65,2,0.96,2,0.05,2,0.3,2,2.732,6,1.637,6,1.528,6,2.87,3,2050.4,6,2300.1,2,416.6,2,20,7.9653,2,25,,9,,9,,9,,9,,9,,9,,,9,15.84,15.8437,2
33RO20100308, A13.5,30,1,23,11713,2,20100321,2010-03-21 15:55,1555,-39.5,0.979,5092,50.2,50.2,14.5477,34.6206,2,34.6166,2,250.1,2,249.4,6,0.72,2,2.68,2,0.22,2,0.47,2,2.859,2,1.702,2,1.552,2,2.816,3,2071,2,2296.7,2,466.9,6,20,7.9207,2,25,,9,,9,,9,,9,,9,,9,,,9,14.5403,14.5476,2
33RO20100308, A13.5,30,1,22,11712,2,20100321,2010-03-21 15:55,1555,-39.5,0.979,5092,100.9,100.9,11.8176,34.8407,2,34.8473,2,249.1,2,249.1,2,2.05,2,7.88,2,0.01,2,0.7,2,3.16,2,1.862,2,1.651,2,2.143,3,2100.9,2,2302.6,2,537.8,2,20,7.8666,2,25,,9,,9,,9,,9,,9,,9,,,9,11.8046,11.818,2
33RO20100308, A13.5,30,1,21,11010,2,20100321,2010-03-21 15:55,1555,-39.5,0.979,5092,150.2,150.2,11.7744,34.9168,2,34.9045,2,247.3,2,247.6,2,2.51,2,8.39,2,0.02,2,0.72,2,3.143,2,1.852,2,1.616,2,1.942,3,2104.5,2,2304.6,2,551.8,2,20,7.8637,2,25,,9,,9,,9,,9,,9,,9,,,9,11.7551,11.7782,2
33RO20100308, A13.5,30,1,20,11715,2,20100321,2010-03-21 15:55,1555,-39.5,0.979,5092,300.9,300.9,9.3243,34.6758,2,34.6744,2,222.6,2,225,2,6.27,2,17.11,2,0.01,2,1.23,2,3.364,2,1.889,2,1.307,2,2.039,3,2138.1,2,2294.2,2,704.3,2,20,7.7614,2,25,,9,,9,,9,,9,,9,,9,,,9,9.2908,9.3233,2
33RO20100308, A13.5,30,1,19,11007,2,20100321,2010-03-21 15:55,1555,-39.5,0.979,5092,450,450,6.8521,34.4127,2,34.4137,2,228.1,2,225.1,2,10.82,2,23.62,2,0,2,1.65,2,3.551,2,1.921,2,1.15,2,2.827,3,2156.6,2,2285.1,2,839.2,2,20,7.6938,2,25,,9,,9,,9,,9,,9,,9,,,9,6.8101,6.8517,2
33RO20100308, A13.5,30,1,18,11710,2,20100321,2010-03-21 15:55,1555,-39.5,0.979,5092,594.7,594.7,4.8693,34.2395,2,34.2389,2,239.9,2,239.8,2,15.77,2,27.38,2,0,2,1.9,2,,9,,9,,9,,9,2166.8,2,2281.9,2,905,2,20,7.6623,2,25,,9,,9,,9,,9,,9,,9,,,9,4.8224,4.8696,2
33RO20100308, A13.5,30,1,17,11025,2,20100321,2010-03-21 15:55,1555,-39.5,0.979,5092,601,601,4.8249,34.2369,2,34.2367,2,240.2,2,240,2,15.98,6,27.43,6,0,6,1.9,6,3.714,2,1.959,2,1.022,2,3.537,3,2166.3,2,2282.3,2,909.5,2,20,7.6626,2,25,,9,,9,,9,,9,,9,,9,,,9,4.7776,4.8247,2
33RO20100308, A13.5,30,1,16,11709,2,20100321,2010-03-21 15:55,1555,-39.5,0.979,5092,800.6,800.6,3.6292,34.2584,2,34.2595,2,224.2,2,226.2,2,30.4,2,30.48,2,0,2,2.13,2,,9,,9,,9,,9,2190.9,2,2292.3,2,997.8,2,20,7.6261,2,25,,9,,9,,9,,9,,9,,9,,,9,3.5725,3.6306,2
33RO20100308, A13.5,30,1,15,11006,2,20100321,2010-03-21 15:55,1555,-39.5,0.979,5092,1000.4,1000.4,3.1296,34.3577,2,34.3581,2,202,2,201.2,2,46.03,2,32.59,2,0,2,2.28,2,1.706,2,0.831,2,0.364,2,2.039,3,2216.3,2,2307.8,2,1097,2,20,7.5905,2,25,,9,,9,,9,,9,,9,,9,,,9,3.0609,3.1289,2
33RO20100308, A13.5,30,1,14,11708,2,20100321,2010-03-21 15:55,1555,-39.5,0.979,5092,1199.7,1199.7,2.9474,34.4701,2,34.4696,2,185.1,2,183.7,2,57.74,2,33.34,2,0,2,2.34,2,,9,,9,,9,,9,2234.1,2,2321.7,2,1142.9,2,20,7.5789,4,25,,9,,9,,9,,9,,9,,9,,,9,2.8646,2.9469,2
33RO20100308, A13.5,30,1,13,11031,2,20100321,2010-03-21 15:55,1555,-39.5,0.979,5092,1399.6,1399.6,2.806,34.5841,2,34.5843,2,179,2,178.1,2,64.54,2,32.66,2,0,2,2.29,2,0.394,2,0.193,2,0.053,2,0.649,3,2240.6,6,2331.1,6,1132.5,2,20,7.5799,2,25,,9,,9,,9,,9,,9,,9,,,9,2.7085,2.8056,2
33RO20100308, A13.5,30,1,12,11027,2,20100321,2010-03-21 15:55,1555,-39.5,0.979,5092,1599.2,1599.2,2.7465,34.6693,2,34.6689,2,183.6,2,182.4,2,65.5,2,31.32,2,0,2,2.18,2,,9,,9,,9,,9,2239,2,2336,2,1081.8,2,20,7.5977,2,25,,9,,9,,9,,9,,9,,9,,,9,2.6331,2.7459,2
33RO20100308, A13.5,30,1,11,11707,2,20100321,2010-03-21 15:55,1555,-39.5,0.979,5092,1900,1900,2.7303,34.7729,2,34.7721,2,201.7,2,200.4,2,58.75,2,28.11,2,0,2,1.95,2,0.069,2,0.034,2,0.02,2,0.167,3,2223.7,2,2335.8,2,973.5,2,20,7.6417,2,25,,9,,9,,9,,9,,9,,9,,,9,2.5912,2.7298,2
33RO20100308, A13.5,30,1,10,11003,2,20100321,2010-03-21 15:55,1555,-39.5,0.979,5092,2198.2,2198.2,2.6403,34.8179,2,34.8176,2,214.6,2,213.6,2,55.56,2,26.41,2,0,2,1.83,2,,9,,9,,9,,9,2214,2,2336,2,913.9,2,20,7.6673,2,25,,9,,9,,9,,9,,9,,9,,,9,2.4757,2.6403,2
33RO20100308, A13.5,30,1,9,11706,2,20100321,2010-03-21 15:55,1555,-39.5,0.979,5092,2500.1,2500.1,2.4914,34.8336,2,34.8334,2,221.8,2,220.2,2,56.8,2,25.7,2,0,2,1.77,2,0.023,2,0.01,2,0,2,0.071,3,2211,2,2338.6,2,891.3,2,20,7.678,2,25,,9,,9,,9,,9,,9,,9,,,9,2.3012,2.4909,2
33RO20100308, A13.5,30,1,8,11033,2,20100321,2010-03-21 15:55,1555,-39.5,0.979,5092,2800.8,2800.8,2.3732,34.8404,2,34.8406,2,225.1,2,224.2,2,58.4,2,25.4,2,0,2,1.75,2,,9,,9,,9,,9,2211.2,2,2341.1,2,876.1,2,20,7.6872,2,25,,9,,9,,9,,9,,9,,9,,,9,2.1563,2.3729,2
33RO20100308, A13.5,30,1,7,11705,2,20100321,2010-03-21 15:55,1555,-39.5,0.979,5092,3100.7,3100.7,2.2549,34.8406,2,34.8445,2,226.8,2,226.2,2,61.27,2,25.42,2,0,2,1.75,2,0.016,2,0.008,2,0,2,0.058,3,2214.3,2,2345.2,2,863.1,6,20,7.6898,2,25,,9,,9,,9,,9,,9,,9,,,9,2.0106,2.2546,2
33RO20100308, A13.5,30,1,6,11029,2,20100321,2010-03-21 15:55,1555,-39.5,0.979,5092,3400.5,3400.5,2.0661,34.828,2,34.8282,2,225.3,2,225.5,2,67.99,2,25.98,2,0,2,1.79,2,,9,,9,,9,,9,2220.5,2,2350.1,2,874.6,2,20,7.6846,2,25,,9,,9,,9,,9,,9,,9,,,9,1.7953,2.0659,2
33RO20100308, A13.5,30,1,5,11704,2,20100321,2010-03-21 15:55,1555,-39.5,0.979,5092,3600.5,3600.5,1.8595,34.8086,2,34.8078,2,222.9,2,222.9,2,76.61,6,26.98,6,0,6,1.88,6,0.027,2,0.014,2,0,2,0.147,3,2228.5,2,2353.5,2,895.9,2,20,7.6747,2,25,,9,,9,,9,,9,,9,,9,,,9,1.573,1.8612,2
33RO20100308, A13.5,30,1,4,11030,2,20100321,2010-03-21 15:55,1555,-39.5,0.979,5092,3999.6,3999.6,1.3855,34.7632,2,34.7619,2,219,2,218.3,2,95.64,6,29.17,6,0,6,2.03,6,,9,,9,,9,,9,2243.5,2,2360.2,2,954.4,2,20,7.6528,2,25,,9,,9,,9,,9,,9,,9,,,9,1.0693,1.385,2
33RO20100308, A13.5,30,1,3,11703,2,20100321,2010-03-21 15:55,1555,-39.5,0.979,5092,4399.6,4399.6,1.1569,34.7412,2,34.7407,2,217.7,2,217.4,2,105.14,6,30.25,6,0,6,2.11,6,0.072,2,0.036,2,0.053,2,0.184,3,2251.3,2,2365.3,2,972,2,20,7.6411,2,25,,9,,9,,9,,9,,9,,9,,,9,0.8035,1.1565,2
33RO20100308, A13.5,30,1,2,11702,2,20100321,2010-03-21 15:55,1555,-39.5,0.979,5092,4799.4,4799.4,1.1228,34.734,2,34.7332,2,217.6,2,216.8,6,108.18,6,30.56,6,0,6,2.13,6,0.082,2,0.039,2,0,2,0.205,3,2252.5,2,2368.2,2,986.4,2,20,7.6384,2,25,,9,,9,,9,,9,,9,,9,,,9,0.7247,1.1223,2
33RO20100308, A13.5,30,1,1,11701,2,20100321,2010-03-21 15:55,1555,-39.5,0.979,5092,5171.8,5171.8,1.1477,34.7309,2,34.7316,2,217.5,2,216.1,2,109.17,6,30.63,6,0,6,2.14,6,0.104,2,0.05,2,0,2,0.234,3,2255.1,6,2367.1,6,992.9,2,20,7.6378,2,25,,9,,9,,9,,9,,9,,9,,,9,0.7042,1.1468,2
33RO20100308, A13.5,31,1,24,11714,2,20100321,2010-03-21 22:14,2214,-39.0003,0.9758,5092,5.4,5.4,15.7797,34.6306,2,34.6347,2,258.6,2,259,2,0.3,2,0.98,2,0.05,2,0.3,2,2.716,2,1.627,2,1.578,2,2.825,3,2049.1,6,2299.6,6,412.4,2,20,7.9651,2,25,57.45,2,5.15,2,,1,,1,,9,,9,,,9,15.7789,15.788,2
33RO20100308, A13.5,31,1,23,11713,2,20100321,2010-03-21 22:14,2214,-39.0003,0.9758,5092,30.1,30.1,15.379,34.6188,2,,9,258,2,256.1,2,0.29,2,1.43,2,0.06,2,0.34,2,2.736,2,1.646,2,1.509,2,2.756,3,2053.2,2,2298.3,2,426.3,6,20,7.9545,2,25,56.81,2,5.28,2,,1,,1,,9,,9,,,9,15.3744,15.3858,2
33RO20100308, A13.5,31,1,22,11712,2,20100321,2010-03-21 22:14,2214,-39.0003,0.9758,5092,70.1,70.1,13.909,34.6137,2,34.6197,2,249.1,2,248.9,6,0.54,2,3.35,2,0.27,2,0.53,2,2.836,6,1.694,6,1.536,6,2.842,3,2075.5,2,2297.7,2,480.3,2,20,7.9081,2,25,51.93,2,8.6,2,,1,,1,,9,,9,,,9,13.899,14.012,2
33RO20100308, A13.5,31,1,21,11010,2,20100321,2010-03-21 22:14,2214,-39.0003,0.9758,5092,124.7,124.7,11.2185,34.7307,2,34.7309,2,251.3,2,246,3,1.69,2,8.98,2,0.02,2,0.76,2,3.266,2,1.924,2,1.716,2,2.366,3,2102.7,2,2296.3,2,564.1,2,20,7.8526,2,25,50.38,2,11.53,2,,1,,1,,9,,9,,,9,11.203,11.2176,2
33RO20100308, A13.5,31,1,20,11715,2,20100321,2010-03-21 22:14,2214,-39.0003,0.9758,5092,200.4,200.4,10.0794,34.6478,2,34.6483,2,253.4,2,252,2,2.41,2,11.88,2,0.01,2,0.93,2,3.425,2,1.994,2,1.673,2,2.519,3,2113.3,2,2292.8,2,605.9,2,20,7.8182,2,25,46.73,2,14.12,2,,1,,1,,9,,9,,,9,10.0561,10.0781,2
33RO20100308, A13.5,31,1,19,11007,2,20100321,2010-03-21 22:14,2214,-39.0003,0.9758,5092,350.3,350.3,8.417,34.5589,2,34.5612,2,237.1,2,235.3,2,5.73,2,18.44,2,0.01,2,1.31,2,3.589,2,2.015,2,1.452,2,2.6,3,2139.8,2,2289.3,2,735.7,2,20,7.745,2,25,43.75,2,21.03,2,,1,,1,,9,,9,,,9,8.3803,8.4141,2
33RO20100308, A13.5,31,1,18,11710,2,20100321,2010-03-21 22:14,2214,-39.0003,0.9758,5092,499.9,499.9,6.2837,34.3433,2,34.3441,2,230.3,2,232.1,2,10.48,6,24.63,6,0.01,6,1.7,6,3.751,2,2.024,2,1.249,2,3.232,3,2157,2,2289.6,3,854.7,2,20,7.6831,2,25,41.11,2,26.37,2,,1,,1,,9,,9,,,9,6.2391,6.2849,2
33RO20100308, A13.5,31,1,17,11025,2,20100321,2010-03-21 22:14,2214,-39.0003,0.9758,5092,649.6,649.6,4.6898,34.2291,2,34.2293,2,241.8,2,241.6,2,16.05,6,27.69,6,0,6,1.91,6,3.692,2,1.938,2,1.048,2,3.576,3,2166.3,2,2281.7,2,,9,,7.6595,2,25,40.6,2,30.67,2,,1,,1,,9,,9,,,9,4.6392,4.6903,2
33RO20100308, A13.5,31,1,16,11709,2,20100321,2010-03-21 22:14,2214,-39.0003,0.9758,5092,799.9,799.9,4.0176,34.2513,2,34.2567,2,230.4,2,231.2,2,25.3,2,29.69,2,0,2,2.06,2,3.006,2,1.559,2,0.79,2,3.03,3,2181.4,2,2291,2,975.1,2,20,7.6385,2,25,39.18,2,31.84,2,,1,,1,,9,,9,,,9,3.9585,4.017,2
33RO20100308, A13.5,31,1,15,11006,2,20100321,2010-03-21 22:14,2214,-39.0003,0.9758,5092,950.5,950.5,3.6146,34.3184,2,34.3184,2,212.7,2,211.6,2,36.87,2,31.53,2,0,2,2.2,2,2.027,2,1.004,2,0.414,2,2.211,3,2200.8,2,2300.7,2,,9,,7.6119,2,25,38.63,2,33.84,2,,1,,1,,9,,9,,,9,3.5462,3.6123,2
33RO20100308, A13.5,31,1,14,11708,2,20100321,2010-03-21 22:14,2214,-39.0003,0.9758,5092,1099.4,1099.4,3.1701,34.378,2,34.3787,2,197,2,197.2,2,47.62,2,32.9,2,0,2,2.3,2,1.517,2,0.751,2,0.294,2,1.736,3,2218.5,2,2311,2,1109,2,20,7.5872,2,25,37.6,2,35.09,2,,1,,1,,9,,9,,,9,3.0934,3.1685,2
33RO20100308, A13.5,31,1,13,11031,2,20100321,2010-03-21 22:14,2214,-39.0003,0.9758,5092,1250.2,1250.2,3.0015,34.4745,2,34.4743,2,182.1,2,182.5,2,57.56,2,33.43,2,0,2,2.34,2,0.822,2,0.412,2,0.147,2,1.019,3,2233.2,6,2320.9,6,,9,,7.5757,2,25,38.25,2,35.16,2,,1,,1,,9,,9,,,9,2.9142,3.0005,2
33RO20100308, A13.5,31,1,12,11027,2,20100321,2010-03-21 22:14,2214,-39.0003,0.9758,5092,1400.4,1400.4,2.8242,34.5572,2,34.5568,2,177.8,2,179,2,63.35,2,33.07,2,0,2,2.31,2,0.47,2,0.237,2,0.108,2,0.66,3,2239.5,2,2329.1,2,1138.9,2,20,7.5754,2,25,38.69,2,34.78,2,,1,,1,,9,,9,,,9,2.7265,2.8239,2
33RO20100308, A13.5,31,1,11,11707,2,20100321,2010-03-21 22:14,2214,-39.0003,0.9758,5092,1650.7,1650.7,2.755,34.6737,2,34.6738,2,183.1,2,183.7,2,65.17,6,31.22,6,0,6,2.17,6,0.193,2,0.095,2,0,2,0.345,3,2237.4,2,2336,2,1081,2,20,7.5981,2,25,38,2,33.25,2,,9,,1,,9,,9,,,9,2.6372,2.7542,2
33RO20100308, A13.5,31,1,10,11003,2,20100321,2010-03-21 22:14,2214,-39.0003,0.9758,5092,1799.8,1799.8,2.7254,34.7331,2,34.7328,2,191.4,4,171.9,4,62.77,6,29.63,6,0,6,2.05,6,0.115,2,0.056,2,0.043,2,0.228,3,2230.5,2,2337,2,,9,,7.6195,2,25,38.78,2,31.17,2,,1,,1,,9,,9,,,9,2.5952,2.7249,2
33RO20100308, A13.5,31,1,9,11706,2,20100321,2010-03-21 22:14,2214,-39.0003,0.9758,5092,2099.9,2099.9,2.6331,34.8114,2,34.8107,2,210.1,2,211.5,2,56.45,2,26.82,2,0,2,1.85,2,0.044,2,0.023,2,0,2,0.104,3,2214.4,2,2337.1,2,917.9,2,20,7.6622,2,25,38.69,2,28.53,2,,9,,1,,9,,9,,,9,2.4775,2.6327,2
33RO20100308, A13.5,31,1,8,11033,2,20100321,2010-03-21 22:14,2214,-39.0003,0.9758,5092,2400.1,2400.1,2.5138,34.8309,2,34.8328,2,217.6,2,219.5,2,56.35,2,25.87,2,0,2,1.79,2,0.026,2,0.014,2,0,2,0.067,3,2211.7,2,2336.9,2,,9,,7.6757,2,25,37.89,2,27.66,2,,1,,1,,9,,9,,,9,2.3326,2.5131,2
33RO20100308, A13.5,31,1,7,11705,2,20100321,2010-03-21 22:14,2214,-39.0003,0.9758,5092,2698.9,2698.9,2.4415,34.8365,2,34.8376,2,220.6,4,201.2,4,57.34,2,25.67,2,0,2,1.76,2,0.02,2,0.011,2,0,2,0.063,3,2210.9,2,2341.1,2,879.8,6,20,7.6823,2,25,39.2,2,27.64,2,,9,,1,,9,,9,,,9,2.2332,2.4406,2
33RO20100308, A13.5,31,1,6,11029,2,20100321,2010-03-21 22:14,2214,-39.0003,0.9758,5092,3100.7,3100.7,2.2596,34.8407,2,34.8409,2,226.1,2,226.6,2,60.74,2,25.46,2,0,2,1.75,2,0.014,2,0.007,2,0,2,0.049,3,2212.6,2,2345.5,2,,9,,7.6898,2,25,38.31,2,26.67,2,,1,,1,,9,,9,,,9,2.0151,2.2591,2
33RO20100308, A13.5,31,1,5,11704,2,20100321,2010-03-21 22:14,2214,-39.0003,0.9758,5092,3501,3501,1.9455,34.8168,2,34.8169,2,222.6,2,225,2,72.96,6,26.67,6,0,6,1.83,6,0.023,2,0.012,2,0,2,0.062,3,2223.4,2,2352,2,885.7,2,20,7.6772,2,25,38.71,2,28.54,2,,9,,1,,9,,9,,,9,1.6673,1.9448,2
33RO20100308, A13.5,31,1,4,11030,2,20100321,2010-03-21 22:14,2214,-39.0003,0.9758,5092,3899.2,3899.2,1.5148,34.7748,2,34.7739,2,219.2,2,220.8,2,90.72,6,28.79,6,0.01,6,2,6,0.043,2,0.022,2,0,2,0.095,3,2238.8,2,2360.9,2,,9,,7.6576,2,25,38.75,2,30.56,2,,1,,1,,9,,9,,,9,1.2058,1.5146,2
33RO20100308, A13.5,31,1,3,11703,2,20100321,2010-03-21 22:14,2214,-39.0003,0.9758,5092,4301,4301,1.1885,34.7444,2,34.7438,2,217.4,2,218.8,6,103.5,6,30.15,6,0,6,2.09,6,0.064,6,0.031,6,0.019,6,0.171,3,2248.6,2,2364.9,2,975.6,2,20,7.6425,2,25,38.08,2,31.62,2,,9,,1,,9,,9,,,9,0.8451,1.1878,2
33RO20100308, A13.5,31,1,2,11702,2,20100321,2010-03-21 22:14,2214,-39.0003,0.9758,5092,4699.6,4699.6,1.1234,34.7348,2,34.7369,2,216.9,2,218,2,107.48,6,30.47,6,0.01,6,2.12,6,0.059,4,0.033,4,0,2,0.119,4,2251.8,2,2367.9,2,,9,,7.6393,2,25,38.53,2,32.49,2,,1,,1,,9,,9,,,9,0.7369,1.1229,2
33RO20100308, A13.5,31,1,1,11701,2,20100321,2010-03-21 22:14,2214,-39.0003,0.9758,5092,5163.8,5163.8,1.158,34.7322,2,34.7324,2,216.8,2,216.7,2,108.62,6,30.62,6,0,6,2.13,6,0.089,2,0.044,2,0,2,0.194,3,2253.7,6,2369.4,6,989.9,2,20,7.6406,2,25,38.31,2,32.29,2,,1,,1,,9,,9,,,9,0.7151,1.1573,2
33RO20100308, A13.5,32,1,24,11714,2,20100322,2010-03-22 4:47,447,-38.5,0.9792,5204,5.3,5.3,16.2059,34.6221,2,34.6229,2,258.5,2,257.8,2,0.56,2,0.63,2,0.04,2,0.28,2,2.645,2,1.608,2,1.452,2,,5,2046,6,2299.1,6,412.9,2,20,7.9748,2,25,,9,,9,,9,,9,,9,,9,,,9,16.2051,16.2065,2
33RO20100308, A13.5,32,1,23,11713,2,20100322,2010-03-22 4:47,447,-38.5,0.9792,5204,50,50,14.3015,34.6024,2,34.6043,2,250.7,2,250.4,2,0.74,2,2.8,2,0.13,2,0.48,2,,9,,9,,9,,9,2070.8,2,2296.8,2,463.1,6,20,7.9229,2,25,,9,,9,,9,,9,,9,,9,,,9,14.2942,14.2782,2
33RO20100308, A13.5,32,1,22,11712,2,20100322,2010-03-22 4:47,447,-38.5,0.9792,5204,99.8,99.8,11.6851,34.662,2,34.6651,2,251.5,2,251.5,2,1.61,2,8.04,2,0.13,2,0.73,2,3.184,6,1.9,6,1.705,6,,5,2097.8,2,2293.8,2,549.4,2,20,7.8591,2,25,,9,,9,,9,,9,,9,,9,,,9,11.6724,11.6855,2
33RO20100308, A13.5,32,1,21,11010,2,20100322,2010-03-22 4:47,447,-38.5,0.9792,5204,150.2,150.2,11.1077,34.7606,2,34.7587,2,252.4,2,252.3,6,2.21,2,9.28,2,0.01,2,0.79,2,3.236,2,1.927,2,1.673,2,,5,2105.4,2,2298.2,2,566.6,2,20,7.8495,2,25,,9,,9,,9,,9,,9,,9,,,9,11.0892,11.1077,2
33RO20100308, A13.5,32,1,20,11715,2,20100322,2010-03-22 4:47,447,-38.5,0.9792,5204,250.3,250.3,9.8089,34.6902,2,34.6924,2,240.6,2,240.9,2,3.76,2,13.94,2,0.01,2,1.05,2,3.327,2,1.937,2,1.581,2,,5,2125,2,2294.6,2,645.5,2,20,7.7974,2,25,,9,,9,,9,,9,,9,,9,,,9,9.7802,9.8079,2
33RO20100308, A13.5,32,1,19,11007,2,20100322,2010-03-22 4:47,447,-38.5,0.9792,5204,349.2,349.2,8.4041,34.5537,2,34.5552,2,239.6,2,238.9,2,5.53,2,18,2,0.01,2,1.29,2,3.58,2,2.05,2,1.538,2,,5,2137.8,2,2288.4,2,724.3,2,20,7.7507,2,25,,9,,9,,9,,9,,9,,9,,,9,8.3676,8.4101,2
33RO20100308, A13.5,32,1,18,11710,2,20100322,2010-03-22 4:47,447,-38.5,0.9792,5204,449.9,449.9,6.8616,34.4035,2,34.4034,2,229.8,2,228,2,10.05,2,23.51,2,0,2,1.64,2,,9,,9,,9,,9,2156.8,2,2283.5,2,832,2,20,7.6955,2,25,,9,,9,,9,,9,,9,,9,,,9,6.8196,6.8615,2
33RO20100308, A13.5,32,1,17,11025,2,20100322,2010-03-22 4:47,447,-38.5,0.9792,5204,599.8,599.8,5.0378,34.251,2,34.2512,2,234.6,2,237.7,2,15.31,2,27.14,2,0,2,1.88,2,3.665,2,1.954,2,1.114,2,,5,2165.1,2,2282.2,2,906.4,2,20,7.6636,2,25,,9,,9,,9,,9,,9,,9,,,9,4.9896,5.0354,2
33RO20100308, A13.5,32,1,16,11709,2,20100322,2010-03-22 4:47,447,-38.5,0.9792,5204,750.5,750.5,4.1788,34.2342,2,34.2329,2,238.4,2,237.4,2,22.1,6,28.95,6,0,6,2.02,6,,9,,9,,9,,9,2175.5,2,2286.2,2,940,2,20,7.6475,2,25,,9,,9,,9,,9,,9,,9,,,9,4.1227,4.1778,2
33RO20100308, A13.5,32,1,15,11006,2,20100322,2010-03-22 4:47,447,-38.5,0.9792,5204,899.2,899.2,3.6326,34.2611,2,34.2632,2,226.5,2,226.6,2,30.15,6,30.61,6,0,6,2.13,6,2.698,2,1.366,2,0.62,2,3.52,3,2190.4,2,2293.6,2,1001.5,2,20,7.6277,2,25,,9,,9,,9,,9,,9,,9,,,9,3.5682,3.6344,2
33RO20100308, A13.5,32,1,14,11708,2,20100322,2010-03-22 4:47,447,-38.5,0.9792,5204,1050.5,1050.5,3.228,34.3197,2,34.3203,2,210.7,2,211.1,2,40.77,2,32.06,2,0,2,2.24,2,,9,,9,,9,,9,2204.4,2,2303.6,2,1068.2,2,20,7.6026,2,25,,9,,9,,9,,9,,9,,9,,,9,3.1547,3.2272,2
33RO20100308, A13.5,32,1,13,11031,2,20100322,2010-03-22 4:47,447,-38.5,0.9792,5204,1200.2,1200.2,3.0261,34.4091,2,34.4113,2,193.4,2,194.2,2,50.95,2,32.99,2,0,2,2.3,2,1.25,2,0.604,2,0.275,2,1.939,3,2223.4,2,2315.1,2,1115.1,2,20,7.5845,2,25,,9,,9,,9,,9,,9,,9,,,9,2.9427,3.0254,2
33RO20100308, A13.5,32,1,12,11027,2,20100322,2010-03-22 4:47,447,-38.5,0.9792,5204,1399.9,1399.9,2.8437,34.5231,2,34.5242,2,183.2,2,183.2,2,59.81,2,32.95,2,0,2,2.3,2,,9,,9,,9,,9,2234.9,2,2325.4,2,1128.5,2,20,7.5803,2,25,,9,,9,,9,,9,,9,,9,,,9,2.7459,2.843,2
33RO20100308, A13.5,32,1,11,11707,2,20100322,2010-03-22 4:47,447,-38.5,0.9792,5204,1599.3,1599.3,2.7612,34.6321,2,34.6326,2,181.2,2,181.6,2,64.42,2,31.74,2,0,2,2.22,2,0.282,2,0.14,2,0.043,2,0.586,3,2237.6,2,2334,2,1095.9,2,20,7.5927,2,25,,9,,9,,9,,9,,9,,9,,,9,2.6478,2.7609,2
33RO20100308, A13.5,32,1,10,11003,2,20100322,2010-03-22 4:47,447,-38.5,0.9792,5204,1899.3,1899.3,2.6972,34.7379,2,34.7377,2,194.3,2,195.7,2,62.07,2,29.25,2,0,2,2.03,2,,9,,9,,9,,9,2228.9,2,2337.9,2,1006,2,20,7.627,2,25,,9,,9,,9,,9,,9,,9,,,9,2.5587,2.697,2
33RO20100308, A13.5,32,1,9,11706,2,20100322,2010-03-22 4:47,447,-38.5,0.9792,5204,2199.8,2199.8,2.6074,34.801,2,34.8011,2,208.5,2,210.2,2,58.55,2,27.15,2,0,2,1.88,2,0.045,2,0.022,2,0,2,0.149,3,2217.3,2,2337.2,2,937.3,2,20,7.6572,2,25,,9,,9,,9,,9,,9,,9,,,9,2.4432,2.6069,2
33RO20100308, A13.5,32,1,8,11033,2,20100322,2010-03-22 4:47,447,-38.5,0.9792,5204,2499.7,2499.7,2.5055,34.827,2,34.8271,2,218.1,2,218.6,2,57.35,2,25.93,2,0,2,1.79,2,,9,,9,,9,,9,2212,2,2337.9,2,895.9,2,20,7.6758,2,25,,9,,9,,9,,9,,9,,9,,,9,2.3151,2.5059,2
33RO20100308, A13.5,32,1,7,11705,2,20100322,2010-03-22 4:47,447,-38.5,0.9792,5204,2900,2900,2.3631,34.8391,2,34.8423,2,224.2,2,224.8,2,58.94,2,25.44,2,0,2,1.76,2,0.015,2,0.008,2,0,2,0.062,3,2210.9,2,2342.8,2,877,2,20,7.6856,2,25,,9,,9,,9,,9,,9,,9,,,9,2.1366,2.3629,2
33RO20100308, A13.5,32,1,6,11029,2,20100322,2010-03-22 4:47,447,-38.5,0.9792,5204,3300.1,3300.1,2.1691,34.8357,2,34.8366,2,226.1,2,226.6,2,64.38,2,25.62,2,0,2,1.77,2,,9,,9,,9,,9,2215.6,2,2345,2,869.5,2,20,7.6872,2,25,,9,,9,,9,,9,,9,,9,,,9,1.9063,2.1693,2
33RO20100308, A13.5,32,1,5,11704,2,20100322,2010-03-22 4:47,447,-38.5,0.9792,5204,3699.8,3699.8,1.7519,34.7971,2,34.7963,2,220.9,2,221.9,2,81.25,6,27.51,6,0,6,1.91,6,0.032,2,0.016,2,0,2,0.101,3,2232.2,2,2356.6,2,913.3,2,20,7.6689,2,25,,9,,9,,9,,9,,9,,9,,,9,1.4577,1.7529,2
33RO20100308, A13.5,32,1,4,11030,2,20100322,2010-03-22 4:47,447,-38.5,0.9792,5204,4099.4,4099.4,1.2985,34.7553,2,34.7546,2,217.7,2,218.7,6,98.92,6,29.54,6,0,6,2.05,6,,9,,9,,9,,9,2246.3,2,2362.7,2,956,2,20,7.6478,2,25,,9,,9,,9,,9,,9,,9,,,9,0.974,1.2978,2
33RO20100308, A13.5,32,1,3,11703,2,20100322,2010-03-22 4:47,447,-38.5,0.9792,5204,4499,4499,1.1335,34.7377,2,34.7392,2,217.3,2,218.1,2,106.25,6,30.37,6,0,6,2.11,6,0.075,6,0.037,6,0.009,6,0.211,3,2251.9,2,2365.2,2,976.3,2,20,7.6398,2,25,,9,,9,,9,,9,,9,,9,,,9,0.7696,1.1329,2
33RO20100308, A13.5,32,1,2,11702,2,20100322,2010-03-22 4:47,447,-38.5,0.9792,5204,4899.6,4899.6,1.1373,34.7337,2,34.7329,2,217.9,2,217.4,2,107.86,6,30.51,6,0,6,2.13,6,,9,,9,,9,,9,2253.7,2,2364.8,2,980.3,6,20,7.6388,2,25,,9,,9,,9,,9,,9,,9,,,9,0.7269,1.137,2
33RO20100308, A13.5,32,1,1,11701,2,20100322,2010-03-22 4:47,447,-38.5,0.9792,5204,5275.2,5275.2,1.1758,34.7324,2,34.7334,2,217.4,2,218.5,2,108.34,6,30.59,6,0.01,6,2.14,6,0.086,2,0.043,2,0.012,2,0.222,3,2255.1,6,2369.7,6,978.3,2,20,7.6387,2,25,,9,,9,,9,,9,,9,,9,,,9,0.7186,1.1751,2
33RO20100308, A13.5,33,1,24,11714,2,20100322,2010-03-22 11:14,1114,-37.9998,0.9838,4776,5.6,5.6,17.7616,34.8606,2,34.8619,2,248.4,2,243.4,2,2.24,2,0,2,0,2,0.21,2,2.465,2,1.494,2,1.422,2,2.717,3,2047.8,6,2307.2,6,403.4,2,20,7.9798,2,25,59.74,2,4.26,2,,9,,9,,9,48.8,2,3.4,1.89,2,17.7606,17.7784,2
33RO20100308, A13.5,33,1,23,11713,2,20100322,2010-03-22 11:14,1114,-37.9998,0.9838,4776,24.9,24.9,17.6164,34.8785,2,34.8852,2,250.9,2,242.5,2,2.28,2,0.04,2,0,2,0.21,2,2.458,2,1.487,2,1.416,2,2.703,3,2050.1,2,2307.6,2,400.2,6,20,7.978,2,25,56.57,2,4.93,2,,9,,9,,9,44.8,2,3,1.86,2,17.6122,17.6197,2
33RO20100308, A13.5,33,1,22,11712,2,20100322,2010-03-22 11:14,1114,-37.9998,0.9838,4776,75.7,75.7,13.5312,34.9367,2,34.9308,2,238.2,2,238.3,2,3,2,4.47,2,0.05,2,0.5,2,2.934,2,1.752,2,1.533,2,1.989,3,2090.8,2,2306.8,2,502.8,2,20,7.8923,2,25,51.36,2,7.95,2,,9,,9,,9,50.3,2,3,1.39,2,13.5206,13.5317,2
33RO20100308, A13.5,33,1,21,11010,2,20100322,2010-03-22 11:14,1114,-37.9998,0.9838,4776,150.4,150.4,12.5925,35.0906,2,35.0886,2,232.3,2,232.3,2,4.05,2,7.99,2,0.02,2,0.68,2,3.023,2,1.788,2,1.484,2,1.768,3,2110.6,2,2315.1,2,547.6,2,20,7.8658,2,25,49.39,2,11.34,2,,9,,9,,9,54.4,2,4.2,1.17,2,12.5723,12.5927,2
33RO20100308, A13.5,33,1,20,11715,2,20100322,2010-03-22 11:14,1114,-37.9998,0.9838,4776,250.3,250.3,11.3901,34.9874,2,34.9856,2,223.8,2,223,6,5.59,2,12.2,2,0.01,2,0.92,2,3.158,2,1.812,2,1.286,2,1.462,3,2125.7,2,2309.8,2,609.8,2,20,7.8219,4,25,46.16,2,14.35,2,,9,,9,,9,29.6,2,3,1.12,2,11.3585,11.3864,2
33RO20100308, A13.5,33,1,19,11007,9,20100322,2010-03-22 11:14,1114,-37.9998,0.9838,4776,349.8,349.8,9.8021,34.7675,2,,9,225.1,2,,9,-9,9,-9,9,-9,9,-9,9,,9,,9,,9,,9,,9,,9,,9,,,9,,,9,,9,,9,,9,,9,,9,,,9,9.7618,9.8065,2
33RO20100308, A13.5,33,1,18,11710,2,20100322,2010-03-22 11:14,1114,-37.9998,0.9838,4776,449.8,449.8,8.05,34.5416,2,34.5411,2,233.4,2,233.6,2,8.75,2,19.53,2,0,2,1.4,2,3.612,2,2.007,2,1.355,2,2.577,3,2142.4,2,2289.8,2,753.9,2,20,7.7385,2,25,41.87,2,22.14,2,,9,,9,,9,20.8,2,3.8,1.15,2,8.0039,8.0512,2
33RO20100308, A13.5,33,1,17,11025,2,20100322,2010-03-22 11:14,1114,-37.9998,0.9838,4776,599.9,599.9,5.8111,34.3098,2,34.3101,2,235.1,2,235.4,2,13.85,2,25.41,2,0,2,1.78,2,3.786,2,2.02,2,1.196,2,3.259,3,2158.2,2,2282.4,2,871.2,2,20,7.6794,2,25,40.2,2,27.77,2,,9,,9,,9,-2.6,2,3.7,1.11,2,5.7593,5.8117,2
33RO20100308, A13.5,33,1,16,11709,2,20100322,2010-03-22 11:14,1114,-37.9998,0.9838,4776,749.9,749.9,4.4017,34.2215,2,34.2222,2,241.8,2,242.1,2,20.4,2,28.13,2,0,2,1.97,2,3.578,2,1.867,2,0.986,2,3.499,3,2168.4,2,2284.5,2,917,2,20,7.6558,2,25,39.36,2,30.24,2,,9,,9,,9,-30,2,2.8,1.1,2,4.3444,4.4021,2
33RO20100308, A13.5,33,1,15,11006,2,20100322,2010-03-22 11:14,1114,-37.9998,0.9838,4776,874.2,874.2,3.8519,34.2328,2,34.2333,2,234.6,2,234.5,2,27.14,2,29.65,2,0,2,2.08,2,3.095,2,1.591,2,0.746,2,3.258,3,2180.1,2,2289.4,2,958.4,2,20,7.6393,2,25,39.09,2,31.38,2,,9,,9,,9,-47.5,2,3.1,0.9,2,3.788,3.8511,2
33RO20100308, A13.5,33,1,14,11708,2,20100322,2010-03-22 11:14,1114,-37.9998,0.9838,4776,999.5,999.5,3.4919,34.2846,2,34.286,2,220,2,220,2,35.98,2,31.13,2,0,2,2.18,2,2.379,2,1.188,2,0.497,2,2.679,3,2194.8,2,2297.5,2,1017.6,2,20,7.618,2,25,38.6,2,33.18,2,,9,,9,,9,-68.5,2,4.1,0.86,2,3.4206,3.4904,2
33RO20100308, A13.5,33,1,13,11031,2,20100322,2010-03-22 11:14,1114,-37.9998,0.9838,4776,1101.4,1101.4,3.3119,34.3434,2,34.3448,2,207.2,2,207.3,2,42.95,2,31.94,2,0,2,2.24,2,1.745,2,0.847,2,0.319,2,2.076,3,2207.4,2,2305.2,2,1055.4,2,20,7.6048,2,25,37.97,2,33.39,2,,9,,9,,9,-79.6,2,3.5,0.84,2,3.2339,3.3111,2
33RO20100308, A13.5,33,1,12,11027,2,20100322,2010-03-22 11:14,1114,-37.9998,0.9838,4776,1198.7,1198.7,3.1556,34.3798,2,34.3803,2,200.8,2,200.6,2,47.91,2,32.34,2,0,2,2.28,2,1.432,2,0.691,2,0.27,2,1.802,3,2215.3,2,2310.1,2,1085.5,2,20,7.5949,2,25,37.84,2,33.95,2,,9,,9,,9,-92,2,2.8,1.61,4,3.0712,3.1544,2
33RO20100308, A13.5,33,1,11,11707,2,20100322,2010-03-22 11:14,1114,-37.9998,0.9838,4776,1399.9,1399.9,2.8845,34.5017,2,34.5036,2,187.4,2,187.7,2,58.42,6,32.57,6,0,6,2.28,6,0.693,6,0.337,6,0.133,6,1.02,3,2230.8,2,2322.4,2,1117,2,20,7.5854,2,25,38.17,2,34.12,2,,9,,9,,9,-112.2,2,2.5,0.75,2,2.7863,2.885,2
33RO20100308, A13.5,33,1,10,11003,2,20100322,2010-03-22 11:14,1114,-37.9998,0.9838,4776,1599.8,1599.8,2.7756,34.6004,2,34.601,2,182.9,2,183.3,2,63.82,6,31.94,6,0,6,2.24,6,0.361,2,0.177,2,0.074,2,0.598,3,2235.5,6,2330.1,6,1108.9,2,20,7.5888,2,25,38.58,2,33.43,2,,9,,9,,9,-128.1,2,2.5,0.65,2,2.662,2.776,2
33RO20100308, A13.5,33,1,9,11706,2,20100322,2010-03-22 11:14,1114,-37.9998,0.9838,4776,1899.9,1899.9,2.7156,34.715,2,34.7144,2,190.4,2,191,2,64.54,6,29.94,6,0,6,2.08,6,0.135,2,0.065,2,0.046,2,0.282,3,2231,2,2335,2,1043.1,2,20,7.6163,2,25,38.4,2,31.45,2,,9,,9,,9,-132.6,2,2.4,0.64,2,2.5769,2.715,2
33RO20100308, A13.5,33,1,8,11033,2,20100322,2010-03-22 11:14,1114,-37.9998,0.9838,4776,2199.9,2199.9,2.6422,34.7894,2,34.7908,2,205,2,206.3,2,60.82,6,27.62,6,0,6,1.92,6,0.054,2,0.027,2,0,2,0.165,3,2219.2,2,2338,2,949.4,2,20,7.6512,2,25,39.42,2,29.06,2,,9,,9,,9,-128.2,2,2.4,0.8,2,2.4775,2.6414,2
33RO20100308, A13.5,33,1,7,11705,2,20100322,2010-03-22 11:14,1114,-37.9998,0.9838,4776,2499.7,2499.7,2.5332,34.8242,2,34.8247,2,215.8,2,217.4,2,58.73,6,26.14,6,0,6,1.81,6,0.026,2,0.012,2,0,2,0.084,3,2214.3,2,2337.7,2,896.4,2,20,7.6725,2,25,38.11,2,27.3,2,,9,,9,,9,-128.4,2,2.4,0.78,2,2.3423,2.5325,2
33RO20100308, A13.5,33,1,6,11029,2,20100322,2010-03-22 11:14,1114,-37.9998,0.9838,4776,2800.7,2800.7,2.4314,34.8382,2,34.8389,2,222.7,2,223.6,2,58.74,6,25.43,6,0,6,1.78,6,0.017,2,0.008,2,0,2,0.058,3,2211.1,2,2340.8,2,870.9,2,20,7.6855,2,25,39.38,2,26.86,2,,9,,9,,9,-124.1,2,3.4,0.81,2,2.2133,2.4313,2
33RO20100308, A13.5,33,1,5,11704,2,20100322,2010-03-22 11:14,1114,-37.9998,0.9838,4776,3199.8,3199.8,2.2714,34.8405,2,34.8409,2,225.8,2,226.4,6,62.09,6,25.34,6,0,6,1.75,6,0.014,2,0.006,2,0.004,2,0.05,3,2213.2,2,2342.9,2,859.5,6,20,7.6896,2,25,38.77,2,26.73,2,,9,,9,,9,-136.2,2,2.5,0.82,2,2.0165,2.2708,2
33RO20100308, A13.5,33,1,4,11030,4,20100322,2010-03-22 11:14,1114,-37.9998,0.9838,4776,3599,3599,1.9954,34.8196,4,34.8638,4,223.4,4,243.5,4,2.18,4,0,4,0,4,0.21,4,,5,,5,,5,,5,,9,,9,,9,,,9,,,9,,9,,9,,9,,9,,9,,,9,1.7055,1.9955,2
33RO20100308, A13.5,33,1,3,11703,2,20100322,2010-03-22 11:14,1114,-37.9998,0.9838,4776,3999.5,3999.5,1.4545,34.7688,2,34.769,2,218.5,2,219.1,2,94.04,6,28.87,6,0,6,2.03,6,0.046,6,0.023,6,0.005,6,0.131,3,2240.7,2,2360.1,2,949.5,2,20,7.6574,2,25,38.01,2,30.06,2,,9,,9,,9,-144.9,2,2.9,0.66,2,1.1363,1.4544,2
33RO20100308, A13.5,33,1,2,11702,2,20100322,2010-03-22 11:14,1114,-37.9998,0.9838,4776,4400.4,4400.4,1.1487,34.7397,2,34.7399,2,217.6,2,217.5,6,106.1,6,30.16,6,0,6,2.11,6,0.072,2,0.035,2,0,2,0.193,3,2253.6,2,2366,2,980,2,20,7.6418,2,25,37.89,2,31.6,2,,9,,9,,9,-156,2,2.3,0.62,2,0.7954,1.1479,2
33RO20100308, A13.5,33,1,1,11701,2,20100322,2010-03-22 11:14,1114,-37.9998,0.9838,4776,4843.9,4843.9,1.1304,34.7333,2,34.736,2,217,2,216.7,2,108.86,6,30.47,6,0,6,2.14,2,0.085,2,0.042,2,0.014,2,0.218,3,2253.4,6,2367.8,6,988.7,2,20,7.6395,2,25,39.17,2,31.93,2,,9,,9,,9,-153,2,2.4,0.56,2,0.7268,1.1296,2
33RO20100308, A13.5,34,1,24,11714,2,20100322,2010-03-22 17:33,1733,-37.4998,0.9918,5013,5.3,5.3,18.5633,35.0573,2,35.0571,2,236.4,2,238.3,2,0.66,2,0.04,2,0,2,0.18,2,2.368,2,1.437,2,1.362,2,2.751,3,2054.9,6,2315.5,6,400.2,2,20,7.9818,2,25,,9,,9,,9,,9,,9,,9,,,9,18.5624,18.559,2
33RO20100308, A13.5,34,1,23,11713,2,20100322,2010-03-22 17:33,1733,-37.4998,0.9918,5013,40.3,40.3,18.0824,35.1394,2,35.1424,2,238,2,239.2,2,0.78,2,0.05,2,0,2,0.18,2,2.386,2,1.446,2,1.372,2,2.636,3,2058.6,2,2319.7,2,400.2,2,20,7.9811,2,25,,9,,9,,9,,9,,9,,9,,,9,18.0755,18.0872,2
33RO20100308, A13.5,34,1,22,11712,2,20100322,2010-03-22 17:33,1733,-37.4998,0.9918,5013,80.1,80.1,14.9645,35.1976,2,35.2023,2,245,2,245.6,2,1.14,2,0.38,2,0.18,2,0.27,2,2.75,2,1.646,2,1.491,2,2.282,3,2078.5,2,2321.4,2,443.6,6,20,7.9434,2,25,,9,,9,,9,,9,,9,,9,,,9,14.9524,14.9702,2
33RO20100308, A13.5,34,1,21,11010,2,20100322,2010-03-22 17:33,1733,-37.4998,0.9918,5013,130.1,130.1,13.7857,35.1575,2,35.1564,2,229.1,2,231.5,2,1.83,2,5.24,2,0.02,2,0.52,2,2.86,2,1.699,2,1.516,2,1.656,3,2098.2,2,2317.1,2,504.2,2,20,7.8978,2,25,,9,,9,,9,,9,,9,,9,,,9,13.7671,13.786,2
33RO20100308, A13.5,34,1,20,11715,2,20100322,2010-03-22 17:33,1733,-37.4998,0.9918,5013,189.8,189.8,12.5773,35.0345,2,35.0425,2,237.4,2,233.7,2,2.05,2,7.65,2,0.01,2,0.66,2,3.027,2,1.788,2,1.531,2,1.891,3,2108,2,2312.7,2,538,2,20,7.8701,2,25,,9,,9,,9,,9,,9,,9,,,9,12.5518,12.5787,2
33RO20100308, A13.5,34,1,19,11007,2,20100322,2010-03-22 17:33,1733,-37.4998,0.9918,5013,250.5,250.5,12.1,35.0595,2,35.0579,2,224.4,2,224.3,6,3.08,2,10.39,2,0.01,2,0.81,2,3.081,2,1.792,2,1.375,2,1.453,3,2118.8,2,2312.5,2,584.5,2,20,7.8434,2,25,,9,,9,,9,,9,,9,,9,,,9,12.067,12.0994,2
33RO20100308, A13.5,34,1,18,11710,2,20100322,2010-03-22 17:33,1733,-37.4998,0.9918,5013,399.8,399.8,9.886,34.7669,2,34.7664,2,232,2,231.6,2,4.38,6,15.05,6,0,6,1.1,6,3.363,2,1.919,2,1.396,2,1.964,3,2131,2,2298.7,2,660.5,2,20,7.7902,2,25,,9,,9,,9,,9,,9,,9,,,9,9.8396,9.8959,2
33RO20100308, A13.5,34,1,17,11025,2,20100322,2010-03-22 17:33,1733,-37.4998,0.9918,5013,550.5,550.5,7.7183,34.5192,2,34.513,2,221.4,2,220.2,2,9.39,6,22.14,6,0,6,1.55,6,3.429,2,1.855,2,1.068,2,2.518,3,2152.6,2,2288.2,2,804.9,2,20,7.7151,2,25,,9,,9,,9,,9,,9,,9,,,9,7.6629,7.7181,2
33RO20100308, A13.5,34,1,16,11709,2,20100322,2010-03-22 17:33,1733,-37.4998,0.9918,5013,699.6,699.6,5.3698,34.2802,2,34.2801,2,237.7,2,236,2,13.94,2,26.59,2,0,2,1.85,2,3.691,2,1.947,2,1.078,2,3.362,3,2162.2,2,2281.5,2,888.1,2,20,7.673,2,25,,9,,9,,9,,9,,9,,9,,,9,5.3113,5.378,2
33RO20100308, A13.5,34,1,15,11006,2,20100322,2010-03-22 17:33,1733,-37.4998,0.9918,5013,899.6,899.6,4.0463,34.2563,2,34.2571,2,230.5,2,230.7,2,25.05,2,29.64,2,0,2,2.06,2,2.925,2,1.483,2,0.671,2,3.238,3,2181.3,2,2290.5,2,958,2,20,7.6433,2,25,,9,,9,,9,,9,,9,,9,,,9,3.979,4.046,2
33RO20100308, A13.5,34,1,14,11708,2,20100322,2010-03-22 17:33,1733,-37.4998,0.9918,5013,1099.8,1099.8,3.4163,34.3323,2,34.3322,2,209.2,2,209.3,2,39.11,2,31.89,2,0,2,2.23,2,,9,,9,,9,,9,2204.9,2,2302.7,2,1043,2,20,7.61,2,25,,9,,9,,9,,9,,9,,9,,,9,3.3375,3.4179,2
33RO20100308, A13.5,34,1,13,11031,2,20100322,2010-03-22 17:33,1733,-37.4998,0.9918,5013,1300.3,1300.3,3.0442,34.4239,2,34.4244,2,194.1,2,193.7,2,50.8,2,32.86,2,0,2,2.3,2,1.103,2,0.529,2,0.162,2,1.51,3,2222.1,2,2314.6,2,1099.9,2,20,7.5897,2,25,,9,,9,,9,,9,,9,,9,,,9,2.9526,3.044,2
33RO20100308, A13.5,34,1,12,11027,2,20100322,2010-03-22 17:33,1733,-37.4998,0.9918,5013,1499.6,1499.6,2.8287,34.5418,2,34.5413,2,185,2,185.2,2,59.43,2,32.53,2,0,2,2.28,2,,9,,9,,9,,9,2234.3,6,2323,2,1113.5,2,20,7.5884,2,25,,9,,9,,9,,9,,9,,9,,,9,2.7229,2.8278,2
33RO20100308, A13.5,34,1,11,11707,2,20100322,2010-03-22 17:33,1733,-37.4998,0.9918,5013,1799.4,1799.4,2.74,34.6661,2,34.6655,2,186.3,2,186.5,2,63.52,2,31.07,2,0,2,2.17,2,0.222,2,0.108,2,0.065,2,0.436,3,2235.5,2,2333.3,2,1067.8,2,20,7.6047,2,25,,9,,9,,9,,9,,9,,9,,,9,2.6098,2.7395,2
33RO20100308, A13.5,34,1,10,11003,2,20100322,2010-03-22 17:33,1733,-37.4998,0.9918,5013,2100.5,2100.5,2.6765,34.7608,2,34.7608,2,198.9,2,199.3,2,61.37,2,28.57,2,0,2,1.99,2,,9,,9,,9,,9,2226.1,2,2336,2,988.9,2,20,7.6379,2,25,,9,,9,,9,,9,,9,,9,,,9,2.5204,2.6765,2
33RO20100308, A13.5,34,1,9,11706,2,20100322,2010-03-22 17:33,1733,-37.4998,0.9918,5013,2399.1,2399.1,2.5869,34.8132,2,34.8133,2,213.4,2,213.7,2,57.7,2,26.67,2,0,2,1.84,2,0.034,2,0.016,2,0.035,2,0.105,3,2215.9,2,2336.4,2,921,2,20,7.6672,2,25,,9,,9,,9,,9,,9,,9,,,9,2.4046,2.5869,2
33RO20100308, A13.5,34,1,8,11033,2,20100322,2010-03-22 17:33,1733,-37.4998,0.9918,5013,2799.9,2799.9,2.4261,34.8373,2,34.8353,2,222.3,2,223,2,57.68,2,25.49,2,0,2,1.76,2,,9,,9,,9,,9,2212.3,2,2339.3,2,882.7,2,20,7.6855,2,25,,9,,9,,9,,9,,9,,9,,,9,2.2082,2.4255,2
33RO20100308, A13.5,34,1,7,11705,2,20100322,2010-03-22 17:33,1733,-37.4998,0.9918,5013,3000.2,3000.2,2.3415,34.84,2,34.8407,2,224.9,2,225.3,2,59.34,6,25.47,6,0,6,1.75,6,0.015,6,0.008,6,0,6,0.051,3,2213.6,2,2323,4,864.2,6,20,7.6892,2,25,,9,,9,,9,,9,,9,,9,,,9,2.1054,2.341,2
33RO20100308, A13.5,34,1,6,11029,2,20100322,2010-03-22 17:33,1733,-37.4998,0.9918,5013,3399.1,3399.1,2.1029,34.8285,2,34.8278,2,224.3,2,225,2,67.41,6,26.1,6,0,6,1.8,6,0.019,2,0.009,2,0,2,0.057,3,2221.4,2,2349.3,2,875.5,2,20,7.6869,2,25,,9,,9,,9,,9,,9,,9,,,9,1.8314,2.1025,2
33RO20100308, A13.5,34,1,5,11704,2,20100322,2010-03-22 17:33,1733,-37.4998,0.9918,5013,3799.9,3799.9,1.6459,34.7859,2,34.7855,2,220.2,2,220.1,6,85.78,6,28.25,6,0,6,1.96,6,0.037,2,0.02,2,0.036,2,0.097,3,2236.7,2,2356.8,2,925,2,20,7.6643,2,25,,9,,9,,9,,9,,9,,9,,,9,1.3439,1.6454,2
33RO20100308, A13.5,34,1,4,11030,2,20100322,2010-03-22 17:33,1733,-37.4998,0.9918,5013,4199.3,4199.3,1.2207,34.7476,2,34.7466,2,217.8,2,217.1,2,102.16,6,29.98,6,0,6,2.09,6,0.07,2,0.034,2,0,2,0.169,3,2249.1,2,2363.3,2,970.8,2,20,7.6466,2,25,,9,,9,,9,,9,,9,,9,,,9,0.8876,1.2203,2
33RO20100308, A13.5,34,1,3,11703,2,20100322,2010-03-22 17:33,1733,-37.4998,0.9918,5013,4599.5,4599.5,1.1302,34.736,2,34.7359,2,217.6,2,216.8,2,106.85,6,30.46,6,0,6,2.11,6,0.081,2,0.04,2,0.046,2,0.191,3,2252.6,2,2367.6,2,981.4,2,20,7.6411,2,25,,9,,9,,9,,9,,9,,9,,,9,0.755,1.1295,2
33RO20100308, A13.5,34,1,2,11702,2,20100322,2010-03-22 17:33,1733,-37.4998,0.9918,5013,4800,4800,1.1345,34.7344,2,34.7386,2,217.4,2,217.7,2,107.84,6,30.55,6,0,6,2.13,6,0.084,2,0.041,2,0.041,2,0.195,3,2253.5,2,2366.6,2,987.1,2,20,7.6403,2,25,,9,,9,,9,,9,,9,,9,,,9,0.7359,1.1339,2
33RO20100308, A13.5,34,1,1,11701,2,20100322,2010-03-22 17:33,1733,-37.4998,0.9918,5013,5094.9,5094.9,1.1565,34.7328,2,34.7343,2,217.3,2,216.3,2,108.25,6,30.65,6,0,6,2.14,6,0.084,2,0.041,2,0.029,2,0.196,3,2253.8,6,2368.3,6,989.5,2,20,7.6406,2,25,,9,,9,,9,,9,,9,,9,,,9,0.722,1.1559,2
33RO20100308, A13.5,35,1,24,11714,2,20100322,2010-03-22 23:44,2344,-37.0005,1.0002,4963,4.8,4.8,19.1991,35.1832,2,35.1822,2,234.3,2,234.4,2,0.77,2,0,2,0,2,0.17,2,2.294,2,1.396,2,1.289,2,2.608,3,2059,6,2322.7,6,398.4,2,20,7.9823,2,25,62.06,2,3.67,2,,9,,9,,9,,9,,,9,19.1982,19.1988,2
33RO20100308, A13.5,35,1,23,11713,2,20100322,2010-03-22 23:44,2344,-37.0005,1.0002,4963,50,50,18.1082,35.172,2,35.1639,2,240.3,2,243.5,2,0.85,2,0.01,2,0,2,0.18,2,2.456,2,1.473,2,1.371,2,2.439,3,2059.7,2,2320,2,403.4,2,20,7.9749,2,25,62.75,2,4.63,2,,9,,9,,9,,9,,,9,18.0996,18.1148,2
33RO20100308, A13.5,35,1,22,11712,2,20100322,2010-03-22 23:44,2344,-37.0005,1.0002,4963,75,75,15.5198,35.1339,2,35.1089,2,252.3,2,250.2,2,0.98,2,0.6,2,0.13,2,0.28,2,2.769,6,1.668,6,1.471,2,2.244,3,2075.6,2,2316.5,2,446.9,2,20,7.9433,2,25,57.77,2,5.57,2,,9,,9,,9,,9,,,9,15.5082,15.5503,2
33RO20100308, A13.5,35,1,21,11010,2,20100322,2010-03-22 23:44,2344,-37.0005,1.0002,4963,100,100,13.8586,35.0733,2,35.0783,2,238.8,2,238.2,2,1.41,2,4.29,2,0.05,2,0.48,2,2.921,2,1.765,2,1.992,4,2.064,3,2093.6,2,2314.1,2,494.3,2,20,7.9006,2,25,55.93,2,8.3,2,,9,,9,,9,,9,,,9,13.8443,13.8605,2
33RO20100308, A13.5,35,1,20,11715,2,20100322,2010-03-22 23:44,2344,-37.0005,1.0002,4963,199.7,199.7,12.5131,35.1094,2,35.1126,2,220.9,2,224.7,2,2.76,2,9.28,2,0.01,2,0.75,2,3.026,2,1.763,2,1.413,2,1.433,3,2117.2,2,2316.2,2,561.7,6,20,7.8547,2,25,49.74,2,12.01,2,,9,,9,,9,,9,,,9,12.4863,12.5139,2
33RO20100308, A13.5,35,1,19,11007,2,20100322,2010-03-22 23:44,2344,-37.0005,1.0002,4963,299.6,299.6,11.1536,34.9476,2,34.9482,2,221.8,2,223.3,2,4.04,2,12.86,2,0,2,0.97,2,3.175,2,1.81,2,1.342,2,1.454,3,2128.4,2,2306,2,621.2,2,20,7.8146,2,25,46.33,2,14.96,2,,9,,9,,9,,9,,,9,11.1162,11.1534,2
33RO20100308, A13.5,35,1,18,11710,2,20100322,2010-03-22 23:44,2344,-37.0005,1.0002,4963,399.4,399.4,9.6993,34.7589,2,34.7584,2,218.6,2,219.4,6,6.05,2,16.94,2,0,2,1.22,2,3.276,2,1.814,2,1.168,2,1.745,3,2139,2,2299.1,2,690.8,2,20,7.768,2,25,44.76,2,19.26,2,,9,,9,,9,,9,,,9,9.6535,9.7,2
33RO20100308, A13.5,35,1,17,11025,2,20100322,2010-03-22 23:44,2344,-37.0005,1.0002,4963,550.8,550.8,7.2092,34.4663,2,34.4647,2,215.9,2,217.1,2,11,2,23.69,2,0,2,1.66,2,3.386,2,1.807,2,1.02,2,2.499,3,2158.3,2,2286.6,2,836.2,2,20,7.6936,2,25,43.69,2,25.72,2,,9,,9,,9,,9,,,9,7.1559,7.2086,2
33RO20100308, A13.5,35,1,16,11709,2,20100322,2010-03-22 23:44,2344,-37.0005,1.0002,4963,700,700,5.4168,34.3117,2,34.3116,2,226.6,2,227.5,2,16.14,2,26.93,2,0,2,1.89,2,3.369,2,1.751,2,0.854,2,3.065,3,2167.2,2,2283.9,2,896.2,2,20,7.6643,2,25,41.58,2,28.55,2,,9,,9,,9,,9,,,9,5.358,5.4199,2
33RO20100308, A13.5,35,1,15,11006,2,20100322,2010-03-22 23:44,2344,-37.0005,1.0002,4963,850.1,850.1,4.249,34.2654,2,34.2665,2,228.9,2,229,2,23.99,2,29.38,2,0,2,2.06,2,2.967,2,1.513,2,0.702,2,3.103,3,2179.7,2,2289.6,2,950,2,20,7.6439,2,25,39.21,2,31.14,2,,9,,9,,9,,9,,,9,4.1843,4.2535,2
33RO20100308, A13.5,35,1,14,11708,2,20100322,2010-03-22 23:44,2344,-37.0005,1.0002,4963,1000.6,1000.6,3.7162,34.3134,2,34.3085,2,216.1,2,214.6,2,34.87,2,31.23,2,0,2,2.19,2,2.258,2,1.122,2,0.431,2,2.58,3,2198.1,2,2298.3,2,1018.8,2,20,7.6163,2,25,39.17,2,33.22,2,,9,,9,,9,,9,,,9,3.643,3.7223,2
33RO20100308, A13.5,35,1,13,11031,2,20100322,2010-03-22 23:44,2344,-37.0005,1.0002,4963,1199.7,1199.7,3.2215,34.3998,2,34.3993,2,194,2,195,2,48.45,2,32.85,2,0,2,2.31,2,1.325,2,0.636,2,0.232,2,1.707,3,2219.4,2,2312.6,2,1099.9,2,20,7.5884,2,25,38.61,2,34.35,2,,9,,9,,9,,9,,,9,3.1363,3.2245,2
33RO20100308, A13.5,35,1,12,11027,2,20100322,2010-03-22 23:44,2344,-37.0005,1.0002,4963,1399.9,1399.9,2.8983,34.4932,2,34.4939,2,188.3,2,188.6,2,55.95,2,32.7,2,0,2,2.3,2,0.732,2,0.352,2,0.121,2,1.089,3,2228.7,2,2322.3,2,1116.7,2,20,7.5847,2,25,38.32,2,34.5,2,,9,,9,,9,,9,,,9,2.8,2.8977,2
33RO20100308, A13.5,35,1,11,11707,2,20100322,2010-03-22 23:44,2344,-37.0005,1.0002,4963,1599.5,1599.5,2.7862,34.5983,2,34.5982,2,186.3,2,185.7,2,61,2,31.78,2,0,2,2.23,2,0.373,2,0.182,2,0.069,2,0.633,3,2233.4,2,2328.5,2,1089.7,2,20,7.5931,2,25,39.43,2,33.62,2,,9,,9,,9,,9,,,9,2.6725,2.7859,2
33RO20100308, A13.5,35,1,10,11003,2,20100322,2010-03-22 23:44,2344,-37.0005,1.0002,4963,1794.6,1794.6,2.7361,34.6751,2,34.6752,2,189.4,2,189.6,2,62.36,2,30.64,2,0,2,2.14,2,0.207,2,0.101,2,0.06,2,0.392,3,2232.1,2,2333.8,2,1051.7,2,20,7.6078,2,25,39.38,2,32.26,2,,9,,9,,9,,9,,,9,2.6063,2.7356,2
33RO20100308, A13.5,35,1,9,11706,2,20100322,2010-03-22 23:44,2344,-37.0005,1.0002,4963,2000,2000,2.6916,34.7403,2,34.7415,2,196.2,2,195.9,2,62.18,2,29.28,2,0,2,2.04,2,0.111,2,0.054,2,0,2,0.24,3,2227.4,2,2336.3,2,1001.8,2,20,7.6265,2,25,39.51,2,30.85,2,,9,,9,,9,,9,,,9,2.5443,2.691,2
33RO20100308, A13.5,35,1,8,11033,2,20100322,2010-03-22 23:44,2344,-37.0005,1.0002,4963,2299.9,2299.9,2.6169,34.8013,2,34.8019,2,209.7,2,210.1,2,58.54,2,27.17,2,0,2,1.89,2,0.046,2,0.022,2,0,2,0.124,3,2217.7,2,2336.8,2,930.2,2,20,7.6572,2,25,39.32,2,28.39,2,,9,,9,,9,,9,,,9,2.4434,2.6167,2
33RO20100308, A13.5,35,1,7,11705,2,20100322,2010-03-22 23:44,2344,-37.0005,1.0002,4963,2598.7,2598.7,2.4809,34.8283,2,34.8282,2,219,2,219.5,6,57.9,2,25.83,2,0,2,1.79,2,,5,,5,,5,,5,2212.8,2,2339.1,2,889.9,2,20,7.675,2,25,39.12,2,27.35,2,,9,,9,,9,,9,,,9,2.2815,2.4808,2
33RO20100308, A13.5,35,1,6,11029,2,20100322,2010-03-22 23:44,2344,-37.0005,1.0002,4963,2899.1,2899.1,2.3749,34.8399,2,34.8402,2,224.3,2,226.1,2,58.24,2,25.42,2,0,2,1.75,2,0.019,2,0.014,2,0.043,2,0.068,3,2209.7,2,2342.3,2,868.1,2,20,7.6859,2,25,38.32,2,27.01,2,,9,,9,,9,,9,,,9,2.1482,2.3746,2
33RO20100308, A13.5,35,1,5,11704,2,20100322,2010-03-22 23:44,2344,-37.0005,1.0002,4963,3099.5,3099.5,2.2714,34.8387,2,34.8396,2,224.4,2,225.9,2,60.99,6,25.42,6,0,6,1.75,6,0.016,2,0.007,2,0,2,0.058,3,2212.4,2,2344.5,2,873.5,2,20,7.6868,2,25,38.63,2,26.82,2,,9,,9,,9,,9,,,9,2.0268,2.2707,2
33RO20100308, A13.5,35,1,4,11030,2,20100322,2010-03-22 23:44,2344,-37.0005,1.0002,4963,3499.7,3499.7,1.9661,34.8165,2,34.8169,2,222.9,2,223.3,2,72.89,6,26.66,6,0,6,1.85,6,0.025,2,0.012,2,0,2,0.069,3,2224.3,2,2353,2,898.3,2,20,7.6782,2,25,38.92,2,28.27,2,,9,,9,,9,,9,,,9,1.6875,1.9656,2
33RO20100308, A13.5,35,1,3,11703,2,20100322,2010-03-22 23:44,2344,-37.0005,1.0002,4963,4299.3,4299.3,1.1558,34.7415,2,34.7412,2,217.3,2,217.4,2,104.65,6,30.04,6,0,6,2.11,6,0.072,2,0.035,2,0,2,0.174,3,2249.6,2,2366.4,2,978.7,2,20,7.6406,2,25,39.63,2,32.09,2,,9,,9,,9,,9,,,9,0.8136,1.1551,2
33RO20100308, A13.5,35,1,2,11702,2,20100322,2010-03-22 23:44,2344,-37.0005,1.0002,4963,4700.7,4700.7,1.1211,34.7345,2,34.7349,2,217.9,2,217.2,2,107.8,6,30.47,6,0,6,2.13,6,0.086,2,0.042,2,0,2,0.199,3,2252.8,2,2366.8,2,989.8,6,20,7.639,2,25,38.49,2,32.24,2,,9,,9,,9,,9,,,9,0.7345,1.1208,2
33RO20100308, A13.5,35,1,1,11701,2,20100322,2010-03-22 23:44,2344,-37.0005,1.0002,4963,5026.5,5026.5,1.1448,34.7327,2,34.7333,2,216.5,2,216.5,2,108.25,6,30.49,6,0,6,2.14,6,0.087,2,0.041,2,0.06,2,0.2,3,2253.9,6,2369,6,988,2,20,7.6389,2,25,38.64,2,32.26,2,,9,,9,,9,,9,,,9,0.719,1.144,2
33RO20100308, A13.5,36,1,24,11714,2,20100323,2010-03-23 6:01,601,-36.4992,1.0047,5031,5.4,5.4,19.7421,35.4001,2,35.4021,2,227.7,2,229.9,2,0.93,2,0,2,0,2,0.15,2,2.217,2,1.353,2,1.265,2,2.507,3,2062.5,6,2333.7,6,390.8,2,20,7.9907,2,25,,9,,9,,9,,9,,9,,9,,,9,19.7411,19.7415,2
33RO20100308, A13.5,36,1,23,11713,2,20100323,2010-03-23 6:01,601,-36.4992,1.0047,5031,39.7,39.7,19.932,35.4995,2,35.508,2,227.8,2,229.1,2,1.03,2,0,2,0,2,0.16,2,2.198,2,1.342,2,1.284,2,2.457,3,2065.5,2,2337.6,2,386.4,6,20,7.9918,2,25,,9,,9,,9,,9,,9,,9,,,9,19.9247,19.9317,2
33RO20100308, A13.5,36,1,22,11712,2,20100323,2010-03-23 6:01,601,-36.4992,1.0047,5031,80.2,80.2,16.7904,35.516,2,35.5096,2,240.3,2,246.9,2,1.39,2,0.04,2,0,2,0.19,2,2.562,6,1.541,6,1.387,6,1.873,3,2073.7,2,2336.1,2,404.9,2,20,7.9749,2,25,,9,,9,,9,,9,,9,,9,,,9,16.7773,16.7904,2
33RO20100308, A13.5,36,1,21,11010,2,20100323,2010-03-23 6:01,601,-36.4992,1.0047,5031,151,151,14.7462,35.3451,2,35.3427,2,221.9,2,227.5,2,1.64,2,4,2,0.03,2,0.44,2,2.747,2,1.638,2,1.457,2,1.602,3,2097.6,2,2326.9,2,479.2,2,20,7.9131,2,25,,9,,9,,9,,9,,9,,9,,,9,14.7236,14.7456,2
33RO20100308, A13.5,36,1,20,11715,2,20100323,2010-03-23 6:01,601,-36.4992,1.0047,5031,250.4,250.4,13.0624,35.1723,2,35.1698,2,216.2,2,215.5,2,3.27,2,9.31,2,0.01,2,0.76,2,2.95,2,1.727,2,1.254,2,1.226,3,2118.1,2,2315.8,2,562,2,20,7.8534,2,25,,9,,9,,9,,9,,9,,9,,,9,13.0277,13.0622,2
33RO20100308, A13.5,36,1,19,11007,2,20100323,2010-03-23 6:01,601,-36.4992,1.0047,5031,325.4,325.4,12.4285,35.1418,2,35.1418,2,222.3,2,220,2,3.08,2,10.05,2,0,2,0.79,2,3.036,2,1.756,2,1.303,2,1.225,3,2120.3,2,2317.7,2,568.4,2,20,7.8462,2,25,,9,,9,,9,,9,,9,,9,,,9,12.3848,12.4267,2
33RO20100308, A13.5,36,1,18,11710,2,20100323,2010-03-23 6:01,601,-36.4992,1.0047,5031,500.4,500.4,9.3539,34.7165,2,34.7184,2,200.5,2,198.5,2,9.52,2,19.72,2,0,2,1.41,2,3.074,2,1.673,2,0.909,2,1.537,3,2152.6,2,2296.1,2,772.5,2,20,7.7276,2,25,,9,,9,,9,,9,,9,,9,,,9,9.2975,9.3592,2
33RO20100308, A13.5,36,1,17,11025,2,20100323,2010-03-23 6:01,601,-36.4992,1.0047,5031,649.7,649.7,6.7929,34.4431,2,34.4401,2,208.3,2,210.2,6,14.18,2,25.13,2,0,2,1.75,2,3.166,2,1.658,2,0.865,2,2.442,3,2166.2,2,2288.2,2,873.9,2,20,7.6746,2,25,,9,,9,,9,,9,,9,,9,,,9,6.7316,6.7615,2
33RO20100308, A13.5,36,1,16,11709,2,20100323,2010-03-23 6:01,601,-36.4992,1.0047,5031,799.7,799.7,5.0245,34.3247,2,34.3262,2,216.3,2,216.2,2,22.2,2,28.46,2,0,2,2,2,2.875,2,1.471,2,0.693,2,2.807,3,2179.5,2,2290.8,2,951.5,2,20,7.6437,2,25,,9,,9,,9,,9,,9,,9,,,9,4.9591,5.0157,2
33RO20100308, A13.5,36,1,15,11006,2,20100323,2010-03-23 6:01,601,-36.4992,1.0047,5031,1000.7,1000.7,3.7254,34.301,2,34.2997,2,217.2,2,216.9,2,32.7,2,30.58,2,0,2,2.15,2,2.308,2,1.142,2,0.479,2,2.61,3,2194.9,2,2297.7,2,1009.2,2,20,7.6199,2,25,,9,,9,,9,,9,,9,,9,,,9,3.6521,3.7259,2
33RO20100308, A13.5,36,1,14,11708,2,20100323,2010-03-23 6:01,601,-36.4992,1.0047,5031,1199.6,1199.6,3.1613,34.3829,2,34.3822,2,198.9,2,199.5,2,46.12,2,32.35,2,0,2,2.28,2,1.428,2,0.687,2,0.278,2,1.805,3,2216.6,2,2311.9,2,1094.6,2,20,7.5926,2,25,,9,,9,,9,,9,,9,,9,,,9,3.0767,3.1625,2
33RO20100308, A13.5,36,1,13,11031,2,20100323,2010-03-23 6:01,601,-36.4992,1.0047,5031,1399.7,1399.7,2.9199,34.5059,2,34.5056,2,187.6,2,188.4,2,55.69,2,32.29,2,0,2,2.27,2,0.672,2,0.323,2,0.113,2,1.019,3,2228.6,2,2320.9,2,1113.9,2,20,7.5877,2,25,,9,,9,,9,,9,,9,,9,,,9,2.8214,2.9195,2
33RO20100308, A13.5,36,1,12,11027,2,20100323,2010-03-23 6:01,601,-36.4992,1.0047,5031,1599.1,1599.1,2.8164,34.6059,2,34.6053,2,187.4,2,187.1,2,59.12,2,31.29,2,0,2,2.2,2,0.331,2,0.162,2,0.077,2,0.586,3,2231.7,2,2328.3,2,1076,2,20,7.5985,2,25,,9,,9,,9,,9,,9,,9,,,9,2.7024,2.8159,2
33RO20100308, A13.5,36,1,11,11707,2,20100323,2010-03-23 6:01,601,-36.4992,1.0047,5031,1799.1,1799.1,2.7649,34.6897,2,34.6869,2,190.4,2,191.4,2,60.33,2,29.94,2,0,2,2.09,2,0.173,2,0.084,2,0.044,2,0.396,3,2229.1,2,2335.2,2,1033.4,2,20,7.6149,2,25,,9,,9,,9,,9,,9,,9,,,9,2.6343,2.7647,2
33RO20100308, A13.5,36,1,10,11003,2,20100323,2010-03-23 6:01,601,-36.4992,1.0047,5031,2100.6,2100.6,2.6866,34.7695,2,34.7691,2,202.6,2,203.8,2,58.5,2,27.73,2,0,2,1.93,2,0.078,2,0.039,2,0.039,2,0.222,3,2220.9,2,2335.5,2,967.7,2,20,7.6424,2,25,,9,,9,,9,,9,,9,,9,,,9,2.5303,2.6853,2
33RO20100308, A13.5,36,1,9,11706,2,20100323,2010-03-23 6:01,601,-36.4992,1.0047,5031,2399.9,2399.9,2.5702,34.8151,2,34.8145,2,215.2,2,216.4,2,56.8,2,26.22,2,0,2,1.81,2,0.037,2,0.019,2,0,2,0.134,3,2214.1,2,2337.6,2,908.9,2,20,7.6678,2,25,,9,,9,,9,,9,,9,,9,,,9,2.3881,2.5701,2
33RO20100308, A13.5,36,1,8,11033,2,20100323,2010-03-23 6:01,601,-36.4992,1.0047,5031,2699.4,2699.4,2.4399,34.8344,2,34.8334,2,223.5,2,223,6,57.23,2,25.42,2,0,2,1.75,2,0.022,2,0.011,2,0,2,0.089,3,2210.1,2,2338.3,2,878.5,2,20,7.6812,2,25,,9,,9,,9,,9,,9,,9,,,9,2.2316,2.4402,2
33RO20100308, A13.5,36,1,7,11705,2,20100323,2010-03-23 6:01,601,-36.4992,1.0047,5031,2998.9,2998.9,2.3361,34.8419,2,34.8449,2,227.9,2,227.1,2,58.44,2,25.03,2,0,2,1.73,2,0.015,6,0.008,6,0.014,6,0.073,3,2209.9,2,2341.9,2,866.6,2,20,7.6893,2,25,,9,,9,,9,,9,,9,,9,,,9,2.1003,2.3356,2
33RO20100308, A13.5,36,1,6,11029,2,20100323,2010-03-23 6:01,601,-36.4992,1.0047,5031,3299.3,3299.3,2.2225,34.8435,2,34.8435,2,230.1,2,229.2,2,60.92,6,25,6,0,6,1.72,6,0.013,2,0.007,2,0,2,0.061,3,2212.7,2,2346.2,2,860.6,2,20,7.6928,2,25,,9,,9,,9,,9,,9,,9,,,9,1.9585,2.2228,2
33RO20100308, A13.5,36,1,5,11704,2,20100323,2010-03-23 6:01,601,-36.4992,1.0047,5031,3600.1,3600.1,1.9834,34.8251,2,34.8246,2,226.5,2,226.1,2,70.4,6,26.12,6,0,6,1.8,6,0.02,2,0.01,2,0,2,0.066,3,2222.3,2,2353.9,2,873.6,6,20,7.6846,2,25,,9,,9,,9,,9,,9,,9,,,9,1.6937,1.9832,2
33RO20100308, A13.5,36,1,4,11030,9,20100323,2010-03-23 6:01,601,-36.4992,1.0047,5031,4000,4000,1.4179,34.7672,2,,9,219.4,2,,9,-9,9,-9,9,-9,9,-9,9,,9,,9,,9,,9,,9,,9,,9,,,9,,,9,,9,,9,,9,,9,,9,,,9,1.1007,1.4177,2
33RO20100308, A13.5,36,1,3,11703,2,20100323,2010-03-23 6:01,601,-36.4992,1.0047,5031,4399.1,4399.1,1.1392,34.7391,2,34.7389,2,217.3,2,217.1,2,105.44,6,30.13,6,0.01,6,2.11,6,0.075,2,0.036,2,0.034,2,0.202,3,2251.3,2,2366.8,2,984.8,2,20,7.64,2,25,,9,,9,,9,,9,,9,,9,,,9,0.7864,1.1386,2
33RO20100308, A13.5,36,1,2,11702,2,20100323,2010-03-23 6:01,601,-36.4992,1.0047,5031,4800,4800,1.1258,34.7336,2,34.7332,2,218.1,2,216.6,2,107.45,6,30.35,6,0,6,2.12,6,0.084,2,0.042,2,0,2,0.224,3,2253.2,2,2367.7,2,986.7,2,20,7.6377,2,25,,9,,9,,9,,9,,9,,9,,,9,0.7275,1.1251,2
33RO20100308, A13.5,36,1,1,11701,2,20100323,2010-03-23 6:01,601,-36.4992,1.0047,5031,5101.4,5101.4,1.1558,34.7327,2,34.7325,2,217.4,2,216.2,2,108.31,6,30.55,6,0.01,6,2.14,6,0.084,2,0.04,2,0.028,2,0.213,3,2253.5,6,2368,6,988.4,2,20,7.6384,2,25,,9,,9,,9,,9,,9,,9,,,9,0.7206,1.1551,2
33RO20100308, A13.5,37,1,24,11714,2,20100323,2010-03-23 12:10,1210,-35.9998,1.0085,4973,5.6,5.6,20.5713,35.807,2,35.8077,2,225.8,2,226.8,2,1.78,2,0,2,0,2,0.15,2,2.125,2,1.302,2,1.312,2,2.369,3,2071.1,6,2353.5,2,376.6,2,20,8.0065,2,25,63.47,2,4.46,2,,1,,1,,9,,9,,,9,20.5702,20.5698,2
33RO20100308, A13.5,37,1,23,11713,2,20100323,2010-03-23 12:10,1210,-35.9998,1.0085,4973,59.9,59.9,19.4396,35.6766,2,35.6944,2,237.1,2,238.7,2,1.78,2,0,2,0,2,0.16,2,2.288,2,1.389,2,1.276,2,2.174,3,2068.1,2,2347.9,6,378.7,2,20,7.9999,2,25,62.69,2,4.91,2,,1,,1,,9,,9,,,9,19.4287,19.4763,2
33RO20100308, A13.5,37,1,22,11712,2,20100323,2010-03-23 12:10,1210,-35.9998,1.0085,4973,100.5,100.5,16.963,35.6255,2,35.6242,2,240.6,2,240.4,2,1.99,2,0.19,2,0.03,2,0.23,2,2.517,6,1.518,6,1.353,6,1.738,3,2078.4,2,2343.7,2,407.7,2,20,7.9775,2,25,57.53,2,4.38,2,,1,,1,,9,,9,,,9,16.9464,16.9644,2
33RO20100308, A13.5,37,1,21,11010,2,20100323,2010-03-23 12:10,1210,-35.9998,1.0085,4973,150.1,150.1,15.6524,35.514,2,35.5119,2,222.7,2,221.7,2,2.69,2,4.2,2,0.02,2,0.44,2,2.609,2,1.563,2,1.349,2,1.194,3,2094.4,2,2335.1,2,458,2,20,7.9293,2,25,55.89,2,7.95,2,,1,,1,,9,,9,,,9,15.6289,15.6604,2
33RO20100308, A13.5,37,1,20,11715,2,20100323,2010-03-23 12:10,1210,-35.9998,1.0085,4973,250.4,250.4,13.4644,35.2253,2,35.2258,2,214,2,213.3,2,3.66,2,8.93,2,0.01,2,0.73,2,2.894,2,1.69,2,1.318,2,1.101,3,2115.9,2,2319.6,2,549.7,6,20,7.8609,2,25,50.22,2,11.92,2,,1,,1,,9,,9,,,9,13.429,13.4654,2
33RO20100308, A13.5,37,1,19,11007,2,20100323,2010-03-23 12:10,1210,-35.9998,1.0085,4973,350.3,350.3,12.3916,35.139,2,35.1374,2,221.9,2,221.5,2,3.25,2,10.31,2,0,2,0.81,2,3.047,2,1.765,2,1.334,2,1.232,3,2121.7,2,2317.7,2,578.4,2,20,7.846,2,25,47.39,2,12.86,2,,1,,1,,9,,9,,,9,12.3446,12.3979,2
33RO20100308, A13.5,37,1,18,11710,2,20100323,2010-03-23 12:10,1210,-35.9998,1.0085,4973,449.3,449.3,10.8294,34.9151,2,34.9181,2,224.5,2,223.6,2,4.29,2,13.5,2,0,2,1,2,3.221,2,1.828,2,1.333,2,1.555,3,2129.7,2,2306.9,2,629.7,2,20,7.8073,2,25,46.28,2,15.19,2,,1,,1,,9,,9,,,9,10.774,10.8416,2
33RO20100308, A13.5,37,1,17,11025,2,20100323,2010-03-23 12:10,1210,-35.9998,1.0085,4973,600.6,600.6,8.0308,34.5522,2,34.5516,2,217.1,2,217,2,8.9,2,21.44,2,0,2,1.51,2,3.393,2,1.832,2,1.078,2,2.295,3,2151.4,2,2290.5,2,793.6,2,20,7.7183,2,25,42.67,2,23.38,2,,1,,1,,9,,9,,,9,7.9687,8.0315,2
33RO20100308, A13.5,37,1,16,11709,2,20100323,2010-03-23 12:10,1210,-35.9998,1.0085,4973,750.8,750.8,5.2788,34.2922,2,,9,226.6,2,231.4,6,15.73,2,26.95,2,0,2,1.9,2,3.489,2,1.812,2,0.984,2,3.282,3,2165.2,2,,5,903.5,2,20,7.6646,2,25,39.41,2,28.44,2,,1,,1,,9,-20.3,2,2.7,0.87,2,5.2162,5.2785,2
33RO20100308, A13.5,37,1,15,11006,2,20100323,2010-03-23 12:10,1210,-35.9998,1.0085,4973,899.9,899.9,4.3362,34.2755,2,34.2754,2,227.9,2,226.3,2,24,2,29.23,2,0,2,2.04,2,2.923,2,1.484,2,0.694,2,3.106,3,2179.2,2,2294.1,2,956,2,20,7.6424,2,25,38.85,2,31.25,2,,1,,1,,9,-42.3,2,2.9,1.13,2,4.2668,4.3353,2
33RO20100308, A13.5,37,1,14,11708,2,20100323,2010-03-23 12:10,1210,-35.9998,1.0085,4973,1099.9,1099.9,3.5322,34.3278,2,,9,212.1,2,210.5,2,37.34,2,31.69,2,0,2,2.2,2,1.965,2,0.96,2,0.425,2,2.361,3,2200.7,2,2302.4,2,1035.4,2,20,7.6109,2,25,38.91,2,32.95,2,,1,,1,,9,-80.1,2,2.8,0.91,2,3.4524,3.5317,2
33RO20100308, A13.5,37,1,13,11031,2,20100323,2010-03-23 12:10,1210,-35.9998,1.0085,4973,1300.2,1300.2,3.0778,34.4188,2,34.4184,2,195.2,2,194.3,2,49.71,2,32.87,2,0,2,2.3,2,1.142,2,0.546,2,0.21,2,1.567,3,2220.9,2,2316.5,2,1101.8,2,20,7.588,2,25,38.78,2,34.38,2,,1,,1,,9,-108,2,3.4,0.81,2,2.9859,3.0774,2
33RO20100308, A13.5,37,1,12,11027,2,20100323,2010-03-23 12:10,1210,-35.9998,1.0085,4973,1500.9,1500.9,2.9139,34.5463,2,,9,181,2,180.4,2,61,2,32.98,2,0,2,2.3,2,0.503,2,0.245,2,0.138,2,0.807,3,2236.3,6,2329.3,6,1127.8,2,20,7.5801,2,25,39.07,2,34.58,2,,1,,1,,9,-130.6,2,2.6,0.65,2,2.807,2.9138,2
33RO20100308, A13.5,37,1,11,11707,2,20100323,2010-03-23 12:10,1210,-35.9998,1.0085,4973,1701,1701,2.8387,34.6527,2,34.6513,2,186.9,2,186.8,2,60.27,2,31.08,2,0,2,2.17,2,0.218,2,0.106,2,0.042,2,0.415,3,2231.6,2,2333,2,1061.8,2,20,7.604,2,25,39.37,2,32.29,2,,1,,1,,9,-130.9,2,2.6,0.68,2,2.7157,2.8383,2
33RO20100308, A13.5,37,1,10,11003,2,20100323,2010-03-23 12:10,1210,-35.9998,1.0085,4973,1900,1900,2.785,34.7303,2,34.7302,2,196.8,2,196.8,2,58.25,2,29.15,2,0,2,2.02,2,0.107,2,0.052,2,0,2,0.239,3,2226,2,2334.2,2,1000.4,2,20,7.6295,2,25,38.66,2,30.55,2,,1,,1,,9,-127.3,2,2.7,0.76,2,2.6452,2.7852,2
33RO20100308, A13.5,37,1,9,11706,2,20100323,2010-03-23 12:10,1210,-35.9998,1.0085,4973,2219.4,2219.4,2.6857,34.8015,2,34.7998,2,211.1,2,211.1,6,55.48,2,26.98,2,0,2,1.87,2,0.042,2,0.021,2,0.022,2,0.129,3,2215.5,2,2337.6,2,931.2,2,20,7.6598,2,25,38.8,2,28.26,2,,9,,1,,9,-126.7,2,2.5,0.81,2,2.5185,2.6854,2
33RO20100308, A13.5,37,1,8,11033,2,20100323,2010-03-23 12:10,1210,-35.9998,1.0085,4973,2500.5,2500.5,2.5469,34.8254,2,34.8248,2,219.8,2,219.7,2,55.98,2,25.92,2,0,2,1.78,2,0.028,2,0.014,2,0,2,0.104,3,2211.5,2,2337.5,2,887.6,2,20,7.6758,2,25,39.13,2,27.26,2,,1,,1,,9,-127.8,2,2.7,0.88,2,2.3557,2.5464,2
33RO20100308, A13.5,37,1,7,11705,2,20100323,2010-03-23 12:10,1210,-35.9998,1.0085,4973,2800,2800,2.4201,34.8388,2,34.8373,2,225.1,2,225.1,2,56.88,2,25.29,2,0,2,1.75,2,0.018,6,0.009,6,0,6,0.081,3,2210.2,2,2340.5,2,868.3,2,20,7.6856,2,25,39.96,2,27.26,2,,9,,1,,9,-123.1,2,2.7,0.85,2,2.2023,2.4194,2
33RO20100308, A13.5,37,1,6,11029,2,20100323,2010-03-23 12:10,1210,-35.9998,1.0085,4973,3098.6,3098.6,2.3082,34.842,2,34.8421,2,228,2,227.6,2,59.51,2,25.12,2,0,2,1.73,2,0.016,2,0.01,2,0,2,0.064,3,2212,2,2344.1,2,856.8,2,20,7.6901,2,25,40.15,2,26.61,2,,1,,1,,9,-129.9,2,2.4,0.88,2,2.0629,2.3076,2
33RO20100308, A13.5,37,1,5,11704,2,20100323,2010-03-23 12:10,1210,-35.9998,1.0085,4973,3399.3,3399.3,2.167,34.8382,2,34.838,2,228.2,2,227.5,2,63.65,6,25.51,6,0,6,1.75,6,0.014,2,0.008,2,0,2,0.055,3,2215.2,2,2348.8,2,857.7,2,20,7.6909,2,25,39.58,2,27.25,2,,9,,1,,9,-130.9,2,2.3,0.8,2,1.8939,2.1664,2
33RO20100308, A13.5,37,1,4,11030,2,20100323,2010-03-23 12:10,1210,-35.9998,1.0085,4973,3800.2,3800.2,1.7161,34.797,2,34.7973,2,221.8,2,222.4,2,81.85,6,27.69,6,0,6,1.91,6,0.032,2,0.016,2,0,2,0.096,3,2232.1,2,2357.1,2,905.8,6,20,7.669,2,25,39.96,2,29.52,2,,1,,1,,9,-138.5,2,2.6,0.72,2,1.4121,1.7154,2
33RO20100308, A13.5,37,1,3,11703,2,20100323,2010-03-23 12:10,1210,-35.9998,1.0085,4973,4200,4200,1.2313,34.749,2,34.7489,2,217.7,2,217.7,2,101.53,6,29.96,6,0,6,2.08,6,0.059,2,0.031,2,0.031,4,0.155,3,2248.3,2,2366.6,2,979.8,2,20,7.645,2,25,38.62,2,31.78,2,,9,,1,,9,-161.5,2,2.2,0.64,2,0.8978,1.2313,2
33RO20100308, A13.5,37,1,2,11702,2,20100323,2010-03-23 12:10,1210,-35.9998,1.0085,4973,4600.7,4600.7,1.1293,34.7364,2,34.7363,2,217.4,2,217.1,2,106.97,6,30.59,6,0,6,2.13,6,0.083,2,0.043,2,0.038,2,0.201,3,2252.4,2,2369.2,2,981.3,2,20,7.639,2,25,39.26,2,32,2,,1,,1,,9,-153.8,2,2.6,0.6,2,0.754,1.1287,2
33RO20100308, A13.5,37,1,1,11701,2,20100323,2010-03-23 12:10,1210,-35.9998,1.0085,4973,5051.3,5051.3,1.1453,34.7324,2,34.734,2,217.3,2,216.6,2,108.45,6,30.77,6,0,6,2.14,6,0.083,2,0.04,2,0,2,0.203,3,2254.3,6,2370.2,6,988.5,2,20,7.6381,2,25,38.71,2,32.93,2,,1,,1,,9,-153.5,2,2.6,0.58,2,0.7165,1.1444,2
33RO20100308, A13.5,38,1,24,11714,2,20100323,2010-03-23 18:32,1832,-35.4997,1.0507,4904,6.4,6.4,20.0707,35.498,2,35.4984,2,228.8,2,230.2,2,0.97,2,0,2,0,2,0.16,2,2.201,2,1.335,2,1.293,2,2.533,3,2067.8,6,2339,2,388.1,2,20,7.9903,2,25,,9,,9,,9,,9,,9,,9,,,9,20.0695,20.0646,2
33RO20100308, A13.5,38,1,23,11713,2,20100323,2010-03-23 18:32,1832,-35.4997,1.0507,4904,30.5,30.5,19.9599,35.4696,2,35.4494,2,230,2,231.8,2,0.93,2,0,2,0,2,0.16,2,,9,,9,,9,,9,2066.4,2,2337.1,2,388.4,6,20,7.9888,2,25,,9,,9,,9,,9,,9,,9,,,9,19.9543,19.9543,2
33RO20100308, A13.5,38,1,22,11712,2,20100323,2010-03-23 18:32,1832,-35.4997,1.0507,4904,75.1,75.1,16.0302,35.3307,2,35.3314,2,248.8,2,249.2,2,0.94,2,0.06,2,0.01,2,0.2,2,,9,,9,,9,,9,2073,2,2329.8,2,415.6,2,20,7.961,2,25,,9,,9,,9,,9,,9,,9,,,9,16.0183,16.0359,2
33RO20100308, A13.5,38,1,21,11010,2,20100323,2010-03-23 18:32,1832,-35.4997,1.0507,4904,101.2,101.2,15.2159,35.4116,2,35.4105,2,228,2,228,2,1.99,2,3.38,2,0.08,2,0.41,2,2.687,6,1.597,6,1.358,6,1.604,3,2094.7,2,2331.7,2,468.3,2,20,7.926,2,25,,9,,9,,9,,9,,9,,9,,,9,15.2004,15.2257,2
33RO20100308, A13.5,38,1,20,11715,2,20100323,2010-03-23 18:32,1832,-35.4997,1.0507,4904,200.2,200.2,13.5526,35.2359,2,35.2358,2,216.9,2,215.6,2,3.27,2,8.29,2,0.01,2,0.69,2,,9,,9,,9,,9,2114.2,2,2320,2,541.9,2,20,7.8662,2,25,,9,,9,,9,,9,,9,,9,,,9,13.5242,13.552,2
33RO20100308, A13.5,38,1,19,11007,2,20100323,2010-03-23 18:32,1832,-35.4997,1.0507,4904,299.2,299.2,12.1153,35.068,2,35.0666,2,216.2,2,216.1,2,3.96,2,11.38,2,0,2,0.88,2,3.064,2,1.754,2,1.29,2,1.239,3,2124.7,2,2311.4,2,598.6,2,20,7.8296,2,25,,9,,9,,9,,9,,9,,9,,,9,12.0758,12.1147,2
33RO20100308, A13.5,38,1,18,11710,2,20100323,2010-03-23 18:32,1832,-35.4997,1.0507,4904,399.9,399.9,10.4602,34.8489,2,34.8476,2,211.2,2,210.1,2,6.37,2,15.95,2,0,2,1.17,2,,9,,9,,9,,9,2138.5,2,2302.2,2,680.3,2,20,7.7748,2,25,,9,,9,,9,,9,,9,,9,,,9,10.4121,10.4581,2
33RO20100308, A13.5,38,1,17,11025,2,20100323,2010-03-23 18:32,1832,-35.4997,1.0507,4904,651.2,651.2,6.1562,34.3611,2,34.3617,2,226,2,226.2,2,12.4,2,25.17,2,0,2,1.76,2,3.522,2,1.849,2,1.017,2,3.058,3,2161.3,2,2285.1,2,867.9,2,20,7.6805,2,25,,9,,9,,9,,9,,9,,9,,,9,6.098,6.1573,2
33RO20100308, A13.5,38,1,16,11709,2,20100323,2010-03-23 18:32,1832,-35.4997,1.0507,4904,799.6,799.6,4.6376,34.2682,2,34.2677,2,231.1,2,232,2,19.59,2,28.23,2,0,2,1.96,2,,9,,9,,9,,9,2173.4,2,2287.5,2,926.5,2,20,7.6534,2,25,,9,,9,,9,,9,,9,,9,,,9,4.5747,4.637,2
33RO20100308, A13.5,38,1,15,11006,2,20100323,2010-03-23 18:32,1832,-35.4997,1.0507,4904,1000.4,1000.4,4.0362,34.3565,2,34.3573,2,199.6,2,200.1,6,35.31,2,31.39,2,0,2,2.2,2,1.927,2,0.942,2,0.322,2,2.264,3,2204.1,2,2301,2,1052.1,2,20,7.6077,2,25,,9,,9,,9,,9,,9,,9,,,9,3.9605,4.0358,2
33RO20100308, A13.5,38,1,14,11708,2,20100323,2010-03-23 18:32,1832,-35.4997,1.0507,4904,1201.1,1201.1,3.5296,34.4404,2,34.4398,2,182.8,2,184.8,2,47.32,2,32.81,2,0,2,2.31,2,,9,,9,,9,,9,2223.4,6,2313.9,2,1116.7,2,20,7.584,2,25,,9,,9,,9,,9,,9,,9,,,9,3.4414,3.5296,2
33RO20100308, A13.5,38,1,13,11031,2,20100323,2010-03-23 18:32,1832,-35.4997,1.0507,4904,1399.9,1399.9,3.106,34.5298,2,34.5298,2,182,2,181.9,2,55.65,2,32.49,2,0,2,2.29,2,0.536,2,0.262,2,0.064,2,0.847,3,2232.6,2,2323.2,2,1106.2,2,20,7.5841,2,25,,9,,9,,9,,9,,9,,9,,,9,3.0054,3.1055,2
33RO20100308, A13.5,38,1,12,11027,2,20100323,2010-03-23 18:32,1832,-35.4997,1.0507,4904,1600.2,1600.2,3.0154,34.6325,2,34.6319,2,185.5,2,185.2,2,55.73,2,31,2,0,2,2.18,2,,9,,9,,9,,9,2231.8,2,2329.1,2,1068.2,2,20,7.6016,2,25,,9,,9,,9,,9,,9,,9,,,9,2.8988,3.015,2
33RO20100308, A13.5,38,1,11,11707,2,20100323,2010-03-23 18:32,1832,-35.4997,1.0507,4904,1850.4,1850.4,2.7889,34.7127,2,34.712,2,194.7,2,194.1,2,58.69,2,29.4,2,0,2,2.05,2,0.13,2,0.062,2,0,2,0.285,3,2227.8,2,2333.5,2,1016.1,2,20,7.6228,2,25,,9,,9,,9,,9,,9,,9,,,9,2.6535,2.7885,2
33RO20100308, A13.5,38,1,10,11003,2,20100323,2010-03-23 18:32,1832,-35.4997,1.0507,4904,2099.7,2099.7,2.6984,34.7809,2,34.7791,2,206.7,2,206.8,2,56.44,2,27.37,2,0,2,1.9,2,,9,,9,,9,,9,2219.5,2,2336.2,2,949.3,2,20,7.6504,2,25,,9,,9,,9,,9,,9,,9,,,9,2.5419,2.698,2
33RO20100308, A13.5,38,1,9,11706,2,20100323,2010-03-23 18:32,1832,-35.4997,1.0507,4904,2299.9,2299.9,2.6323,34.8169,2,34.8147,2,215.1,2,215.9,2,54.56,2,26.06,2,0,2,1.81,2,0.032,2,0.016,2,0,2,0.103,3,2213.8,2,2335.6,2,903.8,2,20,7.6692,2,25,,9,,9,,9,,9,,9,,9,,,9,2.4584,2.6316,2
33RO20100308, A13.5,38,1,8,11033,2,20100323,2010-03-23 18:32,1832,-35.4997,1.0507,4904,2598.5,2598.5,2.4836,34.8363,2,34.836,2,222.6,2,223.3,2,55.52,2,25.21,2,0,2,1.75,2,,9,,9,,9,,9,2210.9,2,2339.6,2,875.4,2,20,7.6816,2,25,,9,,9,,9,,9,,9,,9,,,9,2.2842,2.4833,2
33RO20100308, A13.5,38,1,7,11705,2,20100323,2010-03-23 18:32,1832,-35.4997,1.0507,4904,2900.1,2900.1,2.3435,34.8425,2,34.8434,2,226.8,2,227,2,57.7,2,25,2,0,2,1.74,2,,5,,5,,5,,5,2211.9,2,2342.6,2,868.3,2,20,7.6897,2,25,,9,,9,,9,,9,,9,,9,,,9,2.1174,2.3437,2
33RO20100308, A13.5,38,1,6,11029,2,20100323,2010-03-23 18:32,1832,-35.4997,1.0507,4904,3200.1,3200.1,2.244,34.8464,2,34.8463,2,229.3,2,229.8,6,59.71,2,24.92,2,0,2,1.73,2,,9,,9,,9,,9,2212.5,2,2345.4,2,857.9,2,20,7.6952,2,25,,9,,9,,9,,9,,9,,9,,,9,1.9897,2.2437,2
33RO20100308, A13.5,38,1,5,11704,2,20100323,2010-03-23 18:32,1832,-35.4997,1.0507,4904,3600.9,3600.9,2.0198,34.8323,2,34.8319,2,227.9,2,227.9,2,68,6,25.76,6,0,6,1.77,6,0.019,2,0.01,2,0,2,0.063,3,2221.1,2,2353.1,2,861.8,6,20,7.6895,2,25,,9,,9,,9,,9,,9,,9,,,9,1.729,2.0198,2
33RO20100308, A13.5,38,1,4,11030,2,20100323,2010-03-23 18:32,1832,-35.4997,1.0507,4904,3999.2,3999.2,1.4244,34.7681,2,34.7684,2,219.1,2,219.2,2,93.67,6,28.85,6,0,6,2,6,,9,,9,,9,,9,2242.7,2,2362.2,2,946.5,2,20,7.6539,2,25,,9,,9,,9,,9,,9,,9,,,9,1.1071,1.4235,2
33RO20100308, A13.5,38,1,3,11703,2,20100323,2010-03-23 18:32,1832,-35.4997,1.0507,4904,4399.8,4399.8,1.1561,34.7415,2,34.7419,2,217.6,2,217.2,2,104.6,6,30.07,6,0,6,2.1,6,0.122,4,0.164,4,1.807,4,0.19,4,2253.4,2,2368.1,2,976.3,2,20,7.6414,2,25,,9,,9,,9,,9,,9,,9,,,9,0.8027,1.1559,2
33RO20100308, A13.5,38,1,2,11702,2,20100323,2010-03-23 18:32,1832,-35.4997,1.0507,4904,4797.6,4797.6,1.124,34.7341,2,34.7348,2,218.6,2,216.8,2,107.85,6,30.41,6,0,6,2.12,6,,9,,9,,9,,9,2255.1,2,2369.2,6,983.3,2,20,7.6382,2,25,,9,,9,,9,,9,,9,,9,,,9,0.726,1.1236,2
33RO20100308, A13.5,38,1,1,11701,2,20100323,2010-03-23 18:32,1832,-35.4997,1.0507,4904,4979.8,4979.8,1.1373,34.7328,2,34.7334,2,217.2,2,216.1,2,108.26,6,30.54,6,0,6,2.13,6,0.081,2,0.039,2,0,2,0.192,3,2256.9,6,2370.9,2,985.7,2,20,7.6407,2,25,,9,,9,,9,,9,,9,,9,,,9,0.7173,1.1364,2
33RO20100308, A13.5,39,1,24,11714,2,20100324,2010-03-24 :51,51,-34.9998,1.0927,4881,5.5,5.5,19.4836,35.2665,2,35.2686,2,231.7,2,232.9,2,0.71,2,0,2,0,2,0.16,2,2.277,2,1.383,2,1.287,2,2.607,3,2061.3,6,2326.3,6,395.5,2,20,7.9842,2,25,64.22,2,3.85,2,,9,,9,,9,,9,,,9,19.4826,19.4813,2
33RO20100308, A13.5,39,1,23,11713,2,20100324,2010-03-24 :51,51,-34.9998,1.0927,4881,30,30,19.3937,35.2453,2,35.2376,2,232.4,2,235.1,2,0.7,2,0.01,2,0,2,0.17,2,2.309,6,1.392,6,1.32,6,2.591,3,2058.5,2,2323.7,2,394.1,6,20,7.9833,2,25,63.22,2,4.17,2,,9,,9,,9,,9,,,9,19.3883,19.4085,2
33RO20100308, A13.5,39,1,22,11712,2,20100324,2010-03-24 :51,51,-34.9998,1.0927,4881,75.2,75.2,16.0587,35.1143,2,35.1177,2,243.7,2,244.5,2,0.73,2,0.14,2,0.09,2,0.24,2,2.687,2,1.627,2,1.939,4,2.356,3,2070.4,2,2319.8,2,428.3,2,20,7.9512,2,25,57.1,2,4.32,2,,9,,9,,9,,9,,,9,16.0468,15.9945,2
33RO20100308, A13.5,39,1,21,11010,2,20100324,2010-03-24 :51,51,-34.9998,1.0927,4881,100.5,100.5,15.1429,35.3084,2,35.3101,2,239.6,2,239.4,2,1.12,2,1.26,2,0.23,2,0.31,2,2.731,2,1.626,2,1.465,2,2.087,3,2088,2,2326.8,2,449,2,20,7.9342,2,25,54.79,2,5.32,2,,9,,9,,9,,9,,,9,15.1276,15.1421,2
33RO20100308, A13.5,39,1,20,11715,2,20100324,2010-03-24 :51,51,-34.9998,1.0927,4881,200.8,200.8,13.546,35.2283,2,35.2277,2,231.5,2,226.7,2,1.95,2,6.56,2,0.01,2,0.59,2,2.913,2,1.708,2,1.401,2,1.566,3,2109.1,2,2322.6,2,518.8,2,20,7.8826,2,25,50.13,2,9.47,2,,9,,9,,9,,9,,,9,13.5176,13.5523,2
33RO20100308, A13.5,39,1,19,11007,2,20100324,2010-03-24 :51,51,-34.9998,1.0927,4881,299.8,299.8,12.3744,35.1217,2,35.1215,2,227.7,2,226.5,2,2.83,2,9.69,2,0.01,2,0.76,2,3.024,2,1.757,2,1.378,2,1.397,3,2119.4,2,2316,2,570.3,2,20,7.8531,2,25,48.35,2,12.4,2,,9,,9,,9,,9,,,9,12.3343,12.369,2
33RO20100308, A13.5,39,1,18,11710,2,20100324,2010-03-24 :51,51,-34.9998,1.0927,4881,549.8,549.8,8.5684,34.6195,2,34.6193,2,209.3,2,213,2,8.79,2,20.58,2,0,2,1.45,2,3.274,2,1.773,2,1.019,2,2.037,3,2151.2,2,2294.3,2,768.5,2,20,7.726,2,25,44.6,2,23.46,2,,9,,9,,9,,9,,,9,8.5095,8.5685,2
33RO20100308, A13.5,39,1,17,11025,2,20100324,2010-03-24 :51,51,-34.9998,1.0927,4881,700.3,700.3,5.9581,34.3744,2,34.374,2,215.7,2,214.7,2,16.86,2,26.83,2,0,2,1.87,2,3.158,2,1.625,2,0.826,2,2.821,3,2171.7,2,2288.2,2,913.1,2,20,7.6606,2,25,39.9,2,29.37,2,,9,,9,,9,,9,,,9,5.8963,5.9664,2
33RO20100308, A13.5,39,1,16,11709,2,20100324,2010-03-24 :51,51,-34.9998,1.0927,4881,951.3,951.3,4.149,34.3282,2,34.3269,2,210.1,2,209.5,2,31.44,2,30.72,2,0,2,2.14,2,2.279,2,1.124,2,0.489,2,2.576,3,2195.7,2,2299.3,2,1011.1,2,20,7.6177,2,25,38.71,2,32.67,2,,9,,9,,9,,9,,,9,4.0765,4.1496,2
33RO20100308, A13.5,39,1,15,11006,2,20100324,2010-03-24 :51,51,-34.9998,1.0927,4881,1101.5,1101.5,3.7267,34.3929,2,34.3923,2,192.6,2,192.2,2,42.55,2,32.22,2,0,2,2.26,2,1.475,2,0.706,2,0.211,2,1.835,3,2214.4,2,2308.4,2,,5,20,7.5939,2,25,39.19,2,34.01,2,,9,,9,,9,,9,,,9,3.645,3.728,2
33RO20100308, A13.5,39,1,14,11708,2,20100324,2010-03-24 :51,51,-34.9998,1.0927,4881,1349.7,1349.7,3.1266,34.5151,2,34.5153,2,182.5,2,182.4,6,55.38,6,32.71,6,0,6,2.29,6,0.604,2,0.287,2,0.134,2,0.939,3,2230.7,2,2323.6,2,1112.7,2,20,7.5838,2,25,39.02,2,34.13,2,,9,,9,,9,,9,,,9,3.0299,3.1276,2
33RO20100308, A13.5,39,1,13,11031,2,20100324,2010-03-24 :51,51,-34.9998,1.0927,4881,1499.4,1499.4,2.9456,34.5882,2,34.5879,2,182.2,2,183.4,2,58.98,6,32,6,0.01,6,2.23,6,0.363,2,0.174,2,0,2,0.629,3,2234.6,2,2329.7,2,1087.6,2,20,7.591,2,25,38.8,2,33.84,2,,9,,9,,9,,9,,,9,2.8384,2.9455,2
33RO20100308, A13.5,39,1,12,11027,2,20100324,2010-03-24 :51,51,-34.9998,1.0927,4881,1651,1651,2.8663,34.6444,2,34.6462,2,186.4,2,186.3,2,60.15,6,31.18,6,0,6,2.17,6,0.235,2,0.113,2,0,2,0.452,3,2233.3,2,2333.3,2,1065.1,6,20,7.6013,2,25,39.12,2,32.89,2,,9,,9,,9,,9,,,9,2.7472,2.8658,2
33RO20100308, A13.5,39,1,11,11707,2,20100324,2010-03-24 :51,51,-34.9998,1.0927,4881,1799.8,1799.8,2.7988,34.7036,2,34.7033,2,193.6,2,193.7,6,59.14,2,29.83,2,0,2,2.07,2,0.147,2,0.069,2,0,2,0.312,3,2229.4,2,2333.4,2,1017.9,2,20,7.6197,2,25,39.94,2,31.74,2,,9,,9,,9,,9,,,9,2.6676,2.7985,2
33RO20100308, A13.5,39,1,10,11003,2,20100324,2010-03-24 :51,51,-34.9998,1.0927,4881,2000.9,2000.9,2.7374,34.7686,2,34.7687,2,203.8,2,205,2,55.88,2,27.95,2,0,2,1.93,2,0.074,2,0.035,2,0,2,0.193,3,2221.3,2,2335.9,2,955.1,2,20,7.6441,2,25,39.77,2,29.97,2,,9,,9,,9,,9,,,9,2.5892,2.737,2
33RO20100308, A13.5,39,1,9,11706,2,20100324,2010-03-24 :51,51,-34.9998,1.0927,4881,2201.3,2201.3,2.6556,34.8007,2,34.8018,2,212.7,2,212.6,2,55.65,2,26.87,2,0,2,1.85,2,0.047,2,0.022,2,0,2,0.146,3,2218.1,2,2336.1,2,926.5,2,20,7.6589,2,25,40.15,2,28.51,2,,9,,9,,9,,9,,,9,2.4905,2.6558,2
33RO20100308, A13.5,39,1,8,11033,2,20100324,2010-03-24 :51,51,-34.9998,1.0927,4881,2400.5,2400.5,2.5639,34.8215,2,34.8252,2,219.8,2,218.3,2,55.22,2,26.15,2,0,2,1.8,2,0.032,2,0.016,2,0,2,0.117,3,2213.8,2,2339.2,2,891.1,2,20,7.6723,2,25,39.81,2,27.47,2,,9,,9,,9,,9,,,9,2.3818,2.5636,2
33RO20100308, A13.5,39,1,7,11705,2,20100324,2010-03-24 :51,51,-34.9998,1.0927,4881,2700.9,2700.9,2.4477,34.841,2,34.8406,2,226.5,2,225.5,2,55.17,2,25.29,2,0.01,2,1.74,2,0.018,2,0.009,2,0.017,2,0.077,3,2211,2,2340.9,2,865,2,20,7.6846,2,25,39.78,2,27.15,2,,9,,9,,9,,9,,,9,2.239,2.4472,2
33RO20100308, A13.5,39,1,6,11029,2,20100324,2010-03-24 :51,51,-34.9998,1.0927,4881,3001.6,3001.6,2.3316,34.8479,2,34.848,2,228.6,2,229.5,2,56.7,2,24.83,2,0,2,1.71,2,0.016,2,0.008,2,0,2,0.071,3,2210,2,2342.3,2,846,2,20,7.692,2,25,39.06,2,26.62,2,,9,,9,,9,,9,,,9,2.0955,2.3309,2
33RO20100308, A13.5,39,1,5,11704,2,20100324,2010-03-24 :51,51,-34.9998,1.0927,4881,3400.2,3400.2,2.2075,34.8508,2,34.8513,2,230.2,2,230.6,2,60.23,6,24.77,6,0.01,6,1.69,6,0.011,2,0.006,2,0.013,2,0.052,3,2214.6,2,2350,2,839.8,2,20,7.6979,2,25,39.58,2,26.43,2,,9,,9,,9,,9,,,9,1.9332,2.207,2
33RO20100308, A13.5,39,1,4,11030,2,20100324,2010-03-24 :51,51,-34.9998,1.0927,4881,3800.2,3800.2,1.7935,34.8075,2,34.8064,2,225.5,2,224.2,2,78.11,6,26.92,6,0,6,1.86,6,0.03,2,0.015,2,0,2,0.101,3,2230.1,2,2358.3,2,895.9,2,20,7.6745,2,25,39.19,2,27.98,2,,9,,9,,9,,9,,,9,1.4874,1.7929,2
33RO20100308, A13.5,39,1,3,11703,2,20100324,2010-03-24 :51,51,-34.9998,1.0927,4881,4201.2,4201.2,1.2123,34.7484,2,34.7521,2,218.3,2,218.1,2,101.93,6,29.76,6,0.01,6,2.07,6,0.061,6,0.029,6,0,6,0.197,3,2249.8,2,2367.2,2,970.2,2,20,7.6437,2,25,39.21,2,30.72,2,,9,,9,,9,,9,,,9,0.8792,1.2119,2
33RO20100308, A13.5,39,1,2,11702,2,20100324,2010-03-24 :51,51,-34.9998,1.0927,4881,4599.6,4599.6,1.1413,34.7378,2,34.7385,2,218,2,216.9,2,105.99,6,30.28,6,0.01,6,2.11,6,0.071,2,0.034,2,0,2,0.194,3,2252.6,2,2368.1,2,981.1,2,20,7.6386,2,25,38.95,2,32.17,2,,9,,9,,9,,9,,,9,0.7657,1.141,2
33RO20100308, A13.5,39,1,1,11701,2,20100324,2010-03-24 :51,51,-34.9998,1.0927,4881,4953.5,4953.5,1.1443,34.7339,2,34.7336,2,218,2,216.2,2,108.44,6,30.53,6,0.01,6,2.12,6,0.079,2,0.038,2,0,2,0.216,3,2256.2,6,2370.7,6,985.3,2,20,7.6373,2,25,39.12,2,32.51,2,,9,,9,,9,,9,,,9,0.7272,1.1437,2
33RO20100308, A13.5,40,1,24,11714,2,20100324,2010-03-24 7:18,718,-34.4998,1.1577,4941,5.6,5.6,20.9453,35.828,2,35.8285,2,224.1,2,224.2,2,1.58,2,0,2,0,2,0.14,2,2.084,2,1.275,2,1.286,2,2.477,3,2070,6,2356.7,6,371.7,2,20,8.0109,2,25,,9,,9,,9,,9,,9,,9,,,9,20.9442,20.946,2
33RO20100308, A13.5,40,1,23,11713,2,20100324,2010-03-24 7:18,718,-34.4998,1.1577,4941,59.4,59.4,19.1219,35.6765,2,35.6814,2,244,2,243.4,2,1.69,2,0,2,0,2,0.15,2,,9,,9,,9,,9,2065.8,2,2342.2,2,,9,,8.003,2,25,,9,,9,,9,,9,,9,,9,,,9,19.1112,19.1129,3
33RO20100308, A13.5,40,1,22,11712,2,20100324,2010-03-24 7:18,718,-34.4998,1.1577,4941,90.8,90.8,17.6306,35.6405,2,35.6407,2,246.1,2,245.3,2,1.94,2,0.02,2,0,2,0.19,2,,9,,9,,9,,9,2070,2,2342.6,2,389.1,2,20,7.9909,2,25,,9,,9,,9,,9,,9,,9,,,9,17.6152,17.6253,2
33RO20100308, A13.5,40,1,21,11010,2,20100324,2010-03-24 7:18,718,-34.4998,1.1577,4941,139.9,139.9,16.1947,35.564,2,35.565,2,231.1,2,231,2,2.04,2,1.89,2,0.21,2,0.33,2,2.565,6,1.542,6,1.418,6,1.688,3,2086.3,2,2335.3,2,440.3,2,20,7.9526,2,25,,9,,9,,9,,9,,9,,9,,,9,16.1723,16.1932,2
33RO20100308, A13.5,40,1,20,11715,2,20100324,2010-03-24 7:18,718,-34.4998,1.1577,4941,201,201,15.2301,35.4466,2,35.4527,2,222.2,2,224.6,2,2.15,2,3.98,2,0.01,2,0.44,2,,9,,9,,9,,9,2096.2,2,2333,2,467.2,2,20,7.9245,2,25,,9,,9,,9,,9,,9,,9,,,9,15.1992,15.2311,2
33RO20100308, A13.5,40,1,19,11007,2,20100324,2010-03-24 7:18,718,-34.4998,1.1577,4941,275.3,275.3,13.685,35.2522,4,35.5655,4,215.3,2,213.9,2,3.42,2,8.36,2,0.01,2,0.69,2,2.854,2,1.674,2,1.273,2,1.144,3,2112.8,2,2317,2,554.9,2,20,7.8693,2,25,,9,,9,,9,,9,,9,,9,,,9,13.6456,13.6829,2
33RO20100308, A13.5,40,1,18,11710,2,20100324,2010-03-24 7:18,718,-34.4998,1.1577,4941,349.4,349.4,12.3931,35.0899,2,35.0897,2,215.7,2,215.4,2,4.01,2,11.03,2,0,2,0.85,2,,9,,9,,9,,9,2120.4,2,2318.1,2,588.6,2,20,7.8366,2,25,,9,,9,,9,,9,,9,,9,,,9,12.3462,12.3929,2
33RO20100308, A13.5,40,1,17,11025,2,20100324,2010-03-24 7:18,718,-34.4998,1.1577,4941,499.5,499.5,9.9721,34.7863,2,34.7891,2,202.7,2,202.1,2,7.98,2,18.05,2,0,2,1.29,2,3.119,2,1.701,2,0.983,2,1.642,3,2146.3,2,2301.3,2,738.2,2,20,7.7508,2,25,,9,,9,,9,,9,,9,,9,,,9,9.9135,9.9786,2
33RO20100308, A13.5,40,1,16,11709,2,20100324,2010-03-24 7:18,718,-34.4998,1.1577,4941,600.2,600.2,8.2448,34.5912,2,34.5929,2,204.6,2,203.6,2,11.04,2,22.14,2,0,2,1.55,2,,9,,9,,9,,9,2158,2,2293,2,808.5,2,20,7.7061,2,25,,9,,9,,9,,9,,9,,9,,,9,8.1818,8.2461,2
33RO20100308, A13.5,40,1,15,11006,2,20100324,2010-03-24 7:18,718,-34.4998,1.1577,4941,752,752,6.0268,34.3963,2,34.3969,2,208.7,2,207.8,2,18.14,2,27.17,2,0,2,1.88,2,2.959,2,1.524,2,0.87,2,2.827,3,2174.7,2,2289.6,2,,9,,7.6565,2,25,,9,,9,,9,,9,,9,,9,,,9,5.9597,6.0307,2
33RO20100308, A13.5,40,1,14,11708,2,20100324,2010-03-24 7:18,718,-34.4998,1.1577,4941,900,900,4.4733,34.2844,2,34.2837,2,225.4,2,224.9,2,23.4,2,29.22,2,0,2,2.02,2,,9,,9,,9,,9,2180.2,2,2289,2,951.2,2,20,7.6429,2,25,,9,,9,,9,,9,,9,,9,,,9,4.4029,4.4729,2
33RO20100308, A13.5,40,1,13,11031,2,20100324,2010-03-24 7:18,718,-34.4998,1.1577,4941,1051.1,1051.1,3.6596,34.3177,2,34.3202,2,211.5,2,211.9,6,35.44,2,31.45,2,0,2,2.18,2,2.169,2,1.066,2,0.349,2,2.734,3,2200.3,2,2301.2,2,1024,2,20,7.6142,2,25,,9,,9,,9,,9,,9,,9,,,9,3.5827,3.66,2
33RO20100308, A13.5,40,1,12,11027,2,20100324,2010-03-24 7:18,718,-34.4998,1.1577,4941,1200,1200,3.3943,34.4239,2,34.4273,2,186,2,188.6,6,48.21,2,33.04,2,0,2,2.28,2,,9,,9,,9,,9,2222.3,2,2315.1,2,,9,,7.588,2,25,,9,,9,,9,,9,,9,,9,,,9,3.3074,3.3935,2
33RO20100308, A13.5,40,1,11,11707,2,20100324,2010-03-24 7:18,718,-34.4998,1.1577,4941,1398.5,1398.5,3.0376,34.5298,2,34.53,2,180.4,2,181.7,2,56.83,2,32.82,2,0,2,2.28,2,0.553,2,0.271,2,0.137,2,0.942,3,2233.6,2,2326.6,2,1115.8,2,20,7.5847,2,25,,9,,9,,9,,9,,9,,9,,,9,2.9378,3.0373,2
33RO20100308, A13.5,40,1,10,11003,2,20100324,2010-03-24 7:18,718,-34.4998,1.1577,4941,1598.8,1598.8,2.9663,34.636,2,34.6352,2,184.8,2,185.5,2,56.69,2,31.21,2,0,2,2.16,2,,9,,9,,9,,9,2231.3,2,2328.4,2,,9,,7.6017,2,25,,9,,9,,9,,9,,9,,9,,,9,2.8504,2.966,2
33RO20100308, A13.5,40,1,9,11706,2,20100324,2010-03-24 7:18,718,-34.4998,1.1577,4941,1802,1802,2.8056,34.7061,2,34.7052,2,190.5,2,191,2,59.9,2,29.92,2,0,2,2.07,2,0.151,2,0.068,2,0,2,0.321,3,2229.6,2,2335.7,2,1031.2,2,20,7.617,2,25,,9,,9,,9,,9,,9,,9,,,9,2.6742,2.8052,2
33RO20100308, A13.5,40,1,8,11033,2,20100324,2010-03-24 7:18,718,-34.4998,1.1577,4941,2099.2,2099.2,2.7308,34.7942,2,34.7941,2,206.3,2,207.3,2,55.47,2,27.3,2,0,2,1.87,2,,9,,9,,9,,9,2219.1,2,2335.1,2,,9,,7.6535,2,25,,9,,9,,9,,9,,9,,9,,,9,2.5738,2.7303,2
33RO20100308, A13.5,40,1,7,11705,2,20100324,2010-03-24 7:18,718,-34.4998,1.1577,4941,2499.9,2499.9,2.5325,34.8331,3,34.8398,2,219,2,220.2,2,55.32,2,25.84,2,0,2,1.76,2,0.021,2,0.01,2,0,2,0.074,3,2211.7,2,2340.2,2,885.5,2,20,7.6782,2,25,,9,,9,,9,,9,,9,,9,,,9,2.3416,2.5329,2
33RO20100308, A13.5,40,1,6,11029,2,20100324,2010-03-24 7:18,718,-34.4998,1.1577,4941,2900.4,2900.4,2.3679,34.8451,2,34.8454,2,225.6,2,226.7,2,57.08,2,25.16,2,0,2,1.72,2,0.013,2,0.007,2,0,2,0.052,3,2211.3,2,2341.7,2,,9,,7.6915,2,25,,9,,9,,9,,9,,9,,9,,,9,2.1412,2.3674,2
33RO20100308, A13.5,40,1,5,11704,2,20100324,2010-03-24 7:18,718,-34.4998,1.1577,4941,3297.2,3297.2,2.1898,34.8437,2,34.8436,2,229,2,228.9,2,62,6,25.17,6,0,6,1.72,6,0.015,2,0.008,2,0,2,0.051,3,2212.5,2,2348.4,2,854.8,2,20,7.6946,2,25,,9,,9,,9,,9,,9,,9,,,9,1.9268,2.1891,2
33RO20100308, A13.5,40,1,4,11030,2,20100324,2010-03-24 7:18,718,-34.4998,1.1577,4941,3699.7,3699.7,1.7979,34.8082,2,34.8084,2,223.1,2,224.4,2,78.27,6,27.12,6,0,6,1.85,6,0.027,2,0.014,2,0.055,2,0.083,3,2229.8,2,2356.8,2,,9,,7.677,2,25,,9,,9,,9,,9,,9,,9,,,9,1.5024,1.7978,2
33RO20100308, A13.5,40,1,3,11703,2,20100324,2010-03-24 7:18,718,-34.4998,1.1577,4941,4101.7,4101.7,1.2813,34.7552,2,34.7548,2,218.2,2,218.6,2,99.25,6,29.63,6,0,6,2.04,6,0.058,2,0.026,2,0.1,2,0.156,3,2247.2,2,2365.2,2,,5,20,7.6502,2,25,,9,,9,,9,,9,,9,,9,,,9,0.957,1.2812,2
33RO20100308, A13.5,40,1,2,11702,2,20100324,2010-03-24 7:18,718,-34.4998,1.1577,4941,4499.5,4499.5,1.1384,34.7389,2,34.7385,2,216.9,2,216.9,2,105.81,6,30.31,6,0,6,2.1,6,0.069,2,0.032,2,0,2,0.188,3,2252.5,2,2368.3,2,,9,,7.6426,2,25,,9,,9,,9,,9,,9,,9,,,9,0.7743,1.1382,2
33RO20100308, A13.5,40,1,1,11701,2,20100324,2010-03-24 7:18,718,-34.4998,1.1577,4941,5009.9,5009.9,1.1422,34.7332,2,34.7362,2,217.3,2,216.5,2,108.33,6,30.68,6,0,6,2.12,6,0.087,2,0.039,2,0,2,0.21,3,2254.3,6,2366.6,6,,5,20,7.6408,2,25,,9,,9,,9,,9,,9,,9,,,9,0.7185,1.1419,2
33RO20100308, A13.5,41,1,24,11714,2,20100324,2010-03-24 13:43,1343,-34,1.2187,4660,6.8,6.8,20.9322,35.7393,2,35.7386,2,224.8,2,224.6,6,1.49,2,0,2,0,2,0.14,2,2.088,2,1.278,2,1.264,2,2.52,3,2071,6,2349.6,6,371,2,20,8.0088,2,25,62.96,2,4.16,2,,9,,9,,9,54.6,2,2.9,1.47,2,20.9309,20.9334,2
33RO20100308, A13.5,41,1,23,11713,2,20100324,2010-03-24 13:43,1343,-34,1.2187,4660,30.3,30.3,21.005,35.8472,2,35.8454,2,224.1,2,224.3,2,1.67,2,0,2,0,2,0.14,2,2.065,2,1.275,2,1.225,2,2.415,3,2074.3,2,2356.3,2,370.4,6,20,8.0104,2,25,63.2,2,4.14,2,,9,,9,,9,47.6,2,3,1.36,2,20.9992,21.0045,2
33RO20100308, A13.5,41,1,22,11712,2,20100324,2010-03-24 13:43,1343,-34,1.2187,4660,60.8,60.8,19.3059,35.6833,2,35.6845,2,239.8,2,242.4,2,1.78,2,0,2,0,2,0.15,2,2.426,6,1.462,6,1.386,2,1.916,3,2069.2,2,2345,2,374.2,2,20,8.0037,2,25,62.66,2,3.98,2,,9,,9,,9,52,2,2.8,1.35,2,19.2949,19.3235,2
33RO20100308, A13.5,41,1,21,11010,2,20100324,2010-03-24 13:43,1343,-34,1.2187,4660,92.4,92.4,17.6063,35.6448,2,35.6435,2,245.5,2,245.8,2,1.99,2,0.03,2,0,2,0.18,2,2.471,2,1.495,2,1.385,2,1.908,3,2074.4,2,2342.4,2,392.2,2,20,7.9903,2,25,60.27,2,4.21,2,,9,,9,,9,49.1,2,3.2,1.25,2,17.5906,17.6006,2
33RO20100308, A13.5,41,1,20,11715,2,20100324,2010-03-24 13:43,1343,-34,1.2187,4660,124.7,124.7,16.5649,35.596,2,35.5964,2,233.4,2,231.7,2,2.26,2,1.44,2,0.25,2,0.3,2,2.516,2,1.525,2,1.398,2,1.646,3,2087.5,2,2339.8,2,425.9,2,20,7.9591,2,25,55.02,2,4.97,2,,9,,9,,9,49.6,2,3.6,1.11,2,16.5446,16.5527,2
33RO20100308, A13.5,41,1,19,11007,2,20100324,2010-03-24 13:43,1343,-34,1.2187,4660,177.1,177.1,15.4936,35.4933,2,35.5022,2,224.1,2,222.4,2,2.41,2,4,2,0.01,2,0.42,2,2.578,2,1.611,2,-0.003,4,0.972,3,2098.2,2,2335.3,2,,9,,7.9301,2,25,52.27,2,7.48,2,,9,,9,,9,55.2,2,2.8,1.06,2,15.4661,15.5094,2
33RO20100308, A13.5,41,1,18,11710,2,20100324,2010-03-24 13:43,1343,-34,1.2187,4660,250.9,250.9,13.993,35.2906,2,35.2927,2,209.7,2,209,2,3.67,2,8.43,2,0.01,2,0.69,2,2.804,2,1.646,2,1.265,2,1.053,3,2117.4,2,2322.3,2,543.8,2,20,7.8688,2,25,48.41,2,10.35,2,,9,,9,,9,51.4,2,3,0.93,2,13.9566,13.9988,2
33RO20100308, A13.5,41,1,17,11025,2,20100324,2010-03-24 13:43,1343,-34,1.2187,4660,324.2,324.2,12.8067,35.1803,2,35.179,2,221.8,2,220.2,2,2.78,2,9.28,2,0,2,0.74,2,3.073,2,1.767,2,2.13,4,1.104,3,2122.7,2,2319.8,2,,9,,7.8555,2,25,46.95,2,11.17,2,,9,,9,,9,55.3,2,3,1.21,2,12.7623,12.8059,2
33RO20100308, A13.5,41,1,16,11709,2,20100324,2010-03-24 13:43,1343,-34,1.2187,4660,450.6,450.6,10.9628,34.9233,2,34.9227,2,219,2,216.3,2,4.93,2,14.1,2,0,2,1.04,2,3.274,2,1.827,2,-0.708,4,1.257,3,2135.8,2,2306.2,2,645.5,2,20,7.8005,2,25,45.25,2,15.82,2,,9,,9,,9,43,2,3.2,1.09,2,10.9068,10.9644,2
33RO20100308, A13.5,41,1,15,11006,2,20100324,2010-03-24 13:43,1343,-34,1.2187,4660,550.3,550.3,8.9502,34.663,2,34.6634,2,210.7,2,206.6,2,9.07,2,20.06,2,0,2,1.43,2,3.283,2,1.762,2,0.885,4,1.627,3,2155.5,2,2294.9,2,,9,,7.7295,2,25,43.55,2,21.82,2,,9,,9,,9,27.1,2,3,1.04,2,8.8897,8.9529,2
33RO20100308, A13.5,41,1,14,11708,2,20100324,2010-03-24 13:43,1343,-34,1.2187,4660,700.8,700.8,6.5626,34.4225,2,34.4241,2,211.7,2,211.1,2,14.57,2,25.85,2,0,2,1.78,2,3.27,2,1.689,2,0.295,4,2.314,3,2171.2,2,2288.7,2,885.5,2,20,7.6727,2,25,41.32,2,27.85,2,,9,,9,,9,-2.4,2,2.7,1.2,2,6.4975,6.5671,2
33RO20100308, A13.5,41,1,13,11031,2,20100324,2010-03-24 13:43,1343,-34,1.2187,4660,949.4,949.4,4.0243,34.2822,2,34.2824,2,223.3,2,222.9,2,27.71,2,30.58,2,0,2,2.11,2,2.74,2,1.381,2,0.777,4,2.728,3,2189.7,2,2292.9,2,,9,,7.6322,2,25,40.62,2,32.07,2,,9,,9,,9,-53,2,2.8,1.02,2,3.953,4.0235,2
33RO20100308, A13.5,41,1,12,11027,2,20100324,2010-03-24 13:43,1343,-34,1.2187,4660,1100.5,1100.5,3.6414,34.3631,2,34.3633,2,201.4,2,200.1,2,39.92,2,32.31,2,0,2,2.25,2,1.784,2,0.876,2,0.875,4,1.921,3,2210.9,2,2306.4,2,1059.1,2,20,7.6027,2,25,38.64,2,34.18,2,,9,,9,,9,-81.4,2,2.6,0.86,2,3.5606,3.6438,2
33RO20100308, A13.5,41,1,11,11707,2,20100324,2010-03-24 13:43,1343,-34,1.2187,4660,1302,1302,3.2819,34.4982,2,34.4982,2,180,2,179.8,2,53.03,2,33.34,2,0,2,2.32,2,0.702,2,0.326,2,5.267,4,0.863,3,2231.4,2,2320.8,2,1119.8,2,20,7.5817,2,25,38.51,2,35.12,2,,9,,9,,9,-114.6,2,2.4,0.71,2,3.1876,3.282,2
33RO20100308, A13.5,41,1,10,11003,2,20100324,2010-03-24 13:43,1343,-34,1.2187,4660,1501.9,1501.9,2.8507,34.5712,2,34.5702,2,184.8,2,184.9,2,59.07,2,32.54,2,0,2,2.26,2,0.478,2,0.212,2,3.913,4,0.634,3,2235.4,2,2327,6,,9,,7.5896,2,25,39.11,2,34.24,2,,9,,9,,9,-124.4,2,2.5,0.66,2,2.7444,2.8511,2
33RO20100308, A13.5,41,1,9,11706,2,20100324,2010-03-24 13:43,1343,-34,1.2187,4660,1702.3,1702.3,2.8772,34.6794,2,,9,189.6,2,189.7,2,57.74,2,30.66,2,0,2,2.12,2,0.202,2,0.087,2,0.161,2,0.41,3,2229.4,2,2330.2,2,1041,2,20,7.613,2,25,38.25,2,32.6,2,,9,,9,,9,-131.4,2,2.5,0.67,2,2.7535,2.8751,2
33RO20100308, A13.5,41,1,8,11033,2,20100324,2010-03-24 13:43,1343,-34,1.2187,4660,2000.8,2000.8,2.7265,34.7669,2,34.7666,2,203.2,2,202.7,2,57.33,2,28.26,2,0,2,1.95,2,0.084,2,0.036,2,0,2,0.211,3,2222.6,2,2333.5,2,,9,,7.6426,2,25,38.86,2,30.44,2,,9,,9,,9,-129.6,2,2.5,0.71,2,2.5785,2.7259,2
33RO20100308, A13.5,41,1,7,11705,2,20100324,2010-03-24 13:43,1343,-34,1.2187,4660,2303.2,2303.2,2.6321,34.8194,2,34.8178,2,214.9,2,215.2,2,54.9,2,26.38,2,0,2,1.82,2,0.038,6,0.016,6,0,2,0.119,3,2214.5,2,2335.3,2,905.1,2,20,7.6692,2,25,39.26,2,28.42,2,,9,,9,,9,-125.6,2,3.2,0.32,3,2.4579,2.6325,2
33RO20100308, A13.5,41,1,6,11029,2,20100324,2010-03-24 13:43,1343,-34,1.2187,4660,2701.2,2701.2,2.4185,34.8418,2,34.8414,2,224.5,2,225.4,2,56.58,2,25.33,2,0,2,1.75,2,,5,,5,,5,,5,2210.6,2,2335.5,2,,9,,7.6869,2,25,39.56,2,26.92,2,,9,,9,,9,-128.3,2,2.7,0.86,2,2.2104,2.4184,2
33RO20100308, A13.5,41,1,5,11704,2,20100324,2010-03-24 13:43,1343,-34,1.2187,4660,3101.4,3101.4,2.2635,34.8476,2,34.8471,2,227.5,2,227.9,2,59.56,6,25.07,6,0,6,1.72,6,0.014,2,0.006,2,0,2,0.055,3,2213.4,2,2345.1,2,849.7,2,20,7.6935,2,25,39.83,2,26.81,2,,9,,9,,9,-129.3,2,2.5,0.89,2,2.0188,2.2628,2
33RO20100308, A13.5,41,1,4,11030,9,20100324,2010-03-24 13:43,1343,-34,1.2187,4660,3501,3501,2.0426,34.835,2,,9,226.9,2,,9,-9,9,-9,9,-9,9,-9,9,,9,,9,,9,,9,,9,,9,,9,,,9,,,9,,9,,9,,9,,9,,9,,,9,1.7618,2.0424,2
33RO20100308, A13.5,41,1,3,11703,2,20100324,2010-03-24 13:43,1343,-34,1.2187,4660,3904.1,3904.1,1.4523,34.7739,2,34.7734,2,218.8,2,219.2,2,91.99,6,28.92,6,0,6,2,6,0.048,2,0.02,2,0.033,4,0.098,3,2242.8,2,2362.2,2,942.1,2,20,7.6559,2,25,39.87,2,30.06,2,,9,,9,,9,-149.6,2,2.4,0.68,2,1.1445,1.4537,2
33RO20100308, A13.5,41,1,2,11702,2,20100324,2010-03-24 13:43,1343,-34,1.2187,4660,4303.3,4303.3,1.1353,34.743,2,34.7416,2,217.6,2,216.9,6,104.88,6,30.37,6,0,6,2.1,6,0.069,2,0.029,2,-0.506,4,0.132,3,2252.2,2,2366.2,2,,9,,7.6417,2,25,39.04,2,32.25,2,,9,,9,,9,-156.2,2,3.4,0.62,2,0.7933,1.135,2
33RO20100308, A13.5,41,1,1,11701,2,20100324,2010-03-24 13:43,1343,-34,1.2187,4660,4721.8,4721.8,1.1059,34.7357,2,34.7357,2,218,2,215.9,2,108.03,6,30.69,6,0.01,6,2.13,6,0.093,2,0.04,2,-0.494,4,0.162,3,2256.7,6,2368.9,6,987.5,2,20,7.6391,2,25,38.11,2,32.28,2,,9,,9,,9,-149.2,2,2.4,0.58,2,0.7174,1.106,2
33RO20100308, A13.5,42,1,24,11714,2,20100324,2010-03-24 20:07,2007,-33.4998,1.0998,4695,6.4,6.4,20.6927,35.6668,2,35.6658,2,225,2,226.7,2,1.37,2,0.01,2,0,2,0.15,2,2.123,2,1.291,2,1.189,2,2.519,3,2065.1,6,2345.7,6,375.6,2,20,8.0049,2,25,,9,,9,,9,,9,,9,,9,,,9,20.6915,20.6922,2
33RO20100308, A13.5,42,1,23,11713,2,20100324,2010-03-24 20:07,2007,-33.4998,1.0998,4695,25,25,20.6793,35.6656,2,35.6658,2,225.7,2,227,6,1.37,2,0.01,2,0,2,0.15,2,2.122,2,1.295,2,1.261,2,2.588,3,2064.3,2,2346.6,2,374.4,2,20,8.0041,2,25,,9,,9,,9,,9,,9,,9,,,9,20.6746,20.6788,2
33RO20100308, A13.5,42,1,22,11712,2,20100324,2010-03-24 20:07,2007,-33.4998,1.0998,4695,72,72,17.5428,35.5861,2,35.5868,2,246.5,2,244.7,2,2.11,2,0.13,2,0.01,2,0.19,2,2.493,6,1.493,6,1.374,6,1.893,3,2065.5,2,2339.3,2,388.6,2,20,7.9913,2,25,,9,,9,,9,,9,,9,,9,,,9,17.5306,17.5129,3
33RO20100308, A13.5,42,1,21,11010,2,20100324,2010-03-24 20:07,2007,-33.4998,1.0998,4695,100.9,100.9,16.2662,35.5635,2,35.556,2,231,2,227.4,2,2.65,2,2.38,2,0.09,2,0.35,2,,9,,9,,9,,9,2083.3,2,2337,2,431,2,20,7.9522,2,25,,9,,9,,9,,9,,9,,9,,,9,16.25,16.2608,2
33RO20100308, A13.5,42,1,20,11715,2,20100324,2010-03-24 20:07,2007,-33.4998,1.0998,4695,150.9,150.9,15.2174,35.4517,2,35.4535,2,221.7,2,223.5,2,2.69,2,4.47,2,0.01,2,0.46,2,2.656,2,1.58,3,1.363,2,1.359,3,2094.7,2,2330.9,2,,9,,7.9233,2,25,,9,,9,,9,,9,,9,,9,,,9,15.1943,15.2197,2
33RO20100308, A13.5,42,1,19,11007,2,20100324,2010-03-24 20:07,2007,-33.4998,1.0998,4695,254.3,254.3,13.3963,35.22,2,35.222,2,215.3,2,216.7,2,3.64,2,8.73,2,0.01,2,0.72,2,,9,,9,,9,,9,2111.2,2,2173.1,4,545.4,2,20,7.8643,2,25,,9,,9,,9,,9,,9,,9,,,9,13.3605,13.4021,2
33RO20100308, A13.5,42,1,18,11710,2,20100324,2010-03-24 20:07,2007,-33.4998,1.0998,4695,350.2,350.2,12.1001,35.0844,2,35.0867,2,219.8,2,220.2,2,3.55,2,10.91,2,0,2,0.85,2,3.099,2,1.772,2,1.272,2,1.375,3,2122.4,2,2315.4,2,584.6,2,20,7.8368,2,25,,9,,9,,9,,9,,9,,9,,,9,12.0538,12.1022,2
33RO20100308, A13.5,42,1,17,11025,2,20100324,2010-03-24 20:07,2007,-33.4998,1.0998,4695,450,450,10.1108,34.8006,2,34.8008,2,212.3,2,211.8,2,6.81,2,16.68,2,0,2,1.21,2,,9,,9,,9,,9,2138.8,2,2301.2,2,,9,,7.7687,2,25,,9,,9,,9,,9,,9,,9,,,9,10.0577,10.1172,2
33RO20100308, A13.5,42,1,16,11709,2,20100324,2010-03-24 20:07,2007,-33.4998,1.0998,4695,601,601,7.3214,34.4975,2,34.499,2,203.9,2,204.5,2,13.58,2,24.22,2,0,2,1.71,2,3.11,2,1.635,2,0.884,2,2.345,3,2164.9,2,2291.5,2,859.9,2,20,7.6831,2,25,,9,,9,,9,,9,,9,,9,,,9,7.2625,7.3257,2
33RO20100308, A13.5,42,1,15,11006,2,20100324,2010-03-24 20:07,2007,-33.4998,1.0998,4695,748.5,748.5,5.7389,34.3782,2,34.378,2,209.4,2,209,2,19.83,2,27.69,2,0,2,1.94,2,,9,,9,,9,,9,2177.5,2,2288.2,2,933.5,2,20,7.6506,2,25,,9,,9,,9,,9,,9,,9,,,9,5.6738,5.7301,2
33RO20100308, A13.5,42,1,14,11708,2,20100324,2010-03-24 20:07,2007,-33.4998,1.0998,4695,902.2,902.2,4.4049,34.3126,2,34.3117,2,216.3,2,216.2,2,27.28,2,30,2,0,2,2.09,2,2.644,4,1.317,4,0.583,4,3.099,4,2186.4,2,2292.6,2,,9,,7.6325,2,25,,9,,9,,9,,9,,9,,9,,,9,4.3348,4.4016,2
33RO20100308, A13.5,42,1,13,11031,2,20100324,2010-03-24 20:07,2007,-33.4998,1.0998,4695,1000.7,1000.7,3.9728,34.3442,2,34.344,2,203.5,2,204.2,2,35.1,2,31.01,2,0,2,2.19,2,,9,,9,,9,,9,2200.2,2,2302,2,1038.3,2,20,7.6105,2,25,,9,,9,,9,,9,,9,,9,,,9,3.8975,3.9727,2
33RO20100308, A13.5,42,1,12,11027,2,20100324,2010-03-24 20:07,2007,-33.4998,1.0998,4695,1201.6,1201.6,3.4492,34.4542,2,34.4538,2,182.5,2,183.1,2,49.32,2,32.6,2,0,2,2.32,2,0.932,2,0.445,2,0.127,2,1.356,3,2224.1,2,2313.6,2,1122.5,2,20,7.5832,2,25,,9,,9,,9,,9,,9,,9,,,9,3.3616,3.4494,2
33RO20100308, A13.5,42,1,11,11707,2,20100324,2010-03-24 20:07,2007,-33.4998,1.0998,4695,1401.6,1401.6,3.1336,34.5501,2,34.5497,2,179.7,2,180.6,2,55.71,2,32.52,2,0,2,2.29,2,,9,,9,,9,,9,2231.1,6,2326.2,2,1110.4,2,20,7.5848,2,25,,9,,9,,9,,9,,9,,9,,,9,3.0325,3.133,2
33RO20100308, A13.5,42,1,10,11003,2,20100324,2010-03-24 20:07,2007,-33.4998,1.0998,4695,1599.8,1599.8,2.8534,34.6201,2,34.6206,2,185.4,2,186.3,2,59.43,2,31.42,2,0,2,2.21,2,0.289,2,0.139,2,0.083,2,0.53,3,2231.4,2,2329.8,2,,9,,7.5978,2,25,,9,,9,,9,,9,,9,,9,,,9,2.7388,2.8507,2
33RO20100308, A13.5,42,1,9,11706,2,20100324,2010-03-24 20:07,2007,-33.4998,1.0998,4695,1901.6,1901.6,2.8029,34.743,2,34.7428,2,197.2,2,197.5,2,57.68,2,28.67,2,0,2,2.01,2,,9,,9,,9,,9,2223.2,2,2334.8,2,991.7,2,20,7.6323,2,25,,9,,9,,9,,9,,9,,9,,,9,2.6627,2.8027,2
33RO20100308, A13.5,42,1,8,11033,2,20100324,2010-03-24 20:07,2007,-33.4998,1.0998,4695,2200.8,2200.8,2.6941,34.8129,2,34.8128,2,213.1,2,214,2,53.82,2,26.18,2,0,2,1.83,2,0.038,2,0.019,2,0,2,0.115,3,2212.7,2,2336.1,2,,9,,7.6657,2,25,,9,,9,,9,,9,,9,,9,,,9,2.5284,2.6936,2
33RO20100308, A13.5,42,1,7,11705,2,20100324,2010-03-24 20:07,2007,-33.4998,1.0998,4695,2599.8,2599.8,2.4834,34.839,2,34.8402,2,223.6,2,224.3,2,55.16,2,25.18,2,0,2,1.75,2,,9,,9,,9,,9,2208.5,2,2339.1,2,871,2,20,7.6851,2,25,,9,,9,,9,,9,,9,,9,,,9,2.2838,2.4831,2
33RO20100308, A13.5,42,1,6,11029,2,20100324,2010-03-24 20:07,2007,-33.4998,1.0998,4695,3002.5,3002.5,2.3149,34.851,2,34.8512,2,229.8,2,230.7,2,57.15,2,24.6,2,0,2,1.71,2,0.015,2,0.008,2,0,2,0.066,3,2207.6,2,2341.8,2,,9,,7.6962,2,25,,9,,9,,9,,9,,9,,9,,,9,2.0791,2.3148,2
33RO20100308, A13.5,42,1,5,11704,2,20100324,2010-03-24 20:07,2007,-33.4998,1.0998,4695,3400.5,3400.5,2.1886,34.8529,2,34.8528,2,229.5,2,230.6,2,60.75,6,24.97,6,0,6,1.71,6,0.013,2,0.007,2,0,2,0.048,3,2213.6,2,2349.4,2,839.8,2,20,7.7006,2,25,,9,,9,,9,,9,,9,,9,,,9,1.9147,2.1879,2
33RO20100308, A13.5,42,1,4,11030,2,20100324,2010-03-24 20:07,2007,-33.4998,1.0998,4695,3701.3,3701.3,1.9194,34.8249,2,34.8245,2,225.5,2,226.2,2,72.67,6,26.26,6,0,6,1.81,6,0.022,2,0.011,2,0,2,0.067,3,2224.1,2,2354.7,2,,9,,7.6846,2,25,,9,,9,,9,,9,,9,,9,,,9,1.6205,1.9183,2
33RO20100308, A13.5,42,1,3,11703,2,20100324,2010-03-24 20:07,2007,-33.4998,1.0998,4695,4103.5,4103.5,1.2817,34.7583,2,34.7593,2,218.5,2,218.9,6,98.94,6,29.42,6,0,6,2.05,6,0.055,6,0.026,6,0,6,0.15,3,2246.3,2,2365.2,2,957.2,2,20,7.6502,2,25,,9,,9,,9,,9,,9,,9,,,9,0.9572,1.2813,2
33RO20100308, A13.5,42,1,2,11702,2,20100324,2010-03-24 20:07,2007,-33.4998,1.0998,4695,4502.9,4502.9,1.1295,34.7395,2,34.7397,2,217.5,2,217,2,106.32,6,30.27,6,0,6,2.12,6,0.07,2,0.033,2,0,2,0.182,3,2251.8,2,2366,2,,9,,7.6392,2,25,,9,,9,,9,,9,,9,,9,,,9,0.7653,1.1286,2
33RO20100308, A13.5,42,1,1,11701,2,20100324,2010-03-24 20:07,2007,-33.4998,1.0998,4695,4761.4,4761.4,1.1247,34.7361,2,34.7373,2,217.2,2,216.4,2,107.74,6,30.42,6,0.01,6,2.13,6,0.078,2,0.037,2,0,2,0.19,3,2253.4,6,2367.7,6,985.5,2,20,7.6384,2,25,,9,,9,,9,,9,,9,,9,,,9,0.7309,1.124,2
33RO20100308, A13.5,43,1,24,11714,2,20100325,2010-03-25 2:16,216,-32.9998,0.9797,4447,5.6,5.6,20.2995,35.6389,2,35.6429,2,226.4,2,227.6,2,1.26,2,0,2,0,2,0.15,2,2.176,2,1.324,2,1.35,2,2.514,3,2069,6,2344.8,2,383.6,2,20,7.9957,2,25,62.16,2,4.29,2,,1,,1,,9,,9,,,9,20.2985,20.2991,2
33RO20100308, A13.5,43,1,23,11713,2,20100325,2010-03-25 2:16,216,-32.9998,0.9797,4447,32.2,32.2,20.3023,35.6395,2,35.6397,2,227.2,2,227.8,2,1.27,2,0,2,0,2,0.15,2,2.17,2,1.315,2,1.265,2,2.535,3,2068.4,2,2343.4,2,383.8,6,20,7.9963,2,25,61.43,2,4.5,2,,1,,1,,9,,9,,,9,20.2963,20.3043,2
33RO20100308, A13.5,43,1,22,11712,2,20100325,2010-03-25 2:16,216,-32.9998,0.9797,4447,76.3,76.3,18.6114,35.6199,2,35.6202,2,241.1,2,242.7,6,1.57,2,0.01,2,0,2,0.17,2,2.397,6,1.448,6,1.368,6,2.066,3,2067.1,2,2342.6,2,385.3,2,20,7.9937,2,25,61.39,2,4.04,2,,1,,1,,9,,9,,,9,18.598,18.6113,2
33RO20100308, A13.5,43,1,21,11010,2,20100325,2010-03-25 2:16,216,-32.9998,0.9797,4447,99.5,99.5,17.025,35.5931,2,35.593,2,242.2,2,242.7,2,1.79,2,0.13,2,0.02,2,0.21,2,2.523,2,1.517,2,1.361,2,1.814,3,2072.8,2,2338.2,2,403.2,2,20,7.9788,2,25,57.96,2,4.23,2,,1,,1,,9,,9,,,9,17.0085,17.051,2
33RO20100308, A13.5,43,1,20,11715,2,20100325,2010-03-25 2:16,216,-32.9998,0.9797,4447,201.1,201.1,14.0977,35.2983,2,35.2948,2,219.7,2,219.6,2,2.75,2,6.83,2,0.01,2,0.6,2,2.817,2,1.662,2,1.341,2,1.273,3,2105.5,2,2324.5,2,513.6,2,20,7.8868,2,25,51.18,2,9.65,2,,1,,1,,9,,9,,,9,14.0684,14.102,2
33RO20100308, A13.5,43,1,19,11007,2,20100325,2010-03-25 2:16,216,-32.9998,0.9797,4447,251.2,251.2,13.3392,35.2183,2,35.2184,2,222.4,2,217.7,2,2.93,2,8.34,2,0.01,2,0.69,2,2.914,2,1.701,2,1.397,2,1.23,3,2113,2,2319.5,2,543.1,2,20,7.8645,2,25,48.82,2,10.85,2,,1,,1,,9,,9,,,9,13.3039,13.3393,2
33RO20100308, A13.5,43,1,18,11710,2,20100325,2010-03-25 2:16,216,-32.9998,0.9797,4447,300.5,300.5,12.6162,35.123,2,35.1218,2,215.4,2,213,2,3.91,2,10.73,2,0,2,0.84,2,3.009,2,1.73,2,1.265,2,1.19,3,2121.8,2,2314.8,2,583.7,2,20,7.8376,2,25,47.39,2,12.71,2,,1,,1,,9,,9,,,9,12.5755,12.6174,2
33RO20100308, A13.5,43,1,17,11025,2,20100325,2010-03-25 2:16,216,-32.9998,0.9797,4447,400.7,400.7,11.144,34.9359,2,34.9332,2,223.2,2,222.6,2,4.24,2,12.87,2,0,2,0.98,2,3.186,2,1.811,2,1.307,2,1.475,3,2124.2,2,2305.2,2,617.6,2,20,7.816,2,25,46.53,2,14.87,2,,1,,1,,9,,9,,,9,11.0938,11.1432,2
33RO20100308, A13.5,43,1,16,11709,2,20100325,2010-03-25 2:16,216,-32.9998,0.9797,4447,500.4,500.4,9.789,34.764,2,34.7675,2,205.6,2,210.8,2,8.17,2,18.44,2,0,2,1.33,2,3.125,2,1.706,2,1,2,1.522,3,2146.5,2,2295.7,2,731.3,2,20,7.7487,2,25,44.42,2,20.11,2,,1,,1,,9,,9,,,9,9.731,9.7993,2
33RO20100308, A13.5,43,1,15,11006,2,20100325,2010-03-25 2:16,216,-32.9998,0.9797,4447,650.3,650.3,7.192,34.4805,2,34.481,2,208.6,2,208.3,2,13.06,2,24.45,2,0,2,1.72,2,3.183,2,1.677,2,0.954,2,2.382,3,2163.5,2,2287.3,2,863,2,20,7.6836,2,25,41.98,2,26.16,2,,1,,1,,9,,9,,,9,7.1287,7.1917,2
33RO20100308, A13.5,43,1,14,11708,2,20100325,2010-03-25 2:16,216,-32.9998,0.9797,4447,799.9,799.9,5.2809,34.3162,2,34.3166,2,224.3,2,223.6,2,18.16,2,27.77,2,0,2,1.93,2,3.225,2,1.665,2,0.823,2,3.07,3,2170.7,2,2285.9,2,922.8,2,20,7.6579,2,25,41.14,2,29.73,2,,1,,1,,9,,9,,,9,5.2139,5.2795,2
33RO20100308, A13.5,43,1,13,11031,2,20100325,2010-03-25 2:16,216,-32.9998,0.9797,4447,950.1,950.1,4.0551,34.2591,2,34.2586,2,229.4,2,230,2,25.17,2,29.95,2,0,2,2.06,2,2.969,2,1.492,2,0.72,2,3.274,3,2180.5,2,2290.7,2,960.1,2,20,7.6395,2,25,40.65,2,31.72,2,,1,,1,,9,,9,,,9,3.9835,4.0545,2
33RO20100308, A13.5,43,1,12,11027,2,20100325,2010-03-25 2:16,216,-32.9998,0.9797,4447,1099.3,1099.3,3.5881,34.352,2,34.3513,2,203.1,2,203,2,40.61,2,31.76,2,0,2,2.23,2,1.864,2,0.905,2,0.349,2,2.25,3,2209.1,2,2306.4,2,1056,2,20,7.6045,2,25,39.24,2,33.75,2,,1,,1,,9,,9,,,9,3.5079,3.5872,2
33RO20100308, A13.5,43,1,11,11707,2,20100325,2010-03-25 2:16,216,-32.9998,0.9797,4447,1299.2,1299.2,3.2671,34.5007,2,34.4998,2,180.8,2,180.5,2,53.11,2,32.71,2,0,2,2.31,2,0.664,2,0.322,2,0.099,2,0.978,3,2229.7,2,2319.5,2,1118.8,2,20,7.5824,2,25,38.53,2,34.41,2,,1,,1,,9,,9,,,9,3.1732,3.2663,2
33RO20100308, A13.5,43,1,10,11003,2,20100325,2010-03-25 2:16,216,-32.9998,0.9797,4447,1499.9,1499.9,2.9715,34.6202,2,34.6196,2,183.5,2,183.9,2,57.72,2,31.48,2,0,2,2.21,2,0.273,2,0.132,2,0,2,0.483,3,2231.7,2,2329.6,2,1081.4,2,20,7.5977,2,25,39.27,2,33.22,2,,1,,1,,9,,9,,,9,2.8639,2.9707,2
33RO20100308, A13.5,43,1,9,11706,2,20100325,2010-03-25 2:16,216,-32.9998,0.9797,4447,1799.7,1799.7,2.886,34.7388,2,34.7383,2,197.5,2,197.4,2,55.07,2,29.1,2,0,2,2.01,2,0.094,2,0.043,2,0,2,0.211,3,2222.2,2,2331.6,2,993.5,2,20,7.632,2,25,39.38,2,31.12,2,,9,,1,,9,,9,,,9,2.7536,2.8854,2
33RO20100308, A13.5,43,1,8,11033,2,20100325,2010-03-25 2:16,216,-32.9998,0.9797,4447,2101.2,2101.2,2.694,34.7998,2,34.8009,2,211.2,2,211.5,2,54.38,2,26.73,2,0,2,1.85,2,0.046,2,0.022,2,0,2,0.131,3,2215,2,2335.7,2,923.8,2,20,7.6612,2,25,39.22,2,28.47,2,,1,,1,,9,,9,,,9,2.5374,2.6935,2
33RO20100308, A13.5,43,1,7,11705,2,20100325,2010-03-25 2:16,216,-32.9998,0.9797,4447,2400.8,2400.8,2.5282,34.8319,2,34.8348,2,222.1,2,222.1,2,54.45,2,25.35,2,0,2,1.76,2,0.025,2,0.013,2,0,2,0.094,3,2210.2,2,2336.7,2,884.6,2,20,7.6804,2,25,39.97,2,26.67,2,,9,,1,,9,,9,,,9,2.3467,2.5283,2
33RO20100308, A13.5,43,1,6,11029,2,20100325,2010-03-25 2:16,216,-32.9998,0.9797,4447,2799.6,2799.6,2.3853,34.8536,2,34.854,2,230,2,231,2,54.17,2,24.37,2,0,2,1.69,2,0.013,2,0.008,2,0,2,0.06,3,2207.6,2,2339.8,2,845,2,20,7.6985,2,25,39.35,2,25.81,2,,1,,1,,9,,9,,,9,2.1682,2.3852,2
33RO20100308, A13.5,43,1,5,11704,2,20100325,2010-03-25 2:16,216,-32.9998,0.9797,4447,3203.6,3203.6,2.2766,34.8598,2,34.8589,2,231.5,2,232.3,2,56.58,6,24.46,6,0,6,1.67,6,0.01,2,0.006,2,0,2,0.044,3,2207.8,2,2346.7,2,829,6,20,7.7042,2,25,39.56,2,26.38,2,,9,,1,,9,,9,,,9,2.0211,2.2761,2
33RO20100308, A13.5,43,1,4,11030,2,20100325,2010-03-25 2:16,216,-32.9998,0.9797,4447,3600.4,3600.4,2.1756,34.8583,2,34.8592,2,231.3,2,230.6,6,60.54,6,24.64,6,0,6,1.69,6,0.013,2,0.007,2,0,2,0.041,3,2216.1,2,2353.1,2,827.7,2,20,7.7057,2,25,39.64,2,26.42,2,,1,,1,,9,,9,,,9,1.8807,2.1773,2
33RO20100308, A13.5,43,1,3,11703,2,20100325,2010-03-25 2:16,216,-32.9998,0.9797,4447,3900.4,3900.4,1.7175,34.8041,2,34.8035,2,224,2,223.7,2,80.87,6,27.19,6,0,6,1.88,6,0.031,6,0.015,6,0,6,0.09,3,2232.3,2,2358.2,2,894.6,2,20,7.6743,2,25,39.74,2,28.9,2,,9,,1,,9,,9,,,9,1.4026,1.7173,2
33RO20100308, A13.5,43,1,2,11702,2,20100325,2010-03-25 2:16,216,-32.9998,0.9797,4447,4201.5,4201.5,1.2275,34.7513,2,34.7527,2,217.5,2,218,2,101.26,6,29.65,6,0.01,6,2.07,6,0.058,2,0.027,2,0,2,0.151,3,2248.4,2,2365.9,2,966.2,2,20,7.6476,2,25,39.05,2,31.1,2,,1,,1,,9,,9,,,9,0.8939,1.2271,2
33RO20100308, A13.5,43,1,1,11701,2,20100325,2010-03-25 2:16,216,-32.9998,0.9797,4447,4509.5,4509.5,1.1335,34.7391,2,34.7418,2,217.1,2,216.4,2,106.27,6,30.39,6,0.01,6,2.12,6,0.071,2,0.036,2,0,2,0.172,3,2253.9,6,2373.4,2,979.3,2,20,7.6411,2,25,38.92,2,32.51,2,,1,,1,,9,,9,,,9,0.7684,1.1331,2
33RO20100308, A13.5,44,1,24,11714,2,20100325,2010-03-25 8:43,843,-32.4998,1.1238,4483,6.1,6.1,21.4923,35.8468,2,35.8485,2,222.1,2,222.6,2,1.73,2,0,2,0,2,0.14,2,2.046,2,1.287,2,1.188,2,1.949,3,2068.3,6,2354.6,6,372.7,2,20,8.011,2,25,,9,,9,,9,,9,,9,,9,,,9,21.4911,21.4904,2
33RO20100308, A13.5,44,1,23,11713,2,20100325,2010-03-25 8:43,843,-32.4998,1.1238,4483,44.9,44.9,21.4636,35.84,2,35.8373,2,223.4,2,223.1,2,1.74,2,0.01,2,0,2,0.15,2,,9,,9,,9,,9,2067.1,2,2356.2,2,369.9,2,20,8.0114,2,25,,9,,9,,9,,9,,9,,9,,,9,21.4549,21.4612,2
33RO20100308, A13.5,44,1,22,11712,2,20100325,2010-03-25 8:43,843,-32.4998,1.1238,4483,81.3,81.3,18.2525,35.6647,2,35.6589,2,247.6,2,247.3,2,2.04,2,0.04,2,0,2,0.18,2,2.463,6,1.512,6,1.445,2,2.549,3,2065.9,2,2344.3,2,383.1,6,20,7.9967,2,25,,9,,9,,9,,9,,9,,9,,,9,18.2384,18.2562,2
33RO20100308, A13.5,44,1,21,11010,2,20100325,2010-03-25 8:43,843,-32.4998,1.1238,4483,151.1,151.1,15.9048,35.5488,2,35.5468,2,227,2,226.5,6,2.39,2,2.98,2,0.12,2,0.37,2,2.581,2,1.559,2,1.375,2,1.999,3,2088.6,2,2336.8,2,445.2,2,20,7.942,2,25,,9,,9,,9,,9,,9,,9,,,9,15.8809,15.9027,2
33RO20100308, A13.5,44,1,20,11715,2,20100325,2010-03-25 8:43,843,-32.4998,1.1238,4483,224.6,224.6,14.541,35.3541,2,35.3549,2,222.7,2,223,2,2.65,2,5.36,2,0.01,2,0.52,2,2.766,2,1.696,2,2.246,4,1.825,3,2099.2,2,2326,2,489.6,2,20,7.9051,2,25,,9,,9,,9,,9,,9,,9,,,9,14.5076,14.5411,2
33RO20100308, A13.5,44,1,19,11007,2,20100325,2010-03-25 8:43,843,-32.4998,1.1238,4483,300.3,300.3,13.4215,35.22,2,35.2193,2,217.9,2,217.7,2,3.19,2,8.22,2,0,2,0.69,2,2.902,2,1.702,2,1.343,2,1.724,3,2112,2,2319.4,2,541.6,2,20,7.8664,2,25,,9,,9,,9,,9,,9,,9,,,9,13.3791,13.4185,2
33RO20100308, A13.5,44,1,18,11710,2,20100325,2010-03-25 8:43,843,-32.4998,1.1238,4483,375.3,375.3,12.1391,35.0595,2,35.0607,2,214.6,2,212,2,4.45,2,11.85,2,0,2,0.91,2,3.039,2,1.748,2,1.255,2,1.686,3,2123.5,2,2311.7,2,601.3,2,20,7.8238,2,25,,9,,9,,9,,9,,9,,9,,,9,12.0894,12.1368,2
33RO20100308, A13.5,44,1,17,11025,2,20100325,2010-03-25 8:43,843,-32.4998,1.1238,4483,451.2,451.2,11.2189,34.9422,2,34.9422,2,218.5,2,212.3,2,5.29,2,13.98,2,0,2,1.05,2,3.125,2,1.77,2,1.143,2,1.9,3,2130.7,2,2306.4,2,641.7,2,20,7.7989,2,25,,9,,9,,9,,9,,9,,9,,,9,11.1619,11.219,2
33RO20100308, A13.5,44,1,16,11709,2,20100325,2010-03-25 8:43,843,-32.4998,1.1238,4483,550.4,550.4,9.4848,34.7269,2,34.7263,2,216,2,216.3,2,6.62,2,17.63,2,0,2,1.28,2,3.275,2,1.816,2,1.201,2,2.534,3,2140.4,2,2296.5,2,710.3,2,20,7.758,2,25,,9,,9,,9,,9,,9,,9,,,9,9.422,9.4851,2
33RO20100308, A13.5,44,1,15,11006,2,20100325,2010-03-25 8:43,843,-32.4998,1.1238,4483,649.9,649.9,7.8655,34.5417,2,34.5359,2,212.4,2,211.1,2,10.34,2,22.32,2,0,2,1.58,2,3.297,2,1.79,2,0.924,2,3.393,3,2155.8,2,2290.4,2,813.3,2,20,7.7059,2,25,,9,,9,,9,,9,,9,,9,,,9,7.7989,7.8698,2
33RO20100308, A13.5,44,1,14,11708,2,20100325,2010-03-25 8:43,843,-32.4998,1.1238,4483,749.9,749.9,6.1174,34.3715,2,34.3714,2,220.3,2,220.5,2,14.24,2,26.02,2,0,2,1.81,2,,9,,9,,9,,9,2164.8,2,2284.9,2,882.4,2,20,7.672,2,25,,9,,9,,9,,9,,9,,9,,,9,6.0501,6.1179,2
33RO20100308, A13.5,44,1,13,11031,2,20100325,2010-03-25 8:43,843,-32.4998,1.1238,4483,901.7,901.7,4.7829,34.3067,2,34.3059,2,216.9,2,220.8,2,22.64,2,28.97,2,0,2,2.01,2,2.937,2,1.515,2,0.717,2,4.498,3,2179.1,2,2289.8,2,951.3,2,20,7.6452,2,25,,9,,9,,9,,9,,9,,9,,,9,4.7102,4.7837,2
33RO20100308, A13.5,44,1,12,11027,2,20100325,2010-03-25 8:43,843,-32.4998,1.1238,4483,1151.2,1151.2,3.5018,34.3737,2,34.372,2,197.5,2,199,2,42.49,2,32.13,2,0,2,2.26,2,,9,,9,,9,,9,2210.9,2,2307.4,2,1071.1,6,20,7.5987,2,25,,9,,9,,9,,9,,9,,9,,,9,3.418,3.4992,2
33RO20100308, A13.5,44,1,11,11707,2,20100325,2010-03-25 8:43,843,-32.4998,1.1238,4483,1399.6,1399.6,3.0643,34.5309,2,34.5292,2,180.9,2,182.4,2,56.11,2,32.44,2,0,2,2.29,2,0.547,2,0.249,2,0.123,2,1.375,3,2231.6,6,2323.5,6,1122.8,2,20,7.5858,2,25,,9,,9,,9,,9,,9,,9,,,9,2.9642,3.0649,2
33RO20100308, A13.5,44,1,10,11003,2,20100325,2010-03-25 8:43,843,-32.4998,1.1238,4483,1700.1,1700.1,2.9064,34.6827,2,34.6802,2,188.5,2,189.6,2,57.37,2,30.39,2,0,2,2.12,2,,9,,9,,9,,9,2227.3,2,2330.3,2,1039.2,2,20,7.614,2,25,,9,,9,,9,,9,,9,,9,,,9,2.7825,2.9061,2
33RO20100308, A13.5,44,1,9,11706,2,20100325,2010-03-25 8:43,843,-32.4998,1.1238,4483,2001.2,2001.2,2.7827,34.7903,2,34.7896,2,206.9,2,207.6,2,53.63,2,27.19,2,0,2,1.89,2,0.052,2,0.023,2,0,2,0.218,3,2213.1,2,2331.6,2,938.5,2,20,7.6548,2,25,,9,,9,,9,,9,,9,,9,,,9,2.6338,2.7826,2
33RO20100308, A13.5,44,1,8,11033,2,20100325,2010-03-25 8:43,843,-32.4998,1.1238,4483,2298.6,2298.6,2.5649,34.8246,2,34.823,2,218,2,219.2,2,54.71,2,25.65,2,0,2,1.79,2,,9,,9,,9,,9,2209.5,2,2335.6,2,893.7,2,20,7.6757,2,25,,9,,9,,9,,9,,9,,9,,,9,2.3923,2.5645,2
33RO20100308, A13.5,44,1,7,11705,2,20100325,2010-03-25 8:43,843,-32.4998,1.1238,4483,2596.1,2596.1,2.4429,34.8426,2,34.8404,2,225.9,2,226.4,2,54.88,2,24.84,2,0,2,1.73,2,0.019,2,0.009,2,0,2,0.123,3,2206.8,2,2336.5,2,863.4,2,20,7.6894,2,25,,9,,9,,9,,9,,9,,9,,,9,2.2444,2.4426,2
33RO20100308, A13.5,44,1,6,11029,2,20100325,2010-03-25 8:43,843,-32.4998,1.1238,4483,2900.1,2900.1,2.3501,34.8529,2,,9,231,2,230.8,2,55.3,2,24.45,2,0,2,1.7,2,,9,,9,,9,,9,2206,2,2341.5,2,847,2,20,7.6992,2,25,,9,,9,,9,,9,,9,,9,,,9,2.1238,2.3499,2
33RO20100308, A13.5,44,1,5,11704,2,20100325,2010-03-25 8:43,843,-32.4998,1.1238,4483,3199.4,3199.4,2.2832,34.8584,2,34.8572,2,233.1,2,232.7,6,56.69,6,24.38,6,0,6,1.67,6,0.008,2,0.004,2,0,2,0.073,3,2207.5,2,2345.9,2,838.2,2,20,7.7038,2,25,,9,,9,,9,,9,,9,,9,,,9,2.028,2.2833,2
33RO20100308, A13.5,44,1,4,11030,2,20100325,2010-03-25 8:43,843,-32.4998,1.1238,4483,3501.4,3501.4,2.2459,34.8626,2,34.8615,2,233.7,2,231.9,2,57.7,6,24.42,6,0,6,1.67,6,,9,,9,,9,,9,2210.2,2,2350.6,2,827,2,20,7.7084,2,25,,9,,9,,9,,9,,9,,9,,,9,1.9599,2.2451,2
33RO20100308, A13.5,44,1,3,11703,2,20100325,2010-03-25 8:43,843,-32.4998,1.1238,4483,3799.6,3799.6,1.9667,34.8312,2,34.8295,2,228.5,2,227.6,2,70.23,6,25.84,6,0,6,1.79,6,0.018,2,0.009,2,0,2,0.117,3,2223.3,2,2354.9,2,864.1,2,20,7.6907,2,25,,9,,9,,9,,9,,9,,9,,,9,1.6558,1.9665,2
33RO20100308, A13.5,44,1,2,11702,2,20100325,2010-03-25 8:43,843,-32.4998,1.1238,4483,4100.6,4100.6,1.3616,34.7657,2,34.7636,2,219.9,2,219.7,2,95.77,6,29.03,6,0,6,2.03,6,0.05,2,0.021,2,0,2,0.293,3,2243.9,2,2364.3,2,946.4,2,20,7.6553,2,25,,9,,9,,9,,9,,9,,9,,,9,1.0351,1.3607,2
33RO20100308, A13.5,44,1,1,11701,2,20100325,2010-03-25 8:43,843,-32.4998,1.1238,4483,4544.6,4544.6,1.1361,34.7386,2,34.7377,2,218.4,2,216.5,2,106.22,6,30.27,6,0,6,2.12,6,0.069,2,0.029,2,0,2,0.331,3,2253.1,6,2369.4,6,981.5,2,20,7.6412,2,25,,9,,9,,9,,9,,9,,9,,,9,0.7669,1.1356,2
33RO20100308, A13.5,45,1,24,11714,2,20100325,2010-03-25 14:55,1455,-31.9997,1.2707,4486,4.4,4.4,21.3248,35.8313,2,35.8305,2,222.8,2,223.6,2,1.99,2,0,2,0,2,0.1,2,2.073,2,1.272,2,1.227,2,2.973,3,2055.7,6,2351.6,2,351,2,20,8.0292,2,25,62.07,2,4.76,2,,9,,9,,9,,9,,,9,21.324,21.3225,2
33RO20100308, A13.5,45,1,23,11713,2,20100325,2010-03-25 14:55,1455,-31.9997,1.2707,4486,29.3,29.3,21.3136,35.831,2,35.8309,2,223.2,2,223.8,2,1.95,2,0,2,0,2,0.1,2,2.069,2,1.266,2,1.237,2,2.645,3,2055.9,2,2352.7,2,350.4,2,20,8.028,2,25,63.21,2,4.19,2,,9,,9,,9,,9,,,9,21.3079,21.3165,2
33RO20100308, A13.5,45,1,22,11712,2,20100325,2010-03-25 14:55,1455,-31.9997,1.2707,4486,91.4,91.4,18.7058,35.597,2,35.5979,2,236,2,238.7,2,2.65,2,0.04,2,0,2,0.14,2,2.33,6,1.418,6,1.274,6,1.928,3,2048.9,2,2335.7,2,360.2,6,20,8.0166,2,25,58.72,2,4.78,2,,9,,9,,9,,9,,,9,18.6897,18.6727,2
33RO20100308, A13.5,45,1,21,11010,2,20100325,2010-03-25 14:55,1455,-31.9997,1.2707,4486,151.7,151.7,16.7336,35.5661,2,35.5652,2,226.8,2,220,2,3.79,2,3.39,2,0.06,2,0.37,2,2.468,2,1.493,2,1.303,2,1.686,3,2078.6,2,2333,2,424.5,2,20,7.9577,2,25,53.66,2,7.33,2,,9,,9,,9,,9,,,9,16.7088,16.7328,2
33RO20100308, A13.5,45,1,20,11715,2,20100325,2010-03-25 14:55,1455,-31.9997,1.2707,4486,225.3,225.3,16.0728,35.5686,2,35.5677,2,225.6,2,225,2,3.64,2,5.7,2,0.01,2,0.52,2,0,4,0,4,0.024,4,0.002,4,2083.5,2,2332.5,2,431.4,2,20,7.9508,2,25,52.65,2,8.31,2,,9,,9,,9,,9,,,9,16.0368,16.0746,2
33RO20100308, A13.5,45,1,19,11007,2,20100325,2010-03-25 14:55,1455,-31.9997,1.2707,4486,299.6,299.6,14.7602,35.3794,2,35.3785,2,221.1,2,220.5,6,3.54,2,5.67,2,0.01,2,0.53,2,2.702,2,1.61,2,1.339,2,1.74,3,2098.6,2,2326.9,2,481.5,2,20,7.9095,2,25,49.67,2,8.19,2,,9,,9,,9,,9,,,9,14.715,14.7532,2
33RO20100308, A13.5,45,1,18,11710,2,20100325,2010-03-25 14:55,1455,-31.9997,1.2707,4486,401.1,401.1,13.3839,35.2142,2,35.2146,2,219.1,2,218,2,4.23,2,8.64,2,0.01,2,0.71,2,2.896,2,1.695,2,1.26,2,1.728,3,2111.1,2,2318.3,2,534.2,2,20,7.868,2,25,47.25,2,10.49,2,,9,,9,,9,,9,,,9,13.3271,13.3848,2
33RO20100308, A13.5,45,1,17,11025,2,20100325,2010-03-25 14:55,1455,-31.9997,1.2707,4486,500.5,500.5,11.658,34.9978,2,34.9969,2,215.6,2,214.5,2,5.23,2,12.75,2,0,2,0.97,2,3.104,2,1.763,2,1.188,2,1.863,3,2127.4,2,2308.3,2,614.2,2,20,7.8159,2,25,44,2,14.17,2,,9,,9,,9,,9,,,9,11.5931,11.6551,2
33RO20100308, A13.5,45,1,16,11709,2,20100325,2010-03-25 14:55,1455,-31.9997,1.2707,4486,602.5,602.5,10.0949,34.802,2,34.8008,2,212.1,2,210.1,2,7.65,2,16.92,2,0,2,1.23,2,3.139,2,1.731,2,1.087,2,2.175,3,2139.3,2,2297.7,2,693.1,2,20,7.7681,2,25,43.05,2,18.47,2,,9,,9,,9,22.6,2,3.1,1.02,2,10.0233,10.0944,2
33RO20100308, A13.5,45,1,15,11006,2,20100325,2010-03-25 14:55,1455,-31.9997,1.2707,4486,699.3,699.3,8.163,34.585,2,34.5841,2,207.2,2,206.3,2,12.58,2,21.91,2,0,2,1.56,2,3.03,2,1.629,2,0.829,2,2.891,3,2156.9,2,2292.8,2,799.2,2,20,7.7113,2,25,42.1,2,23.07,2,,9,,9,,9,13.7,2,3.4,1.03,2,8.0895,8.1671,2
33RO20100308, A13.5,45,1,14,11708,2,20100325,2010-03-25 14:55,1455,-31.9997,1.2707,4486,849.6,849.6,5.6173,34.3602,2,34.3607,2,214.4,2,212.8,2,19.56,2,27.8,2,0,2,1.93,2,2.996,2,1.554,2,0.796,2,4.001,3,2175.1,2,2288.8,2,930.3,2,20,7.6526,2,25,40.19,2,29.74,2,,9,,9,,9,-30,2,2.7,1,2,5.5436,5.6185,2
33RO20100308, A13.5,45,1,13,11031,2,20100325,2010-03-25 14:55,1455,-31.9997,1.2707,4486,1049.5,1049.5,4.2201,34.3585,2,34.3578,2,199.1,2,199.3,2,34.5,2,31.3,2,0,2,2.19,2,2.014,2,0.988,2,0.522,2,3.3,3,2200.8,2,2298.2,2,1040.5,2,20,7.61,2,25,38.52,2,33.21,2,,9,,9,,9,-76.1,2,2.5,0.9,2,4.1388,4.2191,2
33RO20100308, A13.5,45,1,12,11027,2,20100325,2010-03-25 14:55,1455,-31.9997,1.2707,4486,1250.4,1250.4,3.4952,34.4438,2,34.4428,2,183.4,2,183.5,2,49.38,2,32.6,2,0,2,2.31,2,1.031,2,0.485,2,0.184,2,2.064,3,2223.1,2,2314.6,2,1111.5,2,20,7.5846,2,25,37.98,2,33.86,2,,9,,9,,9,-109.9,2,2.7,0.86,2,3.4032,3.4979,2
33RO20100308, A13.5,45,1,11,11707,2,20100325,2010-03-25 14:55,1455,-31.9997,1.2707,4486,1499.1,1499.1,3.0811,34.6015,2,34.6013,2,181.2,2,181.1,2,56.24,2,31.43,2,0,2,2.22,2,0.299,2,0.139,2,0,2,0.791,3,2230.9,6,2326.7,6,1089.7,2,20,7.5941,2,25,37.65,2,33.1,2,,9,,9,,9,-132.7,2,2.5,0.64,2,2.9723,3.0808,2
33RO20100308, A13.5,45,1,10,11003,2,20100325,2010-03-25 14:55,1455,-31.9997,1.2707,4486,1800.1,1800.1,2.9467,34.7212,2,34.7202,2,196.1,2,194.9,2,54.02,2,28.85,2,0,2,2.03,2,0.113,2,0.053,2,0,2,0.363,3,2221.6,2,2329.3,2,1000.7,2,20,7.6286,2,25,38.09,2,30.29,2,,9,,9,,9,-131.9,2,2.8,0.67,2,2.8134,2.9466,2
33RO20100308, A13.5,45,1,9,11706,2,20100325,2010-03-25 14:55,1455,-31.9997,1.2707,4486,2100,2100,2.7273,34.8028,2,34.8022,2,212.4,2,212.3,2,52.97,2,26.48,2,0,2,1.84,2,0.042,2,0.02,2,0,2,0.188,3,2210.9,2,2333.5,2,914,2,20,7.6645,2,25,39.35,2,28.03,2,,9,,9,,9,-122.7,2,2.6,0.85,2,2.5703,2.727,2
33RO20100308, A13.5,45,1,8,11033,2,20100325,2010-03-25 14:55,1455,-31.9997,1.2707,4486,2400.3,2400.3,2.5289,34.8302,4,34.842,4,220.8,2,222,2,54.36,2,25.53,2,0,2,1.75,2,0.023,2,0.011,2,0,2,0.14,3,2208.2,2,2336.9,2,876.8,2,20,7.6809,2,25,39.72,2,27,2,,9,,9,,9,-127.5,2,2.5,0.91,2,2.3474,2.5281,2
33RO20100308, A13.5,45,1,7,11705,2,20100325,2010-03-25 14:55,1455,-31.9997,1.2707,4486,2700.1,2700.1,2.4155,34.8457,2,34.8468,2,226.6,2,227.7,2,55.03,2,24.7,2,0,2,1.71,2,0.018,2,0.01,2,0,2,0.112,3,2206.8,2,2338.6,2,854.3,6,20,7.6925,2,25,39.55,2,26.35,2,,9,,9,,9,-127.8,2,2.4,0.9,2,2.2075,2.4149,2
33RO20100308, A13.5,45,1,6,11029,2,20100325,2010-03-25 14:55,1455,-31.9997,1.2707,4486,3000.3,3000.3,2.3553,34.857,2,34.8559,2,230.4,2,231.8,2,55.41,2,24.28,2,0,2,1.67,2,0.009,2,0.007,2,0,2,0.07,3,2205.8,2,2342.5,2,831.2,2,20,7.7022,2,25,38.9,2,26.41,2,,9,,9,,9,-121.5,2,3.5,0.98,2,2.1188,2.3551,2
33RO20100308, A13.5,45,1,5,11704,2,20100325,2010-03-25 14:55,1455,-31.9997,1.2707,4486,3302.3,3302.3,2.3129,34.8625,2,34.8621,2,232.7,2,232.3,2,55.53,6,24.11,6,0,6,1.65,6,0.01,2,0.006,2,0,2,0.062,3,2207.8,2,2344.5,2,822.4,2,20,7.7073,2,25,39.47,2,25.92,2,,9,,9,,9,-119.9,2,2.4,0.93,2,2.0463,2.313,2
33RO20100308, A13.5,45,1,4,11030,2,20100325,2010-03-25 14:55,1455,-31.9997,1.2707,4486,3601,3601,2.2447,34.8636,2,34.8617,2,231.5,2,231.7,6,57.92,6,24.37,6,0,6,1.66,6,0.006,2,0.005,2,0,2,0.04,3,2211.8,2,2351.4,2,822.5,2,20,7.7091,2,25,39.44,2,25.77,2,,9,,9,,9,-122.7,2,3.7,0.93,2,1.948,2.2447,2
33RO20100308, A13.5,45,1,3,11703,2,20100325,2010-03-25 14:55,1455,-31.9997,1.2707,4486,3901.2,3901.2,2.0656,34.8429,2,34.8422,2,228.9,2,228.4,2,66.32,6,25.21,6,0,6,1.74,6,0.015,6,0.01,6,0.019,6,0.068,3,2220,2,2355.2,2,850.4,2,20,7.698,2,25,38.64,2,26.6,2,,9,,9,,9,-131.7,2,2.5,0.84,2,1.7408,2.0652,2
33RO20100308, A13.5,45,1,2,11702,4,20100325,2010-03-25 14:55,1455,-31.9997,1.2707,4486,4199,4199,1.5643,34.7846,4,34.843,4,221.6,4,228.5,4,65.98,4,24.98,4,0,4,1.74,4,0.015,4,0.008,4,0.016,4,0.07,4,2219.1,4,2355.4,3,840.9,4,20,7.6986,3,25,39.14,2,26.6,2,,9,,9,,9,,9,,,9,1.2209,1.5638,2
33RO20100308, A13.5,45,1,1,11701,2,20100325,2010-03-25 14:55,1455,-31.9997,1.2707,4486,4549.2,4549.2,1.1618,34.7406,2,34.7404,2,217.8,2,216.9,2,105.42,6,29.96,6,0,6,2.11,6,0.069,2,0.03,2,0,2,0.268,3,2252.3,6,2367.1,6,978.7,2,20,7.6432,2,25,38.85,2,31.73,2,,9,,9,,9,-151.7,2,2.5,0.69,2,0.7913,1.1607,2
33RO20100308, A13.5,46,1,24,11714,2,20100325,2010-03-25 21:07,2107,-31.5017,1.416,4438,5.8,5.8,20.6863,35.8206,2,35.8258,2,227.4,2,228.3,2,5.6,4,0,2,0,2,0.11,2,2.11,2,1.291,2,1.295,2,3.085,3,2056,6,2347.8,6,,9,,8.024,2,25,,9,,9,,9,,9,,9,,9,,,9,20.6852,20.6918,2
33RO20100308, A13.5,46,1,23,11713,2,20100325,2010-03-25 21:07,2107,-31.5017,1.416,4438,49.2,49.2,16.6475,35.5783,2,35.5795,2,246.7,2,243.5,2,7.07,4,2.01,2,0.21,2,0.28,2,2.664,3,1.972,3,7.578,4,1.937,3,2065.3,2,2332.3,2,,9,,7.9851,2,25,,9,,9,,9,,9,,9,,9,,,9,16.6395,16.6484,2
33RO20100308, A13.5,46,1,22,11712,2,20100325,2010-03-25 21:07,2107,-31.5017,1.416,4438,99.8,99.8,16.2405,35.5748,2,35.5741,2,225.6,2,226.8,2,7.48,4,4.34,2,0.03,2,0.39,2,2.494,2,1.508,2,1.347,2,1.474,3,2077.6,2,2331,2,,9,,7.9579,2,25,,9,,9,,9,,9,,9,,9,,,9,16.2245,16.2414,2
33RO20100308, A13.5,46,1,21,11010,2,20100325,2010-03-25 21:07,2107,-31.5017,1.416,4438,149.1,149.1,16.1715,35.5697,2,35.5685,2,227.4,2,227.9,2,7.34,4,4.24,2,0.02,2,0.39,2,2.497,2,1.513,2,1.41,2,1.518,3,2076.1,2,2334.1,2,,9,,7.9583,2,25,,9,,9,,9,,9,,9,,9,,,9,16.1476,16.1698,2
33RO20100308, A13.5,46,1,20,11715,2,20100325,2010-03-25 21:07,2107,-31.5017,1.416,4438,200.6,200.6,16.0723,35.5581,2,35.5579,2,227.6,2,227.9,2,7.27,4,4.3,2,0.01,2,0.4,2,2.507,6,1.518,6,1.339,6,1.571,3,2078.6,2,2332.6,2,,9,,7.9557,2,25,,9,,9,,9,,9,,9,,9,,,9,16.0403,16.0713,2
33RO20100308, A13.5,46,1,19,11007,2,20100325,2010-03-25 21:07,2107,-31.5017,1.416,4438,250.7,250.7,15.8294,35.5358,2,35.5357,2,226.9,2,226.7,2,7.24,4,4.74,2,0.01,2,0.44,2,0.003,4,0.001,4,0.03,4,-0.013,4,2081.7,2,2327.6,2,,9,,7.9489,2,25,,9,,9,,9,,9,,9,,9,,,9,15.7898,15.8284,2
33RO20100308, A13.5,46,1,18,11710,2,20100325,2010-03-25 21:07,2107,-31.5017,1.416,4438,350.1,350.1,15.5768,35.5096,2,35.511,2,225.6,2,226.1,6,7.3,4,5.14,2,0.01,2,0.47,2,2.546,2,1.532,2,1.323,2,1.598,3,2085.1,2,2329,2,,9,,7.9415,2,25,,9,,9,,9,,9,,9,,9,,,9,15.5219,15.5786,2
33RO20100308, A13.5,46,1,17,11025,2,20100325,2010-03-25 21:07,2107,-31.5017,1.416,4438,450.4,450.4,14.4276,35.3514,2,35.3543,2,214.5,2,214.6,2,7.86,4,7.75,2,0.01,2,0.64,2,2.72,2,1.597,2,1.272,2,1.304,3,2104.1,2,2321.8,2,,9,,7.8937,2,25,,9,,9,,9,,9,,9,,9,,,9,14.3604,14.4218,2
33RO20100308, A13.5,46,1,16,11709,2,20100325,2010-03-25 21:07,2107,-31.5017,1.416,4438,601.1,601.1,12.1264,35.0692,2,35.0697,2,214.8,2,215.6,2,8.48,4,11.9,2,0,2,0.91,2,3.045,2,1.707,2,1.083,2,1.569,3,2122.8,2,2312,2,,9,,7.8313,2,25,,9,,9,,9,,9,,9,,9,,,9,12.0461,12.1251,2
33RO20100308, A13.5,46,1,15,11006,2,20100325,2010-03-25 21:07,2107,-31.5017,1.416,4438,750,750,9.2792,34.7033,2,34.7055,2,209.9,2,211.8,2,12.28,4,18.76,2,0,2,1.35,2,3.145,2,1.733,2,1.439,4,2.225,3,2146,2,2295.2,2,,9,,7.7479,2,25,,9,,9,,9,,9,,9,,9,,,9,9.1939,9.2785,2
33RO20100308, A13.5,46,1,14,11708,2,20100325,2010-03-25 21:07,2107,-31.5017,1.416,4438,900.1,900.1,6.0719,34.3913,2,34.3917,2,211.8,2,212,2,20.79,4,26.63,2,0,2,1.86,2,3.172,2,2.012,3,7.067,4,3.407,3,2172.4,2,2291.1,2,,9,,7.661,2,25,,9,,9,,9,,9,,9,,9,,,9,5.9904,6.0718,2
33RO20100308, A13.5,46,1,13,11031,2,20100325,2010-03-25 21:07,2107,-31.5017,1.416,4438,1099.8,1099.8,4.1776,34.3356,2,34.3358,2,206.7,2,207.6,2,35.19,4,30.74,2,0,2,2.15,2,,9,,9,,9,,9,2197.1,2,2292.8,2,,9,,7.6179,2,25,,9,,9,,9,,9,,9,,9,,,9,4.0924,4.1769,2
33RO20100308, A13.5,46,1,12,11027,2,20100325,2010-03-25 21:07,2107,-31.5017,1.416,4438,1300.3,1300.3,3.4846,34.4543,2,34.4537,2,181.2,2,182.6,2,52.41,4,32.93,2,0,2,2.3,2,0.973,2,0.461,2,0.151,2,1.753,3,2225.4,6,2315.1,6,,9,,7.5842,2,25,,9,,9,,9,,9,,9,,9,,,9,3.3885,3.4838,2
33RO20100308, A13.5,46,1,11,11707,2,20100325,2010-03-25 21:07,2107,-31.5017,1.416,4438,1499.8,1499.8,3.1091,34.5699,2,34.5707,2,181.7,2,182.2,2,57.17,4,32.05,2,0,2,2.23,2,0.395,2,0.186,2,0.056,2,0.848,3,2231.2,2,2325,2,,9,,7.5913,2,25,,9,,9,,9,,9,,9,,9,,,9,3,3.1093,2
33RO20100308, A13.5,46,1,10,11003,2,20100325,2010-03-25 21:07,2107,-31.5017,1.416,4438,1751.6,1751.6,3.0001,34.7019,2,34.7007,2,193,2,192.6,2,55.81,4,29.28,2,0,2,2.04,2,0.137,2,0.063,2,0.038,2,0.379,3,2224.3,2,2327.4,2,,9,,7.6221,2,25,,9,,9,,9,,9,,9,,9,,,9,2.8704,2.9997,2
33RO20100308, A13.5,46,1,9,11706,2,20100325,2010-03-25 21:07,2107,-31.5017,1.416,4438,1999.3,1999.3,2.8276,34.788,2,34.7882,2,208,2,208.4,2,53.93,4,26.77,2,0,2,1.86,2,,9,,9,,9,,9,2214,2,2332.7,2,,9,,7.6567,2,25,,9,,9,,9,,9,,9,,9,,,9,2.6782,2.8276,2
33RO20100308, A13.5,46,1,8,11033,2,20100325,2010-03-25 21:07,2107,-31.5017,1.416,4438,2300.4,2300.4,2.5741,34.8245,2,34.8234,2,218.9,2,220.3,2,55.72,4,25.36,2,0,2,1.76,2,0.032,2,0.014,2,0.028,2,0.135,3,2210,2,2334.1,2,,9,,7.6784,2,25,,9,,9,,9,,9,,9,,9,,,9,2.4012,2.5738,2
33RO20100308, A13.5,46,1,7,11705,2,20100325,2010-03-25 21:07,2107,-31.5017,1.416,4438,2601.6,2601.6,2.4293,34.8477,2,34.8474,2,227.3,2,228.5,2,55.74,4,24.58,2,0,2,1.7,2,0.015,2,0.008,2,0,2,0.081,3,2206.9,2,2338.8,2,,9,,7.6936,2,25,,9,,9,,9,,9,,9,,9,,,9,2.2306,2.4286,2
33RO20100308, A13.5,46,1,6,11029,2,20100325,2010-03-25 21:07,2107,-31.5017,1.416,4438,2900.5,2900.5,2.3519,34.8572,2,34.8566,2,230.5,2,232.1,6,56.21,4,24.16,2,0,2,1.66,2,0.01,2,0.006,2,0,2,0.062,3,2207.1,2,2341.8,2,,9,,7.7024,2,25,,9,,9,,9,,9,,9,,9,,,9,2.1255,2.3513,2
33RO20100308, A13.5,46,1,5,11704,2,20100325,2010-03-25 21:07,2107,-31.5017,1.416,4438,3199.5,3199.5,2.3012,34.8654,2,34.8644,2,231.5,2,233.1,2,57.82,4,24,6,0,6,1.63,6,0.025,3,0.041,3,0.47,3,0.079,3,2208.5,2,2346.7,2,,9,,7.7094,2,25,,9,,9,,9,,9,,9,,9,,,9,2.0456,2.3006,2
33RO20100308, A13.5,46,1,4,11030,2,20100325,2010-03-25 21:07,2107,-31.5017,1.416,4438,3501.9,3501.9,2.2673,34.8711,2,34.8712,2,231.8,2,232.3,2,58.73,4,23.87,6,0,6,1.63,6,0.007,6,0.005,6,0,6,0.038,3,2214.1,2,2354.5,2,,9,,7.7145,2,25,,9,,9,,9,,9,,9,,9,,,9,1.9806,2.267,2
33RO20100308, A13.5,46,1,3,11703,2,20100325,2010-03-25 21:07,2107,-31.5017,1.416,4438,3801.1,3801.1,2.1025,34.8488,2,34.8492,2,229.4,2,230.2,2,66.41,4,25.09,6,0,6,1.72,6,0.015,2,0.009,2,0.036,2,0.062,3,2219.5,2,2352,2,,9,,7.701,2,25,,9,,9,,9,,9,,9,,9,,,9,1.7877,2.1017,2
33RO20100308, A13.5,46,1,2,11702,2,20100325,2010-03-25 21:07,2107,-31.5017,1.416,4438,4098.9,4098.9,1.5586,34.7857,2,34.7859,2,222.2,2,221.6,2,88.55,4,28.01,2,0,2,1.95,2,0.038,2,0.018,2,0,2,0.135,3,2238.8,2,2358.5,2,,9,,7.6661,2,25,,9,,9,,9,,9,,9,,9,,,9,1.2265,1.5593,2
33RO20100308, A13.5,46,1,1,11701,2,20100325,2010-03-25 21:07,2107,-31.5017,1.416,4438,4503.3,4503.3,1.1984,34.7447,2,34.7442,2,217.5,2,216.8,2,104.28,4,29.99,2,0.01,2,2.09,2,0.062,2,0.03,2,0,2,0.206,3,2253.2,6,2364,6,,9,,7.6453,2,25,,9,,9,,9,,9,,9,,9,,,9,0.832,1.1971,2
33RO20100308, A13.5,47,1,24,11714,2,20100326,2010-03-26 3:09,309,-31,1.5643,4425,6,6,21.4013,35.8491,2,35.8489,2,223.6,2,223.7,2,1.29,2,0,2,0,2,0.09,2,2.046,2,1.26,2,1.244,2,2.658,3,2057.8,6,2353,6,350.7,2,20,8.0283,2,25,62.46,2,4.02,2,,9,,9,,9,,9,,,9,21.4001,21.3998,2
33RO20100308, A13.5,47,1,23,11713,2,20100326,2010-03-26 3:09,309,-31,1.5643,4425,49.8,49.8,20.912,35.7824,2,35.804,2,228.2,2,228.2,2,1.38,2,0.02,2,0,2,0.1,2,2.098,2,1.285,2,1.255,2,2.691,3,2055.3,2,2345.5,2,350,2,20,8.0273,2,25,62.5,2,4.12,2,,9,,9,,9,,9,,,9,20.9025,21.1086,3
33RO20100308, A13.5,47,1,22,11712,2,20100326,2010-03-26 3:09,309,-31,1.5643,4425,100.1,100.1,16.6602,35.5914,2,35.5946,2,235.4,2,236,2,2.67,2,1.27,2,0.46,2,0.28,2,2.491,6,1.507,6,1.344,6,2.162,3,2072.5,2,2335.9,2,404.5,2,20,7.9765,2,25,57.68,2,5.69,2,,9,,9,,9,,9,,,9,16.6439,16.6587,2
33RO20100308, A13.5,47,1,21,11010,2,20100326,2010-03-26 3:09,309,-31,1.5643,4425,201.6,201.6,16.1925,35.5702,2,35.5693,2,228.9,2,228.9,2,3.29,2,4.05,2,0.01,2,0.38,2,2.493,2,1.512,2,1.371,2,1.383,3,2078.5,2,2329.6,2,419.4,2,20,7.9617,2,25,52.85,2,7.54,2,,9,,9,,9,,9,,,9,16.1602,16.1872,2
33RO20100308, A13.5,47,1,20,11715,2,20100326,2010-03-26 3:09,309,-31,1.5643,4425,299.6,299.6,15.5101,35.4943,2,35.4964,2,223.8,2,224.3,2,3.41,2,5.2,2,0.01,2,0.47,2,2.562,2,1.538,2,1.331,2,1.433,3,2090.3,2,2329,2,448.8,6,20,7.937,2,25,50.8,2,7.83,2,,9,,9,,9,,9,,,9,15.4634,15.5075,2
33RO20100308, A13.5,47,1,19,11007,2,20100326,2010-03-26 3:09,309,-31,1.5643,4425,400,400,13.7057,35.2566,2,35.257,2,217.6,2,217.9,2,4.01,2,8.51,2,0.01,2,0.69,2,2.835,2,1.651,2,1.25,2,1.436,3,2109.9,2,2317.6,2,526.9,2,20,7.8777,2,25,47.85,2,10.39,2,,9,,9,,9,,9,,,9,13.6482,13.7037,2
33RO20100308, A13.5,47,1,18,11710,2,20100326,2010-03-26 3:09,309,-31,1.5643,4425,599.1,599.1,10.3104,34.8255,2,34.8253,2,213.9,2,213.9,2,6.4,2,16.12,2,0,2,1.17,2,3.165,2,1.747,2,1.062,2,1.887,3,2137.7,2,2300.1,2,,9,,7.7783,2,25,43.93,2,17.37,2,,9,,9,,9,,9,,,9,10.2383,10.3191,2
33RO20100308, A13.5,47,1,17,11025,2,20100326,2010-03-26 3:09,309,-31,1.5643,4425,798,798,6.6535,34.4388,2,34.4384,2,209.4,2,210.3,6,15.33,2,25.38,2,0,2,1.77,2,3.057,2,1.614,2,0.789,2,3.104,3,2176.2,2,2288.5,2,876.5,2,20,7.6743,2,25,42.04,2,26.66,2,,9,,9,,9,,9,,,9,6.5783,6.6536,2
33RO20100308, A13.5,47,1,16,11709,2,20100326,2010-03-26 3:09,309,-31,1.5643,4425,999.1,999.1,4.3248,34.3415,2,34.3419,2,206.5,2,206.9,2,31.13,2,30.45,2,0,2,2.14,2,2.269,2,1.126,2,0.489,2,3.165,3,2197.3,2,2296.9,2,1007.5,2,20,7.6199,2,25,40.53,2,31.74,2,,9,,9,,9,,9,,,9,4.247,4.3263,2
33RO20100308, A13.5,47,1,15,11006,2,20100326,2010-03-26 3:09,309,-31,1.5643,4425,1197.1,1197.1,3.6258,34.4276,2,34.4274,2,186,2,185.9,2,45.99,2,32.6,2,0,2,2.29,2,1.186,2,0.565,2,0.229,2,1.971,3,2221.6,2,2310.5,2,1099.6,2,20,7.5877,2,25,38.46,2,34.56,2,,9,,9,,9,,9,,,9,3.537,3.6262,2
33RO20100308, A13.5,47,1,14,11708,2,20100326,2010-03-26 3:09,309,-31,1.5643,4425,1400.3,1400.3,3.1555,34.5658,2,34.5645,2,178.5,2,178.5,2,55.38,2,32.31,2,0,2,2.26,2,0.395,2,0.19,2,0.09,2,0.827,3,2234,2,2324.2,2,,9,,7.5869,2,25,39.34,2,34.2,2,,9,,9,,9,,9,,,9,3.0542,3.154,2
33RO20100308, A13.5,47,1,13,11031,2,20100326,2010-03-26 3:09,309,-31,1.5643,4425,1598.4,1598.4,3.0325,34.6721,2,34.6719,2,188.1,2,187.8,2,54.03,2,30.35,2,0,2,2.11,2,0.171,2,0.082,2,0.061,2,0.424,3,2228.7,2,2327.1,2,1043.5,2,20,7.6114,2,25,39.11,2,31.56,2,,9,,9,,9,,9,,,9,2.9157,3.0321,2
33RO20100308, A13.5,47,1,12,11027,2,20100326,2010-03-26 3:09,309,-31,1.5643,4425,1798.7,1798.7,3.0264,34.7462,2,34.747,2,197,2,198,2,49.87,2,28.22,2,0,2,1.96,2,0.078,2,0.037,2,0,2,0.226,3,2221,2,2327.6,2,980.5,2,20,7.6375,2,25,38.6,2,29.29,2,,9,,9,,9,,9,,,9,2.8921,3.0244,2
33RO20100308, A13.5,47,1,11,11707,2,20100326,2010-03-26 3:09,309,-31,1.5643,4425,1998.9,1998.9,2.9026,34.7873,2,34.7883,2,206.8,2,207.7,2,49.63,2,26.97,2,0,2,1.87,2,0.049,2,0.024,2,0,2,0.168,3,2214.7,2,2329.3,2,932,2,20,7.6561,2,25,39.29,2,28.68,2,,9,,9,,9,,9,,,9,2.7521,2.9023,2
33RO20100308, A13.5,47,1,10,11003,2,20100326,2010-03-26 3:09,309,-31,1.5643,4425,2200.6,2200.6,2.7929,34.8104,2,34.8106,2,214.6,2,213.8,2,50.2,2,26.19,2,0,2,1.81,2,0.035,2,0.017,2,0,2,0.137,3,2211.8,2,2332.1,2,,9,,7.6677,2,25,38.42,2,28.19,2,,9,,9,,9,,9,,,9,2.6256,2.7927,2
33RO20100308, A13.5,47,1,9,11706,2,20100326,2010-03-26 3:09,309,-31,1.5643,4425,2399.5,2399.5,2.6229,34.8256,2,34.825,2,219.9,2,220.1,2,52.19,6,25.65,6,0,6,1.75,6,0.025,2,0.013,2,0,2,0.115,3,2210.5,2,2332.5,2,884.1,2,20,7.6779,2,25,39.76,2,27.43,2,,9,,9,,9,,9,,,9,2.4399,2.6225,2
33RO20100308, A13.5,47,1,8,11033,2,20100326,2010-03-26 3:09,309,-31,1.5643,4425,2599.6,2599.6,2.4968,34.838,2,34.837,2,224.5,2,224.9,2,53.56,2,25.04,2,0,2,1.73,2,0.02,2,0.011,2,0.042,2,0.106,3,2210,2,2338.4,2,,9,,7.6864,2,25,39.09,2,26.65,2,,9,,9,,9,,9,,,9,2.297,2.4964,2
33RO20100308, A13.5,47,1,7,11705,2,20100326,2010-03-26 3:09,309,-31,1.5643,4425,2799.3,2799.3,2.4367,34.8483,2,34.8477,2,228.2,2,228.6,6,53.31,2,24.71,2,0,2,1.69,2,0.012,2,0.007,2,0,2,0.078,3,2208.9,2,2339.6,2,844.6,2,20,7.6944,2,25,39.11,2,26.84,2,,9,,9,,9,,9,,,9,2.2186,2.4363,2
33RO20100308, A13.5,47,1,6,11029,2,20100326,2010-03-26 3:09,309,-31,1.5643,4425,2999.9,2999.9,2.3756,34.8566,2,34.8557,2,231.5,2,232.2,2,53.58,2,24.52,2,0,2,1.67,2,0.009,2,0.007,2,0,2,0.057,3,2207.8,2,2340.8,2,832.9,2,20,7.7022,2,25,38.93,2,26.03,2,,9,,9,,9,,9,,,9,2.1387,2.3752,2
33RO20100308, A13.5,47,1,5,11704,2,20100326,2010-03-26 3:09,309,-31,1.5643,4425,3299.9,3299.9,2.3182,34.8672,2,34.8661,2,233.5,2,233.8,2,53.71,2,23.96,2,0,2,1.64,2,0.003,2,0.004,2,0,2,0.034,3,2210.4,2,2344.2,2,815.9,2,20,7.7103,2,25,39.08,2,25.01,2,,9,,9,,9,,9,,,9,2.0517,2.3176,2
33RO20100308, A13.5,47,1,4,11030,2,20100326,2010-03-26 3:09,309,-31,1.5643,4425,3602.5,3602.5,2.281,34.8713,2,34.8705,2,232.3,2,232.4,2,54.94,2,23.86,2,0,2,1.64,2,0.004,2,0.004,2,0.012,2,0.026,3,2214.5,2,2353.7,2,,9,,7.714,2,25,38.99,2,25.72,2,,9,,9,,9,,9,,,9,1.9831,2.2804,2
33RO20100308, A13.5,47,1,3,11703,2,20100326,2010-03-26 3:09,309,-31,1.5643,4425,3900.5,3900.5,2.092,34.8462,2,34.8457,2,229.8,2,229.2,2,64.24,6,25.04,6,0,6,1.72,6,0.013,6,0.009,6,0.02,6,0.055,3,2221.4,2,2355.3,2,840.4,2,20,7.7004,2,25,38.87,2,26.49,2,,9,,9,,9,,9,,,9,1.7665,2.0913,2
33RO20100308, A13.5,47,1,2,11702,2,20100326,2010-03-26 3:09,309,-31,1.5643,4425,4200.6,4200.6,1.3884,34.767,2,34.7655,2,219.6,2,220.2,2,94.41,6,28.85,6,0,6,2,6,0.048,2,0.023,2,0,2,0.166,3,2245.7,2,2361.7,2,942.7,2,20,7.6566,2,25,38.28,2,29.91,2,,9,,9,,9,,9,,,9,1.0501,1.3874,2
33RO20100308, A13.5,47,1,1,11701,2,20100326,2010-03-26 3:09,309,-31,1.5643,4425,4491.7,4491.7,1.1843,34.7436,2,34.7429,2,219.3,2,217.9,2,103.74,6,29.98,6,0,6,2.08,6,0.063,2,0.031,2,0,2,0.206,3,2253.9,6,2364.8,2,973.8,2,20,7.6457,2,25,37.89,2,31.58,2,,9,,9,,9,,9,,,9,0.8196,1.1839,2
33RO20100308, A13.5,48,1,24,11714,2,20100326,2010-03-26 9:18,918,-30.5015,1.6967,4148,5.4,5.4,21.403,35.7962,2,35.7992,2,222.1,2,223.1,2,1.76,2,0.01,2,0,2,0.11,2,1.994,2,1.261,2,1.174,2,,5,2058.7,6,2350.4,6,355.8,2,20,8.0243,2,25,,9,,9,,9,,9,,9,,9,,,9,21.4019,21.4065,2
33RO20100308, A13.5,48,1,23,11713,2,20100326,2010-03-26 9:18,918,-30.5015,1.6967,4148,29.3,29.3,21.2578,35.7816,2,35.7815,2,222.7,2,223.9,2,1.79,2,0.02,2,0,2,0.11,2,,9,,9,,9,,9,2057.6,2,2350.8,2,353.4,6,20,8.0252,2,25,,9,,9,,9,,9,,9,,9,,,9,21.2521,21.2569,2
33RO20100308, A13.5,48,1,22,11712,2,20100326,2010-03-26 9:18,918,-30.5015,1.6967,4148,89.9,89.9,16.8705,35.558,2,35.5587,2,221.1,2,221.6,2,3.38,2,2.73,2,0.08,2,0.34,2,2.392,2,1.487,2,1.294,2,,5,2079.4,2,2333.3,2,420.6,2,20,7.9603,2,25,,9,,9,,9,,9,,9,,9,,,9,16.8557,16.8725,2
33RO20100308, A13.5,48,1,21,11010,2,20100326,2010-03-26 9:18,918,-30.5015,1.6967,4148,150.9,150.9,15.2821,35.4469,2,35.4487,2,219,2,216.3,2,3.65,2,5.3,2,0.01,2,0.5,2,,9,,9,,9,,9,2098.2,2,2329.4,2,473.2,2,20,7.9175,2,25,,9,,9,,9,,9,,9,,9,,,9,15.2589,15.2858,2
33RO20100308, A13.5,48,1,20,11715,2,20100326,2010-03-26 9:18,918,-30.5015,1.6967,4148,225.8,225.8,14.1781,35.2969,2,35.2979,2,220.1,2,220,2,3.48,2,6.63,2,0.01,2,0.59,2,2.691,6,1.645,6,1.319,6,,5,2103.9,2,2322.6,2,507.4,2,20,7.891,2,25,,9,,9,,9,,9,,9,,9,,,9,14.1451,14.1775,2
33RO20100308, A13.5,48,1,19,11007,2,20100326,2010-03-26 9:18,918,-30.5015,1.6967,4148,299.8,299.8,12.842,35.1464,2,35.1483,2,219.3,2,218,2,3.94,2,9.55,2,0,2,0.77,2,2.872,2,1.724,2,1.28,2,,5,2117.8,2,2314,2,564.9,2,20,7.8526,2,25,,9,,9,,9,,9,,9,,9,,,9,12.8009,12.8387,2
33RO20100308, A13.5,48,1,18,11710,2,20100326,2010-03-26 9:18,918,-30.5015,1.6967,4148,401.3,401.3,10.9933,34.9127,2,34.9138,2,205.8,2,206.9,2,6.3,2,15.09,2,0,2,1.11,2,3.076,2,1.747,2,1.082,2,1.749,3,2137.5,2,2303.5,2,668.2,2,20,7.7861,2,25,,9,,9,,9,,9,,9,,9,,,9,10.9434,10.9925,2
33RO20100308, A13.5,48,1,17,11025,2,20100326,2010-03-26 9:18,918,-30.5015,1.6967,4148,500.4,500.4,9.2011,34.6967,2,34.6989,2,198.8,2,207,4,9.47,2,19.24,2,0,2,1.38,2,3.008,2,1.693,2,0.962,2,,5,2150,2,2290.1,2,749.1,2,20,7.7396,2,25,,9,,9,,9,,9,,9,,9,,,9,9.1453,9.2027,2
33RO20100308, A13.5,48,1,16,11709,2,20100326,2010-03-26 9:18,918,-30.5015,1.6967,4148,600,600,7.5255,34.522,2,34.5222,2,204.1,2,202.5,6,14.07,2,23.91,2,0,2,1.69,2,3.004,2,1.611,2,0.825,2,2.938,3,2165.3,2,2290.1,2,856.8,2,20,7.686,2,25,,9,,9,,9,,9,,9,,9,,,9,7.4657,7.5245,2
33RO20100308, A13.5,48,1,15,11006,2,20100326,2010-03-26 9:18,918,-30.5015,1.6967,4148,700.7,700.7,5.7923,34.3792,2,34.3786,2,209.1,2,207.6,2,19.62,2,27.6,2,0,2,1.93,2,2.823,2,1.512,2,0.727,2,,5,2180.1,2,2288.5,2,943.6,6,20,7.6491,2,25,,9,,9,,9,,9,,9,,9,,,9,5.7313,5.7905,2
33RO20100308, A13.5,48,1,14,11708,2,20100326,2010-03-26 9:18,918,-30.5015,1.6967,4148,849.5,849.5,4.4533,34.327,2,34.3271,2,213.8,2,212,2,28.92,2,29.82,2,0,2,2.1,2,2.489,2,1.27,2,0.517,2,3.6,3,2191.3,2,2294.9,2,986.9,2,20,7.6293,2,25,,9,,9,,9,,9,,9,,9,,,9,4.3873,4.4527,2
33RO20100308, A13.5,48,1,13,11031,2,20100326,2010-03-26 9:18,918,-30.5015,1.6967,4148,1050.3,1050.3,3.6243,34.4081,2,34.4081,2,189.1,2,189.8,2,45.63,2,32.4,2,0,2,2.29,2,1.311,2,0.65,2,0.263,2,,5,2219.7,2,2311.3,2,1089.5,2,20,7.5914,2,25,,9,,9,,9,,9,,9,,9,,,9,3.5476,3.6241,2
33RO20100308, A13.5,48,1,12,11027,2,20100326,2010-03-26 9:18,918,-30.5015,1.6967,4148,1250.8,1250.8,3.1738,34.5588,2,34.5593,2,177.8,2,177.6,2,55.9,2,32.37,2,0,2,2.29,2,,9,,9,,9,,9,2234.3,6,2323.8,2,1110.5,2,20,7.586,2,25,,9,,9,,9,,9,,9,,9,,,9,3.0846,3.1734,2
33RO20100308, A13.5,48,1,11,11707,2,20100326,2010-03-26 9:18,918,-30.5015,1.6967,4148,1450.7,1450.7,3.06,34.6683,2,34.6684,2,185.5,2,185.5,2,54.42,2,30.64,2,0,2,2.14,2,0.16,2,0.08,2,0,2,,5,2226.8,2,2328.2,2,1046.8,2,20,7.6095,2,25,,9,,9,,9,,9,,9,,9,,,9,2.9553,3.0599,2
33RO20100308, A13.5,48,1,10,11003,2,20100326,2010-03-26 9:18,918,-30.5015,1.6967,4148,1649.5,1649.5,3.0066,34.7278,2,34.7283,2,194.4,2,194.6,2,52.37,2,28.85,2,0,2,2.02,2,,9,,9,,9,,9,2221.9,2,2329.2,2,994.7,2,20,7.6295,2,25,,9,,9,,9,,9,,9,,9,,,9,2.8856,3.0069,2
33RO20100308, A13.5,48,1,9,11706,2,20100326,2010-03-26 9:18,918,-30.5015,1.6967,4148,1901.2,1901.2,2.9759,34.7882,2,34.7884,2,205.8,2,205.9,2,48.94,2,27,2,0,2,1.88,2,0.049,2,0.025,2,0.06,2,,5,2213.1,2,2329.7,2,936.2,2,20,7.6558,2,25,,9,,9,,9,,9,,9,,9,,,9,2.8331,2.9761,2
33RO20100308, A13.5,48,1,8,11033,2,20100326,2010-03-26 9:18,918,-30.5015,1.6967,4148,2199.7,2199.7,2.7465,34.8182,2,34.8183,2,215.9,2,215.6,6,51.2,2,25.96,2,0,2,1.8,2,,9,,9,,9,,9,2210.3,2,2332.8,2,899.1,2,20,7.6725,2,25,,9,,9,,9,,9,,9,,9,,,9,2.58,2.7458,2
33RO20100308, A13.5,48,1,7,11705,2,20100326,2010-03-26 9:18,918,-30.5015,1.6967,4148,2500.9,2500.9,2.5402,34.8377,2,34.8377,2,224.1,2,223.6,2,53.4,2,25.1,2,0,2,1.74,2,0.016,2,0.01,2,0,2,,5,2209.1,2,2335.6,2,868.5,2,20,7.6858,2,25,,9,,9,,9,,9,,9,,9,,,9,2.349,2.5396,2
33RO20100308, A13.5,48,1,6,11029,2,20100326,2010-03-26 9:18,918,-30.5015,1.6967,4148,2799.9,2799.9,2.3965,34.8529,2,34.8548,2,229.5,2,230,2,54.41,2,24.49,2,0,2,1.7,2,,9,,9,,9,,9,2208,2,2339.3,2,838.3,2,20,7.6987,2,25,,9,,9,,9,,9,,9,,9,,,9,2.1791,2.3962,2
33RO20100308, A13.5,48,1,5,11704,2,20100326,2010-03-26 9:18,918,-30.5015,1.6967,4148,3101.2,3101.2,2.3181,34.864,2,34.8642,2,233.3,2,232.9,2,54.74,6,24.13,6,0,6,1.65,6,0.004,2,0.004,2,0,2,,5,2208.6,2,2344.3,2,819.2,2,20,7.7083,2,25,,9,,9,,9,,9,,9,,9,,,9,2.0722,2.3174,2
33RO20100308, A13.5,48,1,4,11030,2,20100326,2010-03-26 9:18,918,-30.5015,1.6967,4148,3400.7,3400.7,2.2676,34.867,2,34.8665,2,232.8,2,232.1,2,56.35,6,24.09,6,0,6,1.65,6,,9,,9,,9,,9,2211.3,2,2349.1,2,813.5,2,20,7.7113,2,25,,9,,9,,9,,9,,9,,9,,,9,1.9917,2.267,2
33RO20100308, A13.5,48,1,3,11703,2,20100326,2010-03-26 9:18,918,-30.5015,1.6967,4148,3700.4,3700.4,2.2431,34.8656,2,34.8654,2,232.3,2,231.5,2,58.1,6,24.21,6,0,6,1.67,6,0.009,2,0.006,2,0,2,0.039,3,2216,2,2351.5,2,814.3,2,20,7.7101,2,25,,9,,9,,9,,9,,9,,9,,,9,1.9356,2.2429,2
33RO20100308, A13.5,48,1,2,11702,2,20100326,2010-03-26 9:18,918,-30.5015,1.6967,4148,4000.8,4000.8,1.8961,34.8233,2,34.824,2,226.7,2,226.2,2,73.85,6,26.24,6,0,6,1.82,6,,9,,9,,9,,9,2228.4,2,2357.2,2,868.7,2,20,7.6874,2,25,,9,,9,,9,,9,,9,,9,,,9,1.565,1.8964,2
33RO20100308, A13.5,48,1,1,11701,2,20100326,2010-03-26 9:18,918,-30.5015,1.6967,4148,4198.5,4198.5,1.4485,34.7737,2,34.7732,2,221.8,2,219.8,2,92.79,6,28.6,6,0,6,2,6,0.044,2,0.022,2,0,2,,5,2243.4,6,2361.9,6,932.6,2,20,7.6599,2,25,,9,,9,,9,,9,,9,,9,,,9,1.1086,1.4471,2
33RO20100308, A13.5,49,1,24,11714,2,20100326,2010-03-26 15:45,1545,-29.9998,1.833,3615,5.7,5.7,22.4952,35.8808,2,35.8777,2,219.6,2,220.1,2,1.49,2,0.01,2,0,2,0.15,2,1.977,2,1.228,2,1.189,2,2.813,3,2070,6,2357.6,2,360,2,20,8.0212,2,25,68.99,2,5.33,2,,1,,1,,9,53.3,2,3.1,1.4,2,22.4941,22.4847,2
33RO20100308, A13.5,49,1,23,11713,2,20100326,2010-03-26 15:45,1545,-29.9998,1.833,3615,25,25,22.0854,35.8679,2,35.8671,2,220,2,220.4,2,1.47,2,0.01,2,0,2,0.15,2,1.978,2,1.225,2,1.173,2,2.733,3,2067,2,2358.7,2,359.1,6,20,8.0213,2,25,68.9,2,5.6,2,,1,,1,,9,43.7,2,3,1.39,2,22.0804,22.0909,2
33RO20100308, A13.5,49,1,22,11712,2,20100326,2010-03-26 15:45,1545,-29.9998,1.833,3615,50.1,50.1,22.0474,35.8637,2,35.8433,2,219.9,2,221.8,2,1.51,2,0.03,2,0,2,0.16,2,1.998,6,1.24,6,1.174,6,2.668,3,2066.2,2,2356.4,6,359.2,2,20,8.0191,2,25,64.99,2,4.95,2,,1,,1,,9,42.8,2,3.8,1.34,2,22.0374,22.0516,2
33RO20100308, A13.5,49,1,21,11010,2,20100326,2010-03-26 15:45,1545,-29.9998,1.833,3615,100.7,100.7,16.3731,35.4983,2,,9,236.5,2,235.4,2,2.32,2,1.25,2,0.13,2,0.31,2,2.556,2,1.559,2,1.375,2,1.987,3,2079.3,2,2334.2,6,420.5,2,20,7.9611,2,25,,9,,9,,1,,1,,9,51.4,2,2.9,1.11,2,16.3569,16.3761,2
33RO20100308, A13.5,49,1,20,11715,2,20100326,2010-03-26 15:45,1545,-29.9998,1.833,3615,200.1,200.1,13.6702,35.2282,2,35.2245,2,212.2,2,214.3,2,3.64,2,8.53,2,0.01,2,0.72,2,2.837,2,1.683,2,1.309,2,1.439,3,2113.4,2,2318.4,2,538,2,20,7.867,2,25,51.4,2,11.7,2,,1,,1,,9,51.3,2,2.9,0.95,2,13.6417,13.6689,2
33RO20100308, A13.5,49,1,19,11007,2,20100326,2010-03-26 15:45,1545,-29.9998,1.833,3615,299.5,299.5,11.3087,34.9499,2,34.9458,2,210.5,2,209.2,2,5.65,2,14.17,2,0,2,1.06,2,3.089,2,1.756,2,1.123,2,1.633,3,2132.9,2,2305.6,2,644.2,2,20,7.7961,2,25,46.02,2,16.4,2,,1,,1,,9,45.2,2,3,0.99,2,11.271,11.3071,2
33RO20100308, A13.5,49,1,18,11710,2,20100326,2010-03-26 15:45,1545,-29.9998,1.833,3615,399,399,9.705,34.7554,2,34.7549,2,196.7,2,195.9,2,9.32,2,19.09,2,0,2,1.39,2,3.071,2,1.706,2,0.99,2,1.829,3,2153.9,2,2297.7,2,758.3,2,20,7.7304,2,25,44.61,2,21.48,2,,1,,1,,9,30.3,2,3.4,0.92,2,9.6592,9.7059,2
33RO20100308, A13.5,49,1,17,11025,2,20100326,2010-03-26 15:45,1545,-29.9998,1.833,3615,498.8,498.8,8.4728,34.6286,2,34.63,2,186.4,2,185.3,2,12.59,2,23.27,2,0,2,1.65,2,2.861,2,1.545,2,0.739,2,1.951,3,2168.6,2,2294.1,2,861.3,2,20,7.6821,2,25,43.16,2,25.05,2,,1,,1,,9,8.6,2,2.9,0.89,2,8.4199,8.472,2
33RO20100308, A13.5,49,1,16,11709,2,20100326,2010-03-26 15:45,1545,-29.9998,1.833,3615,599.9,599.9,6.2381,34.4041,2,,9,212,2,211.8,6,16.5,2,26.37,2,0,2,1.85,2,3.051,2,1.62,2,0.798,2,2.935,3,2170.4,2,2288.5,2,899.7,2,20,7.6662,2,25,41.5,2,28.05,2,,1,,1,,9,-15.7,2,2.6,1.1,2,6.1843,6.2367,2
33RO20100308, A13.5,49,1,15,11006,2,20100326,2010-03-26 15:45,1545,-29.9998,1.833,3615,699.4,699.4,5.2127,34.3397,2,34.339,2,215.2,2,214.5,2,21.23,2,28.44,2,0,2,1.99,2,2.871,2,1.494,2,0.695,2,3.393,3,2179.2,2,2289.3,2,946.9,2,20,7.6464,2,25,41.29,2,29.71,2,,1,,1,,9,-39.3,2,2.6,1.04,2,5.155,5.212,2
33RO20100308, A13.5,49,1,14,11708,2,20100326,2010-03-26 15:45,1545,-29.9998,1.833,3615,799.7,799.7,4.3197,34.317,2,,9,214.5,2,214.1,2,28.21,2,30.15,2,0,2,2.11,2,2.499,2,1.266,2,0.553,2,3.081,3,2192,2,2294.9,2,987.3,2,20,7.629,2,25,39.69,2,31.23,2,,1,,1,,9,-60.8,2,3.2,1.02,2,4.2587,4.3259,2
33RO20100308, A13.5,49,1,13,11031,2,20100326,2010-03-26 15:45,1545,-29.9998,1.833,3615,900.5,900.5,3.9103,34.3623,2,34.3624,2,199.9,2,199,2,37.25,2,31.67,2,0,2,2.22,2,1.821,2,0.898,2,0.355,2,2.454,3,2209.7,2,2303.4,2,1053.8,2,20,7.605,2,25,39.21,2,32.77,2,,1,,1,,9,-81,2,2.8,0.88,2,3.8437,3.91,2
33RO20100308, A13.5,49,1,12,11027,2,20100326,2010-03-26 15:45,1545,-29.9998,1.833,3615,1099.9,1099.9,3.2794,34.4912,2,34.4923,2,180.9,2,180.8,2,52.44,2,32.9,2,0,2,2.32,2,0.692,2,0.337,2,0.108,2,1.155,3,2235,2,2319.4,2,1126.9,2,20,7.5828,2,25,39.39,2,34.43,2,,1,,1,,9,-119.2,2,2.4,0.68,2,3.2015,3.2787,2
33RO20100308, A13.5,49,1,11,11707,2,20100326,2010-03-26 15:45,1545,-29.9998,1.833,3615,1300,1300,3.1152,34.6239,2,34.6247,2,182.7,2,182.4,2,53.68,2,31.28,2,0,2,2.2,2,0.234,2,0.114,2,0,2,0.493,3,2232.5,6,2325.5,2,1076,2,20,7.5998,2,25,38.85,2,32.9,2,,1,,1,,9,-122.7,2,3.1,0.73,2,3.0225,3.1152,2
33RO20100308, A13.5,49,1,10,11003,2,20100326,2010-03-26 15:45,1545,-29.9998,1.833,3615,1500,1500,3.107,34.7386,2,34.7374,2,195.4,2,195.6,2,48.32,2,28.56,2,0,2,2,2,0.075,2,0.036,2,0,2,0.193,3,2224.4,2,2327.7,6,983.6,2,20,7.6347,2,25,39.13,2,30.62,2,,1,,1,,9,-120.1,2,2.8,0.84,2,2.9975,3.1063,2
33RO20100308, A13.5,49,1,9,11706,2,20100326,2010-03-26 15:45,1545,-29.9998,1.833,3615,1700,1700,2.9735,34.7911,2,34.7919,2,205.4,2,206.5,6,47.49,2,26.98,2,0,2,1.88,2,0.048,2,0.024,2,0,2,0.137,3,2216,2,2329.6,2,928.6,2,20,7.656,2,25,39.6,2,28.54,2,,1,,1,,9,-121.4,2,2.4,0.8,2,2.8484,2.9747,2
33RO20100308, A13.5,49,1,8,11033,2,20100326,2010-03-26 15:45,1545,-29.9998,1.833,3615,1900.6,1900.6,2.8378,34.8143,2,34.815,2,211.4,2,214.1,2,48.57,2,26.16,2,0,2,1.82,2,0.037,2,0.018,2,0,2,0.117,3,2212.1,2,2331,2,902.6,2,20,7.6683,2,25,39.16,2,27.97,2,,1,,1,,9,-120.9,2,2.4,0.84,2,2.6969,2.8352,2
33RO20100308, A13.5,49,1,7,11705,2,20100326,2010-03-26 15:45,1545,-29.9998,1.833,3615,2099.9,2099.9,2.6999,34.8323,2,34.8319,2,219.6,2,219.8,2,49.68,2,25.49,2,0,2,1.77,2,0.023,6,0.011,6,0.009,6,0.085,3,2208.1,2,2334.2,2,880.1,2,20,7.68,2,25,39.39,2,27.5,2,,9,,1,,9,-117.1,2,2.4,0.95,2,2.5432,2.6996,2
33RO20100308, A13.5,49,1,6,11029,2,20100326,2010-03-26 15:45,1545,-29.9998,1.833,3615,2399.3,2399.3,2.5314,34.8432,2,34.8442,2,224.9,2,225.2,2,51.93,2,24.96,2,0,2,1.73,2,0.016,2,0.008,2,0,2,0.069,3,2208.6,2,2337,2,860.2,2,20,7.6882,2,25,38.97,2,26.93,2,,1,,1,,9,-115.3,2,2.4,0.84,2,2.3499,2.531,2
33RO20100308, A13.5,49,1,5,11704,2,20100326,2010-03-26 15:45,1545,-29.9998,1.833,3615,2699.1,2699.1,2.4378,34.8526,2,34.8524,2,228.5,2,228.1,2,53,6,24.49,6,0,6,1.69,6,0.011,2,0.006,2,0,2,0.051,3,2207.8,2,2341,2,850,6,20,7.6965,2,25,39.12,2,26.07,2,,9,,1,,9,-114.7,2,2.5,0.87,2,2.2295,2.4374,2
33RO20100308, A13.5,49,1,4,11030,2,20100326,2010-03-26 15:45,1545,-29.9998,1.833,3615,2999.3,2999.3,2.3492,34.862,2,34.8612,2,232.4,2,232.2,2,53.48,6,24.04,6,0,6,1.66,6,0.015,2,0.009,2,0,2,0.049,3,2207.4,2,2344.7,2,824.4,2,20,7.705,2,25,38.85,2,25.57,2,,1,,1,,9,-118.9,2,2.4,0.89,2,2.1129,2.3491,2
33RO20100308, A13.5,49,1,3,11703,2,20100326,2010-03-26 15:45,1545,-29.9998,1.833,3615,3299.1,3299.1,2.3072,34.8706,2,34.8719,2,233.4,2,232.7,2,53.86,6,23.78,6,0,6,1.64,6,0.008,2,0.005,2,0,2,0.029,3,2210.4,2,2346.6,2,812,2,20,7.7134,2,25,39.21,2,25.65,2,,9,,1,,9,-122.5,2,2.5,0.88,2,2.041,2.3063,2
33RO20100308, A13.5,49,1,2,11702,2,20100326,2010-03-26 15:45,1545,-29.9998,1.833,3615,3499.4,3499.4,2.2932,34.876,2,34.8757,2,232.8,2,232.2,2,54.14,6,23.68,6,0,6,1.63,6,0,2,0.003,2,0,2,0.016,3,2212.7,2,2354.3,6,803.8,2,20,7.7169,2,25,39.51,2,25.42,2,,1,,1,,9,-119.8,2,2.5,0.89,2,2.0061,2.2925,2
33RO20100308, A13.5,49,1,1,11701,2,20100326,2010-03-26 15:45,1545,-29.9998,1.833,3615,3657.9,3657.9,2.2917,34.8799,2,34.8805,2,232.1,2,232.1,2,54.2,6,23.61,6,0,6,1.63,6,0,2,0.003,2,0,2,0.011,3,2218,6,2358.1,2,800.4,2,20,7.719,2,25,39.56,2,25.81,2,,1,,1,,9,-119.5,2,2.4,0.85,2,1.9875,2.291,2
33RO20100308, A13.5,50,1,24,11714,2,20100326,2010-03-26 21:16,2116,-29.4998,1.8083,3506,5.8,5.8,21.9099,35.853,2,35.855,2,221.2,2,221.5,2,1.54,2,0.02,2,0,2,0.15,2,1.988,6,1.239,6,1.214,6,2.607,3,2062.4,6,2355.1,6,361.7,2,20,8.0194,2,25,,9,,9,,9,,9,,9,,9,,,9,21.9088,21.9083,2
33RO20100308, A13.5,50,1,23,11713,2,20100326,2010-03-26 21:16,2116,-29.4998,1.8083,3506,30.4,30.4,21.8796,35.8564,2,35.8593,2,221.1,2,222.8,2,1.54,2,0.02,2,0,2,0.15,2,2,2,1.251,2,1.36,2,2.613,3,2063,2,2358.9,2,360.5,6,20,8.0184,2,25,,9,,9,,9,,9,,9,,9,,,9,21.8736,21.8823,2
33RO20100308, A13.5,50,1,22,11712,2,20100326,2010-03-26 21:16,2116,-29.4998,1.8083,3506,75.1,75.1,17.4165,35.6041,2,35.6063,2,248.6,2,244,2,2.08,2,0.13,2,0.01,2,0.22,2,1.523,4,0.748,4,0.616,4,1.541,4,2056.4,2,2341,2,395.1,2,20,7.984,2,25,,9,,9,,9,,9,,9,,9,,,9,17.4039,17.4361,2
33RO20100308, A13.5,50,1,21,11010,2,20100326,2010-03-26 21:16,2116,-29.4998,1.8083,3506,99.9,99.9,16.4186,35.5963,2,35.5946,2,235.6,2,227.8,2,2.67,2,2.26,2,0.09,2,0.33,2,,9,,9,,9,,9,2087.8,2,2338.1,2,425.7,2,20,7.9581,2,25,,9,,9,,9,,9,,9,,9,,,9,16.4025,16.4158,2
33RO20100308, A13.5,50,1,20,11715,2,20100326,2010-03-26 21:16,2116,-29.4998,1.8083,3506,150,150,15.6216,35.5272,2,35.5301,2,223.1,2,223.7,2,2.87,2,4.1,2,0.01,2,0.42,2,2.554,2,1.551,2,1.307,2,1.408,3,2087.5,2,2331.3,2,450.8,2,20,7.9368,2,25,,9,,9,,9,,9,,9,,9,,,9,15.5982,15.636,2
33RO20100308, A13.5,50,1,19,11007,2,20100326,2010-03-26 21:16,2116,-29.4998,1.8083,3506,200.6,200.6,14.1543,35.3112,2,35.3045,2,214.2,2,214.4,2,3.2,2,7.36,2,0,2,0.63,2,2.762,2,1.651,2,1.278,2,1.273,3,2105.9,2,2323.6,2,523.6,2,20,7.8812,2,25,,9,,9,,9,,9,,9,,9,,,9,14.125,14.15,2
33RO20100308, A13.5,50,1,18,11710,2,20100326,2010-03-26 21:16,2116,-29.4998,1.8083,3506,250.7,250.7,13.1801,35.1915,2,35.1892,2,214.9,2,217,2,3.66,2,9.18,2,0.01,2,0.74,2,2.899,2,1.712,2,1.291,2,1.342,3,2111.5,2,2316.1,2,556.8,2,20,7.8574,2,25,,9,,9,,9,,9,,9,,9,,,9,13.1452,13.1831,2
33RO20100308, A13.5,50,1,17,11025,4,20100326,2010-03-26 21:16,2116,-29.4998,1.8083,3506,300.8,300.8,12.3869,35.0922,4,35.2241,4,216,4,422.1,4,5.77,4,9.82,4,0.02,4,0.8,4,,9,,9,,9,,9,2119.8,4,2311.8,2,572.1,4,20,7.8471,2,25,,9,,9,,9,,9,,9,,9,,,9,12.3466,12.3741,2
33RO20100308, A13.5,50,1,16,11709,2,20100326,2010-03-26 21:16,2116,-29.4998,1.8083,3506,400.2,400.2,10.8629,34.8956,2,34.895,2,214.9,2,214.4,2,5.69,2,14.67,2,0,2,1.08,2,3.11,2,1.759,2,1.117,2,1.648,3,,9,2300.5,2,647.6,2,20,7.7947,2,25,,9,,9,,9,,9,,9,,9,,,9,10.8135,10.8741,2
33RO20100308, A13.5,50,1,15,11006,2,20100326,2010-03-26 21:16,2116,-29.4998,1.8083,3506,550.2,550.2,8.021,34.567,2,34.566,2,205,2,205.6,2,11.55,2,22.5,2,0,2,1.58,2,,9,,9,,9,,9,2153.8,2,2287.8,2,811.8,6,20,7.7027,2,25,,9,,9,,9,,9,,9,,9,,,9,7.9643,8.02,2
33RO20100308, A13.5,50,1,14,11708,2,20100326,2010-03-26 21:16,2116,-29.4998,1.8083,3506,700,700,5.1963,34.3095,2,34.3073,2,226,2,224.7,2,18.45,2,27.68,2,0,2,1.92,2,3.201,2,1.672,2,0.818,2,3.624,3,2169,2,2279.8,2,905.4,2,20,7.6567,2,25,,9,,9,,9,,9,,9,,9,,,9,5.1387,5.1999,2
33RO20100308, A13.5,50,1,13,11031,2,20100326,2010-03-26 21:16,2116,-29.4998,1.8083,3506,849.6,849.6,4.1535,34.3392,2,34.3387,2,204.7,2,206.6,2,32.33,2,30.95,2,0,2,2.15,2,,9,,9,,9,,9,2193.9,2,2299.3,2,1013.2,2,20,7.6166,2,25,,9,,9,,9,,9,,9,,9,,,9,4.0894,4.1528,2
33RO20100308, A13.5,50,1,12,11027,2,20100326,2010-03-26 21:16,2116,-29.4998,1.8083,3506,1001.3,1001.3,3.6214,34.4318,2,34.4316,2,183.8,2,184.2,2,45.59,2,32.75,2,0,2,2.29,2,1.094,2,0.529,2,0.167,2,1.715,3,2217.2,2,2311.7,2,1102.2,2,20,7.5861,2,25,,9,,9,,9,,9,,9,,9,,,9,3.5487,3.6183,2
33RO20100308, A13.5,50,1,11,11707,2,20100326,2010-03-26 21:16,2116,-29.4998,1.8083,3506,1199.9,1199.9,3.2344,34.5427,2,34.5432,2,178.3,2,178.2,2,53.23,2,32.48,2,0,2,2.27,2,,9,,9,,9,,9,2226.2,6,2322,2,1111.5,2,20,7.5842,2,25,,9,,9,,9,,9,,9,,9,,,9,3.1488,3.234,2
33RO20100308, A13.5,50,1,10,11003,2,20100326,2010-03-26 21:16,2116,-29.4998,1.8083,3506,1400,1400,3.1119,34.6672,2,34.6681,2,186,2,186.7,6,51.82,2,30.29,2,0,2,2.11,2,0.158,2,0.076,2,0,2,0.364,3,2222.3,2,2324.1,2,1042.9,2,20,7.6107,2,25,,9,,9,,9,,9,,9,,9,,,9,3.0109,3.1112,2
33RO20100308, A13.5,50,1,9,11706,2,20100326,2010-03-26 21:16,2116,-29.4998,1.8083,3506,1600.7,1600.7,3.0653,34.7504,2,34.75,2,199,2,198.5,2,48.45,2,28.25,2,0,2,1.95,2,,9,,9,,9,,9,2212.6,2,2325.7,2,975.4,2,20,7.6386,2,25,,9,,9,,9,,9,,9,,9,,,9,2.9477,3.0644,2
33RO20100308, A13.5,50,1,8,11033,2,20100326,2010-03-26 21:16,2116,-29.4998,1.8083,3506,1800.7,1800.7,2.9269,34.7901,2,34.7895,2,207.9,2,207.6,2,48.52,2,26.86,2,0,2,1.86,2,0.049,2,0.024,2,0,2,0.15,3,2208.4,2,2329.2,2,935.8,2,20,7.6563,2,25,,9,,9,,9,,9,,9,,9,,,9,2.7937,2.9275,2
33RO20100308, A13.5,50,1,7,11705,2,20100326,2010-03-26 21:16,2116,-29.4998,1.8083,3506,1999.6,1999.6,2.8351,34.8187,2,34.8188,2,214.8,2,214.5,2,48.18,2,25.88,2,0,2,1.79,2,,9,,9,,9,,9,2203.2,2,2333.3,2,906,2,20,7.6701,2,25,,9,,9,,9,,9,,9,,9,,,9,2.6854,2.8342,2
33RO20100308, A13.5,50,1,6,11029,2,20100326,2010-03-26 21:16,2116,-29.4998,1.8083,3506,2296.3,2296.3,2.5865,34.8324,2,34.8325,2,221.8,2,222.3,2,51.8,2,25.32,2,0,2,1.74,2,0.021,2,0.01,2,0,2,0.091,3,2203.5,2,2334,2,875,2,20,7.6819,2,25,,9,,9,,9,,9,,9,,9,,,9,2.4137,2.5861,2
33RO20100308, A13.5,50,1,5,11704,2,20100326,2010-03-26 21:16,2116,-29.4998,1.8083,3506,2600.7,2600.7,2.4189,34.8501,2,34.8496,2,229.1,2,228.9,2,53.03,2,24.5,2,0,2,1.69,2,,9,,9,,9,,9,2202.4,2,2340.2,2,844.3,2,20,7.6958,2,25,,9,,9,,9,,9,,9,,9,,,9,2.2204,2.4185,2
33RO20100308, A13.5,50,1,4,11030,2,20100326,2010-03-26 21:16,2116,-29.4998,1.8083,3506,2900.9,2900.9,2.3274,34.8617,2,34.861,2,231.9,2,231.7,2,53.6,6,24.03,6,0,6,1.65,6,,5,,5,,5,,5,2203.5,2,2341.9,2,824.1,2,20,7.7057,2,25,,9,,9,,9,,9,,9,,9,,,9,2.1014,2.327,2
33RO20100308, A13.5,50,1,3,11703,2,20100326,2010-03-26 21:16,2116,-29.4998,1.8083,3506,3200.2,3200.2,2.294,34.871,2,34.871,2,232.8,2,232.6,2,53.77,6,23.75,6,0,6,1.63,6,,9,,9,,9,,9,2207,2,2348.3,2,812,2,20,7.7132,2,25,,9,,9,,9,,9,,9,,9,,,9,2.0384,2.2935,2
33RO20100308, A13.5,50,1,2,11702,2,20100326,2010-03-26 21:16,2116,-29.4998,1.8083,3506,3399,3399,2.2877,34.8763,2,34.876,2,232.6,2,232.4,2,53.72,6,23.66,6,0,6,1.62,6,,5,,5,,5,,5,2209.6,2,2350.4,2,804.2,2,20,7.7165,2,25,,9,,9,,9,,9,,9,,9,,,9,2.0115,2.2871,2
33RO20100308, A13.5,50,1,1,11701,2,20100326,2010-03-26 21:16,2116,-29.4998,1.8083,3506,3537.4,3537.4,2.2899,34.8798,2,34.88,2,232.9,2,231.6,2,53.65,6,23.56,6,0,6,1.61,6,0.005,2,0.004,2,0.018,2,0.013,3,2211.7,6,2357.2,6,803.5,2,20,7.7191,2,25,,9,,9,,9,,9,,9,,9,,,9,1.9988,2.2893,2
33RO20100308, A13.5,51,1,24,11714,2,20100327,2010-03-27 2:36,236,-28.9998,1.7832,3632,5.6,5.6,22.0411,35.9022,2,35.9033,2,219.1,2,220.4,2,1.63,2,0.01,2,0,2,0.14,2,1.972,2,1.229,2,1.188,2,2.539,3,2072.3,6,2358.6,6,360.8,2,20,8.019,2,25,61.85,2,3.46,2,,9,,9,,9,,9,,,9,22.04,22.0393,2
33RO20100308, A13.5,51,1,23,11713,2,20100327,2010-03-27 2:36,236,-28.9998,1.7832,3632,49.1,49.1,19.3696,35.6914,2,35.6936,2,245.3,2,244.9,2,1.78,2,0.02,2,0,2,0.16,2,2.338,2,1.438,2,1.332,2,2.167,3,2068.7,2,2346.9,2,373.9,2,20,8.0036,2,25,61.94,2,4.48,2,,9,,9,,9,,9,,,9,19.3607,19.3796,3
33RO20100308, A13.5,51,1,22,11712,2,20100327,2010-03-27 2:36,236,-28.9998,1.7832,3632,100.3,100.3,16.3331,35.5538,2,35.5556,2,235.3,2,233.9,2,2.11,2,1.71,2,0.13,2,0.31,2,2.54,6,1.546,6,1.392,6,1.719,3,2087.8,2,2332.1,2,,9,,7.9549,2,25,54.2,2,5.26,2,,9,,9,,9,,9,,,9,16.317,16.3326,2
33RO20100308, A13.5,51,1,21,11010,2,20100327,2010-03-27 2:36,236,-28.9998,1.7832,3632,149.3,149.3,15.2718,35.4577,2,35.4547,2,224.7,2,224.7,2,2.58,2,4.15,2,0.02,2,0.43,2,2.615,2,1.587,2,1.398,2,1.494,3,2096.3,2,2329.2,2,460.9,2,20,7.926,2,25,50.87,2,8.48,2,,9,,9,,9,,9,,,9,15.2489,15.2707,2
33RO20100308, A13.5,51,1,20,11715,2,20100327,2010-03-27 2:36,236,-28.9998,1.7832,3632,198.6,198.6,14.3397,35.3193,2,35.3181,2,222.2,2,222,2,2.99,2,6.05,2,0.01,2,0.55,2,2.726,2,1.637,2,1.315,2,1.373,3,2104.5,2,2321.8,2,495.2,2,20,7.8975,2,25,47.9,2,9.02,2,,9,,9,,9,,9,,,9,14.3104,14.3397,2
33RO20100308, A13.5,51,1,19,11007,2,20100327,2010-03-27 2:36,236,-28.9998,1.7832,3632,299.6,299.6,12.7706,35.1509,2,35.1522,2,216.1,2,215.9,2,4.36,2,10.29,2,0.01,2,0.8,2,2.919,2,1.704,2,1.206,2,1.314,3,2120.2,2,2313.6,2,,9,,7.8474,2,25,45.16,2,12.7,2,,9,,9,,9,,9,,,9,12.7297,12.7726,2
33RO20100308, A13.5,51,1,18,11710,2,20100327,2010-03-27 2:36,236,-28.9998,1.7832,3632,399.7,399.7,10.9748,34.9168,2,34.9138,2,214.6,2,214.9,2,5.76,2,14.53,2,0,2,1.06,2,3.107,2,1.753,2,1.106,2,1.553,3,2133.2,2,2301.9,2,,9,,7.7962,2,25,43.86,2,16.7,2,,9,,9,,9,,9,,,9,10.9252,10.9738,2
33RO20100308, A13.5,51,1,17,11025,2,20100327,2010-03-27 2:36,236,-28.9998,1.7832,3632,499.4,499.4,8.7744,34.6474,2,34.6456,2,205.5,2,205.3,2,9.94,2,20.64,2,0,2,1.46,2,3.092,2,1.694,2,0.945,2,2.065,3,2154.3,2,2292.7,2,772.8,2,20,7.7234,2,25,42.45,2,22.58,2,,9,,9,,9,,9,,,9,8.7203,8.7814,2
33RO20100308, A13.5,51,1,16,11709,2,20100327,2010-03-27 2:36,236,-28.9998,1.7832,3632,649.9,649.9,6.0615,34.3802,2,34.3798,2,216.3,2,215.6,2,16.16,2,26.59,2,0,2,1.84,2,3.156,2,1.663,2,0.808,2,3.061,3,2170.1,2,2286.2,2,893.8,2,20,7.6646,2,25,39.83,2,28.49,2,,9,,9,,9,,9,,,9,6.0039,6.0569,2
33RO20100308, A13.5,51,1,15,11006,2,20100327,2010-03-27 2:36,236,-28.9998,1.7832,3632,799.4,799.4,4.4664,34.3132,2,34.3122,2,226.4,2,216.6,2,26.66,2,29.89,2,0,2,2.07,2,2.621,2,1.338,2,0.607,2,3.186,3,2188.1,2,2293.3,2,,9,,7.6319,2,25,38.47,2,31.7,2,,9,,9,,9,,9,,,9,4.4045,4.4688,2
33RO20100308, A13.5,51,1,14,11708,2,20100327,2010-03-27 2:36,236,-28.9998,1.7832,3632,999.5,999.5,3.787,34.398,2,34.3969,2,191.3,2,191.2,6,41.8,2,32.46,2,0,2,2.26,2,1.462,2,0.714,2,0.265,2,2.053,3,2216.3,2,2306.9,2,1078.3,6,20,7.5942,2,25,37.74,2,34.22,2,,9,,9,,9,,9,,,9,3.7132,3.7888,2
33RO20100308, A13.5,51,1,13,11031,2,20100327,2010-03-27 2:36,236,-28.9998,1.7832,3632,1199.2,1199.2,3.2056,34.5492,2,34.5481,2,178.7,2,178.9,2,54.28,6,32.66,6,0,6,2.27,6,0.435,2,0.213,2,0.066,2,0.795,3,2235.6,2,2324.2,2,,9,,7.5855,2,25,38.17,2,33.88,2,,9,,9,,9,,9,,,9,3.1203,3.2054,2
33RO20100308, A13.5,51,1,12,11027,2,20100327,2010-03-27 2:36,236,-28.9998,1.7832,3632,1399.8,1399.8,3.1192,34.6902,2,34.6893,2,187.7,2,188.8,2,51.08,6,30.09,6,0,6,2.08,6,0.122,2,0.058,2,0,2,0.276,3,2226,2,2325.4,2,1026.5,2,20,7.6162,2,25,37.35,2,32.2,2,,9,,9,,9,,9,,,9,3.0181,3.1187,2
33RO20100308, A13.5,51,1,11,11707,2,20100327,2010-03-27 2:36,236,-28.9998,1.7832,3632,1599.3,1599.3,3.1042,34.7753,2,34.7753,2,200.9,2,201.6,6,46.38,2,27.67,2,0,2,1.9,2,0.047,2,0.023,2,0.032,2,0.138,3,2215,2,2324.8,2,949.5,2,20,7.6474,2,25,37.8,2,29.57,2,,9,,9,,9,,9,,,9,2.9862,3.104,2
33RO20100308, A13.5,51,1,10,11003,2,20100327,2010-03-27 2:36,236,-28.9998,1.7832,3632,1800.8,1800.8,2.9979,34.8146,2,34.8132,2,210.7,2,211.3,2,45.57,2,26.3,2,0,2,1.8,2,,9,,9,,9,,9,2208.2,2,2325.8,2,,9,,7.6664,2,25,39.59,2,27.79,2,,9,,9,,9,,9,,,9,2.8636,2.9984,2
33RO20100308, A13.5,51,1,9,11706,2,20100327,2010-03-27 2:36,236,-28.9998,1.7832,3632,1998.8,1998.8,2.8713,34.8307,2,34.8294,2,217.1,2,217.3,2,46.45,2,25.62,2,0,2,1.75,2,0.019,2,0.01,2,0,2,0.083,3,2206.5,2,2330.9,2,,9,,7.6768,2,25,39.6,2,27.58,2,,9,,9,,9,,9,,,9,2.7211,2.8715,2
33RO20100308, A13.5,51,1,8,11033,2,20100327,2010-03-27 2:36,236,-28.9998,1.7832,3632,2199.3,2199.3,2.6311,34.8344,2,34.8342,2,220.9,2,221.7,2,51.1,2,25.4,2,0,2,1.74,2,,9,,9,,9,,9,2208,2,2334.6,2,871.8,2,20,7.6817,2,25,40,2,26.92,2,,9,,9,,9,,9,,,9,2.4665,2.6307,2
33RO20100308, A13.5,51,1,7,11705,2,20100327,2010-03-27 2:36,236,-28.9998,1.7832,3632,2400.6,2400.6,2.529,34.8448,2,34.8434,2,225.6,2,225.8,2,52.03,2,25,2,0,2,1.71,2,0.012,2,0.007,2,0.024,2,0.065,3,2206.8,2,2334.5,2,855.4,2,20,7.6898,2,25,38.7,2,26.77,2,,9,,9,,9,,9,,,9,2.3475,2.5286,2
33RO20100308, A13.5,51,1,6,11029,2,20100327,2010-03-27 2:36,236,-28.9998,1.7832,3632,2600.7,2600.7,2.4238,34.8502,2,34.8491,2,228.2,2,229,2,53.56,2,24.73,2,0,2,1.69,2,0.011,2,0.007,2,0.04,2,0.061,3,2207.4,2,2314.6,4,,9,,7.6948,2,25,38.89,2,26.7,2,,9,,9,,9,,9,,,9,2.2252,2.4233,2
33RO20100308, A13.5,51,1,5,11704,2,20100327,2010-03-27 2:36,236,-28.9998,1.7832,3632,2800,2800,2.3819,34.8562,2,34.8554,2,229.8,2,230.4,2,53.83,2,24.5,2,0,2,1.67,2,0.008,2,0.005,2,0,2,0.05,3,2207.4,2,2344.8,2,833.4,2,20,7.7003,2,25,38.23,2,26.29,2,,9,,9,,9,,9,,,9,2.1648,2.3813,2
33RO20100308, A13.5,51,1,4,11030,2,20100327,2010-03-27 2:36,236,-28.9998,1.7832,3632,2999.3,2999.3,2.3171,34.8657,2,34.8646,2,232.2,2,232.2,2,54.13,2,24.15,2,0,2,1.64,2,0.006,2,0.005,2,0,2,0.034,3,2209.9,2,2345,2,819.6,2,20,7.7078,2,25,38.44,2,26.29,2,,9,,9,,9,,9,,,9,2.0815,2.3161,2
33RO20100308, A13.5,51,1,3,11703,2,20100327,2010-03-27 2:36,236,-28.9998,1.7832,3632,3200.6,3200.6,2.2821,34.8762,2,34.8768,2,233.1,2,233.1,2,53.81,2,23.81,2,0,2,1.62,2,0.002,2,0.002,2,0,2,0.02,3,2212.4,2,2372.2,4,,9,,7.7164,2,25,39.25,2,25.51,2,,9,,9,,9,,9,,,9,2.0267,2.2814,2
33RO20100308, A13.5,51,1,2,11702,2,20100327,2010-03-27 2:36,236,-28.9998,1.7832,3632,3400.6,3400.6,2.2763,34.8806,2,34.8801,2,232.6,2,232,2,53.99,6,23.78,6,0,6,1.61,6,0.005,2,0.005,2,0,2,0.018,3,2214.8,2,2356.6,2,801.5,2,20,7.7187,2,25,39.33,2,25.27,2,,9,,9,,9,,9,,,9,2.0001,2.2759,2
33RO20100308, A13.5,51,1,1,11701,2,20100327,2010-03-27 2:36,236,-28.9998,1.7832,3632,3674.5,3674.5,2.3016,34.8822,2,34.8817,2,231.9,2,231.7,2,53.9,6,23.76,6,0,6,1.61,6,0.002,2,0.003,2,0,2,0.012,3,2217.4,6,2358.3,2,800.5,2,20,7.7198,2,25,40.23,2,25.12,2,,9,,9,,9,,9,,,9,1.9953,2.3008,2
33RO20100308, A13.5,52,1,24,11714,2,20100327,2010-03-27 8:19,819,-28.4998,1.7513,4172,5.1,5.1,21.9719,35.7861,2,35.7865,2,219.5,2,220.7,2,1.79,2,0,2,0,2,0.14,2,2.007,2,1.232,2,1.217,2,2.717,3,2066.6,6,2351.1,6,365,2,20,8.0136,2,25,,9,,9,,9,,9,,9,,9,,,9,21.9709,21.9755,2
33RO20100308, A13.5,52,1,23,11713,2,20100327,2010-03-27 8:19,819,-28.4998,1.7513,4172,40,40,21.7818,35.769,2,35.7449,2,221.8,2,225.8,2,1.84,2,0,2,0,2,0.14,2,,9,,9,,9,,9,2064.4,2,2348.2,2,365.3,6,20,8.0131,2,25,,9,,9,,9,,9,,9,,9,,,9,21.7739,21.7893,2
33RO20100308, A13.5,52,1,22,11712,2,20100327,2010-03-27 8:19,819,-28.4998,1.7513,4172,64.8,64.8,17.8776,35.5175,2,35.511,2,248,2,248.1,2,2.16,2,0.05,2,0,2,0.19,2,2.498,6,1.513,6,1.439,6,2.211,3,2064.3,2,2334,2,385.1,2,20,7.991,2,25,,9,,9,,9,,9,,9,,9,,,9,17.8665,17.8802,2
33RO20100308, A13.5,52,1,21,11010,2,20100327,2010-03-27 8:19,819,-28.4998,1.7513,4172,109.6,109.6,15.776,35.4988,2,35.4954,2,228.8,2,228.6,2,2.81,2,2.72,2,0.16,2,0.37,2,2.585,2,1.552,2,1.349,2,1.745,3,2088,2,2332.6,2,438.9,2,20,7.9436,2,25,,9,,9,,9,,9,,9,,9,,,9,15.7588,15.7792,2
33RO20100308, A13.5,52,1,20,11715,2,20100327,2010-03-27 8:19,819,-28.4998,1.7513,4172,224.7,224.7,13.5504,35.2278,2,35.2246,2,213,2,215.9,2,3.91,2,8.41,2,0.01,2,0.69,2,2.851,2,1.678,2,1.317,2,1.407,3,2113.4,2,2316.8,2,536.4,2,20,7.8673,2,25,,9,,9,,9,,9,,9,,9,,,9,13.5185,13.5527,2
33RO20100308, A13.5,52,1,19,11007,2,20100327,2010-03-27 8:19,819,-28.4998,1.7513,4172,349.7,349.7,11.1705,34.9387,2,34.9362,2,213.6,2,211.9,2,5.9,2,14.13,2,0,2,1.04,2,3.092,2,1.753,2,1.185,2,1.6,3,2132.7,2,2304.2,2,637,2,20,7.7993,2,25,,9,,9,,9,,9,,9,,9,,,9,11.1267,11.1763,2
33RO20100308, A13.5,52,1,18,11710,2,20100327,2010-03-27 8:19,819,-28.4998,1.7513,4172,449.9,449.9,9.5117,34.727,2,34.7268,2,210.1,2,210,2,8.19,2,18.24,2,0,2,1.3,2,3.156,2,1.75,2,1.108,2,2.024,3,2146,2,2295.1,2,723.3,2,20,7.7498,2,25,,9,,9,,9,,9,,9,,9,,,9,9.4606,9.5132,2
33RO20100308, A13.5,52,1,17,11025,2,20100327,2010-03-27 8:19,819,-28.4998,1.7513,4172,599.1,599.1,6.6711,34.4436,2,34.4516,2,207.9,2,207,2,16.21,2,25.74,2,0,2,1.78,2,3.022,2,1.591,2,0.846,2,2.921,3,2171.3,2,2288.5,2,886.8,2,20,7.6696,2,25,,9,,9,,9,,9,,9,,9,,,9,6.6153,6.6669,2
33RO20100308, A13.5,52,1,16,11709,2,20100327,2010-03-27 8:19,819,-28.4998,1.7513,4172,748.8,748.8,4.8295,34.3429,2,34.3431,2,208.6,2,208.5,2,26.13,2,29.6,2,0,2,2.05,2,2.563,2,1.299,2,0.613,2,3.193,3,2189.1,2,2291.1,2,980.2,2,20,7.6327,2,25,,9,,9,,9,,9,,9,,9,,,9,4.7696,4.8294,2
33RO20100308, A13.5,52,1,15,11006,2,20100327,2010-03-27 8:19,819,-28.4998,1.7513,4172,999.6,999.6,3.5962,34.4332,2,34.4336,2,183.6,2,184.2,2,46.86,2,32.86,2,0,2,2.29,2,1.083,2,0.523,2,0.224,2,1.71,3,2224.2,2,2310.6,2,1101.9,6,20,7.5861,2,25,,9,,9,,9,,9,,9,,9,,,9,3.5238,3.5963,2
33RO20100308, A13.5,52,1,14,11708,2,20100327,2010-03-27 8:19,819,-28.4998,1.7513,4172,1199.7,1199.7,3.2092,34.5605,2,34.5609,2,177.2,2,177.7,2,54.54,2,32.45,2,0,2,2.26,2,,9,,9,,9,,9,2234.2,6,2322.1,6,1110.7,2,20,7.5864,2,25,,9,,9,,9,,9,,9,,9,,,9,3.1238,3.2089,2
33RO20100308, A13.5,52,1,13,11031,2,20100327,2010-03-27 8:19,819,-28.4998,1.7513,4172,1400.7,1400.7,3.1297,34.6907,2,34.6934,2,187.9,2,188.4,6,51.24,2,29.93,2,0,2,2.07,2,0.117,2,0.057,2,0.035,2,0.287,3,2225,2,2325.1,2,1025.6,2,20,7.617,2,25,,9,,9,,9,,9,,9,,9,,,9,3.0284,3.1289,2
33RO20100308, A13.5,52,1,12,11027,2,20100327,2010-03-27 8:19,819,-28.4998,1.7513,4172,1600.1,1600.1,3.1138,34.7704,2,34.7702,2,200.4,2,200.3,6,46.77,2,27.66,2,0,2,1.9,2,,9,,9,,9,,9,2213.7,2,2324.8,2,953.8,2,20,7.6463,2,25,,9,,9,,9,,9,,9,,9,,,9,2.9956,3.1137,2
33RO20100308, A13.5,52,1,11,11707,2,20100327,2010-03-27 8:19,819,-28.4998,1.7513,4172,1801,1801,3.0244,34.8205,2,34.82,2,212.8,2,212.4,2,44.44,2,25.96,2,0,2,1.77,2,0.025,2,0.013,2,0,2,0.097,3,2206.2,2,2327.2,2,901.9,2,20,7.6701,2,25,,9,,9,,9,,9,,9,,9,,,9,2.8897,3.024,2
33RO20100308, A13.5,52,1,10,11003,2,20100327,2010-03-27 8:19,819,-28.4998,1.7513,4172,1998.4,1998.4,2.8467,34.8391,2,34.8386,2,220.3,2,220.4,2,45.92,2,25.14,2,0,2,1.72,2,,9,,9,,9,,9,2204,2,2328.9,2,875.5,2,20,7.6836,2,25,,9,,9,,9,,9,,9,,9,,,9,2.6969,2.8466,2
33RO20100308, A13.5,52,1,9,11706,2,20100327,2010-03-27 8:19,819,-28.4998,1.7513,4172,2199.7,2199.7,2.6236,34.8402,2,34.8382,2,222.6,2,223,2,50.5,2,25.08,2,0,2,1.72,2,0.016,2,0.009,2,0.048,2,0.076,3,2206.7,2,2333.5,2,863.2,2,20,7.6861,2,25,,9,,9,,9,,9,,9,,9,,,9,2.459,2.6248,2
33RO20100308, A13.5,52,1,8,11033,2,20100327,2010-03-27 8:19,819,-28.4998,1.7513,4172,2399.7,2399.7,2.4788,34.8454,2,34.8448,2,225.6,2,226.2,2,52.94,2,24.86,2,0,2,1.7,2,,9,,9,,9,,9,2208.2,2,2334.4,2,853.9,2,20,7.6905,2,25,,9,,9,,9,,9,,9,,9,,,9,2.2982,2.4784,2
33RO20100308, A13.5,52,1,7,11705,2,20100327,2010-03-27 8:19,819,-28.4998,1.7513,4172,2600.1,2600.1,2.4009,34.853,2,34.8525,2,228.8,2,229.4,2,53.58,6,24.48,6,0,6,1.67,6,0.009,2,0.006,2,0,2,0.064,3,2206.9,2,2337.6,2,837.8,2,20,7.6983,2,25,,9,,9,,9,,9,,9,,9,,,9,2.2028,2.4008,2
33RO20100308, A13.5,52,1,6,11029,2,20100327,2010-03-27 8:19,819,-28.4998,1.7513,4172,2799.4,2799.4,2.3514,34.8607,2,34.8603,2,231.6,2,232.2,2,53.67,6,24.17,6,0,6,1.65,6,,9,,9,,9,,9,2206.4,2,2339.6,2,825.6,2,20,7.7043,2,25,,9,,9,,9,,9,,9,,9,,,9,2.135,2.3507,2
33RO20100308, A13.5,52,1,5,11704,2,20100327,2010-03-27 8:19,819,-28.4998,1.7513,4172,3000.2,3000.2,2.3126,34.8675,2,34.8668,2,232.6,2,233,2,53.93,6,23.93,6,0,6,1.63,6,0.005,2,0.004,2,0,2,0.044,3,2206.9,2,2344.3,2,818.9,2,20,7.7097,2,25,,9,,9,,9,,9,,9,,9,,,9,2.077,2.3123,2
33RO20100308, A13.5,52,1,4,11030,2,20100327,2010-03-27 8:19,819,-28.4998,1.7513,4172,3300.2,3300.2,2.3047,34.8773,2,34.8789,2,232.5,2,232.5,2,53.5,6,23.69,6,0,6,1.61,6,,9,,9,,9,,9,2210.9,2,2350.1,2,807.3,2,20,7.7163,2,25,,9,,9,,9,,9,,9,,9,,,9,2.0384,2.3042,2
33RO20100308, A13.5,52,1,3,11703,2,20100327,2010-03-27 8:19,819,-28.4998,1.7513,4172,3599.7,3599.7,2.3023,34.8807,2,34.8832,2,231.9,2,232,2,53.98,6,23.66,6,0,6,1.61,6,0.003,2,0.004,2,0.058,2,0.017,3,2212.9,2,2353.5,2,806.4,2,20,7.7189,2,25,,9,,9,,9,,9,,9,,9,,,9,2.0041,2.3019,2
33RO20100308, A13.5,52,1,2,11702,9,20100327,2010-03-27 8:19,819,-28.4998,1.7513,4172,3896,3896,2.3228,34.8818,2,,9,232,2,,9,-9,9,-9,9,-9,9,-9,9,,9,,9,,9,,9,,9,,9,,9,,,9,,,9,,9,,9,,9,,9,,9,,,9,1.9913,2.3221,2
33RO20100308, A13.5,52,1,1,11701,2,20100327,2010-03-27 8:19,819,-28.4998,1.7513,4172,4229.1,4229.1,2.3641,34.8836,2,34.8836,2,231.2,2,231.1,2,53.8,6,23.6,6,0,6,1.61,6,0.005,2,0.004,2,0.044,2,0.015,3,2216.7,6,2359.6,6,804.3,2,20,7.7208,2,25,,9,,9,,9,,9,,9,,9,,,9,1.9932,2.3634,2
33RO20100308, A13.5,53,1,24,11714,2,20100327,2010-03-27 14:02,1402,-27.9995,1.719,4380,5.6,5.6,23.1592,36.095,2,36.0935,2,215.4,2,216.4,6,2.29,2,0.02,2,0,2,0.18,2,1.898,2,1.179,2,1.15,2,2.44,3,2081.5,2,2370.9,6,362.4,2,20,8.0219,2,25,64.38,2,4.01,2,,9,,9,,9,,9,,,9,23.158,23.0818,2
33RO20100308, A13.5,53,1,23,11713,2,20100327,2010-03-27 14:02,1402,-27.9995,1.719,4380,74.2,74.2,18.1369,35.5971,2,35.5874,2,245.8,2,247.3,2,2.66,2,0.04,2,0,2,0.2,2,2.45,2,1.491,2,1.438,2,2.076,3,2071.9,2,2339.7,2,385.2,2,20,7.9953,2,25,58.8,2,4.38,2,,9,,9,,9,,9,,,9,18.1241,18.1402,2
33RO20100308, A13.5,53,1,22,11712,2,20100327,2010-03-27 14:02,1402,-27.9995,1.719,4380,124.7,124.7,15.682,35.5032,2,35.4995,2,224.7,2,227,2,3.01,2,3.07,2,0.13,2,0.39,2,2.59,6,1.568,6,1.39,6,1.628,3,2097.1,2,2332.2,2,448.6,6,20,7.9951,3,25,53.34,2,7.41,2,,9,,9,,9,,9,,,9,15.6625,15.6864,2
33RO20100308, A13.5,53,1,21,11010,2,20100327,2010-03-27 14:02,1402,-27.9995,1.719,4380,200.3,200.3,13.6065,35.2343,2,35.2334,2,220.3,2,220.3,2,3.78,2,7.56,2,0.01,2,0.65,2,2.837,2,1.688,2,1.363,2,1.443,3,2115.8,2,2319.3,2,526.2,2,20,7.8771,2,25,48.68,2,10.65,2,,9,,9,,9,,9,,,9,13.578,13.6072,2
33RO20100308, A13.5,53,1,20,11715,2,20100327,2010-03-27 14:02,1402,-27.9995,1.719,4380,299.5,299.5,11.7423,35.0111,2,35.0132,2,215,2,214.5,2,5.38,2,12.5,2,0,2,0.95,2,3.053,2,1.753,2,1.22,2,1.408,3,2134.8,2,2308.1,2,607.8,2,20,7.8185,2,25,43.92,2,14.81,2,,9,,9,,9,,9,,,9,11.7036,11.7403,2
33RO20100308, A13.5,53,1,19,11007,2,20100327,2010-03-27 14:02,1402,-27.9995,1.719,4380,400,400,9.9277,34.7874,2,34.7855,2,189.8,2,189.2,2,9.92,2,19.31,2,0,2,1.39,2,2.988,2,1.65,2,0.935,2,1.496,3,,9,2296.3,2,765.8,6,20,7.7261,2,25,43.37,2,21.79,2,,9,,9,,9,,9,,,9,9.8811,9.9251,2
33RO20100308, A13.5,53,1,18,11710,2,20100327,2010-03-27 14:02,1402,-27.9995,1.719,4380,499.2,499.2,8.0623,34.5805,2,34.5801,2,203.9,2,194.1,2,13.75,2,23.37,2,0,2,1.65,2,2.934,2,1.577,2,0.823,2,2.088,3,,9,2291.7,2,850.5,2,20,7.6873,2,25,41.93,2,24.94,2,,9,,9,,9,,9,,,9,8.0109,8.0596,2
33RO20100308, A13.5,53,1,17,11025,2,20100327,2010-03-27 14:02,1402,-27.9995,1.719,4380,699.9,699.9,4.9781,34.3482,2,34.3481,2,207.9,2,207.6,2,25.59,2,29.45,2,0,2,2.05,2,2.586,2,1.329,2,0.563,2,2.842,3,,9,2293.2,2,969.8,2,20,7.6324,2,25,40.47,2,31.04,2,,9,,9,,9,,9,,,9,4.9216,4.9773,2
33RO20100308, A13.5,53,1,16,11709,2,20100327,2010-03-27 14:02,1402,-27.9995,1.719,4380,899.3,899.3,3.8335,34.3926,2,34.3945,2,191.5,2,190.8,2,41.97,2,32.33,2,0,2,2.26,2,1.497,2,0.727,2,0.308,2,2.017,3,,9,2305.5,2,1071.4,2,20,7.5947,2,25,40.19,2,33.79,2,,9,,9,,9,,9,,,9,3.7675,3.8326,2
33RO20100308, A13.5,53,1,15,11006,2,20100327,2010-03-27 14:02,1402,-27.9995,1.719,4380,1098.7,1098.7,3.3665,34.5224,2,34.5238,2,177.3,2,176.7,2,51.74,2,32.9,2,0,2,2.3,2,0.462,2,0.227,2,0.119,2,0.794,3,2231.2,2,2319.4,2,1112.4,2,20,7.582,2,25,39.85,2,34.34,2,,9,,9,,9,,9,,,9,3.2879,3.3639,2
33RO20100308, A13.5,53,1,14,11708,2,20100327,2010-03-27 14:02,1402,-27.9995,1.719,4380,1300.1,1300.1,3.2101,34.6594,2,34.6614,2,185.1,2,184.7,2,50.59,2,30.65,2,0,2,2.13,2,0.136,2,0.067,2,0.045,2,0.301,3,,9,2323,6,1041.5,2,20,7.6095,2,25,38.69,2,32.42,2,,9,,9,,9,,9,,,9,3.1163,3.2098,2
33RO20100308, A13.5,53,1,13,11031,2,20100327,2010-03-27 14:02,1402,-27.9995,1.719,4380,1500.4,1500.4,3.1332,34.7568,2,34.7571,2,198,2,198.1,2,47.42,2,28.15,2,0,2,1.95,2,,5,,5,,5,,5,,9,2324.1,2,964.7,2,20,7.6418,2,25,38.52,2,29.94,2,,9,,9,,9,,9,,,9,3.0233,3.1323,2
33RO20100308, A13.5,53,1,12,11027,2,20100327,2010-03-27 14:02,1402,-27.9995,1.719,4380,1700.3,1700.3,3.063,34.8099,2,34.81,2,209.5,2,209.9,2,44.81,2,26.38,2,0,2,1.82,2,0.026,2,0.014,2,0,2,0.096,3,,9,2325.9,2,910.4,2,20,7.6652,2,25,37.84,2,27.65,2,,9,,9,,9,,9,,,9,2.9367,3.0641,2
33RO20100308, A13.5,53,1,11,11707,2,20100327,2010-03-27 14:02,1402,-27.9995,1.719,4380,1899.5,1899.5,2.8804,34.8338,2,34.8332,2,217,2,217.9,2,46.27,2,25.45,2,0,2,1.75,2,0.016,2,0.009,2,0,2,0.075,3,2208.8,2,2328.4,2,880,2,20,7.6798,2,25,38.51,2,26.97,2,,9,,9,,9,,9,,,9,2.739,2.8802,2
33RO20100308, A13.5,53,1,10,11003,2,20100327,2010-03-27 14:02,1402,-27.9995,1.719,4380,2100.2,2100.2,2.7122,34.843,2,34.843,2,221.4,2,221.8,2,48.98,2,25.06,2,0,2,1.73,2,0.014,2,0.009,2,0,2,0.064,3,2211.2,2,2332.4,2,867.9,2,20,7.6856,2,25,38.23,2,27.08,2,,9,,9,,9,,9,,,9,2.5553,2.7122,2
33RO20100308, A13.5,53,1,9,11706,2,20100327,2010-03-27 14:02,1402,-27.9995,1.719,4380,2299.2,2299.2,2.5509,34.8448,2,34.8455,2,225,2,225,2,51.85,2,24.89,2,0,2,1.72,2,0.012,2,0.007,2,0,2,0.056,3,2208.6,2,2332.6,2,858.6,2,20,7.6903,2,25,38.18,2,26.56,2,,9,,9,,9,,9,,,9,2.3784,2.5509,2
33RO20100308, A13.5,53,1,8,11033,2,20100327,2010-03-27 14:02,1402,-27.9995,1.719,4380,2500.3,2500.3,2.4394,34.8516,2,34.8517,2,227.3,2,228.8,2,53.26,2,24.62,2,0,2,1.69,2,0.008,2,0.006,2,0.025,2,0.046,3,2208.4,2,2338.3,2,848.6,2,20,7.6972,2,25,38.47,2,25.72,2,,9,,9,,9,,9,,,9,2.2501,2.439,2
33RO20100308, A13.5,53,1,7,11705,2,20100327,2010-03-27 14:02,1402,-27.9995,1.719,4380,2699.8,2699.8,2.375,34.8599,2,34.8608,2,230.7,2,231.7,2,53.45,2,24.24,2,0,2,1.67,2,0.006,6,0.006,6,0.02,6,0.037,3,2208.4,2,2338.3,2,834.2,2,20,7.7036,2,25,38.13,2,25.44,2,,9,,9,,9,,9,,,9,2.1678,2.3745,2
33RO20100308, A13.5,53,1,6,11029,2,20100327,2010-03-27 14:02,1402,-27.9995,1.719,4380,2899.6,2899.6,2.3401,34.867,2,34.8679,2,232.5,2,233.3,2,53.36,2,23.92,2,0,2,1.65,2,0.003,2,0.003,2,0,2,0.025,3,2208.7,2,2343.4,2,817.2,2,20,7.7094,2,25,39.34,2,25.98,2,,9,,9,,9,,9,,,9,2.114,2.3395,2
33RO20100308, A13.5,53,1,5,11704,2,20100327,2010-03-27 14:02,1402,-27.9995,1.719,4380,3201.2,3201.2,2.3137,34.8751,2,34.8764,2,232.9,2,233.3,2,53.51,6,23.7,6,0,6,1.62,6,0.002,2,0.002,2,0,2,0.015,3,2211.1,2,2347.1,2,807.4,2,20,7.7173,2,25,39.8,2,25.61,2,,9,,9,,9,,9,,,9,2.0575,2.3132,2
33RO20100308, A13.5,53,1,4,11030,2,20100327,2010-03-27 14:02,1402,-27.9995,1.719,4380,3500.1,3500.1,2.3084,34.8813,2,34.8813,2,232,2,232.3,2,53.78,6,23.62,6,0,6,1.61,6,0.003,2,0.003,2,0,2,0.012,3,2214.4,2,2353.5,2,799.1,2,20,7.7187,2,25,38.94,2,25.56,2,,9,,9,,9,,9,,,9,2.0208,2.3079,2
33RO20100308, A13.5,53,1,3,11703,2,20100327,2010-03-27 14:02,1402,-27.9995,1.719,4380,3800,3800,2.3201,34.8831,2,34.8833,2,231.4,2,231.5,2,54.14,6,23.6,6,0,6,1.61,6,0.002,2,0.003,2,0,2,0.011,3,2214.6,2,2356.1,2,796,2,20,7.7206,2,25,39.71,2,25.58,2,,9,,9,,9,,9,,,9,1.9994,2.3196,2
33RO20100308, A13.5,53,1,2,11702,2,20100327,2010-03-27 14:02,1402,-27.9995,1.719,4380,4100.8,4100.8,2.3504,34.884,2,34.8843,2,232,2,231.4,2,54.16,6,23.58,6,0,6,1.61,6,0.002,2,0.003,2,0,2,0.01,3,2216,2,2359.1,2,796.5,2,20,7.7223,2,25,40.56,2,25.37,2,,9,,9,,9,,9,,,9,1.9948,2.3494,2
33RO20100308, A13.5,53,1,1,11701,2,20100327,2010-03-27 14:02,1402,-27.9995,1.719,4380,4437.4,4437.4,2.3932,34.8851,2,34.8857,2,231.3,2,231.2,6,53.81,6,23.52,6,0,6,1.61,6,0.002,2,0.003,2,0,2,0.012,3,2216.6,6,2358.8,6,794.7,2,20,7.7225,2,25,40.75,2,25.25,2,,9,,9,,9,,9,,,9,1.9967,2.3923,2
33RO20100308, A13.5,54,1,24,11714,2,20100327,2010-03-27 19:53,1953,-27.4998,1.689,4534,5.8,5.8,22.9986,36.08,2,36.0829,2,216.1,2,216.6,2,1.41,2,0,2,0,2,0.17,2,1.908,2,1.189,2,1.16,2,2.377,3,2074.7,6,2369.4,6,360.4,2,20,8.022,2,25,,9,,9,,9,,9,,9,,9,,,9,22.9974,23.0001,2
33RO20100308, A13.5,54,1,23,11713,2,20100327,2010-03-27 19:53,1953,-27.4998,1.689,4534,60.1,60.1,22.1445,35.9695,3,35.9103,2,222.8,2,229.6,6,1.52,2,0.02,2,0,2,0.18,2,2.088,2,1.289,2,1.268,2,2.237,3,2066.6,2,2360.1,2,363.4,2,20,8.0164,2,25,,9,,9,,9,,9,,9,,9,,,9,22.1325,21.9086,3
33RO20100308, A13.5,54,1,22,11712,2,20100327,2010-03-27 19:53,1953,-27.4998,1.689,4534,101,101,16.4869,35.4948,2,35.4943,2,240.6,2,237.6,2,1.87,2,0.79,2,0.09,2,0.27,2,2.556,2,1.553,2,1.425,2,1.569,3,2073,2,2331,2,415.9,2,20,7.9663,2,25,,9,,9,,9,,9,,9,,9,,,9,16.4706,16.4945,2
33RO20100308, A13.5,54,1,21,11010,2,20100327,2010-03-27 19:53,1953,-27.4998,1.689,4534,175.6,175.6,13.9018,35.2449,2,35.235,2,221.6,2,207.2,3,3.78,2,9.29,2,0.01,2,0.75,2,2.799,2,1.664,2,1.308,2,1.06,3,2112.7,2,2317.7,2,551.2,2,20,7.859,2,25,,9,,9,,9,,9,,9,,9,,,9,13.8765,13.9021,2
33RO20100308, A13.5,54,1,20,11715,2,20100327,2010-03-27 19:53,1953,-27.4998,1.689,4534,299.7,299.7,11.6066,34.9934,2,34.9869,2,215.1,2,213.6,2,4.57,2,13.04,2,0,2,0.98,2,3.085,2,1.757,2,1.192,2,1.495,3,2124.2,2,2305.4,2,,9,,7.8128,2,25,,9,,9,,9,,9,,9,,9,,,9,11.5682,11.6081,2
33RO20100308, A13.5,54,1,19,11007,2,20100327,2010-03-27 19:53,1953,-27.4998,1.689,4534,449.8,449.8,8.5777,34.6123,2,34.6103,2,215.1,2,213.9,2,8.25,2,20.18,2,0,2,1.43,2,3.252,2,1.791,2,1.098,2,2.395,3,2145.1,2,2290.8,2,761.5,2,20,7.7297,2,25,,9,,9,,9,,9,,9,,9,,,9,8.5298,8.5852,2
33RO20100308, A13.5,54,1,18,11710,2,20100327,2010-03-27 19:53,1953,-27.4998,1.689,4534,600.6,600.6,5.9461,34.3936,2,34.3957,2,207.2,2,207.6,2,18.21,2,27.34,2,0,2,1.9,2,2.908,2,1.518,2,0.719,2,2.997,3,2172.7,2,2286.7,2,921.5,2,20,7.6537,2,25,,9,,9,,9,,9,,9,,9,,,9,5.8935,5.9448,2
33RO20100308, A13.5,54,1,17,11025,2,20100327,2010-03-27 19:53,1953,-27.4998,1.689,4534,799.7,799.7,4.2751,34.3625,2,34.3624,2,198.1,2,197.7,2,32.99,2,31.45,2,0,2,2.19,2,1.964,2,0.975,2,0.447,2,2.589,3,2198.1,2,2295.8,2,,9,,7.6085,2,25,,9,,9,,9,,9,,9,,9,,,9,4.2143,4.2786,2
33RO20100308, A13.5,54,1,16,11709,2,20100327,2010-03-27 19:53,1953,-27.4998,1.689,4534,999.8,999.8,3.4639,34.4655,2,34.4668,2,180.3,2,180.2,2,49.14,6,33.06,6,0,6,2.31,6,0.823,2,0.399,2,0.136,2,1.339,3,2222.5,2,2312.2,6,1107.7,2,20,7.5822,2,25,,9,,9,,9,,9,,9,,9,,,9,3.3925,3.4634,2
33RO20100308, A13.5,54,1,15,11006,2,20100327,2010-03-27 19:53,1953,-27.4998,1.689,4534,1200.6,1200.6,3.1844,34.5916,2,34.5951,2,179.2,2,179.2,2,53.25,6,31.96,6,0,6,2.23,6,0.271,2,0.133,2,0.064,2,0.56,3,2229.4,6,2321.3,3,1087,2,20,7.5925,2,25,,9,,9,,9,,9,,9,,9,,,9,3.0991,3.184,2
33RO20100308, A13.5,54,1,14,11708,2,20100327,2010-03-27 19:53,1953,-27.4998,1.689,4534,1400.7,1400.7,3.1685,34.7219,2,34.7218,2,191.9,2,192.1,2,47.83,2,29.18,2,0,2,2.02,2,0.081,2,0.038,2,0,2,0.215,3,2216.4,2,2323.9,3,,9,,7.6275,2,25,,9,,9,,9,,9,,9,,9,,,9,3.0667,3.1682,2
33RO20100308, A13.5,54,1,13,11031,2,20100327,2010-03-27 19:53,1953,-27.4998,1.689,4534,1600.1,1600.1,3.0918,34.7933,2,34.7924,2,205.5,2,205.8,2,44.69,2,27.01,2,0,2,1.86,2,,9,,9,,9,,9,2209.2,2,2324.5,3,928.2,2,20,7.6563,2,25,,9,,9,,9,,9,,9,,9,,,9,2.9738,3.0934,2
33RO20100308, A13.5,54,1,12,11027,2,20100327,2010-03-27 19:53,1953,-27.4998,1.689,4534,1799.9,1799.9,2.9992,34.8366,2,34.8363,2,217.8,2,218.1,2,41.98,2,25.24,2,0,2,1.73,2,0.014,2,0.008,2,0.027,2,0.079,3,2200.9,2,2328.9,3,871.8,2,20,7.6809,2,25,,9,,9,,9,,9,,9,,9,,,9,2.8649,2.9989,2
33RO20100308, A13.5,54,1,11,11707,2,20100327,2010-03-27 19:53,1953,-27.4998,1.689,4534,1999.7,1999.7,2.7683,34.8416,2,34.8407,2,222.3,2,222.2,2,46.06,2,25,2,0,2,1.72,2,,9,,9,,9,,9,2202.7,2,2328.7,2,864.9,2,20,7.6871,2,25,,9,,9,,9,,9,,9,,9,,,9,2.6195,2.7683,2
33RO20100308, A13.5,54,1,10,11003,2,20100327,2010-03-27 19:53,1953,-27.4998,1.689,4534,2200.3,2200.3,2.5666,34.8451,2,34.845,2,223.9,2,225.6,2,50.21,2,24.88,2,0,2,1.71,2,0.01,2,0.006,2,0,2,0.053,3,2205.6,2,2330.7,2,,9,,7.6907,2,25,,9,,9,,9,,9,,9,,9,,,9,2.4029,2.5662,2
33RO20100308, A13.5,54,1,9,11706,2,20100327,2010-03-27 19:53,1953,-27.4998,1.689,4534,2400.5,2400.5,2.4837,34.8542,2,34.8539,2,229.4,2,230.3,2,49.91,2,24.33,2,0,2,1.67,2,,9,,9,,9,,9,2201.8,2,2335.3,2,840.6,2,20,7.7002,2,25,,9,,9,,9,,9,,9,,9,,,9,2.3029,2.4841,2
33RO20100308, A13.5,54,1,8,11033,2,20100327,2010-03-27 19:53,1953,-27.4998,1.689,4534,2600,2600,2.4049,34.8597,2,34.8582,2,231.3,2,231.6,2,51.4,2,24.14,2,0,2,1.66,2,0.004,2,0.005,2,0,2,0.027,3,2204.7,2,2335,2,,9,,7.7038,2,25,,9,,9,,9,,9,,9,,9,,,9,2.2067,2.4045,2
33RO20100308, A13.5,54,1,7,11705,2,20100327,2010-03-27 19:53,1953,-27.4998,1.689,4534,2794.9,2794.9,2.3596,34.8649,2,34.8644,2,232.8,2,233.3,2,52.07,2,23.98,2,0,2,1.65,2,0.004,2,0.004,2,0,2,0.024,3,2204.6,2,2339.1,2,819.6,2,20,7.7079,2,25,,9,,9,,9,,9,,9,,9,,,9,2.1434,2.359,2
33RO20100308, A13.5,54,1,6,11029,9,20100327,2010-03-27 19:53,1953,-27.4998,1.689,4534,3099,3099,2.3246,34.8754,2,,9,233.1,2,,9,-9,9,-9,9,-9,9,-9,9,,9,,9,,9,,9,,9,,9,,9,,,9,,,9,,9,,9,,9,,9,,9,,,9,2.0787,2.3245,2
33RO20100308, A13.5,54,1,5,11704,2,20100327,2010-03-27 19:53,1953,-27.4998,1.689,4534,3399.9,3399.9,2.3083,34.8805,2,34.8801,2,232.6,2,232.6,2,52.78,2,23.61,2,0,2,1.61,2,,9,,9,,9,,9,2210.5,2,2351.8,2,802.5,2,20,7.7185,2,25,,9,,9,,9,,9,,9,,9,,,9,2.0314,2.308,2
33RO20100308, A13.5,54,1,4,11030,2,20100327,2010-03-27 19:53,1953,-27.4998,1.689,4534,3700.2,3700.2,2.3179,34.8835,2,34.8829,2,231.4,2,231.8,2,52.89,6,23.56,6,0,6,1.6,6,0.002,6,0.004,6,0.024,6,0.009,3,2213.5,2,2355.5,2,,9,,7.7212,2,25,,9,,9,,9,,9,,9,,9,,,9,2.0083,2.3174,2
33RO20100308, A13.5,54,1,3,11703,2,20100327,2010-03-27 19:53,1953,-27.4998,1.689,4534,4000.4,4000.4,2.3419,34.8846,2,34.8839,2,231.8,2,232,2,52.94,6,23.52,6,0,6,1.6,6,,9,,9,,9,,9,2215.2,2,2353.3,3,797,2,20,7.7225,2,25,,9,,9,,9,,9,,9,,9,,,9,1.998,2.3415,2
33RO20100308, A13.5,54,1,2,11702,2,20100327,2010-03-27 19:53,1953,-27.4998,1.689,4534,4300.4,4300.4,2.3753,34.8853,2,34.8837,2,231.1,2,231.3,2,52.79,2,23.53,2,0,2,1.6,2,0.004,2,0.004,2,0.014,2,0.014,3,2214.8,2,2359.7,2,,9,,7.7236,2,25,,9,,9,,9,,9,,9,,9,,,9,1.9957,2.3749,2
33RO20100308, A13.5,54,1,1,11701,2,20100327,2010-03-27 19:53,1953,-27.4998,1.689,4534,4579.8,4579.8,2.4087,34.8854,2,34.885,2,231.6,2,230.9,6,52.67,2,23.46,2,0,2,1.6,2,0.003,2,0.006,2,0,2,0.015,3,2216,6,2360.2,6,797,2,20,7.724,2,25,,9,,9,,9,,9,,9,,9,,,9,1.9945,2.408,2
33RO20100308, A13.5,55,1,24,11714,2,20100328,2010-03-28 1:44,144,-26.9998,1.66,4677,5.3,5.3,22.066,35.7855,2,35.7852,2,219.4,2,220.6,2,1.51,2,0.01,2,0,2,0.14,2,1.998,2,1.234,2,1.191,2,2.636,3,2064.8,6,2347.7,6,365.4,2,20,8.0146,2,25,68.19,2,4.85,2,,9,,9,,9,39.5,2,3.3,1.47,2,22.0649,22.0642,2
33RO20100308, A13.5,55,1,23,11713,2,20100328,2010-03-28 1:44,144,-26.9998,1.66,4677,43.3,43.3,20.8294,35.6853,2,35.6801,2,233.4,2,235.6,6,1.62,2,0.04,2,0,2,0.15,2,2.211,2,1.354,2,1.274,2,2.261,3,2061.2,2,2342.8,2,365.3,6,20,8.012,2,25,59.79,2,4.51,2,,9,,9,,9,42.8,2,2.8,1.43,2,20.8212,20.916,2
33RO20100308, A13.5,55,1,22,11712,2,20100328,2010-03-28 1:44,144,-26.9998,1.66,4677,99,99,15.8636,35.4994,2,35.4973,2,230.5,2,228,2,2.5,2,2.85,2,0.18,2,0.37,2,2.574,6,1.554,6,1.402,6,1.531,3,2087.8,2,2329.7,2,441.6,2,20,7.942,2,25,53.74,2,6.43,2,,9,,9,,9,40.5,2,3,1.12,2,15.848,15.8689,2
33RO20100308, A13.5,55,1,21,11010,2,20100328,2010-03-28 1:44,144,-26.9998,1.66,4677,150.3,150.3,14.7482,35.3757,2,35.3733,2,223.8,2,221.3,2,2.76,2,5.46,2,0.02,2,0.52,2,2.683,2,1.615,2,1.365,2,1.352,3,2100.6,2,2322.6,2,483.7,2,20,7.9064,2,25,49.86,2,8.56,2,,9,,9,,9,40.1,2,3.9,1.08,2,14.7257,14.7485,2
33RO20100308, A13.5,55,1,20,11715,2,20100328,2010-03-28 1:44,144,-26.9998,1.66,4677,298.8,298.8,11.7268,35.0088,2,35.0112,2,217.5,2,217.5,2,4.12,2,12.02,2,0,2,0.91,2,3.078,2,1.777,2,1.223,2,1.441,3,2124.9,2,2304.5,2,604.2,2,20,7.8222,2,25,43.14,2,14.86,2,,9,,9,,9,40.7,2,3.6,1.13,2,11.6882,11.7268,2
33RO20100308, A13.5,55,1,19,11007,2,20100328,2010-03-28 1:44,144,-26.9998,1.66,4677,450.2,450.2,8.9679,34.6733,2,34.6715,2,196.3,2,196.8,2,10.27,2,20.82,2,0,2,1.47,2,3.029,2,1.65,2,0.956,2,1.913,3,2156,2,2293.4,2,789.6,2,20,7.7145,2,25,41.03,2,22.71,2,,9,,9,,9,22.3,2,3,1.04,2,8.9186,8.9601,2
33RO20100308, A13.5,55,1,18,11710,2,20100328,2010-03-28 1:44,144,-26.9998,1.66,4677,600.3,600.3,6.1764,34.4004,2,34.3973,2,212.5,2,211.2,2,16.93,2,26.57,2,0,2,1.84,2,3.004,2,1.57,2,0.738,2,2.858,3,2170.2,2,2283,2,903.2,2,20,7.6617,2,25,39.72,2,27.89,2,,9,,9,,9,-24.6,2,2.7,1.59,3,6.1228,6.1754,2
33RO20100308, A13.5,55,1,17,11025,2,20100328,2010-03-28 1:44,144,-26.9998,1.66,4677,750.4,750.4,4.5244,34.3329,2,34.3335,2,209.7,2,208.8,2,28.18,2,30.15,2,0,2,2.09,2,2.437,2,1.221,2,0.576,2,3.082,3,2190.7,2,2293.9,2,992,2,20,7.6256,2,25,39.12,2,31.6,2,,9,,9,,9,-58.2,2,2.7,0.99,2,4.4662,4.5244,2
33RO20100308, A13.5,55,1,16,11709,2,20100328,2010-03-28 1:44,144,-26.9998,1.66,4677,949.7,949.7,3.6051,34.4339,2,34.4313,2,183.8,2,184.5,2,45.81,2,32.75,2,0,2,2.29,2,1.093,2,0.529,2,0.22,2,1.528,3,2220.5,2,2304.2,2,1112,2,20,7.5862,2,25,38.57,2,34.03,2,,9,,9,,9,-110.5,2,3.1,0.73,2,3.5366,3.612,2
33RO20100308, A13.5,55,1,15,11006,2,20100328,2010-03-28 1:44,144,-26.9998,1.66,4677,1149.6,1149.6,3.2924,34.5719,2,34.5738,2,177.3,2,178,2,51.06,2,32.09,2,0,2,2.24,2,0.29,2,0.13,2,0.09,2,0.602,3,2228,2,2319.3,2,1101.9,6,20,7.5874,2,25,38.64,2,34.19,2,,9,,9,,9,-124.2,2,2.5,0.77,2,3.2103,3.2921,2
33RO20100308, A13.5,55,1,14,11708,2,20100328,2010-03-28 1:44,144,-26.9998,1.66,4677,1300.3,1300.3,3.1419,34.6504,2,34.6494,2,184.5,2,184.4,2,51.8,2,30.73,2,0,2,2.14,2,0.163,2,0.079,2,0.034,2,0.343,3,2224.5,2,2321.7,2,1061.3,2,20,7.606,2,25,39.31,2,31.89,2,,9,,9,,9,-137,2,3.1,0.71,2,3.0488,3.1421,2
33RO20100308, A13.5,55,1,13,11031,2,20100328,2010-03-28 1:44,144,-26.9998,1.66,4677,1500.7,1500.7,3.1437,34.7599,2,34.7606,2,200.5,2,200.3,2,45.43,2,27.69,2,0,2,1.91,2,0.04,2,0.014,3,0.058,2,-0.005,4,2211.7,2,2322.9,2,955.5,2,20,7.6451,2,25,39.46,2,29.64,2,,9,,9,,9,-127.3,2,2.7,0.81,2,3.0337,3.1438,2
33RO20100308, A13.5,55,1,12,11027,2,20100328,2010-03-28 1:44,144,-26.9998,1.66,4677,1700.3,1700.3,3.0354,34.8155,2,34.8158,2,213,2,214.3,2,43.23,2,25.85,2,0,2,1.77,2,0.018,2,0.009,2,0.023,2,0.085,3,2202.6,2,2322,2,895.3,2,20,7.6716,2,25,39.89,2,27.06,2,,9,,9,,9,-120.4,2,2.4,0.89,2,2.9094,3.0358,2
33RO20100308, A13.5,55,1,11,11707,2,20100328,2010-03-28 1:44,144,-26.9998,1.66,4677,1899.4,1899.4,2.8747,34.8435,2,34.8431,2,222.3,2,223.9,2,43.2,2,24.65,2,0,2,1.69,2,0.005,2,0.004,2,0,2,0.06,3,2197.4,2,2325.1,2,857.1,2,20,7.6906,2,25,39.38,2,26.39,2,,9,,9,,9,-128.3,2,2.4,1.02,2,2.7333,2.8749,2
33RO20100308, A13.5,55,1,10,11003,9,20100328,2010-03-28 1:44,144,-26.9998,1.66,4677,2100,2100,2.6814,34.8473,2,,9,226.2,2,,9,-9,9,-9,9,-9,9,-9,9,,9,,9,,9,,9,,9,,9,,9,,,9,,,9,,9,,9,,9,,9,,9,,,9,2.5249,2.6814,2
33RO20100308, A13.5,55,1,9,11706,2,20100328,2010-03-28 1:44,144,-26.9998,1.66,4677,2299.9,2299.9,2.5453,34.8513,3,34.8568,4,228.2,2,229.2,2,49.09,2,24.32,2,0,2,1.67,2,0.003,2,0.003,2,0.015,2,0.035,3,2200.5,2,2332.4,2,843.2,2,20,7.697,2,25,39.03,2,26.26,2,,9,,9,,9,-130.2,2,2.5,0.94,2,2.3728,2.5446,2
33RO20100308, A13.5,55,1,8,11033,2,20100328,2010-03-28 1:44,144,-26.9998,1.66,4677,2599.4,2599.4,2.4298,34.8622,2,34.8621,2,232.7,2,233.3,2,50.19,2,23.84,2,0,2,1.63,2,0.002,2,0.003,2,0.043,2,0.024,3,2201,2,2336.1,2,829.5,2,20,7.7061,2,25,38.57,2,25.18,2,,9,,9,,9,-125.8,2,2.6,0.98,2,2.2312,2.4295,2
33RO20100308, A13.5,55,1,7,11705,2,20100328,2010-03-28 1:44,144,-26.9998,1.66,4677,2899.9,2899.9,2.3606,34.872,2,34.8721,2,233.4,2,234.4,2,51.12,6,23.55,6,0,6,1.61,6,0.002,2,0.002,2,0,2,0.018,3,2203.6,2,2342.5,2,816.6,2,20,7.7119,2,25,39.32,2,24.87,2,,9,,9,,9,,9,,,9,2.134,2.3601,2
33RO20100308, A13.5,55,1,6,11029,2,20100328,2010-03-28 1:44,144,-26.9998,1.66,4677,3200,3200,2.3229,34.8796,2,34.8792,2,232.9,2,233.5,2,51.94,6,23.72,6,0,6,1.62,6,0.003,2,0.004,2,0.042,2,0.012,3,2208.7,2,2348.8,2,801.7,2,20,7.718,2,25,39.06,2,25.35,2,,9,,9,,9,,9,,,9,2.0666,2.3223,2
33RO20100308, A13.5,55,1,5,11704,2,20100328,2010-03-28 1:44,144,-26.9998,1.66,4677,3500.2,3500.2,2.3143,34.8831,2,34.8826,2,232,2,232.1,2,52.43,2,23.36,2,0,2,1.59,2,0.002,2,0.002,2,0,2,0.011,3,2211.9,2,2354.2,2,797.9,2,20,7.7201,2,25,39.28,2,25.31,2,,9,,9,,9,,9,,,9,2.0266,2.3138,2
33RO20100308, A13.5,55,1,4,11030,2,20100328,2010-03-28 1:44,144,-26.9998,1.66,4677,3799.1,3799.1,2.3285,34.8845,2,34.8836,2,231.5,2,231.6,2,52.69,2,23.32,2,0,2,1.59,2,0.002,2,0.002,2,0,2,0.011,3,2213.4,2,2358.3,2,796.9,2,20,7.7217,2,25,39.9,2,24.7,2,,9,,9,,9,,9,,,9,2.0077,2.328,2
33RO20100308, A13.5,55,1,3,11703,2,20100328,2010-03-28 1:44,144,-26.9998,1.66,4677,4099.8,4099.8,2.3538,34.8851,2,34.8837,2,231.8,2,232.3,2,52.75,6,23.28,6,0,6,1.59,6,0.002,2,0.003,2,0,2,0.012,3,2214,2,2358.2,2,795.1,2,20,7.7222,2,25,40.88,2,24.29,2,,9,,9,,9,,9,,,9,1.9982,2.3533,2
33RO20100308, A13.5,55,1,2,11702,2,20100328,2010-03-28 1:44,144,-26.9998,1.66,4677,4399.9,4399.9,2.3851,34.8853,2,34.8826,4,233.3,2,233.4,6,51.89,6,23.44,6,0,6,1.6,6,0.002,2,0.002,2,0,2,0.012,3,2208.8,3,2351.7,3,801.5,2,20,7.7165,2,25,40.78,2,25.06,2,,9,,9,,9,,9,,,9,1.9934,2.3843,2
33RO20100308, A13.5,55,1,1,11701,2,20100328,2010-03-28 1:44,144,-26.9998,1.66,4677,4729.5,4729.5,2.4229,34.885,2,34.8846,2,232.1,2,232.4,2,52.7,2,23.33,2,0,2,1.59,2,0.002,2,0.003,2,0,2,0.015,3,2215.4,6,2359.6,6,794,2,20,7.7237,2,25,40.73,2,24.83,2,,9,,9,,9,,9,,,9,1.9899,2.4224,2
33RO20100308, A13.5,56,1,24,11714,2,20100328,2010-03-28 7:51,751,-26.4997,1.6467,5130,5.7,5.7,22.4048,35.8989,2,35.8991,2,215,2,218.1,2,1.98,2,0,2,0,2,0.14,2,1.942,2,1.151,3,1.23,2,2.827,3,2069.1,6,2358.8,6,360.5,2,20,8.0186,2,25,,9,,9,,9,,9,,9,,9,,,9,22.4037,22.4049,2
33RO20100308, A13.5,56,1,23,11713,2,20100328,2010-03-28 7:51,751,-26.4997,1.6467,5130,49.9,49.9,20.9077,35.745,2,35.7783,2,230,2,235.7,2,2.1,2,0,2,0,2,0.14,2,,9,,9,,9,,9,2064.6,2,2349.9,2,364.7,6,20,8.0133,2,25,,9,,9,,9,,9,,9,,9,,,9,20.8982,20.9197,2
33RO20100308, A13.5,56,1,22,11712,2,20100328,2010-03-28 7:51,751,-26.4997,1.6467,5130,74.7,74.7,17.6584,35.6545,2,35.6513,2,248.3,2,248.1,6,2.43,2,0.05,2,0,2,0.17,2,2.458,2,1.448,2,1.364,2,2.201,3,2066.4,2,2342.2,2,380.6,2,20,7.9979,2,25,,9,,9,,9,,9,,9,,9,,,9,17.6457,17.6786,2
33RO20100308, A13.5,56,1,21,11010,2,20100328,2010-03-28 7:51,751,-26.4997,1.6467,5130,125.1,125.1,15.871,35.5422,2,35.5308,2,225.5,2,224.7,2,2.84,2,3.22,2,0.04,2,0.38,2,,9,,9,,9,,9,2091.8,2,2333.9,2,443.5,2,20,7.9402,2,25,,9,,9,,9,,9,,9,,9,,,9,15.8513,15.872,2
33RO20100308, A13.5,56,1,20,11715,2,20100328,2010-03-28 7:51,751,-26.4997,1.6467,5130,174.9,174.9,14.7135,35.3689,2,35.3723,2,225.9,2,224.5,2,2.83,2,4.74,2,0.01,2,0.48,2,2.686,6,1.578,6,1.424,6,1.539,3,2098.9,2,2325.5,2,476.3,2,20,7.9132,2,25,,9,,9,,9,,9,,9,,9,,,9,14.6873,14.7175,2
33RO20100308, A13.5,56,1,19,11007,2,20100328,2010-03-28 7:51,751,-26.4997,1.6467,5130,250.1,250.1,13.3278,35.2035,2,35.1998,2,219.9,2,217.4,2,3.9,2,8.59,2,0,2,0.71,2,2.878,2,1.645,2,1.349,2,1.504,3,2114.8,2,2317.1,2,540.3,2,20,7.8641,2,25,,9,,9,,9,,9,,9,,9,,,9,13.2927,13.3292,2
33RO20100308, A13.5,56,1,18,11710,2,20100328,2010-03-28 7:51,751,-26.4997,1.6467,5130,350,350,11.321,34.9572,2,34.9574,2,211.3,2,213.5,2,5.44,2,13.55,2,0,2,1.01,2,2.911,2,1.628,2,1.093,2,1.434,3,2131.4,2,2304.8,2,630.1,2,20,7.8066,2,25,,9,,9,,9,,9,,9,,9,,,9,11.2768,11.3228,2
33RO20100308, A13.5,56,1,17,11025,2,20100328,2010-03-28 7:51,751,-26.4997,1.6467,5130,600.4,600.4,6.2831,34.4302,2,34.4299,2,202.5,2,195.9,2,18.25,2,27.57,2,0,2,1.91,2,2.725,2,1.388,2,0.633,2,2.676,3,2181.2,2,2290.1,2,947.5,2,20,7.6434,2,25,,9,,9,,9,,9,,9,,9,,,9,6.229,6.2824,2
33RO20100308, A13.5,56,1,16,11709,2,20100328,2010-03-28 7:51,751,-26.4997,1.6467,5130,750.2,750.2,4.4897,34.3408,2,34.3436,2,204.5,2,203.7,2,28.96,2,30.52,2,0,2,2.12,2,,9,,9,,9,,9,2196.7,2,2294.3,2,1014.2,2,20,7.6197,2,25,,9,,9,,9,,9,,9,,9,,,9,4.4317,4.4858,2
33RO20100308, A13.5,56,1,15,11006,2,20100328,2010-03-28 7:51,751,-26.4997,1.6467,5130,900.5,900.5,3.875,34.41,2,34.4125,2,183.2,2,182,2,40.56,2,32.75,2,0,2,2.29,2,1.048,2,0.48,2,0.2,2,1.637,3,2219.9,2,2305.1,2,1112.2,2,20,7.5857,2,25,,9,,9,,9,,9,,9,,9,,,9,3.8085,3.8742,2
33RO20100308, A13.5,56,1,14,11708,2,20100328,2010-03-28 7:51,751,-26.4997,1.6467,5130,1049.8,1049.8,3.4942,34.5046,2,34.5051,2,177.3,2,177,2,46.89,2,32.7,2,0,2,2.29,2,,9,,9,,9,,9,2226.8,6,2314.4,2,1107.8,2,20,7.5845,2,25,,9,,9,,9,,9,,9,,9,,,9,3.4185,3.4937,2
33RO20100308, A13.5,56,1,13,11031,2,20100328,2010-03-28 7:51,751,-26.4997,1.6467,5130,1199.5,1199.5,3.3828,34.6143,2,34.6158,2,181.4,2,181.2,2,46.49,2,31.12,2,0,2,2.17,2,0.115,3,0.019,3,0.03,2,0.344,3,2224.7,2,2323.1,3,1059,6,20,7.6035,2,25,,9,,9,,9,,9,,9,,9,,,9,3.2957,3.3825,2
33RO20100308, A13.5,56,1,12,11027,2,20100328,2010-03-28 7:51,751,-26.4997,1.6467,5130,1399.4,1399.4,3.3406,34.74,2,34.7404,2,195.4,2,195.6,2,42.03,2,28.17,2,0,2,1.95,2,,9,,9,,9,,9,2213.3,2,2320.7,2,964.6,2,20,7.6401,2,25,,9,,9,,9,,9,,9,,9,,,9,3.237,3.3408,2
33RO20100308, A13.5,56,1,11,11707,2,20100328,2010-03-28 7:51,751,-26.4997,1.6467,5130,1600.1,1600.1,3.2498,34.8118,2,34.8116,2,209.7,2,209.8,2,39.26,2,25.86,2,0,2,1.79,2,0.012,2,0.007,2,0.048,2,0.079,3,2203.9,2,2322.1,2,898.9,2,20,7.6691,2,25,,9,,9,,9,,9,,9,,9,,,9,3.1299,3.2494,2
33RO20100308, A13.5,56,1,10,11003,2,20100328,2010-03-28 7:51,751,-26.4997,1.6467,5130,1800.5,1800.5,3.0648,34.8432,2,34.8438,2,220.2,2,221,2,39.95,2,24.65,2,0,2,1.69,2,,9,,9,,9,,9,2200.5,2,2324,2,860.5,2,20,7.6868,2,25,,9,,9,,9,,9,,9,,9,,,9,2.9295,3.0645,2
33RO20100308, A13.5,56,1,9,11706,2,20100328,2010-03-28 7:51,751,-26.4997,1.6467,5130,2100,2100,2.7211,34.845,2,34.8442,2,224.8,2,225.5,2,46.37,2,24.45,2,0,2,1.69,2,0.007,2,0.004,2,0.029,2,0.053,3,2201.8,2,2329.9,2,855.1,2,20,7.6931,2,25,,9,,9,,9,,9,,9,,9,,,9,2.564,2.7215,2
33RO20100308, A13.5,56,1,8,11033,2,20100328,2010-03-28 7:51,751,-26.4997,1.6467,5130,2400.1,2400.1,2.5306,34.8535,2,34.8534,2,229.9,2,229.6,2,49.43,2,24.22,2,0,2,1.67,2,,9,,9,,9,,9,2202.9,2,2334.4,2,841,2,20,7.6994,2,25,,9,,9,,9,,9,,9,,9,,,9,2.349,2.5301,2
33RO20100308, A13.5,56,1,7,11705,2,20100328,2010-03-28 7:51,751,-26.4997,1.6467,5130,2700.3,2700.3,2.4355,34.866,2,34.8658,2,234.1,2,233.9,2,49.84,2,23.67,2,0,2,1.63,2,,9,,9,,9,,9,2203.3,2,2336.1,2,817.9,2,20,7.7096,2,25,,9,,9,,9,,9,,9,,9,,,9,2.227,2.4347,2
33RO20100308, A13.5,56,1,6,11029,2,20100328,2010-03-28 7:51,751,-26.4997,1.6467,5130,2999.6,2999.6,2.3679,34.8733,2,34.8723,2,234,2,234.1,2,51.17,6,23.55,6,0,6,1.61,6,0.004,2,0.004,2,0.044,2,0.016,3,2206.1,2,2343.5,2,810.5,2,20,7.7138,2,25,,9,,9,,9,,9,,9,,9,,,9,2.1311,2.3678,2
33RO20100308, A13.5,56,1,5,11704,2,20100328,2010-03-28 7:51,751,-26.4997,1.6467,5130,3399.8,3399.8,2.3355,34.8808,2,34.8807,2,232.9,2,232.2,2,52.22,6,23.49,6,0,6,1.61,6,,9,,9,,9,,9,2212.4,2,2350.4,2,798.5,2,20,7.7183,2,25,,9,,9,,9,,9,,9,,9,,,9,2.058,2.3352,2
33RO20100308, A13.5,56,1,4,11030,2,20100328,2010-03-28 7:51,751,-26.4997,1.6467,5130,3798.7,3798.7,2.3364,34.8833,2,34.8835,2,232,2,232.1,2,53.01,6,23.47,6,0,6,1.6,6,,9,,9,,9,,9,2216.8,2,2357.6,2,794.8,2,20,7.7216,2,25,,9,,9,,9,,9,,9,,9,,,9,2.0154,2.3357,2
33RO20100308, A13.5,56,1,3,11703,2,20100328,2010-03-28 7:51,751,-26.4997,1.6467,5130,4199,4199,2.3681,34.8849,2,34.8859,2,232,2,231.4,6,52.96,6,23.41,6,0,6,1.6,6,0.002,2,0.002,2,0,2,0.014,3,2217.3,2,2357.9,2,795.5,2,20,7.7231,2,25,,9,,9,,9,,9,,9,,9,,,9,2.0006,2.3679,2
33RO20100308, A13.5,56,1,2,11702,4,20100328,2010-03-28 7:51,751,-26.4997,1.6467,5130,4600.2,4600.2,2.4085,34.8849,4,35.63,4,232.1,4,242.2,4,-9,9,-9,9,-9,9,-9,9,,9,,9,,9,,9,,9,,9,,9,,7.9897,4,25,,9,,9,,9,,9,,9,,9,,,9,1.9919,2.4078,2
33RO20100308, A13.5,56,1,1,11701,2,20100328,2010-03-28 7:51,751,-26.4997,1.6467,5130,5199.6,5199.6,2.4804,34.8844,2,34.8858,2,232.4,2,231.1,2,53.04,6,23.41,6,0,6,1.6,6,0.003,2,0.004,2,0,2,0.018,3,2218.2,6,2358.5,6,794.8,2,20,7.7247,2,25,,9,,9,,9,,9,,9,,9,,,9,1.986,2.4795,2
33RO20100308, A13.5,57,1,24,11714,2,20100328,2010-03-28 14:04,1404,-25.9998,1.6332,4856,5.5,5.5,23.2174,36.1603,2,36.1597,2,213.7,2,215.1,2,1.7,2,0,2,0,2,0.2,2,1.89,2,1.174,2,1.18,2,2.541,3,2079.3,6,2375.6,2,358.4,2,20,8.024,2,25,68.34,2,4.75,2,,1,,1,,9,,9,,,9,23.2163,23.2189,2
33RO20100308, A13.5,57,1,23,11713,2,20100328,2010-03-28 14:04,1404,-25.9998,1.6332,4856,29.8,29.8,23.1456,36.1523,2,36.1504,2,213.8,2,215.5,2,1.69,2,0.01,2,0,2,0.2,2,1.895,2,1.175,2,1.156,2,2.49,3,2078.5,2,2375.7,6,357.4,2,20,8.0239,2,25,66.05,2,4.7,2,,1,,1,,9,,9,,,9,23.1395,23.1468,2
33RO20100308, A13.5,57,1,22,11712,2,20100328,2010-03-28 14:04,1404,-25.9998,1.6332,4856,89.9,89.9,17.3139,35.667,2,35.6698,2,241.9,2,241.4,2,2.03,2,0.17,2,0.03,2,0.24,2,2.466,2,1.497,2,1.355,2,2.042,3,2071.6,2,2343.3,2,393,6,20,7.9869,2,25,61.41,2,5.06,2,,1,,1,,9,,9,,,9,17.2988,17.3138,2
33RO20100308, A13.5,57,1,21,11010,2,20100328,2010-03-28 14:04,1404,-25.9998,1.6332,4856,119.5,119.5,16.6888,35.6353,2,35.6319,2,223.4,2,221.7,6,2.43,2,2.56,2,0.21,2,0.4,2,2.491,2,1.508,2,1.319,2,1.671,3,2089.8,2,2339.6,2,436.5,2,20,7.9501,2,25,55.09,2,6.29,2,,1,,1,,9,,9,,,9,16.6693,16.6861,2
33RO20100308, A13.5,57,1,20,11715,2,20100328,2010-03-28 14:04,1404,-25.9998,1.6332,4856,149.4,149.4,15.6193,35.508,2,35.5057,2,209.8,2,212.3,2,2.95,2,5.49,2,0.02,2,0.55,2,2.605,2,1.561,2,1.299,2,1.244,3,2101.8,2,2331.1,2,477.8,2,20,7.9143,2,25,54.07,2,8.91,2,,1,,1,,9,,9,,,9,15.596,15.6167,2
33RO20100308, A13.5,57,1,19,11007,2,20100328,2010-03-28 14:04,1404,-25.9998,1.6332,4856,249.7,249.7,13.378,35.2121,2,35.2094,2,211.9,2,211.4,2,3.74,2,9.35,2,0.01,2,0.79,2,2.879,2,1.689,2,1.264,2,1.227,3,2119.3,2,2316.7,2,554.9,6,20,7.8559,2,25,51.37,2,12.43,2,,1,,1,,9,,9,,,9,13.3428,13.3744,2
33RO20100308, A13.5,57,1,18,11710,2,20100328,2010-03-28 14:04,1404,-25.9998,1.6332,4856,399.9,399.9,10.5553,34.858,2,34.8557,2,204.5,2,200.5,2,7.07,2,16.87,2,0.01,2,1.25,2,3.061,2,1.705,2,1.009,2,1.55,3,2145.2,2,2300.9,2,699.8,2,20,7.7642,2,25,47.31,2,19.2,2,,1,,1,,9,,9,,,9,10.5069,10.5567,2
33RO20100308, A13.5,57,1,17,11025,2,20100328,2010-03-28 14:04,1404,-25.9998,1.6332,4856,549,549,7.6538,34.5445,2,34.5444,2,192.9,2,192.4,2,14.29,2,24.8,2,0.01,2,1.76,2,2.876,2,1.524,2,0.744,2,2.268,3,2172.2,2,2290.9,2,875.2,2,20,7.6739,2,25,42.49,2,26.2,2,,1,,1,,9,,9,,,9,7.5988,7.6705,2
33RO20100308, A13.5,57,1,16,11709,2,20100328,2010-03-28 14:04,1404,-25.9998,1.6332,4856,698.9,698.9,5.2883,34.3742,2,34.3764,2,202.7,2,194.5,2,23.01,2,30.12,2,0.01,2,2.11,2,2.386,2,1.206,2,0.525,2,2.698,3,2191.4,2,2290.3,2,1004.4,2,20,7.6211,2,25,41.05,2,31.73,2,,1,,1,,9,,9,,,9,5.2302,5.2864,2
33RO20100308, A13.5,57,1,15,11006,2,20100328,2010-03-28 14:04,1404,-25.9998,1.6332,4856,899.6,899.6,3.9076,34.4061,2,34.4082,2,183.5,2,182.4,2,39.63,2,33.05,2,0.01,2,2.33,2,1.114,2,0.536,2,0.188,2,1.696,3,2215.5,2,2305.8,2,1100.7,2,20,7.5867,2,25,40.24,2,35.12,2,,1,,1,,9,,9,,,9,3.841,3.9089,2
33RO20100308, A13.5,57,1,14,11708,2,20100328,2010-03-28 14:04,1404,-25.9998,1.6332,4856,1099.5,1099.5,3.4483,34.5386,2,,9,176.7,2,176.7,2,47.13,2,32.68,2,0.01,2,2.21,2,0.293,2,0.143,2,0.092,2,0.624,3,2224.9,6,2315.5,2,1098,2,20,7.5871,2,25,39.65,2,34.62,2,,1,,1,,9,,9,,,9,3.3689,3.4491,2
33RO20100308, A13.5,57,1,13,11031,2,20100328,2010-03-28 14:04,1404,-25.9998,1.6332,4856,1300.5,1300.5,3.3816,34.6733,2,,9,187.1,2,187.3,2,44.03,2,30.1,2,0.01,2,2.02,2,0.062,2,0.031,2,0,2,0.206,3,2217.5,2,2320.3,6,1017.3,2,20,7.6201,2,25,39.8,2,31.66,2,,1,,1,,9,,9,,,9,3.2861,3.3813,2
33RO20100308, A13.5,57,1,12,11027,2,20100328,2010-03-28 14:04,1404,-25.9998,1.6332,4856,1498.8,1498.8,3.3328,34.7699,2,34.7714,2,201,2,202,2,40.2,2,27.52,2,0.01,2,1.84,2,0.018,2,0.01,2,0,2,0.091,3,2207.4,2,2320.1,2,940.9,2,20,7.6525,2,25,39.77,2,29.04,2,,1,,1,,9,,9,,,9,3.2208,3.3324,2
33RO20100308, A13.5,57,1,11,11707,2,20100328,2010-03-28 14:04,1404,-25.9998,1.6332,4856,1700.6,1700.6,3.203,34.8255,2,34.8267,2,213.9,2,214.7,2,38.88,2,25.66,2,0.01,2,1.7,2,0.01,2,0.006,2,0,2,0.074,3,2199.7,2,2322.6,2,888,2,20,7.6766,2,25,39.47,2,27.46,2,,1,,1,,9,,9,,,9,3.0748,3.203,2
33RO20100308, A13.5,57,1,10,11003,2,20100328,2010-03-28 14:04,1404,-25.9998,1.6332,4856,1896.7,1896.7,3.0116,34.8455,2,34.8461,2,222.5,2,222.6,2,40.58,2,24.82,2,0,2,1.64,2,0.009,2,0.006,2,0,2,0.071,3,2196.4,2,2325.2,2,854.8,2,20,7.6896,2,25,40.12,2,26.26,2,,1,,1,,9,,9,,,9,2.8685,3.012,2
33RO20100308, A13.5,57,1,9,11706,2,20100328,2010-03-28 14:04,1404,-25.9998,1.6332,4856,2199.9,2199.9,2.6825,34.8497,2,34.8499,2,227.3,2,227.6,2,46.27,2,24.57,2,0,2,1.63,2,0.007,2,0.005,2,0,2,0.049,3,2198.4,2,2331.2,2,843.9,2,20,7.6961,2,25,40.49,2,25.69,2,,9,,1,,9,,9,,,9,2.5169,2.683,2
33RO20100308, A13.5,57,1,8,11033,2,20100328,2010-03-28 14:04,1404,-25.9998,1.6332,4856,2501,2501,2.4814,34.8538,2,34.8544,2,230.7,2,230.9,2,50.22,2,24.43,2,0,2,1.62,2,0.003,2,0.003,2,0,2,0.032,3,2200.2,2,2336,2,831.9,2,20,7.7007,2,25,39.91,2,25.51,2,,1,,1,,9,,9,,,9,2.2912,2.4813,2
33RO20100308, A13.5,57,1,7,11705,2,20100328,2010-03-28 14:04,1404,-25.9998,1.6332,4856,2800.6,2800.6,2.4078,34.8636,2,34.8641,2,234.1,2,233.6,2,50.84,2,24.07,2,0,2,1.6,2,0.003,2,0.003,2,0,2,0.039,3,2201.8,2,2339,2,819.5,2,20,7.7083,2,25,40.09,2,25.97,2,,9,,1,,9,,9,,,9,2.1901,2.4074,2
33RO20100308, A13.5,57,1,6,11029,2,20100328,2010-03-28 14:04,1404,-25.9998,1.6332,4856,3100.1,3100.1,2.353,34.8722,2,34.8754,2,234.4,2,233.8,2,51.79,2,23.82,2,0,2,1.58,2,0.003,2,0.003,2,0,2,0.028,3,2204.2,2,2344.1,2,815.2,2,20,7.7147,2,25,40.4,2,25.45,2,,1,,1,,9,,9,,,9,2.1064,2.3525,2
33RO20100308, A13.5,57,1,5,11704,2,20100328,2010-03-28 14:04,1404,-25.9998,1.6332,4856,3500.2,3500.2,2.3271,34.8805,2,34.8806,2,232.7,2,232.2,2,52.63,6,23.7,6,0,6,1.59,6,0.002,6,0.002,6,0.008,6,0.014,3,2210.7,2,2352.7,2,807.5,2,20,7.7196,2,25,40.33,2,25.05,2,,9,,1,,9,,9,,,9,2.0391,2.3269,2
33RO20100308, A13.5,57,1,4,11030,2,20100328,2010-03-28 14:04,1404,-25.9998,1.6332,4856,3900.8,3900.8,2.3409,34.8831,2,34.8844,2,231.7,2,231.5,6,53.05,6,23.72,6,0,6,1.6,6,0.003,2,0.003,2,0.044,2,0.014,3,2213.1,2,2356.9,2,797.3,2,20,7.7212,2,25,39.67,2,24.67,2,,1,,1,,9,,9,,,9,2.0084,2.3405,2
33RO20100308, A13.5,57,1,3,11703,2,20100328,2010-03-28 14:04,1404,-25.9998,1.6332,4856,4299.7,4299.7,2.3791,34.8838,2,34.8842,2,232.6,2,231.5,2,53,6,23.65,6,0,6,1.59,6,0.002,2,0.003,2,0.035,2,0.014,3,2213.3,2,2359.8,2,795.5,2,20,7.7224,2,25,40.44,2,24.66,2,,9,,1,,9,,9,,,9,1.9994,2.3788,2
33RO20100308, A13.5,57,1,2,11702,2,20100328,2010-03-28 14:04,1404,-25.9998,1.6332,4856,4599.6,4599.6,2.4128,34.884,2,34.8843,2,231.9,2,231.5,2,53.03,6,23.67,6,0,6,1.59,6,0.002,2,0.003,2,0,2,0.016,3,2214.6,2,2362,6,792.8,2,20,7.723,2,25,40.63,2,24.84,2,,1,,1,,9,,9,,,9,1.9961,2.4122,2
33RO20100308, A13.5,57,1,1,11701,2,20100328,2010-03-28 14:04,1404,-25.9998,1.6332,4856,4924.9,4924.9,2.4468,34.8836,2,34.8851,2,232.6,2,231.7,2,53.06,6,23.67,6,0,6,1.59,6,0.004,2,0.004,2,0.031,2,0.021,3,2215.3,6,2361,2,793,2,20,7.7234,2,25,40.64,2,25.38,2,,1,,1,,9,,9,,,9,1.9887,2.4459,2
33RO20100308, A13.5,58,1,24,11714,2,20100328,2010-03-28 20:05,2005,-25.5002,1.5928,5002,5.8,5.8,23.1985,36.1554,2,36.1552,2,214.3,2,214.7,2,1.58,2,0,2,0,2,0.17,2,1.912,2,1.168,2,1.169,2,2.599,3,2076.9,6,2374.1,6,358.8,2,20,8.024,2,25,,9,,9,,9,,9,,9,,9,,,9,23.1973,23.1954,2
33RO20100308, A13.5,58,1,23,11713,2,20100328,2010-03-28 20:05,2005,-25.5002,1.5928,5002,50.1,50.1,23.1553,36.1478,4,36.0646,2,215.5,2,223.4,2,1.59,2,0.01,2,0,2,0.18,2,,9,,9,,9,,9,2074.1,2,2369.3,2,360.4,2,20,8.0215,2,25,,9,,9,,9,,9,,9,,9,,,9,23.145,23.1763,2
33RO20100308, A13.5,58,1,22,11712,2,20100328,2010-03-28 20:05,2005,-25.5002,1.5928,5002,100,100,18.0378,35.7607,2,35.7473,2,231.3,2,230.1,2,1.74,2,0.47,2,0.08,2,0.29,2,2.438,2,1.444,2,1.369,2,1.911,3,2082.9,2,2347,2,407,2,20,7.9756,2,25,,9,,9,,9,,9,,9,,9,,,9,18.0206,18.0411,2
33RO20100308, A13.5,58,1,21,11010,2,20100328,2010-03-28 20:05,2005,-25.5002,1.5928,5002,150.7,150.7,16.2335,35.5787,2,35.5624,2,216.4,2,213.6,2,2.74,2,4.67,2,0.02,2,0.46,2,,9,,9,,9,,9,2094.1,2,2331.5,2,460,2,20,7.9274,2,25,,9,,9,,9,,9,,9,,9,,,9,16.2093,16.2396,2
33RO20100308, A13.5,58,1,20,11715,2,20100328,2010-03-28 20:05,2005,-25.5002,1.5928,5002,200.6,200.6,14.6478,35.3628,2,35.3552,2,198.9,2,198.5,6,3.59,2,8.83,2,0.01,2,0.71,2,2.793,6,1.604,6,1.269,6,0.859,3,2115.2,2,2320.4,2,545.2,2,20,7.8653,2,25,,9,,9,,9,,9,,9,,9,,,9,14.6178,14.6499,2
33RO20100308, A13.5,58,1,19,11007,2,20100328,2010-03-28 20:05,2005,-25.5002,1.5928,5002,325.4,325.4,11.9226,35.0275,2,35.0264,2,207.1,2,205.1,2,4.99,2,13.24,2,0,2,0.98,2,,9,,9,,9,,9,2129.2,2,2304,2,628.5,2,20,7.8085,2,25,,9,,9,,9,,9,,9,,9,,,9,11.8801,11.9209,2
33RO20100308, A13.5,58,1,18,11710,2,20100328,2010-03-28 20:05,2005,-25.5002,1.5928,5002,451,451,9.5456,34.7453,2,34.7446,2,185,2,183.6,2,9.98,2,21.01,2,0,2,1.48,2,3.015,2,1.575,2,0.857,2,1.542,3,2157.9,2,2296,2,804,6,20,7.7096,2,25,,9,,9,,9,,9,,9,,9,,,9,9.4942,9.545,2
33RO20100308, A13.5,58,1,17,11025,2,20100328,2010-03-28 20:05,2005,-25.5002,1.5928,5002,599.6,599.6,6.5491,34.4668,2,34.4655,2,181.3,2,180.8,2,18.1,2,28.7,2,0,2,1.97,2,,9,,9,,9,,9,2183.6,2,2288,2,991.8,2,20,7.6263,2,25,,9,,9,,9,,9,,9,,9,,,9,6.4938,6.5465,2
33RO20100308, A13.5,58,1,16,11709,2,20100328,2010-03-28 20:05,2005,-25.5002,1.5928,5002,799.8,799.8,4.5061,34.3887,2,34.3892,2,181.4,2,181.3,2,31.47,2,32.72,2,0,2,2.25,2,1.431,2,0.686,2,0.259,2,1.975,3,2205.4,2,2294.2,2,1090.4,2,20,7.5892,2,25,,9,,9,,9,,9,,9,,9,,,9,4.4438,4.5133,2
33RO20100308, A13.5,58,1,15,11006,2,20100328,2010-03-28 20:05,2005,-25.5002,1.5928,5002,1000,1000,3.6679,34.484,2,34.4865,2,173.8,2,174.9,2,43.38,2,33.33,2,0,2,2.3,2,0.387,2,0.187,2,0.098,2,0.764,3,2219.7,6,2311.1,2,1117.9,2,20,7.5794,2,25,,9,,9,,9,,9,,9,,9,,,9,3.5948,3.6671,2
33RO20100308, A13.5,58,1,14,11708,2,20100328,2010-03-28 20:05,2005,-25.5002,1.5928,5002,1200.4,1200.4,3.4858,34.614,2,34.614,2,179.6,2,180.3,2,43.94,2,31.43,2,0,2,2.17,2,,5,,5,,5,,5,2217.6,2,2314.7,6,1062,2,20,7.6022,2,25,,9,,9,,9,,9,,9,,9,,,9,3.3977,3.4856,2
33RO20100308, A13.5,58,1,13,11031,2,20100328,2010-03-28 20:05,2005,-25.5002,1.5928,5002,1399.6,1399.6,3.4473,34.7351,2,34.7346,2,194.1,2,194.9,2,39.8,2,28.58,2,0,2,1.96,2,,9,,9,,9,,9,2207.7,2,2316.3,2,972.7,2,20,7.6374,2,25,,9,,9,,9,,9,,9,,9,,,9,3.3426,3.4474,2
33RO20100308, A13.5,58,1,12,11027,2,20100328,2010-03-28 20:05,2005,-25.5002,1.5928,5002,1600.7,1600.7,3.3487,34.8118,2,34.8111,2,209.2,2,209.2,2,37.13,2,26.3,2,0,2,1.79,2,0.012,2,0.008,2,0.046,2,0.076,3,2197.4,2,2317.1,2,905.6,2,20,7.6685,2,25,,9,,9,,9,,9,,9,,9,,,9,3.2275,3.3484,2
33RO20100308, A13.5,58,1,11,11707,2,20100328,2010-03-28 20:05,2005,-25.5002,1.5928,5002,1799.9,1799.9,3.1569,34.845,2,34.8456,2,221.1,2,220.6,2,37.86,2,24.9,2,0,2,1.7,2,,9,,9,,9,,9,2192.3,2,2318.9,2,858.4,2,20,7.6885,2,25,,9,,9,,9,,9,,9,,9,,,9,3.0204,3.1569,2
33RO20100308, A13.5,58,1,10,11003,2,20100328,2010-03-28 20:05,2005,-25.5002,1.5928,5002,2000.6,2000.6,2.9298,34.8591,2,34.8595,2,227.8,2,227.7,2,40.43,2,24.21,2,0,2,1.65,2,,9,,9,,9,,9,2191.6,2,2326.3,2,838.1,2,20,7.6977,2,25,,9,,9,,9,,9,,9,,9,,,9,2.7785,2.9293,2
33RO20100308, A13.5,58,1,9,11706,2,20100328,2010-03-28 20:05,2005,-25.5002,1.5928,5002,2299.9,2299.9,2.6697,34.863,2,34.8627,2,232.6,2,232.4,2,44.78,2,24.12,2,0,2,1.65,2,0.005,2,0.004,2,0.02,2,0.044,3,2193.1,2,2327.9,2,826.4,2,20,7.7042,2,25,,9,,9,,9,,9,,9,,9,,,9,2.495,2.6686,2
33RO20100308, A13.5,58,1,8,11033,2,20100328,2010-03-28 20:05,2005,-25.5002,1.5928,5002,2600.1,2600.1,2.5194,34.8665,2,34.8664,2,235.1,2,235,2,47.38,2,23.8,2,0,2,1.62,2,,9,,9,,9,,9,2195.1,2,2331.6,2,818.6,2,20,7.7096,2,25,,9,,9,,9,,9,,9,,9,,,9,2.319,2.5193,2
33RO20100308, A13.5,58,1,7,11705,2,20100328,2010-03-28 20:05,2005,-25.5002,1.5928,5002,2900.4,2900.4,2.4297,34.8716,2,34.8715,2,236.5,2,236.4,2,48.84,2,23.65,2,0,2,1.61,2,,9,,9,,9,,9,2197,2,2335.3,2,810,2,20,7.7138,2,25,,9,,9,,9,,9,,9,,9,,,9,2.2016,2.4297,2
33RO20100308, A13.5,58,1,6,11029,4,20100328,2010-03-28 20:05,2005,-25.5002,1.5928,5002,3199.7,3199.7,2.3811,34.8763,4,34.7319,4,235.6,4,194.2,4,39.74,4,28.68,4,0,4,1.97,4,0.026,4,0.015,4,0.043,2,0.106,4,2207.8,4,,9,977.3,4,20,7.6371,4,25,,9,,9,,9,,9,,9,,9,,,9,2.1235,2.3806,2
33RO20100308, A13.5,58,1,5,11704,2,20100328,2010-03-28 20:05,2005,-25.5002,1.5928,5002,3600.2,3600.2,2.3457,34.8829,2,34.8821,2,232.5,2,232.5,6,52,2,23.67,2,0,2,1.61,2,,9,,9,,9,,9,2208.8,2,2352.8,2,799.2,2,20,7.7194,2,25,,9,,9,,9,,9,,9,,9,,,9,2.0464,2.3453,2
33RO20100308, A13.5,58,1,4,11030,2,20100328,2010-03-28 20:05,2005,-25.5002,1.5928,5002,4000,4000,2.3561,34.8846,2,34.884,2,231.7,2,231,2,52.86,6,23.63,6,0,6,1.6,6,,9,,9,,9,,9,2212,2,2354.3,2,802.7,6,20,7.7216,2,25,,9,,9,,9,,9,,9,,9,,,9,2.0119,2.3555,2
33RO20100308, A13.5,58,1,3,11703,2,20100328,2010-03-28 20:05,2005,-25.5002,1.5928,5002,4399.7,4399.7,2.3881,34.8848,2,34.8835,2,232.9,2,232,2,52.72,6,23.59,6,0,6,1.59,6,0.003,2,0.003,2,0,2,0.014,3,2212.9,2,2358.5,3,794,2,20,7.7232,2,25,,9,,9,,9,,9,,9,,9,,,9,1.9963,2.3876,2
33RO20100308, A13.5,58,1,2,11702,2,20100328,2010-03-28 20:05,2005,-25.5002,1.5928,5002,4700.3,4700.3,2.4199,34.8847,2,34.8842,2,232.5,2,231.8,2,52.68,6,23.57,6,0,6,1.59,6,0.002,2,0.003,2,0,2,0.014,3,2213.7,2,2356.1,2,793.8,2,20,7.7235,2,25,,9,,9,,9,,9,,9,,9,,,9,1.9906,2.4192,2
33RO20100308, A13.5,58,1,1,11701,2,20100328,2010-03-28 20:05,2005,-25.5002,1.5928,5002,5076,5076,2.4656,34.8844,2,34.8843,2,232.6,2,231.3,2,52.57,6,23.54,6,0,6,1.59,6,0.002,2,0.003,2,0,2,0.016,3,2214.6,6,2356.2,6,795.1,2,20,7.7241,2,25,,9,,9,,9,,9,,9,,9,,,9,1.9877,2.4647,2
33RO20100308, A13.5,59,1,24,11714,2,20100329,2010-03-29 2:07,207,-24.9998,1.5498,4574,5.6,5.6,23.1054,36.1568,2,36.1574,2,213.8,2,215.3,2,1.77,2,0.01,2,0,2,0.17,2,1.927,2,1.176,2,1.196,2,2.465,3,2079.6,6,2376.3,6,359.1,2,20,8.0237,2,25,66.32,2,4.53,2,,9,,9,,9,50.9,2,3,1.2,2,23.1042,23.1057,2
33RO20100308, A13.5,59,1,23,11713,2,20100329,2010-03-29 2:07,207,-24.9998,1.5498,4574,60.2,60.2,20.4916,35.8404,2,35.843,2,246.3,2,,9,1.64,2,0.07,2,0,2,0.19,2,2.365,2,1.408,2,1.349,2,2.142,3,2069.4,2,2356.7,2,366.1,6,20,8.0131,2,25,64.76,2,4.42,2,,9,,9,,9,46.4,2,3,1.34,2,20.4802,20.4852,2
33RO20100308, A13.5,59,1,22,11712,2,20100329,2010-03-29 2:07,207,-24.9998,1.5498,4574,118.2,118.2,16.9722,35.676,2,35.6723,2,225.2,2,,9,2.23,2,1.03,2,0.21,2,0.29,2,2.537,6,1.493,6,1.356,6,1.879,3,2084.6,2,2341.1,2,414.3,2,20,7.9663,2,25,53.72,2,5.84,2,,9,,9,,9,45,2,3,-0.15,4,16.9527,16.9726,2
33RO20100308, A13.5,59,1,21,11010,2,20100329,2010-03-29 2:07,207,-24.9998,1.5498,4574,179.3,179.3,15.9934,35.594,2,35.5906,2,223.4,2,,9,2.48,2,3.59,2,0.02,2,0.4,2,2.634,2,1.538,2,1.362,2,1.525,3,2093.5,2,2336.6,2,448.1,2,20,7.9385,2,25,51.68,2,7.78,2,,9,,9,,9,54.8,2,3.5,0.96,2,15.9649,15.9941,2
33RO20100308, A13.5,59,1,20,11715,2,20100329,2010-03-29 2:07,207,-24.9998,1.5498,4574,220.4,220.4,14.6546,35.3702,2,35.3675,2,199.5,2,,9,3.6,2,8.55,2,0.01,2,0.69,2,2.79,2,1.606,2,1.271,2,0.94,3,2116.1,2,2321.3,2,538.4,2,20,7.8687,2,25,50.72,2,11.76,2,,9,,9,,9,57.2,2,3,0.91,2,14.6216,14.6617,2
33RO20100308, A13.5,59,1,19,11007,2,20100329,2010-03-29 2:07,207,-24.9998,1.5498,4574,259.5,259.5,13.6382,35.2351,2,35.2351,2,202.7,2,,9,4,2,10.18,2,0.01,2,0.8,2,2.933,2,1.66,2,1.255,2,1.075,3,2122.8,2,2316,2,576.1,2,20,7.8432,2,25,46.52,2,12.55,2,,9,,9,,9,56.2,2,2.8,0.89,2,13.6012,13.6369,2
33RO20100308, A13.5,59,1,18,11710,2,20100329,2010-03-29 2:07,207,-24.9998,1.5498,4574,300.3,300.3,12.7227,35.1256,2,35.1237,2,187.5,2,189.4,2,4.88,2,13.28,2,0,2,0.98,2,3.007,2,1.675,2,1.191,2,1.107,3,2136.9,2,2311.3,2,641.7,2,20,7.7997,2,25,45.36,2,15.46,2,,9,,9,,9,53.9,2,3.9,0.86,2,12.6818,12.7219,2
33RO20100308, A13.5,59,1,17,11025,2,20100329,2010-03-29 2:07,207,-24.9998,1.5498,4574,399.3,399.3,10.8645,34.9004,2,34.898,2,184.7,2,182.7,2,7.47,2,18.15,2,0,2,1.29,2,3.081,2,1.645,2,0.993,2,1.198,3,2154,2,2300.7,2,743,2,20,7.7414,2,25,43.37,2,19.53,2,,9,,9,,9,40.9,2,3.1,0.89,2,10.8153,10.868,2
33RO20100308, A13.5,59,1,16,11709,2,20100329,2010-03-29 2:07,207,-24.9998,1.5498,4574,500.4,500.4,8.7168,34.6571,2,34.6556,2,181.6,2,181.1,2,12.15,2,23.3,2,0,2,1.62,2,2.933,2,1.506,2,0.794,2,1.681,3,2170,2,2292.1,2,856.1,2,20,7.6832,2,25,40.82,2,24.93,2,,9,,9,,9,22.2,2,2.8,0.95,2,8.6628,8.7106,2
33RO20100308, A13.5,59,1,15,11006,2,20100329,2010-03-29 2:07,207,-24.9998,1.5498,4574,699.6,699.6,5.3395,34.3829,2,34.3835,2,191.9,2,190.6,2,23.11,2,30.44,2,0,2,2.09,2,2.385,2,1.17,2,0.484,2,2.449,3,2191.5,2,2291.7,2,1016.1,2,20,7.6151,2,25,40.37,2,31.89,2,,9,,9,,9,-44.1,2,2.7,0.95,2,5.281,5.34,2
33RO20100308, A13.5,59,1,14,11708,2,20100329,2010-03-29 2:07,207,-24.9998,1.5498,4574,899.3,899.3,4.0821,34.409,2,34.4093,2,178.9,2,191.1,4,36.99,6,33.28,6,0,6,2.29,6,0.982,2,0.476,2,0.262,2,1.391,3,2213.5,2,2300.3,2,1108.9,2,20,7.583,2,25,40.05,2,34.69,2,,9,,9,,9,-89.9,2,2.6,0.84,2,4.0143,4.0825,2
33RO20100308, A13.5,59,1,13,11031,2,20100329,2010-03-29 2:07,207,-24.9998,1.5498,4574,1099.7,1099.7,3.5409,34.535,2,34.5345,2,178.4,2,182.1,4,44.24,6,32.58,6,0,6,2.25,6,0.228,2,0.112,2,0.061,2,0.515,3,2221.3,2,2312.1,2,1087.5,2,20,7.5912,2,25,38.36,2,34.82,2,,9,,9,,9,-122.7,2,2.5,0.75,2,3.4607,3.5399,2
33RO20100308, A13.5,59,1,12,11027,2,20100329,2010-03-29 2:07,207,-24.9998,1.5498,4574,1299.6,1299.6,3.4974,34.6707,2,34.6724,2,187.2,2,186.6,6,41.15,2,30.09,2,0,2,2.07,2,0.046,2,0.024,2,0,2,0.167,3,2214.2,2,2316.7,2,1012.2,2,20,7.62,2,25,37.59,2,32.18,2,,9,,9,,9,-121,2,2.4,0.79,2,3.4008,3.4972,2
33RO20100308, A13.5,59,1,11,11707,2,20100329,2010-03-29 2:07,207,-24.9998,1.5498,4574,1500.7,1500.7,3.3846,34.7641,2,34.7666,2,200.9,2,200.7,2,39.16,2,27.63,2,0,2,1.89,2,0.023,3,0.021,3,0.17,4,0.101,3,2206,2,2321.7,2,941.9,2,20,7.6509,2,25,38.03,2,29.63,2,,9,,9,,9,-121,2,2.5,0.83,2,3.2718,3.3841,2
33RO20100308, A13.5,59,1,10,11003,2,20100329,2010-03-29 2:07,207,-24.9998,1.5498,4574,1699.7,1699.7,3.2504,34.817,2,34.8165,2,213.7,2,213.2,2,38.44,2,25.92,2,0,2,1.77,2,0.012,2,0.007,2,0.042,2,0.084,3,2199.1,2,2319.2,6,893.4,2,20,7.6734,2,25,39.24,2,27.68,2,,9,,9,,9,-116.2,2,2.4,0.88,2,3.1217,3.2506,2
33RO20100308, A13.5,59,1,9,11706,2,20100329,2010-03-29 2:07,207,-24.9998,1.5498,4574,1900,1900,3.0483,34.8494,2,34.8488,2,224.1,2,223.5,2,39.19,2,24.61,2,0,2,1.68,2,0.01,2,0.007,2,0,2,0.086,3,2195,2,2325.5,2,848.2,2,20,7.6908,2,25,39.34,2,25.75,2,,9,,9,,9,-118.5,2,2.5,0.9,2,2.9044,3.0486,2
33RO20100308, A13.5,59,1,8,11033,2,20100329,2010-03-29 2:07,207,-24.9998,1.5498,4574,2150.3,2150.3,2.7934,34.8615,2,34.8602,2,230.8,2,230,2,42.41,6,24.05,6,0,6,1.63,6,0.005,2,0.005,2,0,2,0.067,3,2194.4,2,2326.4,6,829.3,2,20,7.7012,2,25,39.2,2,25.23,2,,9,,9,,9,-114.1,2,2.6,0.92,2,2.6305,2.7929,2
33RO20100308, A13.5,59,1,7,11705,2,20100329,2010-03-29 2:07,207,-24.9998,1.5498,4574,2450.5,2450.5,2.5954,34.8644,2,34.8637,2,234.3,2,233.7,2,45.8,6,23.86,6,0,6,1.62,6,0.002,2,0.002,2,0,2,0.038,3,2195.7,2,2333.8,2,818.8,2,20,7.7059,2,25,38.78,2,24.87,2,,9,,9,,9,-118.3,2,2.6,0.92,2,2.4079,2.5954,2
33RO20100308, A13.5,59,1,6,11029,2,20100329,2010-03-29 2:07,207,-24.9998,1.5498,4574,2749.6,2749.6,2.4789,34.8679,2,34.867,2,236.2,2,236,6,47.97,6,23.72,6,0,6,1.61,6,0.001,2,0.002,2,0,2,0.026,3,2197.3,2,2335.9,2,810.3,2,20,7.7101,2,25,38.52,2,25.18,2,,9,,9,,9,-118,2,2.6,1.11,2,2.2647,2.4787,2
33RO20100308, A13.5,59,1,5,11704,2,20100329,2010-03-29 2:07,207,-24.9998,1.5498,4574,3000.9,3000.9,2.4063,34.872,2,34.871,2,235.5,2,235.3,2,49.67,2,23.73,2,0,2,1.61,2,0.001,2,0.001,2,0,2,0.015,3,2200.1,2,2341.5,2,812.6,2,20,7.7136,2,25,37.97,2,25.48,2,,9,,9,,9,-114.5,2,2.8,0.93,2,2.1686,2.406,2
33RO20100308, A13.5,59,1,4,11030,2,20100329,2010-03-29 2:07,207,-24.9998,1.5498,4574,3400.4,3400.4,2.361,34.8787,2,34.8777,2,234.1,2,233.4,2,51.36,6,23.67,6,0,6,1.6,6,0.001,2,0.002,2,0,2,0.011,3,2206.8,2,2348.6,2,808.8,2,20,7.7168,2,25,38.5,2,25.42,2,,9,,9,,9,-117.3,2,2.6,1.08,2,2.0828,2.3603,2
33RO20100308, A13.5,59,1,3,11703,2,20100329,2010-03-29 2:07,207,-24.9998,1.5498,4574,3799.7,3799.7,2.3444,34.8846,2,34.8832,2,231.6,2,231.8,2,52.25,6,23.67,6,0,6,1.6,6,0.001,2,0.002,2,0,6,0.008,3,2213.1,2,2356.5,2,796.4,2,20,7.7207,2,25,39.31,2,25.12,2,,9,,9,,9,-121.2,2,2.5,0.89,2,2.0231,2.344,2
33RO20100308, A13.5,59,1,2,11702,2,20100329,2010-03-29 2:07,207,-24.9998,1.5498,4574,4200.6,4200.6,2.3652,34.8847,2,34.8835,2,232.3,2,231.7,2,52.55,2,23.61,2,0,2,1.6,2,0.002,2,0.004,2,0,2,0.014,3,2213.8,2,2356.7,2,795.9,6,20,7.723,2,25,40.85,2,25.41,2,,9,,9,,9,-110.8,2,3.5,0.93,2,1.9976,2.3647,2
33RO20100308, A13.5,59,1,1,11701,2,20100329,2010-03-29 2:07,207,-24.9998,1.5498,4574,4562.7,4562.7,2.4019,34.8844,2,34.8838,2,232.5,2,231.8,2,52.67,2,23.62,2,0,2,1.6,2,0.002,2,0.004,2,0,2,0.015,3,2215.8,6,2359.7,6,793.7,2,20,7.7234,2,25,40.78,2,25.32,2,,9,,9,,9,-120.5,2,2.6,0.88,2,1.99,2.4013,2
33RO20100308, A13.5,60,1,24,11714,2,20100329,2010-03-29 8:05,805,-24.5,1.5255,5276,5.1,5.1,22.873,36.0562,2,36.057,2,215.6,2,216.6,2,1.46,2,0.01,2,0,2,0.17,2,1.889,2,1.18,2,1.18,2,,5,2075,6,2371,6,360.1,2,20,8.023,2,25,,9,,9,,9,,9,,9,,9,,,9,22.872,22.8742,2
33RO20100308, A13.5,60,1,23,11713,2,20100329,2010-03-29 8:05,805,-24.5,1.5255,5276,49.8,49.8,20.0379,35.8336,2,35.8315,2,248.9,2,248.3,2,1.79,2,0.01,2,0,2,0.15,2,,9,,9,,9,,9,2064.4,2,2355.7,2,,9,,8.0133,2,25,,9,,9,,9,,9,,9,,9,,,9,20.0287,20.0316,2
33RO20100308, A13.5,60,1,22,11712,2,20100329,2010-03-29 8:05,805,-24.5,1.5255,5276,100.7,100.7,17.3729,35.7129,2,35.7137,2,240.1,2,239.2,2,1.96,2,0.06,2,0,2,0.2,2,2.442,6,1.476,6,1.393,6,,5,2077.4,2,2347,2,395.3,2,20,7.9857,2,25,,9,,9,,9,,9,,9,,9,,,9,17.356,17.3691,2
33RO20100308, A13.5,60,1,21,11010,2,20100329,2010-03-29 8:05,805,-24.5,1.5255,5276,200,200,15.1309,35.4552,2,35.449,2,217.8,2,216.5,2,2.74,2,5.68,2,0.01,2,0.51,2,2.668,2,1.579,2,1.377,2,,5,2102.8,2,2329.6,2,486.5,2,20,7.9093,2,25,,9,,9,,9,,9,,9,,9,,,9,15.1003,15.1303,2
33RO20100308, A13.5,60,1,20,11715,2,20100329,2010-03-29 8:05,805,-24.5,1.5255,5276,299.3,299.3,12.5081,35.1026,2,35.1076,2,208.8,2,209.4,2,4.23,2,11.57,2,0.01,2,0.87,2,3.003,2,1.712,2,1.267,2,,5,2125.2,2,2312.7,2,591.9,2,20,7.83,2,25,,9,,9,,9,,9,,9,,9,,,9,12.4678,12.5393,2
33RO20100308, A13.5,60,1,19,11007,2,20100329,2010-03-29 8:05,805,-24.5,1.5255,5276,400,400,10.6224,34.8701,2,34.8668,2,191.2,2,190.2,2,7.48,2,18.1,2,0,2,1.27,2,3.039,2,1.651,2,0.973,2,,5,2151.3,2,2300.2,2,,9,,7.7469,2,25,,9,,9,,9,,9,,9,,9,,,9,10.5738,10.6219,2
33RO20100308, A13.5,60,1,18,11710,2,20100329,2010-03-29 8:05,805,-24.5,1.5255,5276,499.7,499.7,8.0726,34.5931,2,34.5955,2,183.3,2,183.5,6,13.52,2,24.82,2,0,2,1.72,2,2.812,2,1.469,2,0.725,2,,5,2174.1,2,2293.7,2,886.8,2,20,7.6706,2,25,,9,,9,,9,,9,,9,,9,,,9,8.0211,8.0836,2
33RO20100308, A13.5,60,1,17,11025,2,20100329,2010-03-29 8:05,805,-24.5,1.5255,5276,600,600,6.2269,34.4411,2,34.4452,2,185,2,183.2,2,19.17,2,29.41,2,0,2,2.01,2,2.48,2,1.259,2,0.544,2,,5,2189.4,2,2290.1,2,1003.3,2,20,7.6215,2,25,,9,,9,,9,,9,,9,,9,,,9,6.1731,6.2226,2
33RO20100308, A13.5,60,1,16,11709,2,20100329,2010-03-29 8:05,805,-24.5,1.5255,5276,700.1,700.1,5.1165,34.3805,2,34.3814,2,187.6,2,189.1,2,25,2,31.23,2,0,2,2.14,2,2.111,2,1.057,2,0.401,2,,5,2196.9,2,2291.1,2,,9,,7.6079,2,25,,9,,9,,9,,9,,9,,9,,,9,5.0592,5.118,2
33RO20100308, A13.5,60,1,15,11006,2,20100329,2010-03-29 8:05,805,-24.5,1.5255,5276,800,800,4.3853,34.3969,2,34.3974,2,178.6,2,177.4,2,33.13,2,33.29,2,0,2,2.28,2,1.239,2,0.609,2,0.242,2,,5,2213.2,2,2299.9,2,1110,2,20,7.5823,2,25,,9,,9,,9,,9,,9,,9,,,9,4.3237,4.3865,2
33RO20100308, A13.5,60,1,14,11708,2,20100329,2010-03-29 8:05,805,-24.5,1.5255,5276,899.8,899.8,3.9409,34.4249,2,34.4255,2,177.7,2,,9,38.88,2,33.54,2,0,2,2.3,2,,9,,9,,9,,9,2218.9,2,2305.3,2,1118.7,2,20,7.5805,2,25,,9,,9,,9,,9,,9,,9,,,9,3.874,3.9432,2
33RO20100308, A13.5,60,1,13,11031,2,20100329,2010-03-29 8:05,805,-24.5,1.5255,5276,1000.4,1000.4,3.6611,34.4843,2,34.4849,2,176.4,2,176.2,2,42.66,2,33.36,2,0,2,2.3,2,0.354,2,0.176,2,0,2,,5,2222.8,6,2310.7,6,,9,,7.5823,2,25,,9,,9,,9,,9,,9,,9,,,9,3.588,3.6602,2
33RO20100308, A13.5,60,1,12,11027,2,20100329,2010-03-29 8:05,805,-24.5,1.5255,5276,1300.3,1300.3,3.507,34.6761,2,34.6772,2,189,2,188.2,2,40.49,2,30.01,2,0,2,2.06,2,,9,,9,,9,,9,2216.3,2,2317.8,2,1014.8,6,20,7.6226,2,25,,9,,9,,9,,9,,9,,9,,,9,3.4102,3.5064,2
33RO20100308, A13.5,60,1,11,11707,2,20100329,2010-03-29 8:05,805,-24.5,1.5255,5276,1601.2,1601.2,3.3945,34.8094,2,34.8091,2,209.8,2,209.3,2,36.15,2,26.36,2,0,2,1.79,2,,9,,9,,9,,9,2200.7,2,2320.1,2,899.3,2,20,7.6683,2,25,,9,,9,,9,,9,,9,,9,,,9,3.2727,3.3938,2
33RO20100308, A13.5,60,1,10,11003,2,20100329,2010-03-29 8:05,805,-24.5,1.5255,5276,1899.9,1899.9,3.1275,34.8642,2,34.8644,2,226.8,2,226.8,2,36.25,2,24.12,2,0,2,1.63,2,0.01,2,0.006,2,0,2,,5,2192.4,2,2323.3,2,,9,,7.697,2,25,,9,,9,,9,,9,,9,,9,,,9,2.9824,3.1272,2
33RO20100308, A13.5,60,1,9,11706,2,20100329,2010-03-29 8:05,805,-24.5,1.5255,5276,2200.2,2200.2,2.7938,34.865,2,34.8644,2,231.9,2,232,2,41.94,2,23.93,2,0,2,1.62,2,,9,,9,,9,,9,2195.3,2,2329.7,2,825.2,2,20,7.7033,2,25,,9,,9,,9,,9,,9,,9,,,9,2.6263,2.7936,2
33RO20100308, A13.5,60,1,8,11033,2,20100329,2010-03-29 8:05,805,-24.5,1.5255,5276,2500.7,2500.7,2.6095,34.8685,2,34.8674,2,235.5,2,235.3,2,45,2,23.72,2,0,2,1.6,2,,9,,9,,9,,9,2196.3,2,2333,2,814.6,2,20,7.7089,2,25,,9,,9,,9,,9,,9,,9,,,9,2.4169,2.6097,2
33RO20100308, A13.5,60,1,7,11705,2,20100329,2010-03-29 8:05,805,-24.5,1.5255,5276,2800.3,2800.3,2.4806,34.8687,2,34.8692,2,236.8,2,237.1,6,47.81,2,23.73,2,0,2,1.61,2,-0.001,3,0.002,3,0,2,,5,2197.6,2,2335.4,2,810.6,2,20,7.7113,2,25,,9,,9,,9,,9,,9,,9,,,9,2.2614,2.4805,2
33RO20100308, A13.5,60,1,6,11029,9,20100329,2010-03-29 8:05,805,-24.5,1.5255,5276,3200.5,3200.5,2.3928,34.8764,2,,9,235.3,2,,9,-9,9,-9,9,-9,9,-9,9,,9,,9,,9,,9,,9,,9,,9,,,9,,,9,,9,,9,,9,,9,,9,,,9,2.1349,2.3926,2
33RO20100308, A13.5,60,1,5,11704,2,20100329,2010-03-29 8:05,805,-24.5,1.5255,5276,3600.6,3600.6,2.3604,34.8824,2,34.8814,2,233.1,2,233.5,2,51.56,2,23.75,2,0,2,1.61,2,,9,,9,,9,,9,2209.9,2,2351.1,2,800.4,2,20,7.719,2,25,,9,,9,,9,,9,,9,,9,,,9,2.0607,2.3602,2
33RO20100308, A13.5,60,1,4,11030,2,20100329,2010-03-29 8:05,805,-24.5,1.5255,5276,3999.4,3999.4,2.3633,34.8856,2,34.8846,2,232.1,2,231.9,2,52.07,6,23.66,6,0,6,1.58,6,0.002,2,0.002,2,0,2,,5,2213.6,2,2354.1,2,,9,,7.721,2,25,,9,,9,,9,,9,,9,,9,,,9,2.0189,2.3629,2
33RO20100308, A13.5,60,1,3,11703,2,20100329,2010-03-29 8:05,805,-24.5,1.5255,5276,4399.6,4399.6,2.39,34.8854,2,34.8853,2,232.2,2,232.6,2,52.35,6,23.58,6,0,6,1.58,6,,9,,9,,9,,9,2215.1,2,2358.6,2,795.2,2,20,7.7229,2,25,,9,,9,,9,,9,,9,,9,,,9,1.9981,2.3897,2
33RO20100308, A13.5,60,1,2,11702,2,20100329,2010-03-29 8:05,805,-24.5,1.5255,5276,4800,4800,2.4294,34.8848,2,34.8841,2,233,2,232.6,2,52.5,6,23.57,6,0,6,1.58,6,,9,,9,,9,,9,2216.3,2,2359.8,2,793.9,2,20,7.7241,2,25,,9,,9,,9,,9,,9,,9,,,9,1.9875,2.429,2
33RO20100308, A13.5,60,1,1,11701,2,20100329,2010-03-29 8:05,805,-24.5,1.5255,5276,5357.7,5357.7,2.4927,34.8837,2,34.8841,2,233.4,2,232.7,2,52.66,6,23.56,6,0,6,1.58,6,0.001,2,0.004,2,0,2,,5,2216.4,6,2358.3,6,794.8,2,20,7.7245,2,25,,9,,9,,9,,9,,9,,9,,,9,1.9773,2.4922,2
33RO20100308, A13.5,61,1,24,11714,2,20100329,2010-03-29 14:20,1420,-24,1.5007,5075,5.9,5.9,23.5129,36.0414,2,36.0413,2,212.6,2,214,2,0.76,2,0,2,0,2,0.28,2,1.854,2,1.149,2,1.169,2,2.167,3,2069.8,6,2372.4,6,348.1,2,20,8.0338,2,25,67.66,2,4.58,2,,9,,9,,9,,9,,,9,23.5117,23.5133,2
33RO20100308, A13.5,61,1,23,11713,2,20100329,2010-03-29 14:20,1420,-24,1.5007,5075,30.1,30.1,23.5092,36.0398,2,36.0403,2,213.1,2,214.2,2,0.77,2,0,2,0,2,0.28,2,1.85,2,1.149,2,1.171,2,2.195,3,2068.6,2,2372.1,2,347,2,20,8.0339,2,25,67,2,4.14,2,,9,,9,,9,,9,,,9,23.5029,23.5052,2
33RO20100308, A13.5,61,1,22,11712,2,20100329,2010-03-29 14:20,1420,-24,1.5007,5075,70.5,70.5,18.9366,35.8349,2,35.8312,2,246.1,2,245.7,2,1.8,2,0.01,2,0,2,0.18,2,2.407,6,1.436,6,1.373,6,1.957,3,2069.6,2,2353.1,2,373.9,2,20,8.0067,2,25,64.49,2,3.6,2,,9,,9,,9,,9,,,9,18.924,18.9454,2
33RO20100308, A13.5,61,1,21,11010,2,20100329,2010-03-29 14:20,1420,-24,1.5007,5075,100,100,17.4634,35.7349,2,35.7296,2,240.5,2,239.5,2,1.94,2,0.02,2,0.01,2,0.21,2,2.477,2,1.473,2,1.401,2,1.724,3,2076.7,2,2347.9,2,394.4,2,20,7.9851,2,25,56.08,2,3.66,2,,9,,9,,9,,9,,,9,17.4465,17.4741,2
33RO20100308, A13.5,61,1,20,11715,2,20100329,2010-03-29 14:20,1420,-24,1.5007,5075,125.1,125.1,16.5262,35.6676,2,35.6679,2,229.6,2,230.4,2,2.08,2,1.46,2,0.2,2,0.3,2,2.543,2,1.512,2,1.353,2,1.657,3,2086.2,2,2342.6,2,426.7,2,20,7.9605,2,25,55.12,2,5,2,,9,,9,,9,,9,,,9,16.5059,16.5352,2
33RO20100308, A13.5,61,1,19,11007,2,20100329,2010-03-29 14:20,1420,-24,1.5007,5075,149.1,149.1,16.0437,35.6064,2,35.6024,2,225.3,2,225,2,2.29,2,3.12,2,0.05,2,0.38,2,2.598,2,1.533,2,1.423,2,1.455,3,2092.8,2,2337.5,2,445.5,2,20,7.9416,2,25,53.98,2,5.68,2,,9,,9,,9,,9,,,9,16.02,16.0263,2
33RO20100308, A13.5,61,1,18,11710,2,20100329,2010-03-29 14:20,1420,-24,1.5007,5075,299.3,299.3,12.0982,35.0509,2,35.0419,2,215,2,213.8,2,4.58,2,12.14,2,0,2,0.91,2,3.12,2,1.736,2,1.217,2,1.252,3,2129.7,2,2310,2,611.1,2,20,7.824,2,25,46.24,2,13.89,2,,9,,9,,9,,9,,,9,12.0588,12.08,2
33RO20100308, A13.5,61,1,17,11025,2,20100329,2010-03-29 14:20,1420,-24,1.5007,5075,449.7,449.7,8.6847,34.6489,2,34.6503,2,192,2,191.4,6,11.55,2,22.33,2,0,2,1.56,2,3.009,2,1.564,2,0.784,2,1.671,3,2164.3,6,2294.2,2,832.5,2,20,7.6994,2,25,43.62,2,24.29,2,,9,,9,,9,,9,,,9,8.6364,8.6919,2
33RO20100308, A13.5,61,1,16,11709,2,20100329,2010-03-29 14:20,1420,-24,1.5007,5075,599.5,599.5,6.308,34.4655,2,34.4651,2,166.4,2,170,2,19.87,2,30.27,2,0,2,2.05,2,2.167,2,1.075,2,0.407,2,1.782,3,2195.3,2,2290.7,2,1052,6,20,7.6038,2,25,40.41,2,31.89,2,,9,,9,,9,,9,,,9,6.2538,6.306,2
33RO20100308, A13.5,61,1,15,11006,2,20100329,2010-03-29 14:20,1420,-24,1.5007,5075,801,801,4.3771,34.4041,2,34.4041,2,174.2,2,175.9,2,33.47,2,33.25,2,0,2,2.28,2,1.053,2,0.512,2,0,2,1.376,3,2212.6,2,2299.5,6,1112,2,20,7.582,2,25,39.09,2,34.46,2,,9,,9,,9,,9,,,9,4.3155,4.3806,2
33RO20100308, A13.5,61,1,14,11708,2,20100329,2010-03-29 14:20,1420,-24,1.5007,5075,1100,1100,3.6066,34.5539,2,34.5545,2,176.5,2,176.9,2,42.69,2,32.43,2,0,2,2.23,2,0.15,2,0.075,2,0.065,2,0.383,3,,9,,9,,9,,7.59,2,25,39.07,2,34.42,2,,9,,9,,9,,9,,,9,3.5258,3.6063,2
33RO20100308, A13.5,61,1,13,11031,2,20100329,2010-03-29 14:20,1420,-24,1.5007,5075,1400.8,1400.8,3.5156,34.7309,2,34.7305,2,194.2,2,194.3,2,38.6,2,28.76,2,0,2,1.97,2,0.022,2,0.012,2,0,2,0.099,3,2210.4,2,2317.8,2,972.7,2,20,7.6367,2,25,37.9,2,30.8,2,,9,,9,,9,,9,,,9,3.41,3.5152,2
33RO20100308, A13.5,61,1,12,11027,2,20100329,2010-03-29 14:20,1420,-24,1.5007,5075,1699.6,1699.6,3.3599,34.8356,2,34.8358,2,214.9,2,215.5,2,35.29,2,25.44,2,0,2,1.73,2,0.009,2,0.006,2,0,2,0.078,3,2198.6,2,2321.6,2,876.2,2,20,7.679,2,25,37.96,2,26.99,2,,9,,9,,9,,9,,,9,3.2297,3.3603,2
33RO20100308, A13.5,61,1,11,11707,2,20100329,2010-03-29 14:20,1420,-24,1.5007,5075,1998.3,1998.3,3.1275,34.879,2,34.8789,2,229.8,2,230.4,2,35.15,2,23.58,2,0,2,1.59,2,0.007,2,0.005,2,0.099,2,0.074,3,2190.8,2,2323.4,2,824,2,20,7.7046,2,25,38.65,2,24.82,2,,9,,9,,9,,9,,,9,2.9734,3.1268,2
33RO20100308, A13.5,61,1,8,11033,2,20100329,2010-03-29 14:20,1420,-24,1.5007,5075,2299.3,2299.3,2.8458,34.877,2,34.8771,2,234.9,2,234.6,6,40.07,2,23.45,2,0,2,1.59,2,0.004,2,0.004,2,0,2,0.059,3,2194.8,2,2329.1,2,821.1,2,20,7.7084,2,25,38.92,2,25.53,2,,9,,9,,9,,9,,,9,2.6681,2.8456,2
33RO20100308, A13.5,61,1,10,11003,2,20100329,2010-03-29 14:20,1420,-24,1.5007,5075,2399.2,2399.2,2.7287,34.8716,2,34.8716,2,234.7,2,235.1,2,42.72,2,23.6,2,0,2,1.6,2,0.004,2,0.003,2,0.065,3,0.054,3,2197.5,2,2329.6,2,818.9,2,20,7.7079,2,25,38.6,2,24.85,2,,9,,9,,9,,9,,,9,2.5436,2.7283,2
33RO20100308, A13.5,61,1,7,11705,2,20100329,2010-03-29 14:20,1420,-24,1.5007,5075,2601.4,2601.4,2.5976,34.8674,2,34.8682,2,236.4,2,235.9,2,45.86,2,23.72,2,0,2,1.61,2,0.008,6,0.005,6,0,6,0.055,3,2190.9,2,2331.4,2,816.7,2,20,7.7078,2,25,39.29,2,24.83,2,,9,,9,,9,,9,,,9,2.3956,2.5974,2
33RO20100308, A13.5,61,1,9,11706,2,20100329,2010-03-29 14:20,1420,-24,1.5007,5075,2766,2766,2.5189,34.868,2,34.8683,2,236,2,236.7,2,47.38,2,23.69,2,0,2,1.61,2,0.003,2,0.002,2,0.056,2,0.032,3,2195.4,2,2334.4,2,820.1,2,20,7.71,2,25,38.82,2,25.34,2,,9,,9,,9,,9,,,9,2.3023,2.5185,2
33RO20100308, A13.5,61,1,6,11029,2,20100329,2010-03-29 14:20,1420,-24,1.5007,5075,2999.1,2999.1,2.4584,34.8706,2,34.8711,2,236.7,2,238.1,2,48.91,2,23.69,2,0,2,1.61,2,0.002,2,0.002,2,0,2,0.024,3,2198.6,2,2339.5,2,810,2,20,7.712,2,25,39.02,2,24.84,2,,9,,9,,9,,9,,,9,2.2197,2.4581,2
33RO20100308, A13.5,61,1,5,11704,2,20100329,2010-03-29 14:20,1420,-24,1.5007,5075,3399.2,3399.2,2.3943,34.8785,2,34.8785,2,235,2,234.7,2,50.86,2,23.67,2,0,2,1.61,2,0.001,2,0.002,2,0.084,3,0.013,3,2205.6,2,2345.9,2,803.5,2,20,7.7159,2,25,39.32,2,25.39,2,,9,,9,,9,,9,,,9,2.1154,2.3936,2
33RO20100308, A13.5,61,1,4,11030,2,20100329,2010-03-29 14:20,1420,-24,1.5007,5075,3799.3,3799.3,2.3691,34.8843,2,34.884,2,231.9,2,232.9,2,52,6,23.61,6,0,6,1.59,6,0.002,2,0.002,2,0.054,2,0.011,3,2211.3,2,2353.6,2,799.7,2,20,7.7193,2,25,38.7,2,24.9,2,,9,,9,,9,,9,,,9,2.0472,2.3687,2
33RO20100308, A13.5,61,1,3,11703,2,20100329,2010-03-29 14:20,1420,-24,1.5007,5075,4201,4201,2.3778,34.8856,2,34.8852,2,231.7,2,232.5,2,52.53,6,23.55,6,0,6,1.59,6,0.002,2,0.003,2,0.054,2,0.015,3,2214,2,2355.8,2,795.8,6,20,7.7223,2,25,38.93,2,25.52,2,,9,,9,,9,,9,,,9,2.0098,2.3776,2
33RO20100308, A13.5,61,1,2,11702,2,20100329,2010-03-29 14:20,1420,-24,1.5007,5075,4601.2,4601.2,2.4078,34.885,2,34.8844,2,232.4,2,232.8,2,52.74,6,23.55,6,0.01,6,1.59,6,0.001,2,0.002,2,0,2,0.019,3,2214.7,2,2357.9,2,794.4,2,20,7.7233,2,25,39.72,2,24.86,2,,9,,9,,9,,9,,,9,1.9911,2.4073,2
33RO20100308, A13.5,61,1,1,11701,2,20100329,2010-03-29 14:20,1420,-24,1.5007,5075,5135.4,5135.4,2.463,34.8838,2,34.8835,2,233.3,2,233.2,2,52.96,6,23.55,6,0.01,6,1.59,6,0.003,2,0.004,2,0,2,0.032,3,2217.1,6,2357.6,6,794.4,2,20,7.7247,2,25,40.46,2,25.24,2,,9,,9,,9,,9,,,9,1.9775,2.4626,2
33RO20100308, A13.5,62,1,24,11714,2,20100329,2010-03-29 21:10,2110,-23.4998,1.4718,5134,5.3,5.3,23.4443,36.0763,2,36.0774,2,213,2,215,2,1.24,2,0,2,0,2,0.23,2,1.869,2,1.152,2,1.168,2,2.267,3,2071.4,6,2375.1,6,355,2,20,8.0265,2,25,,9,,9,,9,,9,,9,,9,,,9,23.4432,23.4438,2
33RO20100308, A13.5,62,1,23,11713,2,20100329,2010-03-29 21:10,2110,-23.4998,1.4718,5134,39.1,39.1,23.4327,36.0749,2,36.0762,2,214.2,2,216.3,2,1.24,2,0.01,2,0,2,0.24,2,1.873,2,1.16,2,1.129,2,2.26,3,2071.5,2,2372.4,2,353.6,6,20,8.0283,2,25,,9,,9,,9,,9,,9,,9,,,9,23.4246,23.432,2
33RO20100308, A13.5,62,1,22,11712,2,20100329,2010-03-29 21:10,2110,-23.4998,1.4718,5134,74.4,74.4,18.9108,35.7471,2,35.7489,2,246,2,246.6,2,1.76,2,0.09,2,0.02,2,0.23,2,2.42,4,1.49,4,1.997,3,1.827,4,2067.3,2,2349.5,2,377.6,2,20,8.0007,2,25,,9,,9,,9,,9,,9,,9,,,9,18.8975,18.9052,2
33RO20100308, A13.5,62,1,21,11010,2,20100329,2010-03-29 21:10,2110,-23.4998,1.4718,5134,99.2,99.2,17.9035,35.7214,2,35.7215,2,222,2,223.4,2,1.67,2,2.95,2,0.46,2,0.5,3,2.421,2,1.451,2,1.413,2,1.601,3,2094.8,2,2347.5,2,442.9,2,20,7.9439,2,25,,9,,9,,9,,9,,9,,9,,,9,17.8865,17.9079,2
33RO20100308, A13.5,62,1,20,11715,2,20100329,2010-03-29 21:10,2110,-23.4998,1.4718,5134,199.4,199.4,14.223,35.3155,2,35.3147,2,194.8,2,202.3,2,3.82,2,9.14,2,0.01,2,0.74,2,2.813,2,1.628,2,1.271,2,0.887,3,2116.5,2,2320.1,2,548.9,2,20,7.8602,2,25,,9,,9,,9,,9,,9,,9,,,9,14.1938,14.2113,2
33RO20100308, A13.5,62,1,19,11007,2,20100329,2010-03-29 21:10,2110,-23.4998,1.4718,5134,300.7,300.7,11.5675,34.9871,2,34.9855,2,183.9,2,179.9,2,6.48,2,16.87,2,0.01,2,1.21,2,3.016,2,1.65,2,1.114,2,1.027,3,2147.7,2,2302,2,724.4,2,20,7.7532,2,25,,9,,9,,9,,9,,9,,9,,,9,11.529,11.5713,2
33RO20100308, A13.5,62,1,18,11710,2,20100329,2010-03-29 21:10,2110,-23.4998,1.4718,5134,400.1,400.1,9.3412,34.7354,2,34.7325,2,170.2,2,169.2,2,10.96,2,23.09,2,0,2,1.59,2,2.79,2,1.453,2,0.762,2,1.325,3,2169.3,2,2296,2,873.1,2,20,7.6783,2,25,,9,,9,,9,,9,,9,,9,,,9,9.2964,9.3411,2
33RO20100308, A13.5,62,1,17,11025,2,20100329,2010-03-29 21:10,2110,-23.4998,1.4718,5134,501.4,501.4,7.3776,34.5746,2,34.5737,2,143.3,2,137.6,2,17.49,2,30.95,2,0,2,2.07,2,1.898,2,0.953,2,0.367,2,1.286,3,2203.4,6,2289,2,1142.9,2,20,7.572,2,25,,9,,9,,9,,9,,9,,9,,,9,7.3285,7.3775,2
33RO20100308, A13.5,62,1,16,11709,2,20100329,2010-03-29 21:10,2110,-23.4998,1.4718,5134,698.7,698.7,5.2224,34.4571,2,34.4569,2,142.4,2,144.4,6,27.46,2,34.73,2,0,2,2.34,2,0.66,2,0.325,2,0,2,0.866,3,2216.1,2,2296.6,2,1232.7,2,20,7.5431,2,25,,9,,9,,9,,9,,9,,9,,,9,5.1646,5.2247,2
33RO20100308, A13.5,62,1,15,11006,2,20100329,2010-03-29 21:10,2110,-23.4998,1.4718,5134,899.2,899.2,4.1353,34.4597,2,34.4588,2,168.4,2,165.5,2,36.05,2,33.98,2,0,2,2.33,2,0.247,2,0.126,2,0,2,0.566,3,2217.7,2,2304.1,2,1155.3,2,20,7.5679,2,25,,9,,9,,9,,9,,9,,9,,,9,4.0671,4.1362,2
33RO20100308, A13.5,62,1,14,11708,2,20100329,2010-03-29 21:10,2110,-23.4998,1.4718,5134,1098.9,1098.9,3.7148,34.5512,2,34.5519,2,178.8,2,180,2,39.66,2,32.06,2,0,2,2.2,2,0.145,2,0.075,2,0,2,0.406,3,2213.2,2,2312.1,2,1080.4,2,20,7.5956,2,25,,9,,9,,9,,9,,9,,9,,,9,3.6332,3.7148,2
33RO20100308, A13.5,62,1,13,11031,2,20100329,2010-03-29 21:10,2110,-23.4998,1.4718,5134,1299.9,1299.9,3.6809,34.6789,2,34.6796,2,185.9,2,187.5,2,37.71,2,29.9,2,0,2,2.05,2,0.035,2,0.02,2,0,2,0.157,3,2206.8,2,2317,2,1016.2,2,20,7.621,2,25,,9,,9,,9,,9,,9,,9,,,9,3.5824,3.6806,2
33RO20100308, A13.5,62,1,12,11027,2,20100329,2010-03-29 21:10,2110,-23.4998,1.4718,5134,1501.2,1501.2,3.5595,34.7741,2,34.7746,2,198.5,2,199.4,2,35.98,2,27.58,2,0,2,1.89,2,0.016,2,0.011,2,0,2,0.091,3,2199.7,2,2319.9,2,949.1,2,20,7.6488,2,25,,9,,9,,9,,9,,9,,9,,,9,3.4447,3.5598,2
33RO20100308, A13.5,62,1,11,11707,2,20100329,2010-03-29 21:10,2110,-23.4998,1.4718,5134,1699.5,1699.5,3.4723,34.8452,2,34.8454,2,214.5,2,214.6,2,32.87,2,25.18,2,0,2,1.72,2,0.007,2,0.005,2,0,2,0.078,3,2190.8,2,2320.4,6,876.9,2,20,7.6799,2,25,,9,,9,,9,,9,,9,,9,,,9,3.3407,3.4723,2
33RO20100308, A13.5,62,1,10,11003,2,20100329,2010-03-29 21:10,2110,-23.4998,1.4718,5134,1898.9,1898.9,3.2771,34.877,3,34.8868,4,224.3,2,226,2,33.27,2,23.89,2,0,2,1.62,2,,9,,9,,9,,9,2186.9,2,2323.5,6,835.4,2,20,7.6976,2,25,,9,,9,,9,,9,,9,,9,,,9,3.1299,3.2778,2
33RO20100308, A13.5,62,1,9,11706,2,20100329,2010-03-29 21:10,2110,-23.4998,1.4718,5134,2200.4,2200.4,2.9805,34.887,4,34.8768,4,234.3,2,235.1,6,36.65,2,23.08,2,0,2,1.57,2,0.004,2,0.004,2,0,2,0.057,3,2186.1,2,2326.3,6,813.9,2,20,7.711,2,25,,9,,9,,9,,9,,9,,9,,,9,2.8099,2.9797,2
33RO20100308, A13.5,62,1,8,11033,2,20100329,2010-03-29 21:10,2110,-23.4998,1.4718,5134,2498.6,2498.6,2.6681,34.8714,2,34.8723,2,234.8,2,236,2,43.83,2,23.54,2,0,2,1.6,2,,9,,9,,9,,9,2191.5,2,2333.5,6,821.4,2,20,7.7097,2,25,,9,,9,,9,,9,,9,,9,,,9,2.4746,2.6675,2
33RO20100308, A13.5,62,1,7,11705,2,20100329,2010-03-29 21:10,2110,-23.4998,1.4718,5134,2802.4,2802.4,2.5137,34.8708,2,34.8712,2,237,2,237.6,2,47.08,2,23.54,2,0,2,1.6,2,0.002,2,0.003,2,0,2,0.026,3,2195.2,2,2335.7,2,810,2,20,7.7127,2,25,,9,,9,,9,,9,,9,,9,,,9,2.2936,2.5135,2
33RO20100308, A13.5,62,1,6,11029,2,20100329,2010-03-29 21:10,2110,-23.4998,1.4718,5134,3201,3201,2.4153,34.8772,2,34.8775,2,235.8,2,237,2,49.63,2,23.56,2,0,2,1.6,2,,9,,9,,9,,9,2201.1,2,2343.1,2,805.8,2,20,7.7158,2,25,,9,,9,,9,,9,,9,,9,,,9,2.1568,2.4149,2
33RO20100308, A13.5,62,1,5,11704,2,20100329,2010-03-29 21:10,2110,-23.4998,1.4718,5134,3599.2,3599.2,2.386,34.8859,2,34.8864,2,232.4,2,233.3,2,50.92,6,23.53,6,0,6,1.59,6,0.003,2,0.002,2,0,2,0.021,3,2208.9,2,2353.1,2,803.1,2,20,7.7179,2,25,,9,,9,,9,,9,,9,,9,,,9,2.0857,2.3857,2
33RO20100308, A13.5,62,1,4,11030,2,20100329,2010-03-29 21:10,2110,-23.4998,1.4718,5134,4000.2,4000.2,2.3691,34.8863,2,34.8853,2,231.7,2,232.8,2,52.02,6,23.52,6,0,6,1.59,6,,9,,9,,9,,9,2215,2,2350.8,6,799.5,2,20,7.7212,2,25,,9,,9,,9,,9,,9,,9,,,9,2.0245,2.3687,2
33RO20100308, A13.5,62,1,3,11703,2,20100329,2010-03-29 21:10,2110,-23.4998,1.4718,5134,4400.1,4400.1,2.3887,34.8854,2,34.885,2,232.5,2,234.3,2,52.43,6,23.5,6,0,6,1.59,6,0.001,2,0.002,2,0,2,0.017,3,2214.5,2,2361.7,2,796.5,2,20,7.7231,2,25,,9,,9,,9,,9,,9,,9,,,9,1.9968,2.3885,2
33RO20100308, A13.5,62,1,2,11702,2,20100329,2010-03-29 21:10,2110,-23.4998,1.4718,5134,4798.2,4798.2,2.42,34.8841,2,34.8842,2,232.9,2,233.5,2,52.83,6,23.49,6,0,6,1.59,6,0.003,2,0.004,2,0,2,0.024,3,2216.7,2,2357.2,2,795.4,6,20,7.7234,2,25,,9,,9,,9,,9,,9,,9,,,9,1.9786,2.4197,2
33RO20100308, A13.5,62,1,1,11701,2,20100329,2010-03-29 21:10,2110,-23.4998,1.4718,5134,5194.3,5194.3,2.4633,34.883,2,34.8821,2,233.4,2,233.1,2,52.96,6,23.5,6,0,6,1.59,6,0.004,2,0.003,2,0,2,0.031,3,2215,6,2360.8,6,797.3,2,20,7.7235,2,25,,9,,9,,9,,9,,9,,9,,,9,1.9702,2.4628,2
33RO20100308, A13.5,63,1,24,11714,2,20100330,2010-03-30 3:25,325,-23,1.4432,4953,5.7,5.7,23.2456,36.0903,2,36.095,2,215.9,2,215.4,2,1.29,2,0.01,2,0,2,0.22,2,1.892,2,1.165,2,1.175,2,2.198,3,2075.9,6,2373.2,6,357.2,2,20,8.0281,2,25,66.26,2,5.1,2,,9,,9,,9,50.8,2,3,1.5,2,23.2444,23.2436,2
33RO20100308, A13.5,63,1,23,11713,2,20100330,2010-03-30 3:25,325,-23,1.4432,4953,60.6,60.6,19.0935,35.7744,2,35.7706,2,247.8,2,246.7,2,1.74,2,0.03,2,0,2,0.2,2,2.402,2,1.441,2,1.339,2,1.801,3,2069.3,2,2350.2,2,373.8,6,20,8.006,2,25,61.22,2,4.74,2,,9,,9,,9,50.3,2,3.3,1.43,2,19.0826,19.0928,2
33RO20100308, A13.5,63,1,22,11712,2,20100330,2010-03-30 3:25,325,-23,1.4432,4953,119.7,119.7,16.918,35.6426,2,35.641,2,219.5,2,218.6,2,2.45,2,2.56,2,0.27,2,0.38,2,2.529,6,1.498,6,1.365,6,1.306,3,2092.4,2,2339.8,2,438.9,2,20,7.9467,2,25,54.29,2,7.18,2,,9,,9,,9,55.4,2,3,1.14,2,16.8983,16.9174,2
33RO20100308, A13.5,63,1,21,11010,2,20100330,2010-03-30 3:25,325,-23,1.4432,4953,198.8,198.8,13.7066,35.2404,2,35.2367,2,176.7,3,192.6,2,4.16,2,11.04,2,0.01,2,0.84,2,2.898,2,1.652,2,1.274,2,0.881,3,2128.1,2,2315,2,598.9,2,20,7.8295,2,25,46.98,2,14.69,2,,9,,9,,9,63.1,2,3,0.85,2,13.6782,13.7065,2
33RO20100308, A13.5,63,1,20,11715,2,20100330,2010-03-30 3:25,325,-23,1.4432,4953,299.8,299.8,11.2997,34.9582,2,34.9598,2,177.5,2,171,2,7.13,2,18.38,2,0,2,1.27,2,2.989,2,1.628,2,1.015,2,0.978,3,2158.7,2,2303.2,2,766.6,2,20,7.729,2,25,45.08,2,20.52,2,,9,,9,,9,48.1,2,2.8,0.79,2,11.2619,11.306,2
33RO20100308, A13.5,63,1,19,11007,2,20100330,2010-03-30 3:25,325,-23,1.4432,4953,448.6,448.6,8.6289,34.7157,2,34.7152,2,87.1,2,87.8,2,16.23,2,32.85,2,0,2,2.17,2,1.731,2,0.891,2,0.4,2,0.831,3,2227.7,2,2290.5,2,1353.8,2,20,7.5036,2,25,42.24,2,34.58,2,,9,,9,,9,-8.8,2,2.7,0.43,3,8.5808,8.63,2
33RO20100308, A13.5,63,1,18,11710,2,20100330,2010-03-30 3:25,325,-23,1.4432,4953,599.6,599.6,6.1091,34.4835,2,34.4839,2,142.8,2,144.4,2,22.01,2,33.03,2,0,2,2.22,2,1.496,2,0.739,2,0.228,2,1.354,3,2211.1,2,2287.6,2,1194.7,2,20,7.5553,2,25,41.04,2,34.45,2,,9,,9,,9,-45.9,2,2.6,0.75,2,6.0558,6.1125,2
33RO20100308, A13.5,63,1,17,11025,2,20100330,2010-03-30 3:25,325,-23,1.4432,4953,748.4,748.4,4.9811,34.4568,2,34.4553,2,142.5,2,144.1,2,29.38,2,35.07,2,0,2,2.37,2,0.421,2,0.208,2,0.051,2,0.661,3,2220.7,2,2294.9,2,1237.2,6,20,7.54,2,25,39.89,2,36.8,2,,9,,9,,9,-91.6,2,2.6,0.75,2,4.9203,4.9841,2
33RO20100308, A13.5,63,1,16,11709,2,20100330,2010-03-30 3:25,325,-23,1.4432,4953,899.5,899.5,4.2585,34.4591,2,34.4596,2,157.8,2,158.6,6,34.92,2,34.56,2,0,2,2.36,2,0.217,2,0.111,2,0.031,2,0.489,3,2219.6,2,2300.5,2,1178.9,2,20,7.558,2,25,39.79,2,36.3,2,,9,,9,,9,-110.9,2,2.4,0.78,2,4.1894,4.2587,2
33RO20100308, A13.5,63,1,15,11006,2,20100330,2010-03-30 3:25,325,-23,1.4432,4953,1151,1151,3.7488,34.5587,2,34.559,2,174.6,2,175.4,2,39.25,2,32.33,2,0,2,2.22,2,0.093,2,0.049,2,0,2,0.296,3,2216.9,2,2309.5,6,1091.1,2,20,7.591,2,25,39.74,2,33.38,2,,9,,9,,9,-123.3,2,3,0.77,2,3.6625,3.7487,2
33RO20100308, A13.5,63,1,14,11708,2,20100330,2010-03-30 3:25,325,-23,1.4432,4953,1300,1300,3.7227,34.655,2,34.6549,2,182.7,2,182.9,2,37.59,2,30.54,2,0,2,2.09,2,0.041,2,0.022,2,0,2,0.174,3,2212.9,2,2312.1,2,1034.3,2,20,7.6131,2,25,39.89,2,32.35,2,,9,,9,,9,-125.2,2,2.4,0.77,2,3.6238,3.7222,2
33RO20100308, A13.5,63,1,13,11031,2,20100330,2010-03-30 3:25,325,-23,1.4432,4953,1448.8,1448.8,3.6694,34.7428,2,34.7422,2,194.4,2,195.2,2,35.41,2,28.25,2,0,2,1.93,2,0.023,2,0.014,2,0,2,0.127,3,2205,2,2313.7,2,964.8,2,20,7.6402,2,25,39.6,2,29.48,2,,9,,9,,9,-117.1,2,3,0.84,2,3.558,3.6691,2
33RO20100308, A13.5,63,1,12,11027,2,20100330,2010-03-30 3:25,325,-23,1.4432,4953,1600.2,1600.2,3.5514,34.8046,2,34.8036,2,205.8,2,206.2,2,34.2,2,26.5,2,0,2,1.81,2,0.012,2,0.008,2,0,2,0.093,3,2200,2,2317.6,2,914.9,2,20,7.6632,2,25,39.15,2,28.26,2,,9,,9,,9,-115,2,3.4,0.89,2,3.4278,3.5514,2
33RO20100308, A13.5,63,1,11,11707,2,20100330,2010-03-30 3:25,325,-23,1.4432,4953,1800.7,1800.7,3.3966,34.8601,2,34.8597,2,219.4,2,219.7,2,32.81,2,24.56,2,0,2,1.66,2,0.007,2,0.005,2,0,2,0.075,3,2191.4,2,2320,2,860.8,2,20,7.6874,2,25,39.38,2,25.58,2,,9,,9,,9,-111.4,2,3.1,0.97,2,3.2568,3.3967,2
33RO20100308, A13.5,63,1,10,11003,2,20100330,2010-03-30 3:25,325,-23,1.4432,4953,1999.1,1999.1,3.2366,34.8856,2,34.8849,2,229.4,2,229.8,6,32.84,2,23.36,2,0,2,1.58,2,0.008,2,0.007,2,0,2,0.079,3,2186.8,2,2320.4,2,826.1,2,20,7.7043,2,25,39.15,2,24.77,2,,9,,9,,9,-113,2,2.6,1.06,2,3.0807,3.2366,2
33RO20100308, A13.5,63,1,9,11706,2,20100330,2010-03-30 3:25,325,-23,1.4432,4953,2201.3,2201.3,3.0193,34.8895,2,34.8888,2,233.8,2,235.1,2,35.71,2,23.01,2,0,2,1.55,2,0.004,2,0.003,2,0,2,0.056,3,2186.7,2,2327.1,2,814.6,2,20,7.7124,2,25,39.4,2,24.56,2,,9,,9,,9,,9,,,9,2.8479,3.0195,2
33RO20100308, A13.5,63,1,8,11033,2,20100330,2010-03-30 3:25,325,-23,1.4432,4953,2399.3,2399.3,2.7928,34.88,2,34.8791,2,235.3,2,236.2,2,40.47,2,23.24,2,0,2,1.57,2,0.005,2,0.004,2,0,2,0.045,3,2190.2,2,2329.1,2,810.3,2,20,7.7131,2,25,39.21,2,24.6,2,,9,,9,,9,,9,,,9,2.6066,2.7929,2
33RO20100308, A13.5,63,1,7,11705,2,20100330,2010-03-30 3:25,325,-23,1.4432,4953,2598.4,2598.4,2.6047,34.8706,2,34.8708,2,235.6,2,236,2,45.11,2,23.56,2,0,2,1.6,2,0.003,2,0.002,2,0,2,0.032,3,2195.1,2,2332,2,815.2,2,20,7.7093,2,25,39.37,2,24.7,2,,9,,9,,9,,9,,,9,2.4028,2.6042,2
33RO20100308, A13.5,63,1,6,11029,2,20100330,2010-03-30 3:25,325,-23,1.4432,4953,3000.7,3000.7,2.4499,34.8734,3,34.8834,4,237.5,2,237.7,2,48.44,2,23.52,2,0,2,1.6,2,0.087,4,0.242,4,3.247,4,0.029,3,2198.3,2,2334.4,2,806.4,2,20,7.7133,2,25,39.14,2,24.68,2,,9,,9,,9,,9,,,9,2.2112,2.4496,2
33RO20100308, A13.5,63,1,5,11704,2,20100330,2010-03-30 3:25,325,-23,1.4432,4953,3400.4,3400.4,2.3813,34.884,2,34.8834,2,233.2,2,233.7,2,50.49,6,23.49,6,0,6,1.58,6,0.003,2,0.002,2,0,2,0.011,3,2206.2,2,2349,2,803,2,20,7.7178,2,25,39.37,2,24.69,2,,9,,9,,9,,9,,,9,2.1026,2.3811,2
33RO20100308, A13.5,63,1,4,11030,2,20100330,2010-03-30 3:25,325,-23,1.4432,4953,3799.7,3799.7,2.3634,34.8876,2,34.8871,2,232.1,2,232.8,2,51.55,6,23.47,6,0,6,1.58,6,1.603,4,3.476,4,38.081,4,0.666,4,2210.9,2,2351.6,2,800.6,2,20,7.7199,2,25,39.16,2,25.01,2,,9,,9,,9,,9,,,9,2.0416,2.3634,2
33RO20100308, A13.5,63,1,3,11703,2,20100330,2010-03-30 3:25,325,-23,1.4432,4953,4199.2,4199.2,2.3719,34.8861,2,34.8853,2,233,2,232.9,2,52.15,6,23.47,6,0,6,1.58,6,0.003,2,0.003,2,0,2,0.044,3,2212.3,2,2352.2,2,797.5,2,20,7.721,2,25,39.71,2,25.25,2,,9,,9,,9,,9,,,9,2.0042,2.3714,2
33RO20100308, A13.5,63,1,2,11702,2,20100330,2010-03-30 3:25,325,-23,1.4432,4953,4598.6,4598.6,2.3973,34.8842,2,34.8836,2,233.8,2,233.5,2,52.6,6,23.5,6,0,6,1.58,6,0.004,2,0.005,2,0,2,0.023,3,2214.6,2,2357.2,2,794.1,2,20,7.7226,2,25,39.83,2,25.09,2,,9,,9,,9,,9,,,9,1.9812,2.3968,2
33RO20100308, A13.5,63,1,1,11701,2,20100330,2010-03-30 3:25,325,-23,1.4432,4953,5035.3,5035.3,2.4384,34.8828,2,34.8835,2,234.1,2,233.8,2,52.81,6,23.46,6,0,6,1.58,6,1.745,4,3.794,4,39.103,4,0.744,4,2215.1,6,2358.5,6,795,2,20,7.7235,2,25,39.69,2,25.35,2,,9,,9,,9,,9,,,9,1.9666,2.4381,2
33RO20100308, A13.5,64,1,24,11714,2,20100330,2010-03-30 10:17,1017,-22.5,1.4135,5138,5.1,5.1,23.2241,36.1239,2,36.1235,2,214.9,2,215.7,2,1.38,2,0.03,2,0,2,0.23,2,1.885,2,1.164,2,1.187,2,2.112,3,2077.6,6,2376,6,356.5,2,20,8.0255,2,25,,9,,9,,9,,9,,9,,9,,,9,23.2231,23.2272,2
33RO20100308, A13.5,64,1,23,11713,2,20100330,2010-03-30 10:17,1017,-22.5,1.4135,5138,40.9,40.9,23.2026,36.1204,2,36.1061,2,217.3,2,217.6,2,1.39,2,0.07,2,0,2,0.24,2,1.911,2,1.176,2,1.163,2,2.099,3,2077.7,2,2375.9,2,356.7,2,20,8.0255,2,25,,9,,9,,9,,9,,9,,9,,,9,23.1942,23.21,2
33RO20100308, A13.5,64,1,22,11712,2,20100330,2010-03-30 10:17,1017,-22.5,1.4135,5138,146.9,146.9,15.8765,35.5047,2,35.513,2,180.5,2,181,2,3.51,2,9.24,2,0.03,2,0.77,2,2.561,2,1.498,2,1.264,2,0.823,3,2126.5,2,2331.7,2,556.2,2,20,7.8602,2,25,,9,,9,,9,,9,,9,,9,,,9,15.8533,15.9158,2
33RO20100308, A13.5,64,1,21,11010,2,20100330,2010-03-30 10:17,1017,-22.5,1.4135,5138,300.4,300.4,11.012,34.9235,2,34.9236,2,180.5,2,183.9,2,7.26,2,17.61,2,0,2,1.27,2,3.03,2,1.649,2,1.028,2,1.119,3,2151.9,2,2303.5,2,736.1,2,20,7.7445,2,25,,9,,9,,9,,9,,9,,9,,,9,10.9748,11.0171,2
33RO20100308, A13.5,64,1,20,11715,2,20100330,2010-03-30 10:17,1017,-22.5,1.4135,5138,400,400,9.0821,34.7484,2,34.7488,2,94.9,2,95.7,2,15.41,2,31.13,2,0,2,2.09,2,2.026,2,1.06,2,0.564,2,0.845,3,2222.1,6,2294.3,2,1271.2,6,20,7.5275,2,25,,9,,9,,9,,9,,9,,9,,,9,9.038,9.0769,2
33RO20100308, A13.5,64,1,19,11007,2,20100330,2010-03-30 10:17,1017,-22.5,1.4135,5138,500.9,500.9,7.5779,34.6048,2,34.605,2,114.5,2,112.1,2,18.5,2,33.07,2,0,2,2.21,2,1.729,2,0.885,2,0.355,2,1.072,3,2221.2,2,2292.3,6,1279.9,2,20,7.5253,2,25,,9,,9,,9,,9,,9,,9,,,9,7.5281,7.5753,2
33RO20100308, A13.5,64,1,18,11710,2,20100330,2010-03-30 10:17,1017,-22.5,1.4135,5138,601.4,601.4,6.6498,34.5554,2,34.5562,2,94.7,2,103.2,2,21.85,2,36.11,2,0,2,2.39,2,0.984,6,0.494,6,0.172,6,0.775,3,2232.1,2,2291.9,2,1394,2,20,7.4907,2,25,,9,,9,,9,,9,,9,,9,,,9,6.5938,6.6478,2
33RO20100308, A13.5,64,1,17,11025,2,20100330,2010-03-30 10:17,1017,-22.5,1.4135,5138,750.4,750.4,5.3034,34.4832,2,34.4848,2,120.9,2,121.4,2,28.28,2,36.9,2,0,2,2.47,2,0.34,2,0.175,2,0.059,2,0.478,3,2231,2,2295.9,2,1353.9,2,20,7.5034,2,25,,9,,9,,9,,9,,9,,9,,,9,5.2405,5.3069,2
33RO20100308, A13.5,64,1,16,11709,2,20100330,2010-03-30 10:17,1017,-22.5,1.4135,5138,900.4,900.4,4.3483,34.458,2,34.4589,2,154.2,2,154,2,34.65,2,35.07,2,0,2,2.39,2,0.268,2,0.138,2,0.073,2,0.516,3,2222.5,2,2304.2,2,1212.9,2,20,7.549,2,25,,9,,9,,9,,9,,9,,9,,,9,4.2785,4.3482,2
33RO20100308, A13.5,64,1,15,11006,2,20100330,2010-03-30 10:17,1017,-22.5,1.4135,5138,1099.8,1099.8,3.8092,34.5418,2,34.5426,2,167.5,2,168.5,6,39.23,2,33.22,2,0,2,2.28,2,,9,,9,,9,,9,2221.9,2,2309.7,2,1128.7,2,20,7.5766,2,25,,9,,9,,9,,9,,9,,9,,,9,3.7267,3.8096,2
33RO20100308, A13.5,64,1,14,11708,2,20100330,2010-03-30 10:17,1017,-22.5,1.4135,5138,1300.3,1300.3,3.7185,34.6728,2,34.6737,2,184.3,2,185.1,2,37.21,2,30.26,2,0,2,2.08,2,,9,,9,,9,,9,2213.3,2,2315.8,2,1020.9,2,20,7.6166,2,25,,9,,9,,9,,9,,9,,9,,,9,3.6196,3.7188,2
33RO20100308, A13.5,64,1,13,11031,2,20100330,2010-03-30 10:17,1017,-22.5,1.4135,5138,1500.3,1500.3,3.6069,34.7715,2,34.7708,2,199.5,2,200.2,2,35.28,2,27.63,2,0,2,1.88,2,0.016,2,0.011,2,0.015,2,0.111,3,2205.1,2,2315.7,2,940.9,2,20,7.649,2,25,,9,,9,,9,,9,,9,,9,,,9,3.4916,3.6043,2
33RO20100308, A13.5,64,1,12,11027,2,20100330,2010-03-30 10:17,1017,-22.5,1.4135,5138,1700.3,1700.3,3.4811,34.8388,2,34.8398,2,214.2,2,214.4,2,33.12,2,25.43,2,0,2,1.72,2,,9,,9,,9,,9,2196.8,2,2320.3,2,877.4,2,20,7.6774,2,25,,9,,9,,9,,9,,9,,9,,,9,3.3493,3.4805,2
33RO20100308, A13.5,64,1,11,11707,2,20100330,2010-03-30 10:17,1017,-22.5,1.4135,5138,1899.6,1899.6,3.2662,34.8708,2,34.8705,2,223.2,2,223.1,6,34.11,2,24.32,2,0,2,1.65,2,,9,,9,,9,,9,2194.2,2,2323.7,2,846.9,2,20,7.6926,2,25,,9,,9,,9,,9,,9,,9,,,9,3.1191,3.2665,2
33RO20100308, A13.5,64,1,10,11003,2,20100330,2010-03-30 10:17,1017,-22.5,1.4135,5138,2099.4,2099.4,3.1149,34.8926,2,34.8927,2,233.8,2,234.7,2,33.83,2,23.06,2,0,2,1.56,2,0.005,2,0.005,2,0,2,0.068,3,2189.2,2,2324.7,2,811.1,2,20,7.7102,2,25,,9,,9,,9,,9,,9,,9,,,9,2.9515,3.1145,2
33RO20100308, A13.5,64,1,9,11706,2,20100330,2010-03-30 10:17,1017,-22.5,1.4135,5138,2298.3,2298.3,2.8744,34.8849,2,34.8847,2,235,2,235.8,2,38.54,2,23.21,2,0,2,1.57,2,,9,,9,,9,,9,2194.9,2,2328.2,2,813.9,2,20,7.7121,2,25,,9,,9,,9,,9,,9,,9,,,9,2.6963,2.8735,2
33RO20100308, A13.5,64,1,8,11033,2,20100330,2010-03-30 10:17,1017,-22.5,1.4135,5138,2501.6,2501.6,2.6967,34.8767,2,34.876,2,235.7,2,236.1,2,42.68,2,23.4,2,0,2,1.58,2,,9,,9,,9,,9,2195.1,2,2332.3,2,817.3,2,20,7.7109,2,25,,9,,9,,9,,9,,9,,9,,,9,2.5024,2.6968,2
33RO20100308, A13.5,64,1,7,11705,2,20100330,2010-03-30 10:17,1017,-22.5,1.4135,5138,2700.7,2700.7,2.5643,34.8715,2,34.8716,2,236.3,2,237,2,45.95,6,23.6,6,0,6,1.6,6,0.002,2,0.002,2,0,2,0.025,3,2196.5,2,2334.7,2,811.9,2,20,7.7112,2,25,,9,,9,,9,,9,,9,,9,,,9,2.3532,2.5641,2
33RO20100308, A13.5,64,1,6,11029,2,20100330,2010-03-30 10:17,1017,-22.5,1.4135,5138,3099.2,3099.2,2.4273,34.8764,2,34.8762,2,236.4,2,237.1,2,49.14,6,23.58,6,0,6,1.6,6,,9,,9,,9,,9,2202.2,2,2340.5,2,805.7,2,20,7.7138,2,25,,9,,9,,9,,9,,9,,9,,,9,2.1791,2.427,2
33RO20100308, A13.5,64,1,5,11704,2,20100330,2010-03-30 10:17,1017,-22.5,1.4135,5138,3498.3,3498.3,2.3821,34.8861,2,34.8858,2,232.3,2,233.2,2,50.84,6,23.64,6,0,6,1.6,6,,9,,9,,9,,9,2209.7,2,2350.9,2,801.9,2,20,7.7164,2,25,,9,,9,,9,,9,,9,,9,,,9,2.0929,2.3819,2
33RO20100308, A13.5,64,1,4,11030,2,20100330,2010-03-30 10:17,1017,-22.5,1.4135,5138,3900.5,3900.5,2.3673,34.8873,2,34.8872,2,232.3,2,232.1,2,51.81,6,23.62,6,0,6,1.6,6,0.001,2,0.002,2,0,2,0.01,3,2213.8,2,2355,2,797.4,2,20,7.7185,2,25,,9,,9,,9,,9,,9,,9,,,9,2.0341,2.367,2
33RO20100308, A13.5,64,1,3,11703,2,20100330,2010-03-30 10:17,1017,-22.5,1.4135,5138,4300,4300,2.3746,34.8855,2,34.8854,2,232.3,2,233.1,2,52.44,6,23.59,6,0,6,1.59,6,,9,,9,,9,,9,2214.9,2,2359.3,2,796.2,6,20,7.7205,2,25,,9,,9,,9,,9,,9,,9,,,9,1.995,2.374,2
33RO20100308, A13.5,64,1,2,11702,2,20100330,2010-03-30 10:17,1017,-22.5,1.4135,5138,4700,4700,2.4001,34.8835,2,34.8839,2,233.7,2,233.5,2,52.85,6,23.56,6,0,6,1.59,6,,9,,9,,9,,9,2214.4,2,2390.6,4,795.6,2,20,7.7221,2,25,,9,,9,,9,,9,,9,,9,,,9,1.9715,2.3997,2
33RO20100308, A13.5,64,1,1,11701,2,20100330,2010-03-30 10:17,1017,-22.5,1.4135,5138,5211.1,5211.1,2.4608,34.8825,2,34.8833,2,234.1,2,233.2,2,52.91,6,23.55,6,0,6,1.59,6,0.003,2,0.003,2,0,2,0.031,3,2217.4,6,2358.4,6,796.6,2,20,7.7183,2,25,,9,,9,,9,,9,,9,,9,,,9,1.9656,2.4603,2
33RO20100308, A13.5,65,1,24,11714,2,20100330,2010-03-30 16:48,1648,-22.0007,1.3858,5275,5.7,5.7,23.4174,35.6849,4,36.0838,2,213.2,2,213.9,2,1.18,2,0.01,2,0,2,0.24,2,1.852,2,1.148,2,1.109,2,2.172,3,2072.7,6,2373.4,2,353.5,2,20,8.0294,2,25,64.99,2,4.85,2,,1,,1,,9,,9,,,9,23.4162,23.4176,2
33RO20100308, A13.5,65,1,23,11713,2,20100330,2010-03-30 16:48,1648,-22.0007,1.3858,5275,70.8,70.8,18.3939,35.3736,4,35.7597,2,249.2,2,237.6,2,1.65,2,0.28,2,0.08,2,0.28,2,2.411,2,1.441,2,1.306,2,1.714,3,2081.2,2,2351.7,6,397.9,2,20,7.9823,2,25,55.19,2,4.89,2,,1,,1,,9,,9,,,9,18.3816,18.4019,2
33RO20100308, A13.5,65,1,22,11712,2,20100330,2010-03-30 16:48,1648,-22.0007,1.3858,5275,98.6,98.6,17.4517,35.2977,4,35.6902,2,245.4,3,228,2,2.1,2,0.96,2,0.12,2,0.32,2,2.465,2,1.47,2,1.369,2,1.596,3,2087.8,2,2345.1,2,418,6,20,7.9639,2,25,54.5,2,5.43,2,,1,,1,,9,,9,,,9,17.4351,17.4611,2
33RO20100308, A13.5,65,1,21,11010,2,20100330,2010-03-30 16:48,1648,-22.0007,1.3858,5275,199.9,199.9,13.7729,35.2608,2,35.2639,2,197.1,2,198.2,2,4.08,2,10.32,2,0.01,2,0.8,2,2.864,6,1.646,6,1.216,6,0.903,3,2124.5,2,2319.2,2,579.3,2,20,7.8418,2,25,49.29,2,14.75,2,,1,,1,,9,,9,,,9,13.7442,13.7479,2
33RO20100308, A13.5,65,1,20,11715,2,20100330,2010-03-30 16:48,1648,-22.0007,1.3858,5275,300.3,300.3,11.1496,34.9366,2,34.9342,2,190.1,2,187.2,2,7.04,2,17.05,2,0,2,1.22,2,3.048,2,1.667,2,0.997,2,1.154,3,2149.8,2,2303.8,2,719.2,2,20,7.7541,2,25,45.17,2,20.06,2,,1,,1,,9,,9,,,9,11.1121,11.1487,2
33RO20100308, A13.5,65,1,19,11007,2,20100330,2010-03-30 16:48,1648,-22.0007,1.3858,5275,399.6,399.6,9.2428,34.777,2,34.7801,2,81.2,2,79.8,2,15.12,2,32.41,2,0,2,2.14,2,1.837,2,0.959,2,0.421,2,0.748,3,2229.9,6,2294.8,2,1359.2,2,20,7.4993,2,25,43.51,2,33.7,2,,1,,1,,9,,9,,,9,9.1983,9.2491,2
33RO20100308, A13.5,65,1,18,11710,2,20100330,2010-03-30 16:48,1648,-22.0007,1.3858,5275,499.1,499.1,7.4179,34.6234,2,34.6236,2,85.3,2,83.4,2,20.01,2,36.32,2,0,2,2.39,2,1.046,2,0.529,2,0.165,2,0.694,3,2239,2,2291.8,6,1469.1,2,20,7.4691,2,25,40.57,2,37.78,2,,1,,1,,9,,9,,,9,7.3688,7.4157,2
33RO20100308, A13.5,65,1,17,11025,2,20100330,2010-03-30 16:48,1648,-22.0007,1.3858,5275,599.8,599.8,6.2307,34.5317,2,34.5327,2,107.2,2,105.7,2,23.8,2,36.65,2,0,2,2.43,2,0.727,2,0.366,2,0.038,2,0.673,3,2233.3,2,2293.4,2,1402.6,2,20,7.4882,2,25,39.86,2,37.91,2,,1,,1,,9,,9,,,9,6.1768,6.2273,2
33RO20100308, A13.5,65,1,16,11709,2,20100330,2010-03-30 16:48,1648,-22.0007,1.3858,5275,699.5,699.5,5.3791,34.4837,2,34.4847,2,123.9,2,122.2,2,27.89,2,36.61,2,0,2,2.45,2,0.412,2,0.208,2,0,2,0.556,3,2230.4,2,2295.6,2,1354.8,2,20,7.505,2,25,39,2,37.82,2,,1,,1,,9,,9,,,9,5.3203,5.3783,2
33RO20100308, A13.5,65,1,15,11006,2,20100330,2010-03-30 16:48,1648,-22.0007,1.3858,5275,799,799,4.8049,34.4638,2,34.4656,2,135.7,2,136.6,2,31.43,2,36.12,2,0,2,2.44,2,0.275,2,0.14,2,0.039,2,0.479,3,2227.8,2,2298.4,2,1282.2,2,20,7.5229,2,25,38.62,2,38,2,,1,,1,,9,,9,,,9,4.7407,4.8054,2
33RO20100308, A13.5,65,1,14,11708,2,20100330,2010-03-30 16:48,1648,-22.0007,1.3858,5275,899.3,899.3,4.288,34.4648,2,34.4675,2,151.9,2,152.6,6,35.39,2,35.06,2,0,2,2.38,2,0.223,2,0.114,2,0.056,2,0.451,3,2225,2,2300.5,2,1216.3,2,20,7.5462,2,25,38.43,2,36.92,2,,1,,1,,9,,9,,,9,4.2187,4.2889,2
33RO20100308, A13.5,65,1,13,11031,2,20100330,2010-03-30 16:48,1648,-22.0007,1.3858,5275,999.1,999.1,3.9015,34.488,2,34.4908,2,170.8,2,170.2,2,38.3,2,33.56,2,0,2,2.29,2,0.182,2,0.094,2,0.06,2,0.447,3,2218.8,2,2305.9,2,1129.8,2,20,7.5757,2,25,38.08,2,34.34,2,,1,,1,,9,,9,,,9,3.8267,3.8975,2
33RO20100308, A13.5,65,1,12,11027,2,20100330,2010-03-30 16:48,1648,-22.0007,1.3858,5275,1399.5,1399.5,3.6421,34.7404,2,34.7426,2,191.8,2,193.4,6,36.02,2,28.58,2,0,2,1.94,2,0.019,2,0.012,2,0,2,0.102,3,2206.2,2,2315.1,2,971.8,2,20,7.6361,2,25,38.23,2,29.74,2,,1,,1,,9,,9,,,9,3.5353,3.6414,2
33RO20100308, A13.5,65,1,11,11707,2,20100330,2010-03-30 16:48,1648,-22.0007,1.3858,5275,1600.2,1600.2,3.533,34.823,2,34.8237,2,210,2,211,2,33.43,2,25.88,2,0,2,1.75,2,0.019,2,0.014,2,0,2,0.112,3,2195.1,2,2317.4,2,892.5,2,20,7.6711,2,25,38.47,2,27.04,2,,1,,1,,9,,9,,,9,3.4096,3.5329,2
33RO20100308, A13.5,65,1,10,11003,2,20100330,2010-03-30 16:48,1648,-22.0007,1.3858,5275,1800.6,1800.6,3.3142,34.8694,2,34.8699,2,223.8,2,224.2,2,33.24,2,24.11,2,0,2,1.63,2,0.01,2,0.007,2,0,2,0.085,3,2188.9,2,2316.2,3,843.5,2,20,7.6939,2,25,38.16,2,26.27,2,,1,,1,,9,,9,,,9,3.1755,3.3141,2
33RO20100308, A13.5,65,1,9,11706,2,20100330,2010-03-30 16:48,1648,-22.0007,1.3858,5275,2099.7,2099.7,3.0421,34.8918,2,34.8917,2,234.7,2,235,2,35.13,2,23.01,2,0,2,1.55,2,0.004,2,0.004,2,0,2,0.058,3,2185.4,2,2322.7,2,812.5,2,20,7.7119,2,25,38.55,2,24.26,2,,9,,1,,9,,9,,,9,2.8799,3.0425,2
33RO20100308, A13.5,65,1,8,11033,2,20100330,2010-03-30 16:48,1648,-22.0007,1.3858,5275,2399.1,2399.1,2.7217,34.8769,2,34.877,2,235.9,2,236,2,42.22,2,23.32,2,0,2,1.58,2,0.004,2,0.003,2,0.056,2,0.038,3,2190.8,2,2332.2,2,817.8,2,20,7.7109,2,25,38.99,2,24.48,2,,1,,1,,9,,9,,,9,2.5368,2.7216,2
33RO20100308, A13.5,65,1,7,11705,2,20100330,2010-03-30 16:48,1648,-22.0007,1.3858,5275,2801.9,2801.9,2.5012,34.8762,2,34.8773,2,237.1,2,238.2,2,46.77,6,23.4,6,0,6,1.59,2,0.001,2,0.002,2,0,2,0.018,3,2195.8,2,2334.8,2,806.3,2,20,7.713,2,25,38.99,2,25.37,2,,9,,1,,9,,9,,,9,2.2814,2.5008,2
33RO20100308, A13.5,65,1,6,11029,2,20100330,2010-03-30 16:48,1648,-22.0007,1.3858,5275,3198.6,3198.6,2.4153,34.8805,2,34.8798,2,235.9,2,236.3,2,49.44,6,23.51,6,0,6,1.58,6,,5,,5,,5,,5,2201.7,2,2346.4,2,804.4,2,20,7.7152,2,25,39.15,2,25.02,2,,1,,1,,9,,9,,,9,2.1571,2.4151,2
33RO20100308, A13.5,65,1,5,11704,2,20100330,2010-03-30 16:48,1648,-22.0007,1.3858,5275,3598.9,3598.9,2.3773,34.888,2,34.887,2,232,2,231.9,2,51.19,6,23.63,6,0,6,1.59,6,0.002,2,0.001,2,0,2,0.009,3,2210.1,2,2350.8,2,803.6,2,20,7.7155,2,25,39.05,2,25.22,2,,9,,1,,9,,9,,,9,2.0773,2.3768,2
33RO20100308, A13.5,65,1,4,11030,4,20100330,2010-03-30 16:48,1648,-22.0007,1.3858,5275,3999.8,3999.8,2.3693,34.8874,3,34.8788,4,232.5,4,237.5,4,48.47,4,23.47,4,0,4,1.59,4,0.002,6,0.002,6,0,6,0.012,3,2198.7,4,2338.6,4,803.2,4,20,7.7147,2,25,39.04,2,24.8,2,,1,,1,,9,,9,,,9,2.0247,2.369,2
33RO20100308, A13.5,65,1,3,11703,2,20100330,2010-03-30 16:48,1648,-22.0007,1.3858,5275,4398.4,4398.4,2.3891,34.8858,2,34.8848,2,232.8,2,233.4,2,52.46,6,23.53,6,0,6,1.58,6,0.002,2,0.003,2,0,2,0.014,3,2211.9,2,2357,2,794.8,2,20,7.7206,2,25,39,2,24.71,2,,9,,1,,9,,9,,,9,1.9974,2.3888,2
33RO20100308, A13.5,65,1,2,11702,2,20100330,2010-03-30 16:48,1648,-22.0007,1.3858,5275,4798.1,4798.1,2.4152,34.8837,2,34.8816,2,234.5,2,233.7,2,52.77,6,23.51,6,0,6,1.58,6,0.002,2,0.004,2,0,2,0.025,3,2213.6,2,2356.3,6,796.4,6,20,7.721,2,25,39.52,2,24.88,2,,1,,1,,9,,9,,,9,1.974,2.4147,2
33RO20100308, A13.5,65,1,1,11701,2,20100330,2010-03-30 16:48,1648,-22.0007,1.3858,5275,5351.8,5351.8,2.4786,34.8825,2,34.8819,2,234.1,2,234.1,2,52.99,6,23.54,6,0,6,1.58,6,0.006,2,0.006,2,0,2,0.034,3,2215.1,6,2360.7,2,796.4,2,20,7.7224,2,25,39.2,2,25.44,2,,1,,1,,9,,9,,,9,1.9645,2.4782,2
33RO20100308, A13.5,66,1,24,11714,2,20100330,2010-03-30 23:29,2329,-21.5,1.3543,5514,5,5,23.4766,36.1358,2,36.136,2,212.9,2,213.8,6,0.48,2,0.01,2,0,2,0.29,2,1.86,2,1.148,2,1.148,2,2.155,3,2071.3,6,2373.7,6,344.7,2,20,8.0372,2,25,,9,,9,,9,,9,,9,,9,,,9,23.4756,23.4761,2
33RO20100308, A13.5,66,1,23,11713,2,20100330,2010-03-30 23:29,2329,-21.5,1.3543,5514,49.9,49.9,19.5226,35.7648,2,35.765,2,247.5,2,247.6,2,1.69,2,0.03,2,0,2,0.19,2,,9,,9,,9,,9,2067.6,2,2351.5,2,373.1,6,20,8.0069,2,25,,9,,9,,9,,9,,9,,9,,,9,19.5135,19.5072,3
33RO20100308, A13.5,66,1,22,11712,2,20100330,2010-03-30 23:29,2329,-21.5,1.3543,5514,89.6,89.6,16.9399,35.6218,2,35.6287,2,223.8,2,221.4,2,2.26,2,2.71,2,0.14,2,0.4,2,2.514,6,1.493,6,1.334,6,1.403,3,2092.8,2,2338.4,2,440.9,2,20,7.9436,2,25,,9,,9,,9,,9,,9,,9,,,9,16.9251,16.9258,2
33RO20100308, A13.5,66,1,21,11010,2,20100330,2010-03-30 23:29,2329,-21.5,1.3543,5514,150.6,150.6,14.5434,35.3643,2,35.3658,2,206.6,2,206,2,3.42,2,7.89,2,0.01,2,0.65,2,2.787,2,1.607,2,1.323,2,0.938,3,2111.1,2,2321.8,2,533.4,2,20,7.8765,2,25,,9,,9,,9,,9,,9,,9,,,9,14.521,14.5487,2
33RO20100308, A13.5,66,1,20,11715,2,20100330,2010-03-30 23:29,2329,-21.5,1.3543,5514,252.1,252.1,11.9984,35.0433,2,35.0441,2,180.4,2,180.6,2,5.74,2,15.85,2,0,2,1.12,2,2.988,2,1.655,2,1.042,2,1.033,3,2147.5,2,2304.3,2,710.4,2,20,7.7638,2,25,,9,,9,,9,,9,,9,,9,,,9,11.9654,11.999,2
33RO20100308, A13.5,66,1,19,11007,2,20100330,2010-03-30 23:29,2329,-21.5,1.3543,5514,349.1,349.1,9.9452,34.8087,2,34.8072,2,152.9,2,148.1,2,10.22,2,23.67,2,0,2,1.61,2,2.741,2,1.448,2,0.706,2,1.099,3,2181.1,2,2295.6,2,930.1,2,20,7.6523,2,25,,9,,9,,9,,9,,9,,9,,,9,9.9046,9.9361,2
33RO20100308, A13.5,66,1,18,11710,2,20100330,2010-03-30 23:29,2329,-21.5,1.3543,5514,499.3,499.3,7.072,34.5622,2,34.5646,2,128.8,2,126.2,2,18.71,2,32.6,2,0,2,2.17,2,1.602,2,0.804,2,0.264,2,1.167,3,2214.1,2,2291,2,1220.8,2,20,7.5444,2,25,,9,,9,,9,,9,,9,,9,,,9,7.0243,7.0764,2
33RO20100308, A13.5,66,1,17,11025,2,20100330,2010-03-30 23:29,2329,-21.5,1.3543,5514,649.5,649.5,5.4034,34.473,2,34.4758,2,133.9,2,134.7,2,26.41,2,35.15,2,0,2,2.35,2,0.562,2,0.277,2,0,2,0.739,3,2221.6,2,2294.8,2,1259.4,6,20,7.5312,2,25,,9,,9,,9,,9,,9,,9,,,9,5.349,5.4009,2
33RO20100308, A13.5,66,1,16,11709,2,20100330,2010-03-30 23:29,2329,-21.5,1.3543,5514,801.9,801.9,4.3745,34.4505,2,34.4503,2,161.3,2,158.4,2,33.6,2,34.36,2,0,2,2.34,2,0.292,2,0.146,2,0,2,0.607,3,2218.9,2,2299.2,2,1189.3,2,20,7.5576,2,25,,9,,9,,9,,9,,9,,9,,,9,4.3128,4.3746,2
33RO20100308, A13.5,66,1,15,11006,2,20100330,2010-03-30 23:29,2329,-21.5,1.3543,5514,951.6,951.6,3.919,34.5006,2,34.5018,2,166.5,2,166.8,2,37.74,2,33.46,2,0,2,2.29,2,0.121,2,0.066,2,0.078,2,0.369,3,2219.3,2,2305.2,2,1142.7,2,20,7.5721,2,25,,9,,9,,9,,9,,9,,9,,,9,3.8479,3.9188,2
33RO20100308, A13.5,66,1,14,11708,2,20100330,2010-03-30 23:29,2329,-21.5,1.3543,5514,1099.8,1099.8,3.7244,34.5817,2,34.584,2,175.5,2,175.5,2,39.03,2,31.9,2,0,2,2.19,2,,9,,9,,9,,9,2217.8,2,2309.2,2,1085.4,2,20,7.592,2,25,,9,,9,,9,,9,,9,,9,,,9,3.6425,3.7242,2
33RO20100308, A13.5,66,1,13,11031,2,20100330,2010-03-30 23:29,2329,-21.5,1.3543,5514,1302.1,1302.1,3.6681,34.7154,2,34.7163,2,189,2,189.8,2,36.26,2,29,2,0,2,1.98,2,0.022,2,0.012,2,0,2,0.119,3,2209,2,2318.4,2,992,2,20,7.6278,2,25,,9,,9,,9,,9,,9,,9,,,9,3.5695,3.6679,2
33RO20100308, A13.5,66,1,12,11027,2,20100330,2010-03-30 23:29,2329,-21.5,1.3543,5514,1501,1501,3.5421,34.799,2,34.7978,2,204,2,204.9,2,34.32,2,26.59,2,0,2,1.81,2,,9,,9,,9,,9,2200,2,2316.4,3,919.1,2,20,7.6583,2,25,,9,,9,,9,,9,,9,,9,,,9,3.4274,3.5428,2
33RO20100308, A13.5,66,1,11,11707,2,20100330,2010-03-30 23:29,2329,-21.5,1.3543,5514,1700.4,1700.4,3.3615,34.8507,2,34.8536,2,221.1,2,221,2,33.57,2,24.48,2,0,2,1.66,2,,5,,5,,5,,5,2192.2,2,2323.7,2,858.4,2,20,7.687,2,25,,9,,9,,9,,9,,9,,9,,,9,3.2312,3.3613,2
33RO20100308, A13.5,66,1,10,11003,2,20100330,2010-03-30 23:29,2329,-21.5,1.3543,5514,1999.9,1999.9,3.1027,34.8973,2,34.8971,2,236.3,2,236.7,2,33.03,2,22.51,2,0,2,1.52,2,,9,,9,,9,,9,2183.4,2,2327.4,2,806.9,2,20,7.714,2,25,,9,,9,,9,,9,,9,,9,,,9,2.9487,3.103,2
33RO20100308, A13.5,66,1,9,11706,2,20100330,2010-03-30 23:29,2329,-21.5,1.3543,5514,2299.7,2299.7,2.8328,34.8939,2,34.8959,2,238.6,2,239.6,2,37.72,2,22.51,2,0,2,1.52,2,0.005,2,0.004,2,0,2,0.066,3,2187.3,2,2330.1,2,802.8,2,20,7.717,2,25,,9,,9,,9,,9,,9,,9,,,9,2.6553,2.833,2
33RO20100308, A13.5,66,1,8,11033,2,20100330,2010-03-30 23:29,2329,-21.5,1.3543,5514,2700.6,2700.6,2.6098,34.8906,2,34.8904,2,236.7,2,236.8,2,43.35,2,22.86,2,0,2,1.55,2,,9,,9,,9,,9,2194.3,2,2334.1,2,804.4,2,20,7.7142,2,25,,9,,9,,9,,9,,9,,9,,,9,2.3977,2.6094,2
33RO20100308, A13.5,66,1,7,11705,2,20100330,2010-03-30 23:29,2329,-21.5,1.3543,5514,3101.5,3101.5,2.4856,34.8888,2,34.8905,2,234.5,2,234.6,2,47.36,6,23.28,6,0,6,1.57,6,0.002,2,0.003,2,0,2,0.011,3,2201.5,2,2340.7,2,808.9,2,20,7.7126,2,25,,9,,9,,9,,9,,9,,9,,,9,2.2358,2.4856,2
33RO20100308, A13.5,66,1,6,11029,2,20100330,2010-03-30 23:29,2329,-21.5,1.3543,5514,3499.7,3499.7,2.4117,34.8894,2,34.8896,2,231.3,2,232.4,2,50.05,2,23.35,2,0,2,1.58,2,,9,,9,,9,,9,2209,2,2347.9,2,807.7,2,20,7.7141,2,25,,9,,9,,9,,9,,9,,9,,,9,2.1216,2.4113,2
33RO20100308, A13.5,66,1,5,11704,2,20100330,2010-03-30 23:29,2329,-21.5,1.3543,5514,3901.2,3901.2,2.3921,34.8888,2,34.8882,2,232.3,2,232.8,2,51,2,23.35,2,0,2,1.58,2,,9,,9,,9,,9,2211.7,2,2350.2,2,803.7,2,20,7.7175,2,25,,9,,9,,9,,9,,9,,9,,,9,2.0581,2.3918,2
33RO20100308, A13.5,66,1,4,11030,2,20100330,2010-03-30 23:29,2329,-21.5,1.3543,5514,4299.8,4299.8,2.3933,34.8868,2,34.886,2,232.4,2,233.2,2,51.71,2,23.34,2,0,2,1.58,2,0.008,2,0.015,3,0.189,4,0.023,3,2212.1,2,2355.5,2,799.5,2,20,7.7195,2,25,,9,,9,,9,,9,,9,,9,,,9,2.0132,2.3933,2
33RO20100308, A13.5,66,1,3,11703,2,20100330,2010-03-30 23:29,2329,-21.5,1.3543,5514,4699.5,4699.5,2.4145,34.8847,2,34.884,2,233.3,2,234.1,2,52.28,6,23.39,6,0,6,1.57,6,,9,,9,,9,,9,2214.3,2,2358.8,2,798,2,20,7.7189,2,25,,9,,9,,9,,9,,9,,9,,,9,1.9855,2.4142,2
33RO20100308, A13.5,66,1,2,11702,2,20100330,2010-03-30 23:29,2329,-21.5,1.3543,5514,5100.4,5100.4,2.4471,34.8829,2,34.8819,2,234.9,2,234.4,2,52.63,6,23.41,6,0,6,1.58,6,,9,,9,,9,,9,2214.4,2,2360.1,2,797.6,2,20,7.7214,2,25,,9,,9,,9,,9,,9,,9,,,9,1.9667,2.4468,2
33RO20100308, A13.5,66,1,1,11701,2,20100330,2010-03-30 23:29,2329,-21.5,1.3543,5514,5591.2,5591.2,2.5031,34.8815,2,34.8814,2,235.4,2,233.9,6,52.83,6,23.49,6,0,6,1.58,6,0.004,2,0.005,2,0,2,0.037,3,2215.2,6,2358.3,6,795.2,2,20,7.7222,2,25,,9,,9,,9,,9,,9,,9,,,9,1.9563,2.5025,2
33RO20100308, A13.5,67,1,24,11714,2,20100331,2010-03-31 6:51,651,-20.9997,1.3233,5533,4.6,4.6,23.7075,36.1496,2,36.1501,2,213,2,213.3,2,0.72,2,0.02,2,0.01,2,0.3,2,1.805,2,1.136,2,1.128,2,,5,2072.2,6,2377.1,6,345.5,2,20,8.036,2,25,67.14,2,4.85,2,,9,,9,,9,,9,,,9,23.7065,23.7036,2
33RO20100308, A13.5,67,1,23,11713,2,20100331,2010-03-31 6:51,651,-20.9997,1.3233,5533,44.2,44.2,23.5769,36.131,2,36.1348,2,214.9,2,214.6,6,0.75,2,0.02,2,0.01,2,0.31,2,1.822,2,1.146,2,1.125,2,0,3,2072.2,2,2377.5,2,346.2,2,20,8.0339,2,25,67.81,2,4.24,2,,9,,9,,9,,9,,,9,23.5677,23.5582,2
33RO20100308, A13.5,67,1,22,11712,2,20100331,2010-03-31 6:51,651,-20.9997,1.3233,5533,75.4,75.4,18.6649,35.6578,2,35.6689,2,246.5,2,243.5,2,1.71,2,0.27,2,0.03,2,0.34,2,2.379,6,1.446,6,1.289,6,,5,2074.4,2,2347.9,2,393.2,6,20,7.9858,2,25,60.7,2,5.1,2,,9,,9,,9,,9,,,9,18.6516,18.7115,2
33RO20100308, A13.5,67,1,21,11010,2,20100331,2010-03-31 6:51,651,-20.9997,1.3233,5533,150,150,14.4795,35.3324,2,35.3393,2,172.5,2,173,2,4.23,2,12.38,2,0.02,2,0.93,2,2.677,2,1.575,2,1.286,2,,5,2138.6,2,2321.7,2,623.4,2,20,7.81,2,25,50.55,2,15.85,2,,9,,9,,9,,9,,,9,14.4573,14.4835,2
33RO20100308, A13.5,67,1,20,11715,2,20100331,2010-03-31 6:51,651,-20.9997,1.3233,5533,274.7,274.7,11.1211,34.9361,2,34.9408,2,175,2,178.8,2,7.03,2,17.84,2,0.01,2,1.27,2,2.936,2,1.62,2,0.948,2,,5,2152.8,2,2304.4,2,733,2,20,7.7424,2,25,44.3,2,20.02,2,,9,,9,,9,,9,,,9,11.0869,11.1313,2
33RO20100308, A13.5,67,1,19,11007,2,20100331,2010-03-31 6:51,651,-20.9997,1.3233,5533,401,401,8.0981,34.6114,2,34.6077,2,166.8,2,166.1,2,14.19,2,26.33,2,0,2,1.8,2,2.535,2,1.319,2,0.632,2,,5,2181.7,2,2293.7,2,957.3,2,20,7.6397,2,25,41.72,2,28.59,2,,9,,9,,9,,9,,,9,8.0569,8.0969,2
33RO20100308, A13.5,67,1,18,11710,2,20100331,2010-03-31 6:51,651,-20.9997,1.3233,5533,550,550,5.7668,34.4606,2,34.46,2,157.3,2,154.9,2,23.31,2,32.65,2,0,2,2.21,2,1.325,3,0.659,3,0.269,3,,5,2206.9,6,2293.7,6,1141.5,2,20,7.5699,2,25,40.28,2,34.54,2,,9,,9,,9,,9,,,9,5.7196,5.7678,2
33RO20100308, A13.5,67,1,17,11025,2,20100331,2010-03-31 6:51,651,-20.9997,1.3233,5533,699.8,699.8,4.5917,34.4363,2,34.4361,2,162.3,2,161.8,2,31.61,2,33.98,2,0,2,2.33,2,0.496,2,0.25,2,0.094,2,,5,2216.2,2,2300.6,2,1145.2,6,20,7.5653,2,25,39,2,35.54,2,,9,,9,,9,,9,,,9,4.5372,4.5918,2
33RO20100308, A13.5,67,1,16,11709,2,20100331,2010-03-31 6:51,651,-20.9997,1.3233,5533,799.9,799.9,4.1309,34.4558,2,34.4566,2,166.5,2,166.3,2,35.95,2,33.95,2,0,2,2.33,2,0.259,2,0.134,2,0.11,2,,5,2220.3,2,2305.1,2,1148.8,2,20,7.5692,2,25,38.71,2,35.89,2,,9,,9,,9,,9,,,9,4.0708,4.1303,2
33RO20100308, A13.5,67,1,15,11006,2,20100331,2010-03-31 6:51,651,-20.9997,1.3233,5533,1000.3,1000.3,3.758,34.548,2,34.5475,2,173.1,2,172.8,2,39.39,2,32.7,2,0,2,2.25,2,0.086,2,0.047,2,0,2,,5,2221,2,2310.9,2,1104.6,2,20,7.5866,2,25,38.7,2,34.47,2,,9,,9,,9,,9,,,9,3.6841,3.7579,2
33RO20100308, A13.5,67,1,14,11708,2,20100331,2010-03-31 6:51,651,-20.9997,1.3233,5533,1199.3,1199.3,3.7014,34.6655,2,34.6656,2,181,2,180.6,2,37.66,2,30.65,2,0,2,2.11,2,0.023,2,0.013,2,0,2,,5,2215.3,2,2316.8,2,1042,2,20,7.6088,2,25,38.66,2,32.65,2,,9,,9,,9,,9,,,9,3.6113,3.7011,2
33RO20100308, A13.5,67,1,13,11031,2,20100331,2010-03-31 6:51,651,-20.9997,1.3233,5533,1402.5,1402.5,3.6719,34.777,2,34.7757,2,196.8,2,197,2,33.64,2,27.69,2,0,2,1.9,2,0.007,2,0.006,2,0,2,,5,2203,2,2319.7,2,950.1,2,20,7.6469,2,25,39.3,2,29.59,2,,9,,9,,9,,9,,,9,3.5644,3.672,2
33RO20100308, A13.5,67,1,12,11027,2,20100331,2010-03-31 6:51,651,-20.9997,1.3233,5533,1598.1,1598.1,3.5055,34.8458,2,34.8461,2,214.2,2,214.4,2,32.22,2,25.26,2,0,2,1.72,2,0.008,2,0.006,2,0,2,,5,2193.4,2,2320.5,2,877.3,2,20,7.6787,2,25,38.87,2,27.17,2,,9,,9,,9,,9,,,9,3.3825,3.5054,2
33RO20100308, A13.5,67,1,11,11707,2,20100331,2010-03-31 6:51,651,-20.9997,1.3233,5533,1900.9,1900.9,3.2203,34.8946,2,34.8956,2,233.2,2,232.8,2,32.13,2,22.99,2,0,2,1.56,2,0.009,2,0.007,2,0,2,,5,2184.8,2,2322,2,814.3,2,20,7.7088,2,25,39.27,2,24.32,2,,9,,9,,9,,9,,,9,3.0737,3.2204,2
33RO20100308, A13.5,67,1,10,11003,2,20100331,2010-03-31 6:51,651,-20.9997,1.3233,5533,2200.3,2200.3,2.9661,34.9032,2,34.903,2,238.1,2,238.3,2,35.12,2,22.49,2,0,2,1.53,2,0.007,2,0.006,2,0,2,,5,2184.9,2,2327.5,2,800.5,2,20,7.717,2,25,38.34,2,24.03,2,,9,,9,,9,,9,,,9,2.7956,2.966,2
33RO20100308, A13.5,67,1,9,11706,2,20100331,2010-03-31 6:51,651,-20.9997,1.3233,5533,2499.9,2499.9,2.7508,34.8973,2,34.8969,2,236.9,2,236.9,2,40.1,2,22.9,2,0,2,1.56,2,0.002,2,0.003,2,0,2,,5,2190.9,2,2334,2,808,2,20,7.7145,2,25,38.68,2,24.6,2,,9,,9,,9,,9,,,9,2.5556,2.7507,2
33RO20100308, A13.5,67,1,8,11033,2,20100331,2010-03-31 6:51,651,-20.9997,1.3233,5533,2899.3,2899.3,2.5586,34.8914,2,34.892,2,234.8,2,234.7,2,45.62,2,23.32,2,0,2,1.59,2,0.002,2,0.002,2,0,2,,5,2198.2,2,2338.6,2,809.6,2,20,7.7116,2,25,38.24,2,24.97,2,,9,,9,,9,,9,,,9,2.3278,2.5585,2
33RO20100308, A13.5,67,1,7,11705,2,20100331,2010-03-31 6:51,651,-20.9997,1.3233,5533,3300.3,3300.3,2.4505,34.8891,2,34.8886,2,233,2,232.4,2,49.31,6,23.57,6,0,2,1.61,2,0.002,2,0.002,2,0,2,,5,2206,2,2347,2,810.9,2,20,7.7119,2,25,38.85,2,25.29,2,,9,,9,,9,,9,,,9,2.1807,2.45,2
33RO20100308, A13.5,67,1,6,11029,2,20100331,2010-03-31 6:51,651,-20.9997,1.3233,5533,3698.8,3698.8,2.4064,34.8892,2,34.8894,2,232.9,2,231.3,2,51.06,6,23.62,6,0,2,1.6,6,0.002,2,0.002,2,0,2,,5,2210.6,2,2350.4,2,807.7,2,20,7.7145,2,25,39.64,2,25.57,2,,9,,9,,9,,9,,,9,2.0947,2.4061,2
33RO20100308, A13.5,67,1,5,11704,2,20100331,2010-03-31 6:51,651,-20.9997,1.3233,5533,4099.5,4099.5,2.3879,34.8881,2,34.8899,2,233.1,2,231.5,2,52.07,6,23.57,6,0,2,1.6,6,0.002,2,0.003,2,0,2,,5,2213.6,2,2355.9,2,803.8,2,20,7.7171,2,25,39.91,2,25.12,2,,9,,9,,9,,9,,,9,2.0313,2.3877,2
33RO20100308, A13.5,67,1,4,11030,2,20100331,2010-03-31 6:51,651,-20.9997,1.3233,5533,4500,4500,2.4025,34.8861,2,34.8852,2,232.9,2,233.1,2,52.67,6,23.53,6,0,2,1.6,6,0.004,2,0.004,2,0,2,,5,2213.3,2,2357.2,6,801.3,2,20,7.7191,2,25,39.79,2,25.42,2,,9,,9,,9,,9,,,9,1.9982,2.4021,2
33RO20100308, A13.5,67,1,3,11703,2,20100331,2010-03-31 6:51,651,-20.9997,1.3233,5533,4900.9,4900.9,2.4288,34.8842,2,34.8831,2,232.4,2,232.8,2,53.01,6,23.52,6,0,2,1.59,6,0.002,2,0.003,2,0,6,,5,2214.6,2,2358.3,2,799.4,2,20,7.7203,2,25,40.65,2,24.89,2,,9,,9,,9,,9,,,9,1.9743,2.4289,2
33RO20100308, A13.5,67,1,2,11702,2,20100331,2010-03-31 6:51,651,-20.9997,1.3233,5533,5200.6,5200.6,2.455,34.8825,2,34.8828,2,234.5,2,233.9,6,52.96,6,23.56,6,0,2,1.6,6,0.003,2,0.005,2,0,2,,5,2214,2,2359.6,2,796.8,2,20,7.7209,2,25,40.74,2,24.79,2,,9,,9,,9,,9,,,9,1.9614,2.4546,2
33RO20100308, A13.5,67,1,1,11701,2,20100331,2010-03-31 6:51,651,-20.9997,1.3233,5533,5614.9,5614.9,2.5027,34.8814,2,34.8804,2,227.1,4,234.8,2,53.17,6,23.55,6,0,2,1.6,6,0.003,2,0.004,2,0,2,,5,2214.7,6,2360.4,6,797.1,2,20,7.7208,2,25,40.69,2,25.57,2,,9,,9,,9,,9,,,9,1.9528,2.5023,2
33RO20100308, A13.5,68,1,24,11714,2,20100331,2010-03-31 14:00,1400,-20.5,1.2915,5521,5.8,5.8,23.934,36.3362,2,36.336,2,212.1,2,212.3,2,0.55,2,0.01,2,0,2,0.21,2,1.826,2,1.133,2,1.122,2,2.159,3,2078.8,6,2391.4,6,344.4,2,20,8.0385,2,25,,9,,9,,9,,9,,9,,9,,,9,23.9328,,9
33RO20100308, A13.5,68,1,23,11713,2,20100331,2010-03-31 14:00,1400,-20.5,1.2915,5521,30.4,30.4,23.9122,36.333,4,35.945,2,212.3,2,212.5,2,0.56,2,0.02,2,0,2,0.22,2,1.821,2,1.133,2,1.106,2,2.07,3,2078,2,2391.8,2,343.7,2,20,8.0372,2,25,,9,,9,,9,,9,,9,,9,,,9,23.9058,,9
33RO20100308, A13.5,68,1,22,11712,2,20100331,2010-03-31 14:00,1400,-20.5,1.2915,5521,59.9,59.9,20.2141,35.943,4,36.3321,2,243.2,2,242.6,6,1.22,2,0.04,2,0,2,0.21,2,2.29,6,1.385,6,1.279,6,1.862,3,2074.1,2,2365.9,2,368.7,2,20,8.0117,2,25,,9,,9,,9,,9,,9,,9,,,9,20.2029,,9
33RO20100308, A13.5,68,1,21,11010,2,20100331,2010-03-31 14:00,1400,-20.5,1.2915,5521,99.9,99.9,17.9917,35.7949,2,35.7952,2,222.2,2,221.8,2,1.64,2,1.64,2,0.23,2,0.37,2,2.409,2,1.438,2,1.35,2,1.668,3,2093.5,2,2355.5,2,420.7,2,20,7.9609,2,25,,9,,9,,9,,9,,9,,9,,,9,17.9745,,9
33RO20100308, A13.5,68,1,20,11715,2,20100331,2010-03-31 14:00,1400,-20.5,1.2915,5521,201.1,201.1,13.1439,35.1714,2,35.1672,2,170.7,2,169.2,2,4.9,2,14.97,2,0,2,1.07,2,2.859,2,1.61,2,1.038,2,0.693,3,2146.8,2,2312.8,2,679.9,6,20,7.7737,2,25,,9,,9,,9,,9,,9,,9,,,9,13.116,,9
33RO20100308, A13.5,68,1,19,11007,2,20100331,2010-03-31 14:00,1400,-20.5,1.2915,5521,301,301,10.7252,34.8958,2,34.8975,2,165.2,2,164.2,2,7.96,2,20.44,2,0,2,1.39,2,2.87,2,1.534,2,0.805,2,0.925,3,2164.9,2,2300.8,2,812.5,2,20,7.7071,2,25,,9,,9,,9,,9,,9,,9,,,9,10.6885,,9
33RO20100308, A13.5,68,1,18,11710,2,20100331,2010-03-31 14:00,1400,-20.5,1.2915,5521,449.7,449.7,7.4189,34.5657,2,34.567,2,153.7,2,153.3,2,16.3,2,29.21,2,0,2,1.96,2,2.179,2,1.098,2,0.464,2,1.354,3,2193.2,2,2292.3,6,1042.9,2,20,7.6042,2,25,,9,,9,,9,,9,,9,,9,,,9,7.3749,,9
33RO20100308, A13.5,68,1,17,11025,2,20100331,2010-03-31 14:00,1400,-20.5,1.2915,5521,600,600,5.4934,34.4566,2,34.4576,2,151,2,150.6,2,25,2,33.77,2,0,2,2.27,2,1.007,2,0.493,2,0.216,2,1.074,3,2211.1,6,2295.4,2,1172.2,2,20,7.5588,2,25,,9,,9,,9,,9,,9,,9,,,9,5.4429,,9
33RO20100308, A13.5,68,1,16,11709,2,20100331,2010-03-31 14:00,1400,-20.5,1.2915,5521,749.8,749.8,4.354,34.4385,2,34.4395,2,166.8,2,166.3,2,33.14,2,33.94,2,0,2,2.31,2,0.414,2,0.205,2,0,2,0.717,3,2213,2,2300.8,2,1148.1,6,20,7.5719,2,25,,9,,9,,9,,9,,9,,9,,,9,4.2967,,9
33RO20100308, A13.5,68,1,15,11006,2,20100331,2010-03-31 14:00,1400,-20.5,1.2915,5521,901.8,901.8,3.9123,34.4892,2,34.4904,2,169,2,169,2,37.76,2,33.67,2,0,2,2.3,2,0.164,2,0.086,2,0,2,0.408,3,2219.4,2,2307.6,2,1133.4,2,20,7.5758,2,25,,9,,9,,9,,9,,9,,9,,,9,3.8454,,9
33RO20100308, A13.5,68,1,14,11708,2,20100331,2010-03-31 14:00,1400,-20.5,1.2915,5521,1100.3,1100.3,3.717,34.6087,2,34.6083,2,176,2,175.1,2,38.58,2,31.93,2,0,2,2.18,2,0.043,2,0.023,2,0.027,2,0.164,3,2218.3,2,2314.1,2,1081.2,2,20,7.5959,2,25,,9,,9,,9,,9,,9,,9,,,9,3.6351,,9
33RO20100308, A13.5,68,1,13,11031,2,20100331,2010-03-31 14:00,1400,-20.5,1.2915,5521,1299.8,1299.8,3.7012,34.7321,2,34.7319,2,190.1,2,190.3,2,34.8,2,29.02,2,0,2,1.97,2,,9,,9,,9,,9,2207,2,2317.2,2,986.3,2,20,7.632,2,25,,9,,9,,9,,9,,9,,9,,,9,3.6024,,9
33RO20100308, A13.5,68,1,12,11027,2,20100331,2010-03-31 14:00,1400,-20.5,1.2915,5521,1501.7,1501.7,3.6082,34.8212,2,34.8202,2,208.5,2,207.7,2,31.85,2,26.21,2,0,2,1.77,2,0.012,2,0.007,2,0,2,0.091,3,2196,2,2315.6,3,896.9,2,20,7.6673,2,25,,9,,9,,9,,9,,9,,9,,,9,3.4926,,9
33RO20100308, A13.5,68,1,11,11707,2,20100331,2010-03-31 14:00,1400,-20.5,1.2915,5521,1701.1,1701.1,3.4192,34.875,2,34.8739,2,223.7,2,223,2,30.94,2,24.09,2,0,2,1.62,2,,9,,9,,9,,9,2186.8,2,2320,2,842.6,2,20,7.6947,2,25,,9,,9,,9,,9,,9,,9,,,9,3.288,,9
33RO20100308, A13.5,68,1,10,11003,2,20100331,2010-03-31 14:00,1400,-20.5,1.2915,5521,2100.2,2100.2,3.056,34.9045,2,34.9042,2,238.2,2,238,2,33.18,2,22.52,2,0,2,1.52,2,,9,,9,,9,,9,2181.5,2,2325.4,2,800.5,2,20,7.7167,2,25,,9,,9,,9,,9,,9,,9,,,9,2.8935,,9
33RO20100308, A13.5,68,1,9,11706,2,20100331,2010-03-31 14:00,1400,-20.5,1.2915,5521,2401,2401,2.8137,34.8975,2,34.8973,2,238.6,2,238.6,2,38.06,2,22.75,2,0,2,1.53,2,0.005,2,0.005,2,0,2,0.048,3,2186.4,2,2329.5,2,803.5,2,20,7.7175,2,25,,9,,9,,9,,9,,9,,9,,,9,2.6269,,9
33RO20100308, A13.5,68,1,8,11033,2,20100331,2010-03-31 14:00,1400,-20.5,1.2915,5521,2802.6,2802.6,2.616,34.8916,2,34.892,2,237.5,2,235.8,2,43.38,2,23.2,2,0,2,1.57,2,,9,,9,,9,,9,2194.4,2,2335.3,2,805.1,2,20,7.7143,2,25,,9,,9,,9,,9,,9,,9,,,9,2.3937,,9
33RO20100308, A13.5,68,1,7,11705,2,20100331,2010-03-31 14:00,1400,-20.5,1.2915,5521,3201.4,3201.4,2.4899,34.8905,2,34.8898,2,233.2,2,231.4,2,47.76,6,23.56,6,0,6,1.58,6,,9,,9,,9,,9,2202.8,2,2341.9,2,811.1,2,20,7.7121,2,25,,9,,9,,9,,9,,9,,9,,,9,2.2296,,9
33RO20100308, A13.5,68,1,6,11029,2,20100331,2010-03-31 14:00,1400,-20.5,1.2915,5521,3601.1,3601.1,2.4196,34.8901,2,34.8897,2,231.2,2,231.3,2,50.1,6,23.68,6,0,6,1.59,6,0.002,2,0.002,2,0,2,0.007,3,2207.8,2,2349.7,2,808.4,2,20,7.7145,2,25,,9,,9,,9,,9,,9,,9,,,9,2.1182,,9
33RO20100308, A13.5,68,1,5,11704,2,20100331,2010-03-31 14:00,1400,-20.5,1.2915,5521,4000.8,4000.8,2.3959,34.889,2,34.8878,2,232,2,232.2,2,51.01,6,23.61,6,0,6,1.59,6,,9,,9,,9,,9,2209.3,2,2352,2,803.1,2,20,7.7163,2,25,,9,,9,,9,,9,,9,,9,,,9,2.0505,,9
33RO20100308, A13.5,68,1,4,11030,2,20100331,2010-03-31 14:00,1400,-20.5,1.2915,5521,4400.8,4400.8,2.3997,34.8868,2,34.8864,2,232.1,2,231.5,2,52.02,6,23.64,6,0,6,1.59,6,,9,,9,,9,,9,2212.2,2,2356.1,2,800.8,2,20,7.7186,2,25,,9,,9,,9,,9,,9,,9,,,9,2.0074,,9
33RO20100308, A13.5,68,1,3,11703,2,20100331,2010-03-31 14:00,1400,-20.5,1.2915,5521,4700.4,4700.4,2.4154,34.885,2,34.8839,2,232.7,2,233.4,6,52.06,6,23.56,6,0,6,1.58,6,0.004,2,0.005,2,0.041,3,0.021,3,2211.6,2,2355.7,2,798.4,2,20,7.7191,2,25,,9,,9,,9,,9,,9,,9,,,9,1.9863,,9
33RO20100308, A13.5,68,1,2,11702,2,20100331,2010-03-31 14:00,1400,-20.5,1.2915,5521,5100.2,5100.2,2.4445,34.8829,2,34.8826,2,234.4,2,233.9,2,52.33,6,23.55,6,0,6,1.58,6,0.003,2,0.004,2,0,2,0.03,3,2213.2,2,2356.7,2,796.7,2,20,7.7186,2,25,,9,,9,,9,,9,,9,,9,,,9,1.9642,,9
33RO20100308, A13.5,68,1,1,11701,2,20100331,2010-03-31 14:00,1400,-20.5,1.2915,5521,5604.5,5604.5,2.5037,34.8816,2,34.8851,2,234.8,2,233.7,2,52.57,6,23.53,6,0,6,1.58,6,0.005,2,0.005,2,0,2,0.036,3,2213.7,6,2360.2,6,794.2,2,20,7.7223,2,25,,9,,9,,9,,9,,9,,9,,,9,1.9551,,9
33RO20100308, A13.5,69,1,24,11714,2,20100331,2010-03-31 21:01,2101,-19.9998,1.2595,5526,4.7,4.7,23.9499,36.3303,2,36.3294,2,210.7,2,212.5,2,0.67,2,0,2,0,2,0.23,2,1.825,2,1.13,2,1.053,2,2.229,3,2083.5,6,2392.8,6,347.7,2,20,8.0347,2,25,68,2,5.78,2,,9,,9,,9,50.6,2,3,1.47,2,23.9489,23.9502,2
33RO20100308, A13.5,69,1,23,11713,2,20100331,2010-03-31 21:01,2101,-19.9998,1.2595,5526,40.2,40.2,23.9338,36.3277,2,36.3096,2,211.8,2,215.5,2,0.72,2,0.09,2,0,2,0.26,2,1.85,2,1.147,2,1.108,2,2.107,3,2084,2,2391.4,2,348.3,2,20,8.0341,2,25,68.18,2,4.52,2,,9,,9,,9,44.5,2,2.8,1.5,2,23.9253,23.9137,2
33RO20100308, A13.5,69,1,22,11712,2,20100331,2010-03-31 21:01,2101,-19.9998,1.2595,5526,99.9,99.9,18.6421,35.8878,2,35.8903,2,228.4,2,229.7,2,1.43,2,0.13,2,0.04,2,0.26,2,2.33,2,1.402,2,1.314,2,1.656,3,2089,2,2359.4,2,395.4,6,20,7.9837,2,25,58.26,2,5.09,2,,9,,9,,9,55.9,2,2.9,1.27,2,18.6245,18.6428,2
33RO20100308, A13.5,69,1,21,11010,2,20100331,2010-03-31 21:01,2101,-19.9998,1.2595,5526,150.3,150.3,15.4308,35.4661,2,35.4566,2,197.2,2,196.4,6,3.14,2,8.04,2,0.02,2,0.66,2,2.66,6,1.558,6,1.232,6,0.763,3,2116.2,2,2328.8,2,525.7,2,20,7.8774,2,25,50.84,2,11.69,2,,9,,9,,9,56,2,2.9,0.76,2,15.4075,15.3965,2
33RO20100308, A13.5,69,1,20,11715,2,20100331,2010-03-31 21:01,2101,-19.9998,1.2595,5526,248,248,12.2527,35.0675,2,35.0666,2,182.2,2,182.4,2,5.39,2,15.14,2,0,2,1.07,2,2.984,2,1.652,2,0.985,2,0.907,3,2144.2,2,2310.7,2,679.8,2,20,7.7751,2,25,48.32,2,17.68,2,,9,,9,,9,54.1,2,2.9,0.82,2,12.2198,12.2541,2
33RO20100308, A13.5,69,1,19,11007,2,20100331,2010-03-31 21:01,2101,-19.9998,1.2595,5526,349.7,349.7,9.6557,34.7706,2,34.773,2,170.4,2,170.4,2,9.8,2,21.97,2,0,2,1.5,2,2.852,2,1.497,2,0.68,2,1.149,3,2168.5,2,2297.7,2,845.9,2,20,7.6903,2,25,42.83,2,23.66,2,,9,,9,,9,40.6,2,2.9,0.84,2,9.6158,9.682,2
33RO20100308, A13.5,69,1,18,11710,2,20100331,2010-03-31 21:01,2101,-19.9998,1.2595,5526,500.3,500.3,6.6362,34.5066,2,34.5059,2,157.5,2,157.2,2,18.82,2,30.52,2,0,2,2.05,2,1.897,2,0.943,2,0.316,2,1.481,3,2199.7,2,2293.5,2,1082.1,2,20,7.5918,2,25,40.02,2,31.94,2,,9,,9,,9,-29.6,2,2.8,0.79,2,6.5901,6.6419,2
33RO20100308, A13.5,69,1,17,11025,2,20100331,2010-03-31 21:01,2101,-19.9998,1.2595,5526,650.1,650.1,4.9509,34.4352,2,34.4356,2,165.8,2,165,2,27.93,2,33.21,2,0,2,2.24,2,0.756,2,0.368,2,0.075,2,1.052,3,2208.5,6,2295.4,2,1126.3,2,20,7.5762,2,25,39.85,2,34.49,2,,9,,9,,9,-79.5,2,2.5,0.81,2,4.8987,4.9526,2
33RO20100308, A13.5,69,1,16,11709,2,20100331,2010-03-31 21:01,2101,-19.9998,1.2595,5526,800.5,800.5,4.1406,34.4556,2,34.4564,2,167.4,2,167,2,34.93,6,33.88,6,0,6,2.29,6,0.267,2,0.134,2,0,2,0.545,3,2217.3,2,2303.1,2,1149.2,2,20,7.5709,2,25,39.54,2,35.97,2,,9,,9,,9,-106.8,2,2.6,0.76,2,4.0804,4.142,2
33RO20100308, A13.5,69,1,15,11006,2,20100331,2010-03-31 21:01,2101,-19.9998,1.2595,5526,998.9,998.9,3.7798,34.543,2,34.5413,2,171.5,2,171.6,2,38.49,6,32.89,6,0,6,2.23,6,0.085,2,0.044,2,0,2,0.257,3,2220.3,2,2311.5,2,1120.4,2,20,7.5832,2,25,38.95,2,34.38,2,,9,,9,,9,-116,2,2.5,0.75,2,3.7059,3.7798,2
33RO20100308, A13.5,69,1,14,11708,2,20100331,2010-03-31 21:01,2101,-19.9998,1.2595,5526,1200,1200,3.7308,34.6793,2,34.6776,2,184.9,2,185.3,2,35.94,2,30.07,2,0,2,2.03,2,0.034,2,0.019,2,0,2,0.139,3,2211.3,2,2313.9,2,1021.8,2,20,7.6177,2,25,38.76,2,32.19,2,,9,,9,,9,-126.3,2,2.4,0.4,2,3.6403,3.7305,2
33RO20100308, A13.5,69,1,13,11031,2,20100331,2010-03-31 21:01,2101,-19.9998,1.2595,5526,1400.7,1400.7,3.6816,34.7777,2,34.7757,2,199.5,2,199.2,2,32.81,2,27.5,2,0,2,1.85,2,0.012,2,0.008,2,0,2,0.085,3,2202.2,2,2319.4,2,944.6,2,20,7.6489,2,25,38.94,2,29.18,2,,9,,9,,9,-120.7,2,2.9,0.55,2,3.5742,3.6813,2
33RO20100308, A13.5,69,1,12,11027,2,20100331,2010-03-31 21:01,2101,-19.9998,1.2595,5526,1601.2,1601.2,3.5694,34.8569,2,34.8553,2,216.8,2,217.1,2,29.98,2,24.86,2,0,2,1.66,2,0.012,2,0.008,2,0,2,0.091,3,2191,2,2323.6,2,868.5,2,20,7.6828,2,25,39.55,2,25.73,2,,9,,9,,9,-120.1,2,2.5,0.6,2,3.4454,3.569,2
33RO20100308, A13.5,69,1,11,11707,2,20100331,2010-03-31 21:01,2101,-19.9998,1.2595,5526,1800.5,1800.5,3.355,34.8865,2,34.8844,2,228,2,228.7,2,30.62,2,23.49,2,0,2,1.57,2,0.012,2,0.008,2,0,2,0.103,3,2186.3,2,2327.8,2,828.4,2,20,7.7012,2,25,39.39,2,25.34,2,,9,,9,,9,-108.9,2,2.7,0.71,2,3.2157,3.3542,2
33RO20100308, A13.5,69,1,10,11003,2,20100331,2010-03-31 21:01,2101,-19.9998,1.2595,5526,2199.9,2199.9,2.966,34.9015,2,34.9002,2,238.6,2,238.9,2,34.51,2,22.49,2,0,2,1.5,2,0.007,2,0.005,2,0,2,0.071,3,2184.9,2,2328.4,2,797.2,2,20,7.7175,2,25,39.74,2,23.9,2,,9,,9,,9,,9,,,9,2.7956,2.9657,2
33RO20100308, A13.5,69,1,9,11706,2,20100331,2010-03-31 21:01,2101,-19.9998,1.2595,5526,2499.4,2499.4,2.7329,34.8953,2,34.8941,2,237.6,2,237.8,2,39.61,2,22.89,2,0,2,1.53,2,0.004,2,0.003,2,0,2,0.033,3,2190.6,2,2330.7,2,806.3,2,20,7.7149,2,25,39.41,2,23.88,2,,9,,9,,9,-117.6,2,2.4,0.81,2,2.5381,2.7329,2
33RO20100308, A13.5,69,1,8,11033,2,20100331,2010-03-31 21:01,2101,-19.9998,1.2595,5526,2900.5,2900.5,2.5457,34.8901,2,34.8887,2,235.2,2,236,2,44.89,2,23.25,2,0,2,1.56,2,0.002,2,0.001,2,0,2,0.015,3,2198.4,2,2339.3,2,814,2,20,7.7132,2,25,39.06,2,24.87,2,,9,,9,,9,-119.9,2,2.6,0.95,2,2.315,2.5453,2
33RO20100308, A13.5,69,1,7,11705,2,20100331,2010-03-31 21:01,2101,-19.9998,1.2595,5526,3300.5,3300.5,2.4428,34.8894,2,34.8879,2,231.5,2,232.3,2,48.63,2,23.52,2,0,2,1.58,2,0.002,2,0.001,2,0,2,0.008,3,2206.3,2,2346.7,2,811.8,2,20,7.7132,2,25,39.19,2,24.72,2,,9,,9,,9,-122,2,2.5,0.94,2,2.1732,2.4422,2
33RO20100308, A13.5,69,1,6,11029,2,20100331,2010-03-31 21:01,2101,-19.9998,1.2595,5526,3702.1,3702.1,2.3939,34.8898,2,34.889,2,231,2,232.7,2,50.18,2,23.49,2,0,2,1.57,2,0.002,6,0.002,6,0,6,0.009,3,2210.1,2,2352,2,807.4,2,20,7.7164,2,25,39.89,2,24.99,2,,9,,9,,9,-118.2,2,3.1,0.92,2,2.0821,2.3936,2
33RO20100308, A13.5,69,1,5,11704,2,20100331,2010-03-31 21:01,2101,-19.9998,1.2595,5526,4100.9,4100.9,2.39,34.8884,2,34.8864,2,232.5,2,232.3,2,50.85,6,23.48,6,0,6,1.56,6,0.005,2,0.004,2,0,2,0.015,3,2211.8,2,2352.5,2,803,2,20,7.7181,2,25,39.99,2,25.15,2,,9,,9,,9,-121.2,2,2.6,0.98,2,2.0332,2.3899,2
33RO20100308, A13.5,69,1,4,11030,2,20100331,2010-03-31 21:01,2101,-19.9998,1.2595,5526,4499,4499,2.3997,34.8858,2,34.884,2,231.5,2,233.7,6,51.37,2,23.52,2,0,2,1.57,2,0.003,2,0.002,2,0,2,0.021,3,,9,2356.6,2,800.7,2,20,7.7194,2,25,39.75,2,24.78,2,,9,,9,,9,-118.8,2,2.4,0.98,2,1.9956,2.3994,2
33RO20100308, A13.5,69,1,3,11703,2,20100331,2010-03-31 21:01,2101,-19.9998,1.2595,5526,4899.6,4899.6,2.4198,34.883,2,34.8806,2,234.1,2,235.3,2,51.8,2,23.5,2,0,2,1.57,2,0.004,2,0.004,2,0,2,0.034,3,2213.5,2,2352.4,3,797.8,2,20,7.7201,2,25,39.54,2,25.14,2,,9,,9,,9,-116.8,2,2.6,0.91,2,1.9658,2.4194,2
33RO20100308, A13.5,69,1,2,11702,2,20100331,2010-03-31 21:01,2101,-19.9998,1.2595,5526,5300,5300,2.4602,34.8818,2,34.8798,2,234.9,2,235,2,52.17,6,23.49,6,0,6,1.56,6,0.01,2,0.007,2,0,2,0.044,3,2215.4,2,2355.9,2,796.6,6,20,7.7216,2,25,40.03,2,25.58,2,,9,,9,,9,-116.6,6,1.9,0.97,2,1.9535,2.4598,2
33RO20100308, A13.5,69,1,1,11701,2,20100331,2010-03-31 21:01,2101,-19.9998,1.2595,5526,5605.5,5605.5,2.4958,34.8807,2,34.8782,2,235,2,234.6,2,52.26,6,23.41,6,0,6,1.57,6,0.008,2,0.006,2,0,2,0.046,3,2214.4,6,2355.1,6,796.5,2,20,7.7226,2,25,40.16,2,24.88,2,,9,,9,,9,-110.9,2,2.6,0.94,2,1.9474,2.4954,2
33RO20100308, A13.5,70,1,24,11714,2,20100401,2010-04-01 3:55,355,-19.5,1.2415,5517,5.5,5.5,23.9767,36.3244,2,36.3258,2,211,2,211.4,2,0.42,2,0.01,2,0,2,0.21,2,1.825,2,1.133,2,1.111,2,2.255,3,2079.7,6,2388.5,2,339.8,2,20,8.0417,2,25,,9,,9,,9,,9,,9,,9,,,9,23.9755,23.9773,2
33RO20100308, A13.5,70,1,23,11713,2,20100401,2010-04-01 3:55,355,-19.5,1.2415,5517,50.4,50.4,20.6488,36.0259,2,36.0297,2,239.9,2,239.8,2,0.92,2,0.05,2,0,2,0.22,2,2.253,2,1.355,2,1.262,2,2.032,3,2081.4,2,2344.7,3,362.1,6,20,8.0161,2,25,,9,,9,,9,,9,,9,,9,,,9,20.6392,20.6647,2
33RO20100308, A13.5,70,1,22,11712,2,20100401,2010-04-01 3:55,355,-19.5,1.2415,5517,126.2,126.2,18.5937,35.9514,2,35.9496,2,215.6,2,213.4,2,1.42,2,2.32,2,0.36,2,0.41,2,2.335,6,1.4,6,1.269,6,1.755,3,2105.6,2,2361,2,422.7,2,20,7.9587,2,25,,9,,9,,9,,9,,9,,9,,,9,18.5714,18.6096,2
33RO20100308, A13.5,70,1,21,11010,2,20100401,2010-04-01 3:55,355,-19.5,1.2415,5517,199.4,199.4,13.9141,35.265,2,35.269,2,190.9,2,190.5,2,3.89,2,10.81,2,0.01,2,0.82,2,2.859,2,1.635,2,1.174,2,0.801,3,2131.4,2,2315.9,2,588.2,2,20,7.8318,2,25,,9,,9,,9,,9,,9,,9,,,9,13.8853,13.943,2
33RO20100308, A13.5,70,1,20,11715,2,20100401,2010-04-01 3:55,355,-19.5,1.2415,5517,300.8,300.8,11.1057,34.9376,2,34.9382,2,173,2,171.2,6,7.22,2,18.77,2,0,2,1.3,2,3.062,2,1.808,3,3.773,4,1.111,3,2162,2,2300,2,771.3,2,20,7.7269,2,25,,9,,9,,9,,9,,9,,9,,,9,11.0682,11.1067,2
33RO20100308, A13.5,70,1,19,11007,2,20100401,2010-04-01 3:55,355,-19.5,1.2415,5517,399.3,399.3,8.7601,34.6746,2,34.6752,2,170.5,2,170.9,2,11.94,2,24.03,2,0,2,1.64,2,2.747,2,1.412,2,0.636,2,1.521,3,2176.6,2,2293.2,2,,9,,7.6685,2,25,,9,,9,,9,,9,,9,,9,,,9,8.7171,8.7481,2
33RO20100308, A13.5,70,1,18,11710,2,20100401,2010-04-01 3:55,355,-19.5,1.2415,5517,499.8,499.8,6.7234,34.5105,2,34.5124,2,158.6,2,159,2,18.41,2,29.94,2,0,2,2.02,2,2.016,2,1,2,0.342,2,1.577,3,2201.1,2,2291.2,2,1071.5,2,20,7.5986,2,25,,9,,9,,9,,9,,9,,9,,,9,6.677,6.7215,2
33RO20100308, A13.5,70,1,17,11025,2,20100401,2010-04-01 3:55,355,-19.5,1.2415,5517,599.8,599.8,5.5685,34.4558,2,34.4573,2,155.4,2,155.4,2,24.5,2,32.76,2,0,2,2.21,2,1.138,2,0.555,2,0.17,2,1.216,3,2211.4,6,2293.1,2,,9,,7.5697,2,25,,9,,9,,9,,9,,9,,9,,,9,5.5177,5.5682,2
33RO20100308, A13.5,70,1,16,11709,2,20100401,2010-04-01 3:55,355,-19.5,1.2415,5517,699.8,699.8,4.6968,34.4369,2,34.439,2,161.1,2,160.4,2,30.53,2,33.81,2,0,2,2.29,2,0.555,2,0.27,2,0.042,2,0.843,3,2218.4,2,2298.2,2,1157.8,2,20,7.5658,2,25,,9,,9,,9,,9,,9,,9,,,9,4.6417,4.6964,2
33RO20100308, A13.5,70,1,15,11006,2,20100401,2010-04-01 3:55,355,-19.5,1.2415,5517,849.9,849.9,4.0045,34.4745,2,34.4755,2,165.8,2,166.9,2,36.96,2,33.65,2,0,2,2.3,2,0.192,2,0.097,2,0,2,0.465,3,2224.1,2,2305.5,2,,9,,7.572,2,25,,9,,9,,9,,9,,9,,9,,,9,3.9412,4.0053,2
33RO20100308, A13.5,70,1,14,11708,2,20100401,2010-04-01 3:55,355,-19.5,1.2415,5517,1001.2,1001.2,3.7675,34.5516,2,34.5544,2,171.7,2,172.4,2,38.95,2,32.56,2,0,2,2.23,2,,9,,9,,9,,9,2222.4,2,2311.4,2,1108.8,2,20,7.5865,2,25,,9,,9,,9,,9,,9,,9,,,9,3.6934,3.7671,2
33RO20100308, A13.5,70,1,13,11031,2,20100401,2010-04-01 3:55,355,-19.5,1.2415,5517,1300,1300,3.7246,34.7398,2,34.7403,2,191.8,2,191.2,2,34.14,6,28.5,6,0,6,1.93,6,,9,,9,,9,,9,2211.1,2,2315.2,2,,9,,7.6355,2,25,,9,,9,,9,,9,,9,,9,,,9,3.6255,3.7245,2
33RO20100308, A13.5,70,1,12,11027,2,20100401,2010-04-01 3:55,355,-19.5,1.2415,5517,1600.2,1600.2,3.6223,34.8578,2,34.8571,2,214.8,2,214.1,2,29.53,6,24.88,6,0,6,1.67,6,0.01,2,0.007,2,0,2,0.083,3,2195.2,2,2315.7,2,872.3,6,20,7.6815,2,25,,9,,9,,9,,9,,9,,9,,,9,3.4977,3.6223,2
33RO20100308, A13.5,70,1,11,11707,2,20100401,2010-04-01 3:55,355,-19.5,1.2415,5517,1900.2,1900.2,3.2635,34.8976,2,34.8961,2,232.3,2,231.8,2,31.25,2,22.87,2,0,2,1.54,2,0.013,3,0.009,3,0,2,0.099,3,2189.5,2,2322.9,2,812.2,2,20,7.7096,2,25,,9,,9,,9,,9,,9,,9,,,9,3.1163,3.2634,2
33RO20100308, A13.5,70,1,10,11003,2,20100401,2010-04-01 3:55,355,-19.5,1.2415,5517,2200.5,2200.5,2.9932,34.9059,2,34.9048,2,237.3,2,237.9,2,34.39,2,22.46,2,0,2,1.5,2,0.006,2,0.004,2,0,2,0.061,3,2189.3,2,2327,2,800,2,20,7.7173,2,25,,9,,9,,9,,9,,9,,9,,,9,2.8223,2.993,2
33RO20100308, A13.5,70,1,9,11706,2,20100401,2010-04-01 3:55,355,-19.5,1.2415,5517,2500.9,2500.9,2.7381,34.8943,2,34.8944,2,237.2,2,238.4,2,39.99,2,22.77,2,0,2,1.53,2,0.003,2,0.002,2,0,2,0.041,3,2194.1,2,2329.8,2,805.6,2,20,7.7173,2,25,,9,,9,,9,,9,,9,,9,,,9,2.543,2.7377,2
33RO20100308, A13.5,70,1,8,11033,2,20100401,2010-04-01 3:55,355,-19.5,1.2415,5517,2801,2801,2.5817,34.8923,2,34.8914,2,233.2,2,234.6,2,44.53,2,23.15,2,0,2,1.56,2,0.002,2,0.001,2,0,2,0.008,3,2200.1,2,2337.4,2,807.5,2,20,7.7137,2,25,,9,,9,,9,,9,,9,,9,,,9,2.3603,2.5817,2
33RO20100308, A13.5,70,1,7,11705,2,20100401,2010-04-01 3:55,355,-19.5,1.2415,5517,3100.9,3100.9,2.4968,34.8904,2,34.8898,2,232.3,2,233.7,2,47.36,2,23.33,2,0,2,1.58,2,0.002,2,0,2,0,2,0.003,3,2205.3,2,2341.6,2,810.6,2,20,7.7129,2,25,,9,,9,,9,,9,,9,,9,,,9,2.2468,2.4968,2
33RO20100308, A13.5,70,1,6,11029,2,20100401,2010-04-01 3:55,355,-19.5,1.2415,5517,3399.2,3399.2,2.43,34.8903,2,34.8884,2,231.1,2,232.1,2,49.53,2,23.44,2,0,2,1.58,2,0.003,2,0.003,3,0,2,0.004,3,2210.1,2,2348,2,808.9,2,20,7.7144,2,25,,9,,9,,9,,9,,9,,9,,,9,2.1502,2.4301,2
33RO20100308, A13.5,70,1,5,11704,2,20100401,2010-04-01 3:55,355,-19.5,1.2415,5517,3800.6,3800.6,2.3915,34.8896,2,34.8881,2,231.6,2,232.6,6,50.74,6,23.4,6,0,6,1.56,6,0.002,2,0.001,2,0,2,0.004,3,2213.5,2,2352.1,2,804.9,2,20,7.7175,2,25,,9,,9,,9,,9,,9,,9,,,9,2.0688,2.3915,2
33RO20100308, A13.5,70,1,4,11030,2,20100401,2010-04-01 3:55,355,-19.5,1.2415,5517,4200.9,4200.9,2.3852,34.887,2,34.8854,2,233.2,2,232.7,2,51.54,6,23.37,6,0,6,1.57,6,0.002,2,0.002,2,0,2,0.013,3,2214.4,2,2354.3,2,800.8,2,20,7.719,2,25,,9,,9,,9,,9,,9,,9,,,9,2.0169,2.3848,2
33RO20100308, A13.5,70,1,3,11703,2,20100401,2010-04-01 3:55,355,-19.5,1.2415,5517,4599.5,4599.5,2.4068,34.8853,2,34.8842,2,231.7,2,233.9,2,52.16,6,23.37,6,0,6,1.57,6,0.002,2,0.002,2,0,2,0.017,3,2215.7,2,2355.5,2,799.8,2,20,7.7194,2,25,,9,,9,,9,,9,,9,,9,,,9,1.9903,2.4062,2
33RO20100308, A13.5,70,1,2,11702,2,20100401,2010-04-01 3:55,355,-19.5,1.2415,5517,5000,5000,2.432,34.8828,2,34.8812,2,233.8,2,233.9,2,52.54,2,23.36,2,0,2,1.57,2,0.003,2,0.003,2,0,2,0.03,3,2214.9,2,2356.9,2,796.8,2,20,7.721,2,25,,9,,9,,9,,9,,9,,9,,,9,1.9649,2.4314,2
33RO20100308, A13.5,70,1,1,11701,2,20100401,2010-04-01 3:55,355,-19.5,1.2415,5517,5595.1,5595.1,2.5022,34.8816,2,34.8802,2,234.9,2,234,2,52.67,2,23.36,2,0,2,1.57,2,0.003,2,0.004,2,0,2,0.039,3,2217.1,6,2356.9,2,797,2,20,7.7216,2,25,,9,,9,,9,,9,,9,,9,,,9,1.955,2.5017,2
33RO20100308, A13.5,71,1,24,11714,2,20100401,2010-04-01 10:53,1053,-19,1.2248,5518,5.9,5.9,24.2302,36.4139,2,36.4153,2,210.4,2,211.3,2,0.38,2,0.03,2,0,2,0.21,2,1.806,2,1.125,2,1.091,2,2.039,3,2074.4,6,2394.8,2,332.2,2,20,8.0523,2,25,73.36,2,4.69,2,,9,,9,,9,,9,,,9,24.229,24.2263,2
33RO20100308, A13.5,71,1,23,11713,2,20100401,2010-04-01 10:53,1053,-19,1.2248,5518,76,76,18.8671,35.8562,2,35.8593,2,235.8,2,238.4,2,1.13,2,0.69,2,0.08,2,0.39,2,2.339,2,1.408,2,1.286,2,1.536,3,2089.6,2,2354.9,2,408.1,2,20,7.9735,2,25,61.7,2,4.95,2,,9,,9,,9,,9,,,9,18.8536,18.8614,2
33RO20100308, A13.5,71,1,22,11712,2,20100401,2010-04-01 10:53,1053,-19,1.2248,5518,150.2,150.2,15.3468,35.4888,2,35.488,2,147.1,2,145.3,2,4.16,2,16.97,2,0.01,2,1.23,2,2.544,6,1.482,6,1.152,6,0.631,3,2170.4,2,2327.5,2,740.4,6,20,7.7435,2,25,51.21,2,21.18,2,,9,,9,,9,,9,,,9,15.3236,15.371,2
33RO20100308, A13.5,71,1,21,11010,2,20100401,2010-04-01 10:53,1053,-19,1.2248,5518,249.6,249.6,12.2317,35.07,2,35.069,2,167.3,2,166.1,2,5.96,2,17.06,2,0,2,1.19,2,2.896,2,1.591,2,0.96,2,0.769,3,2153.6,2,2306.6,2,734.9,2,20,7.7459,2,25,44.66,2,19.94,2,,9,,9,,9,,9,,,9,12.1986,12.2346,2
33RO20100308, A13.5,71,1,20,11715,2,20100401,2010-04-01 10:53,1053,-19,1.2248,5518,350.1,350.1,9.9714,34.8164,2,34.8148,2,150.4,2,149.9,2,10.15,2,23.52,2,0,2,1.6,2,2.672,2,1.403,2,0.65,2,1.001,3,2176.5,2,2297.3,2,907.5,2,20,7.6618,2,25,43.07,2,24.74,2,,9,,9,,9,,9,,,9,9.9306,9.9628,2
33RO20100308, A13.5,71,1,19,11007,2,20100401,2010-04-01 10:53,1053,-19,1.2248,5518,449.6,449.6,7.5907,34.5923,2,34.5908,2,134.8,2,139.7,6,16.73,2,30.17,2,0,2,2.02,2,1.969,2,0.993,2,0.365,2,1.25,3,2198.8,2,2291.2,2,1112.8,2,20,7.582,2,25,42.48,2,31.64,2,,9,,9,,9,,9,,,9,7.5461,7.5922,2
33RO20100308, A13.5,71,1,18,11710,2,20100401,2010-04-01 10:53,1053,-19,1.2248,5518,549.7,549.7,6.242,34.5097,2,34.5083,2,130.7,2,132.3,2,22.13,2,34.05,2,0,2,2.27,2,1.134,2,0.561,2,0.186,2,1.011,3,2215.8,6,2291.7,2,1241.1,2,20,7.5411,2,25,41.83,2,35.6,2,,9,,9,,9,,9,,,9,6.1928,6.2438,2
33RO20100308, A13.5,71,1,17,11025,2,20100401,2010-04-01 10:53,1053,-19,1.2248,5518,650,650,5.2749,34.4692,2,34.4683,2,138.1,2,136.6,2,27.48,2,35.42,2,0,2,2.38,2,0.49,2,0.242,2,0.026,2,0.665,3,2219.6,2,2294.4,2,1258.6,6,20,7.5337,2,25,40.85,2,36.81,2,,9,,9,,9,,9,,,9,5.2211,5.2732,2
33RO20100308, A13.5,71,1,16,11709,2,20100401,2010-04-01 10:53,1053,-19,1.2248,5518,749.8,749.8,4.6151,34.4615,2,34.4614,2,146.1,2,146.1,2,31.97,2,35.43,2,0,2,2.39,2,0.192,2,0.1,2,0.016,2,0.43,3,2220.7,2,2300.2,2,1228.2,2,20,7.5421,2,25,39.95,2,36.83,2,,9,,9,,9,,9,,,9,4.5563,4.6145,2
33RO20100308, A13.5,71,1,15,11006,2,20100401,2010-04-01 10:53,1053,-19,1.2248,5518,900.4,900.4,4.0621,34.5029,2,34.5036,2,156.1,2,155.9,2,36.76,2,34.47,2,0,2,2.36,2,0.066,2,0.036,2,0,2,0.234,3,2221.8,2,2304.9,2,1190.1,2,20,7.5571,2,25,39.92,2,36.19,2,,9,,9,,9,,9,,,9,3.9942,4.0622,2
33RO20100308, A13.5,71,1,14,11708,2,20100401,2010-04-01 10:53,1053,-19,1.2248,5518,1100.2,1100.2,3.7687,34.614,2,34.6133,2,175.6,2,172.1,2,37.98,2,32.08,2,0,2,2.19,2,0.027,2,0.015,2,0,2,0.133,3,2216.8,2,2311.4,2,1092.3,2,20,7.5926,2,25,39.78,2,33.88,2,,9,,9,,9,,9,,,9,3.6864,3.7709,2
33RO20100308, A13.5,71,1,13,11031,2,20100401,2010-04-01 10:53,1053,-19,1.2248,5518,1299.9,1299.9,3.6921,34.7434,2,34.7422,2,189.8,2,189.8,2,34.73,2,28.9,2,0,2,1.97,2,0.009,2,0.005,2,0,2,0.068,3,2206.9,2,2316.6,2,987.1,2,20,7.6316,2,25,39.2,2,29.63,2,,9,,9,,9,,9,,,9,3.5934,3.692,2
33RO20100308, A13.5,71,1,12,11027,2,20100401,2010-04-01 10:53,1053,-19,1.2248,5518,1501.1,1501.1,3.6131,34.8296,2,34.8287,2,203.5,2,203.4,2,31.89,2,26.61,2,0,2,1.8,2,0.003,3,0.002,3,0,2,0.033,3,2199.2,2,2319,2,925.9,2,20,7.6574,2,25,39.15,2,27.93,2,,9,,9,,9,,9,,,9,3.4975,3.6126,2
33RO20100308, A13.5,71,1,11,11707,2,20100401,2010-04-01 10:53,1053,-19,1.2248,5518,1799.6,1799.6,3.3687,34.8965,2,34.8958,2,226,2,226.7,2,30.23,2,23.49,2,0,2,1.58,2,0.007,2,0.006,2,0,2,0.064,3,2186.4,2,2320.1,2,828.3,2,20,7.7023,2,25,39.26,2,25.17,2,,9,,9,,9,,9,,,9,3.2292,3.3686,2
33RO20100308, A13.5,71,1,10,11003,2,20100401,2010-04-01 10:53,1053,-19,1.2248,5518,2100.5,2100.5,3.1139,34.9079,2,34.9077,2,232.8,2,233.8,2,32.93,2,22.84,2,0,2,1.53,2,0.004,2,0.003,2,0,2,0.055,3,2185.4,2,2324.7,2,810.3,2,20,7.7119,2,25,39.14,2,24.27,2,,9,,9,,9,,9,,,9,2.9504,3.1133,2
33RO20100308, A13.5,71,1,9,11706,2,20100401,2010-04-01 10:53,1053,-19,1.2248,5518,2400.5,2400.5,2.8813,34.904,2,34.9039,2,235,2,235.6,2,37.21,2,22.88,2,0,2,1.54,2,0.003,2,0.002,2,0,2,0.03,3,2190,2,2328.8,2,808.9,2,20,7.7142,2,25,39.43,2,24.31,2,,9,,9,,9,,9,,,9,2.6933,2.8813,2
33RO20100308, A13.5,71,1,8,11033,2,20100401,2010-04-01 10:53,1053,-19,1.2248,5518,2799.9,2799.9,2.6205,34.8958,2,34.895,2,232.3,2,233.9,2,43.92,2,23.3,2,0,2,1.58,2,0.003,6,0.002,6,0,6,0.012,3,2198.3,2,2336.2,2,810.9,2,20,7.7103,2,25,38.98,2,24.79,2,,9,,9,,9,,9,,,9,2.3984,2.6204,2
33RO20100308, A13.5,71,1,7,11705,2,20100401,2010-04-01 10:53,1053,-19,1.2248,5518,3200.1,3200.1,2.4983,34.8918,2,34.8916,2,231.7,2,231.7,2,47.99,6,23.57,6,0,2,1.59,6,0.002,2,0.001,2,0,2,0.009,3,2206,2,2343.8,2,813.6,2,20,7.711,2,25,39.03,2,25.05,2,,9,,9,,9,,9,,,9,2.2379,2.4982,2
33RO20100308, A13.5,71,1,6,11029,2,20100401,2010-04-01 10:53,1053,-19,1.2248,5518,3601.6,3601.6,2.4264,34.8905,2,34.8901,2,231.6,2,231.2,6,50.32,6,23.65,6,0,2,1.59,6,0.002,2,0.001,2,0,2,0.008,3,2210.1,2,2350.8,2,808.9,2,20,7.7146,2,25,39.48,2,25.34,2,,9,,9,,9,,9,,,9,2.1248,2.4262,2
33RO20100308, A13.5,71,1,5,11704,2,20100401,2010-04-01 10:53,1053,-19,1.2248,5518,4001.8,4001.8,2.3905,34.8887,2,34.8877,2,233.1,2,232.7,2,51.31,6,23.55,6,0,2,1.58,6,0.002,2,0.002,2,0.029,2,0.013,3,2211.1,2,2352.7,2,802.7,2,20,7.7177,2,25,39.61,2,25.86,2,,9,,9,,9,,9,,,9,2.0451,2.3901,2
33RO20100308, A13.5,71,1,4,11030,2,20100401,2010-04-01 10:53,1053,-19,1.2248,5518,4399.7,4399.7,2.4004,34.8866,2,34.8855,2,233.7,2,233.1,2,51.9,6,23.55,6,0,2,1.58,6,0.003,3,0.003,2,0,2,0.019,3,2211.6,2,2355.8,2,798.9,2,20,7.7188,2,25,39.14,2,25.45,2,,9,,9,,9,,9,,,9,2.0082,2.4,2
33RO20100308, A13.5,71,1,3,11703,2,20100401,2010-04-01 10:53,1053,-19,1.2248,5518,4799,4799,2.4209,34.8843,2,34.8833,2,234.3,2,233.8,2,52.45,6,23.5,6,0,2,1.58,6,0.003,2,0.003,2,0,2,0.028,3,2211.6,2,2356.4,2,798,2,20,7.7203,2,25,40.58,2,25.59,2,,9,,9,,9,,9,,,9,1.9794,2.4206,2
33RO20100308, A13.5,71,1,2,11702,2,20100401,2010-04-01 10:53,1053,-19,1.2248,5518,5198.7,5198.7,2.4491,34.8819,2,34.8808,2,235.5,2,234.5,2,52.81,6,23.52,6,0,2,1.58,6,0.004,2,0.004,2,0,2,0.041,3,2213.3,2,2357.7,2,797.1,2,20,7.7206,2,25,40.62,2,25.51,2,,9,,9,,9,,9,,,9,1.9559,2.4487,2
33RO20100308, A13.5,71,1,1,11701,2,20100401,2010-04-01 10:53,1053,-19,1.2248,5518,5602.8,5602.8,2.5005,34.8812,2,34.8812,2,235.8,2,234.8,2,52.8,6,23.47,6,0,2,1.58,6,0.004,2,0.004,2,0,2,0.043,3,2213.3,6,2357,2,798.7,2,20,7.7213,2,25,40.8,2,24.92,2,,9,,9,,9,,9,,,9,1.9523,2.4998,2
33RO20100308, A13.5,72,1,10,11003,2,20100401,2010-04-01 18:09,1809,-18.5,1.2,5259,1899.7,1899.7,3.3644,34.9028,2,34.9056,2,227.6,2,225.6,2,29.52,2,23.42,2,0,2,1.55,2,0.004,2,0.004,2,0,2,0.036,3,2188.3,2,2317.6,2,830.1,2,20,7.7013,2,25,,9,,9,,9,,9,,9,,9,,,9,3.2158,3.3648,2
33RO20100308, A13.5,72,1,9,11706,2,20100401,2010-04-01 18:09,1809,-18.5,1.2,5259,2200.9,2200.9,3.0836,34.9109,2,34.9114,2,232.2,2,231.6,2,32.99,2,22.87,2,0,2,1.52,2,0.002,2,0.001,2,0,2,0.02,3,2189.4,2,2324,2,814.1,2,20,7.7091,2,25,,9,,9,,9,,9,,9,,9,,,9,2.9111,3.0843,2
33RO20100308, A13.5,72,1,8,11033,2,20100401,2010-04-01 18:09,1809,-18.5,1.2,5259,2500.8,2500.8,2.8636,34.9064,2,34.9093,2,233.5,2,232.5,2,37.29,2,22.94,2,0,2,1.53,2,0.004,2,0.002,2,0,2,0.013,3,2193,2,2333.1,2,808.4,2,20,7.7125,2,25,,9,,9,,9,,9,,9,,9,,,9,2.6662,2.8637,2
33RO20100308, A13.5,72,1,7,11705,2,20100401,2010-04-01 18:09,1809,-18.5,1.2,5259,2901.2,2901.2,2.6285,34.8993,4,34.9102,4,230.8,2,231,6,43.52,2,23.33,2,0,2,1.56,2,0.002,2,0.001,2,0,2,0.004,3,2201.7,2,2339,2,816,2,20,7.7096,2,25,,9,,9,,9,,9,,9,,9,,,9,2.396,2.6287,2
33RO20100308, A13.5,72,1,6,11029,2,20100401,2010-04-01 18:09,1809,-18.5,1.2,5259,3300.7,3300.7,2.4891,34.8943,2,34.8969,2,228.5,2,229.5,2,48,2,23.5,2,0,2,1.58,2,0.001,2,0.002,2,0,2,0.003,3,2210.5,2,2351.1,2,817,2,20,7.7098,2,25,,9,,9,,9,,9,,9,,9,,,9,2.2183,2.4889,2
33RO20100308, A13.5,72,1,5,11704,2,20100401,2010-04-01 18:09,1809,-18.5,1.2,5259,3700.1,3700.1,2.4154,34.8912,2,34.8911,2,230.6,2,230.2,2,49.91,6,23.52,6,0,6,1.57,6,0.004,2,0.004,2,0,2,0.01,3,2212.8,2,2355.7,2,810.2,2,20,7.7137,2,25,,9,,9,,9,,9,,9,,9,,,9,2.1033,2.4153,2
33RO20100308, A13.5,72,1,4,11030,2,20100401,2010-04-01 18:09,1809,-18.5,1.2,5259,4100.2,4100.2,2.3944,34.8887,2,34.889,2,232.3,2,231.9,2,50.48,6,23.44,6,0,6,1.56,6,0.001,2,0.002,2,0,2,0.012,3,2212.9,2,2351,4,804.2,2,20,7.7166,2,25,,9,,9,,9,,9,,9,,9,,,9,2.0376,2.3941,2
33RO20100308, A13.5,72,1,3,11703,2,20100401,2010-04-01 18:09,1809,-18.5,1.2,5259,4500.5,4500.5,2.4016,34.8857,2,34.8855,2,233.1,2,234,2,51.09,6,23.38,6,0,6,1.56,6,0.002,6,0.002,6,0,2,0.022,3,2213.3,2,2355.1,2,799.2,2,20,7.7188,2,25,,9,,9,,9,,9,,9,,9,,,9,1.9973,2.4013,2
33RO20100308, A13.5,72,1,2,11702,2,20100401,2010-04-01 18:09,1809,-18.5,1.2,5259,4899.1,4899.1,2.4162,34.8824,2,34.8819,2,234.8,2,234.8,2,51.55,6,23.4,6,0,6,1.55,6,0.004,2,0.004,2,0,2,0.037,3,2213.3,2,2359.3,3,797.9,2,20,7.7204,2,25,,9,,9,,9,,9,,9,,9,,,9,1.9623,2.416,2
33RO20100308, A13.5,72,1,1,11701,2,20100401,2010-04-01 18:09,1809,-18.5,1.2,5259,5318.8,5318.8,2.449,34.8801,2,34.8816,2,236.3,2,234.7,2,52.05,6,23.37,6,0,6,1.56,6,0.005,2,0.005,2,0,2,0.054,3,2214.4,6,2352.8,6,798.6,2,20,7.7195,2,25,,9,,9,,9,,9,,9,,9,,,9,1.9403,2.4484,2
33RO20100308, A13.5,72,3,24,11714,2,20100402,2010-04-02 7:09,709,-18.5,1.2,5245,5.3,5.3,24.2549,36.347,2,36.3483,2,209,2,210.1,2,0.49,2,0.02,2,0,2,0.2,2,1.76,2,1.117,2,1.113,2,,5,2070.6,6,2394.5,6,328.1,2,20,8.0564,2,25,,9,,9,,9,,9,,9,,9,,,9,24.2538,,9
33RO20100308, A13.5,72,3,23,11713,2,20100402,2010-04-02 7:09,709,-18.5,1.2,5245,50.1,50.1,23.6341,36.2647,2,36.2797,2,215.7,2,215.8,2,0.57,2,0.07,2,0,2,0.22,2,1.829,2,1.157,2,1.162,2,,5,2069.9,2,2386.9,2,333.2,2,20,8.049,2,25,,9,,9,,9,,9,,9,,9,,,9,23.6236,,9
33RO20100308, A13.5,72,3,22,11712,2,20100402,2010-04-02 7:09,709,-18.5,1.2,5245,99.8,99.8,17.8119,35.8161,2,35.8091,2,193.8,2,191.5,2,1.91,2,10.69,2,0.31,2,0.88,2,2.356,2,1.436,2,1.306,2,,5,2139.6,2,2349.4,2,558.6,6,20,7.8564,2,25,,9,,9,,9,,9,,9,,9,,,9,17.7948,,9
33RO20100308, A13.5,72,3,21,11010,2,20100402,2010-04-02 7:09,709,-18.5,1.2,5245,124.9,124.9,15.7753,35.5492,2,35.5499,2,174.8,2,171.9,2,3.4,2,11.54,2,0.05,2,0.87,2,2.523,2,1.508,2,1.262,2,,5,2139.4,2,2333.3,2,594.3,2,20,7.8315,2,25,,9,,9,,9,,9,,9,,9,,,9,15.7557,,9
33RO20100308, A13.5,72,3,20,11715,2,20100402,2010-04-02 7:09,709,-18.5,1.2,5245,149.6,149.6,14.5508,35.3747,2,35.3696,2,131.8,2,132,2,5.06,2,17.47,2,0.01,2,1.2,2,2.541,2,1.492,2,1.077,2,,5,2171.2,2,2320.6,2,770.5,2,20,7.7293,2,25,,9,,9,,9,,9,,9,,9,,,9,14.5286,,9
33RO20100308, A13.5,72,3,19,11007,2,20100402,2010-04-02 7:09,709,-18.5,1.2,5245,175.3,175.3,13.6526,35.3014,2,35.2988,2,61.6,2,62.4,2,7.91,2,26.28,2,0.01,2,1.7,2,2.264,2,1.297,2,0.754,2,,5,2222,2,2312.6,2,1145.6,2,20,7.5737,2,25,,9,,9,,9,,9,,9,,9,,,9,13.6276,,9
33RO20100308, A13.5,72,3,18,11710,2,20100402,2010-04-02 7:09,709,-18.5,1.2,5245,200.9,200.9,13.1856,35.2705,2,35.267,2,40.6,2,39.7,2,9.14,2,29.2,2,0.01,2,1.85,2,2.058,6,1.157,6,0.624,6,,5,2237.1,2,2311.4,2,1295.2,2,20,7.5265,2,25,,9,,9,,9,,9,,9,,9,,,9,13.1576,,9
33RO20100308, A13.5,72,3,17,11025,2,20100402,2010-04-02 7:09,709,-18.5,1.2,5245,249.5,249.5,12.0148,35.1137,2,35.1165,2,48.1,2,46.6,2,12.15,2,29.8,2,0.01,2,1.95,2,2.007,2,1.118,2,0.528,2,,5,2238.4,6,2306.3,6,1362.8,2,20,7.5073,2,25,,9,,9,,9,,9,,9,,9,,,9,11.9821,,9
33RO20100308, A13.5,72,3,16,11709,2,20100402,2010-04-02 7:09,709,-18.5,1.2,5245,301.1,301.1,11.0983,35.0244,2,35.025,2,47.2,2,43.7,2,12.3,2,32.18,2,0,2,2.05,2,1.529,2,0.831,2,0.283,2,,5,2242.8,2,2302,2,1421.8,2,20,7.4925,2,25,,9,,9,,9,,9,,9,,9,,,9,11.0608,,9
33RO20100308, A13.5,72,3,15,11006,2,20100402,2010-04-02 7:09,709,-18.5,1.2,5245,349.6,349.6,9.9827,34.8848,2,34.8865,2,71.5,2,62.6,2,13.73,2,32.29,2,0,2,2.07,2,1.459,2,0.781,2,0.276,2,,5,2234.3,2,2302,2,1363.2,2,20,7.5027,2,25,,9,,9,,9,,9,,9,,9,,,9,9.9419,,9
33RO20100308, A13.5,72,3,14,11708,2,20100402,2010-04-02 7:09,709,-18.5,1.2,5245,400.6,400.6,9.2466,34.8331,2,34.8244,2,27.6,2,30.2,2,17.06,2,37.52,2,0,2,2.39,2,0.748,6,0.402,6,0.107,6,,5,2258.8,6,2297.8,2,1691.5,2,20,7.4158,2,25,,9,,9,,9,,9,,9,,9,,,9,9.2019,,9
33RO20100308, A13.5,72,3,13,11031,2,20100402,2010-04-02 7:09,709,-18.5,1.2,5245,449.8,449.8,8.5181,34.7526,2,34.7509,2,40.7,2,45.2,2,18.02,2,37.53,2,0,2,2.39,2,0.715,2,0.377,2,0.085,2,,5,2253.9,2,2296.2,2,1629.8,6,20,7.4304,2,25,,9,,9,,9,,9,,9,,9,,,9,8.4703,,9
33RO20100308, A13.5,72,3,12,11027,2,20100402,2010-04-02 7:09,709,-18.5,1.2,5245,499.9,499.9,7.8672,34.6934,2,34.6922,2,48.9,2,49.4,2,19.78,2,38.59,2,0,2,2.47,2,0.537,2,0.284,2,0.059,2,,5,2256,2,2294.4,2,1661.1,2,20,7.4212,2,25,,9,,9,,9,,9,,9,,9,,,9,7.8163,,9
33RO20100308, A13.5,72,3,11,11707,2,20100402,2010-04-02 7:09,709,-18.5,1.2,5245,549.5,549.5,6.9942,34.6086,2,34.6094,2,73.2,2,76.1,2,21.63,2,37.71,2,0,2,2.44,2,0.5,2,0.263,2,0.042,2,,5,2246.5,2,2294.6,2,1526.2,2,20,7.4556,2,25,,9,,9,,9,,9,,9,,9,,,9,6.9418,,9
33RO20100308, A13.5,72,3,10,11003,2,20100402,2010-04-02 7:09,709,-18.5,1.2,5245,600.6,600.6,6.3767,34.5588,2,34.5582,2,99.4,2,99.7,2,23.2,2,36.62,2,0,2,2.39,2,0.347,2,0.185,2,0.018,2,,5,2234.5,2,2294.9,2,1406.5,2,20,7.4909,2,25,,9,,9,,9,,9,,9,,9,,,9,6.322,,9
33RO20100308, A13.5,72,3,9,11706,2,20100402,2010-04-02 7:09,709,-18.5,1.2,5245,650.4,650.4,5.751,34.512,2,34.5108,2,113.9,2,113.4,2,25.75,2,36.6,2,0,2,2.4,2,0.281,2,0.15,2,0,2,,5,2231.4,2,2296.2,2,1365.4,2,20,7.5021,2,25,,9,,9,,9,,9,,9,,9,,,9,5.6947,,9
33RO20100308, A13.5,72,3,8,11033,2,20100402,2010-04-02 7:09,709,-18.5,1.2,5245,699.4,699.4,5.299,34.4895,2,34.4903,2,118.5,2,118.5,2,28.2,2,36.86,2,0,2,2.44,2,0.186,2,0.102,2,0,2,,5,2232.2,2,2296.5,2,1355,2,20,7.5033,2,25,,9,,9,,9,,9,,9,,9,,,9,5.2407,,9
33RO20100308, A13.5,72,3,7,11705,2,20100402,2010-04-02 7:09,709,-18.5,1.2,5245,750.1,750.1,4.9539,34.4718,2,34.4728,2,136,2,135.3,2,29.82,6,35.85,6,0,6,2.38,6,0.172,2,0.094,2,0,2,,5,2225.6,2,2299,2,1274.9,2,20,7.5289,2,25,,9,,9,,9,,9,,9,,9,,,9,4.8931,,9
33RO20100308, A13.5,72,3,6,11029,2,20100402,2010-04-02 7:09,709,-18.5,1.2,5245,800.5,800.5,4.6288,34.4676,2,34.4703,2,142.7,2,142.6,2,32.14,6,35.59,6,0,6,2.38,6,0.135,2,0.074,2,0,2,,5,2224.9,2,2300.6,2,1249.4,2,20,7.5359,2,25,,9,,9,,9,,9,,9,,9,,,9,4.5656,,9
33RO20100308, A13.5,72,3,5,11704,2,20100402,2010-04-02 7:09,709,-18.5,1.2,5245,898.8,898.8,4.2317,34.4871,2,34.4872,2,150.5,2,150.4,6,35.29,6,34.97,6,0,6,2.35,6,0.067,2,0.038,2,0,2,,5,2224.5,2,2305.8,2,1217.7,2,20,7.5479,2,25,,9,,9,,9,,9,,9,,9,,,9,4.1628,,9
33RO20100308, A13.5,72,3,4,11030,2,20100402,2010-04-02 7:09,709,-18.5,1.2,5245,998.6,998.6,3.9164,34.5275,2,34.5279,2,160.7,2,160.5,2,38.06,6,33.85,6,0,6,2.29,6,0.052,2,0.029,2,0,2,,5,2223.5,2,2311,2,1166.6,2,20,7.564,2,25,,9,,9,,9,,9,,9,,9,,,9,3.8414,,9
33RO20100308, A13.5,72,3,3,11703,2,20100402,2010-04-02 7:09,709,-18.5,1.2,5245,1099.4,1099.4,3.8045,34.5883,2,34.5889,2,165.6,2,167,2,38.43,6,32.72,6,0,6,2.21,6,0.023,2,0.014,2,0,2,,5,2221.8,2,2314.1,2,1127.8,2,20,7.5788,2,25,,9,,9,,9,,9,,9,,9,,,9,3.722,,9
33RO20100308, A13.5,72,3,2,11702,2,20100402,2010-04-02 7:09,709,-18.5,1.2,5245,1298.4,1298.4,3.6797,34.7083,2,34.71,2,176.8,2,177.3,6,37.28,6,30.2,6,0,6,2.05,6,0.008,2,0.004,2,0.009,2,,5,2216.4,2,2317.1,2,1050.6,2,20,7.6056,2,25,,9,,9,,9,,9,,9,,9,,,9,3.5813,,9
33RO20100308, A13.5,72,3,1,11701,2,20100402,2010-04-02 7:09,709,-18.5,1.2,5245,1500,1500,3.6307,34.8097,2,34.8105,2,197.4,2,198.7,2,32.79,6,27.11,6,0,6,1.82,6,0.002,2,0.001,2,0,2,,5,2202.1,2,2320.4,6,942.3,2,20,7.6508,2,25,,9,,9,,9,,9,,9,,9,,,9,3.5151,,9
33RO20100308, A13.5,73,1,24,11714,2,20100402,2010-04-02 13:18,1318,-18,1.1748,5212,6.1,6.1,24.5081,36.5579,2,36.564,2,210,2,210.4,2,0.4,2,0.03,2,0,2,0.21,2,1.779,2,1.113,2,1.104,2,2.106,3,2077.7,6,2401.8,2,331.3,2,20,8.0542,2,25,74.74,2,5.09,2,,1,,1,,9,66.2,2,3.1,1.62,2,24.5068,,9
33RO20100308, A13.5,73,1,23,11713,2,20100402,2010-04-02 13:18,1318,-18,1.1748,5212,40.3,40.3,20.7626,35.9176,2,35.92,2,256.1,2,255.7,2,0.63,2,0.07,2,0,2,0.27,2,2.279,2,1.374,2,1.313,2,1.547,3,2066.5,2,2363.2,6,360.1,2,20,8.0183,2,25,66.87,2,5.1,2,,1,,1,,9,53.8,2,2.9,1.57,2,20.7549,,9
33RO20100308, A13.5,73,1,22,11712,2,20100402,2010-04-02 13:18,1318,-18,1.1748,5212,100,100,16.9844,35.6992,2,35.7,2,203.2,2,201,2,2.34,2,5.65,2,0.1,2,0.55,2,2.49,6,1.481,6,1.272,6,1.227,3,2107.7,2,2345.4,2,474.4,6,20,7.9151,2,25,52.89,2,9.75,2,,1,,1,,9,60.8,2,2.9,0.93,2,16.9679,,9
33RO20100308, A13.5,73,1,21,11010,2,20100402,2010-04-02 13:18,1318,-18,1.1748,5212,201.3,201.3,12.9491,35.2386,2,35.2375,2,47.7,2,40.2,2,9.77,2,29.64,2,0.01,2,1.9,2,2.089,2,1.143,2,0.619,2,0.298,3,2236.1,2,2312.5,2,1303.8,2,20,7.5183,2,25,46.11,2,33.23,2,,1,,1,,9,45.1,2,2.9,0.09,2,12.9214,,9
33RO20100308, A13.5,73,1,20,11715,2,20100402,2010-04-02 13:18,1318,-18,1.1748,5212,249.9,249.9,12.3177,35.178,2,35.1796,2,27.7,2,26.8,2,10.76,2,32.02,2,0.01,2,2.04,2,1.792,2,0.971,2,0.451,2,0.243,3,2244.7,2,2309.4,2,1419.5,2,20,7.4834,2,25,45.23,2,34.46,2,,1,,1,,9,34.2,2,3.1,0.06,2,12.2844,,9
33RO20100308, A13.5,73,1,19,11007,2,20100402,2010-04-02 13:18,1318,-18,1.1748,5212,300.6,300.6,11.3884,35.0631,2,,9,31.6,2,31.1,2,-9,9,-9,9,-9,9,-9,9,1.589,2,0.847,2,0.346,2,0.273,3,2245.3,2,,5,1473.8,6,20,7.4711,4,25,44.33,2,35.77,2,,1,,1,,9,17.5,2,2.8,0.09,2,11.3503,,9
33RO20100308, A13.5,73,1,18,11710,2,20100402,2010-04-02 13:18,1318,-18,1.1748,5212,349.7,349.7,10.4151,34.9635,2,,9,23.2,2,22.5,6,-9,9,-9,9,-9,9,-9,9,1.02,2,0.54,2,0.182,2,0.205,3,2254.2,6,2304.4,2,1628.5,2,20,7.4327,4,25,43.53,2,37.47,2,,9,,1,,9,-17.6,2,2.8,0.09,2,10.3732,,9
33RO20100308, A13.5,73,1,17,11025,2,20100402,2010-04-02 13:18,1318,-18,1.1748,5212,400.5,400.5,9.2711,34.8308,2,34.8305,2,68.3,4,40.9,2,16.26,2,36.4,2,0,2,2.33,2,0.879,2,0.458,2,0.155,2,0.289,3,2249.9,2,2298.2,6,1600.6,2,20,7.4397,2,25,42.71,2,38.04,2,,1,,1,,9,-28.9,2,2.8,0.24,2,9.2264,,9
33RO20100308, A13.5,73,1,16,11709,2,20100402,2010-04-02 13:18,1318,-18,1.1748,5212,500.1,500.1,7.648,34.672,2,,9,68.2,2,67.3,2,19.58,2,37.28,2,0,2,2.4,2,,5,,5,,5,,5,2242.1,2,2295.3,2,1525,2,20,7.457,2,25,41.09,2,38.96,2,,1,,1,,9,-66.7,2,3.1,0.38,2,7.5979,,9
33RO20100308, A13.5,73,1,15,11006,2,20100402,2010-04-02 13:18,1318,-18,1.1748,5212,599.9,599.9,6.4676,34.5696,2,34.5706,2,90.4,2,91,2,23.11,2,37.49,2,0,2,2.46,2,0.322,2,0.167,2,0.053,2,0.348,3,2235.1,2,2295.3,2,1455.2,2,20,7.4749,2,25,39.13,2,39,2,,1,,1,,9,-79.7,6,1.8,0.48,6,6.4126,,9
33RO20100308, A13.5,73,1,14,11708,2,20100402,2010-04-02 13:18,1318,-18,1.1748,5212,700.2,700.2,5.6039,34.5096,2,,9,104.5,2,103.4,2,27.06,2,38,2,0,2,2.51,2,0.209,2,0.111,2,0.049,2,0.323,3,2235.5,2,2298.7,2,1445,2,20,7.479,4,25,38.64,2,39.27,2,,1,,1,,9,-95,2,3.4,0.57,2,5.5438,,9
33RO20100308, A13.5,73,1,13,11031,2,20100402,2010-04-02 13:18,1318,-18,1.1748,5212,900.1,900.1,4.3887,34.4848,2,34.4867,2,138.9,2,138.8,2,34.66,2,36.16,2,0,2,2.45,2,0.056,2,0.032,2,0,2,0.191,3,2228.3,2,2304,2,1289,2,20,7.5252,2,25,38.14,2,37.63,2,,1,,1,,9,-117,2,2.5,0.69,2,4.3186,,9
33RO20100308, A13.5,73,1,12,11027,2,20100402,2010-04-02 13:18,1318,-18,1.1748,5212,1200,1200,3.7532,34.6359,2,34.6386,2,166.8,2,167.8,2,38.35,2,32.08,2,0,2,2.19,2,0.013,2,0.008,2,0,2,0.07,3,2220.1,2,2316.6,2,1114.8,2,20,7.5842,2,25,38.3,2,34.26,2,,1,,1,,9,-123.2,2,3.1,0.73,2,3.6626,,9
33RO20100308, A13.5,73,1,11,11707,2,20100402,2010-04-02 13:18,1318,-18,1.1748,5212,1499.9,1499.9,3.6474,34.8151,2,34.817,2,198.8,2,200.3,2,31.98,2,26.82,2,0,2,1.81,2,0.004,2,0.003,2,0,2,0.036,3,2197.5,2,2320.1,2,932.2,2,20,7.657,2,25,39.25,2,28.49,2,,1,,1,,9,-110.5,2,2.7,0.88,2,3.5316,,9
33RO20100308, A13.5,73,1,10,11003,2,20100402,2010-04-02 13:18,1318,-18,1.1748,5212,1800.4,1800.4,3.4402,34.8959,2,34.8985,2,219.5,2,222.3,2,29.63,2,23.81,2,0,2,1.6,2,0.005,2,0.004,2,0,2,0.04,3,2185.7,2,2321.1,2,844.5,2,20,7.6956,2,25,39.85,2,25.96,2,,1,,1,,9,-110.6,2,3.3,1.01,2,3.2997,,9
33RO20100308, A13.5,73,1,9,11706,2,20100402,2010-04-02 13:18,1318,-18,1.1748,5212,2101.5,2101.5,3.1707,34.9103,2,34.9113,2,229.1,2,230,2,32.44,2,23.01,2,0,2,1.54,2,0.003,2,0.004,2,0,2,0.022,3,2184.9,2,2325.7,2,823.2,2,20,7.7068,2,25,39.67,2,24.86,2,,9,,1,,9,-109.6,2,2.8,0.97,2,3.0062,,9
33RO20100308, A13.5,73,1,8,11033,2,20100402,2010-04-02 13:18,1318,-18,1.1748,5212,2398.9,2398.9,2.9507,34.9085,2,34.9096,2,232.1,2,233.3,2,36.14,6,22.89,6,0,6,1.54,6,0.002,2,0.002,2,0,2,0.012,3,2187.7,2,2331.3,2,806.8,2,20,7.713,2,25,39.35,2,24.51,2,,1,,1,,9,,9,,,9,2.7616,,9
33RO20100308, A13.5,73,1,7,11705,2,20100402,2010-04-02 13:18,1318,-18,1.1748,5212,2801.4,2801.4,2.6856,34.9,2,34.9009,2,230.8,2,230.6,6,42.73,6,23.25,6,0,6,1.56,6,0.002,2,0.001,2,0,2,0.008,3,2196,2,2338.5,2,813.9,2,20,7.7093,2,25,39.37,2,25.03,2,,9,,1,,9,,9,,,9,2.462,,9
33RO20100308, A13.5,73,1,6,11029,2,20100402,2010-04-02 13:18,1318,-18,1.1748,5212,3199.9,3199.9,2.5216,34.8938,2,34.8933,2,227.8,2,229.2,2,48.16,6,23.61,6,0,6,1.59,6,0.002,2,0.002,2,0,2,0.003,3,2204.7,2,2347.4,2,820.1,2,20,7.7078,2,25,39.31,2,25.39,2,,1,,1,,9,,9,,,9,2.2607,,9
33RO20100308, A13.5,73,1,5,11704,2,20100402,2010-04-02 13:18,1318,-18,1.1748,5212,3599.9,3599.9,2.4229,34.891,2,34.8916,2,228.1,2,229.2,2,50.86,6,23.67,6,0,6,1.59,6,0.002,2,0.002,2,0,2,0.002,3,2211.8,2,2354.3,2,812.3,2,20,7.7119,2,25,39.63,2,24.78,2,,9,,1,,9,,9,,,9,2.1216,,9
33RO20100308, A13.5,73,1,4,11030,2,20100402,2010-04-02 13:18,1318,-18,1.1748,5212,4000.2,4000.2,2.3954,34.8889,2,34.8897,2,229.9,2,231.7,2,51.31,6,23.5,6,0,6,1.58,6,0.002,2,0.002,2,0,2,0.013,3,2209.9,2,2353.8,2,805.8,2,20,7.7158,2,25,38.86,2,25.43,2,,1,,1,,9,,9,,,9,2.05,,9
33RO20100308, A13.5,73,1,3,11703,2,20100402,2010-04-02 13:18,1318,-18,1.1748,5212,4399.9,4399.9,2.3974,34.8867,2,34.8866,2,232.3,2,232.8,2,51.95,6,23.5,6,0,6,1.58,6,0.003,2,0.003,2,0,2,0.016,3,2210.7,2,2357.2,2,804,2,20,7.718,2,25,40.07,2,24.72,2,,9,,1,,9,,9,,,9,2.0053,,9
33RO20100308, A13.5,73,1,2,11702,2,20100402,2010-04-02 13:18,1318,-18,1.1748,5212,4799.7,4799.7,2.4162,34.8838,2,34.8836,2,234.1,2,233.8,2,52.28,6,23.44,6,0,6,1.57,6,0.004,2,0.004,2,0,2,0.036,3,2210.6,2,2355.9,6,801.7,2,20,7.7181,2,25,39.35,2,24.8,2,,1,,1,,9,,9,,,9,1.9748,,9
33RO20100308, A13.5,73,1,1,11701,2,20100402,2010-04-02 13:18,1318,-18,1.1748,5212,5278.6,5278.6,2.4407,34.8797,2,34.881,2,234.5,2,234.6,2,52.83,6,23.43,6,0,6,1.57,6,0.007,2,0.007,2,0,2,0.047,3,2211.5,6,2358.9,2,799.3,2,20,7.7192,2,25,39.34,2,25.26,2,,1,,1,,9,,9,,,9,1.9375,,9
33RO20100308, A13.5,74,1,24,11714,2,20100402,2010-04-02 20:19,2019,-17.5,1.1422,4963,5.1,5.1,24.7709,36.5833,2,36.5839,2,207.8,2,209.5,2,0.51,2,0.01,2,0,2,0.2,2,1.762,6,1.094,6,1.113,6,2.106,3,2080.2,6,2403.2,6,327.8,2,20,8.0569,2,25,,9,,9,,9,,9,,9,,9,,,9,24.7698,,9
33RO20100308, A13.5,74,1,23,11713,2,20100402,2010-04-02 20:19,2019,-17.5,1.1422,4963,40.5,40.5,24.7762,36.5832,2,36.6132,2,208.6,2,209.3,2,0.58,2,0.06,2,0,2,0.2,2,1.758,2,1.092,2,1.08,2,2.089,3,2082.9,2,2407.6,2,328.1,2,20,8.0569,2,25,,9,,9,,9,,9,,9,,9,,,9,24.7674,,9
33RO20100308, A13.5,74,1,22,11712,2,20100402,2010-04-02 20:19,2019,-17.5,1.1422,4963,74.8,74.8,18.3541,35.8296,2,35.8314,2,203.7,2,202,2,1.78,2,8.52,2,0.52,2,0.8,2,2.382,2,1.419,2,1.335,2,1.234,3,2132.1,2,2352,2,523.7,6,20,7.8832,2,25,,9,,9,,9,,9,,9,,9,,,9,18.341,,9
33RO20100308, A13.5,74,1,21,11010,2,20100402,2010-04-02 20:19,2019,-17.5,1.1422,4963,100.5,100.5,16.423,35.6493,2,35.6398,2,141.6,2,140,2,3.84,2,19.51,2,0.1,2,1.34,2,2.444,2,1.425,2,1.205,2,0.868,3,2188.3,2,2335.3,2,796.2,2,20,7.7192,2,25,,9,,9,,9,,9,,9,,9,,,9,16.4068,,9
33RO20100308, A13.5,74,1,20,11715,2,20100402,2010-04-02 20:19,2019,-17.5,1.1422,4963,150.5,150.5,13.4783,35.3038,2,35.3014,2,37.1,2,39.3,2,8.83,2,29.04,2,0.01,2,1.85,2,,5,,5,,5,,5,2240.4,2,2311.1,2,1286,2,20,7.5289,2,25,,9,,9,,9,,9,,9,,9,,,9,13.4571,,9
33RO20100308, A13.5,74,1,19,11007,2,20100402,2010-04-02 20:19,2019,-17.5,1.1422,4963,200,200,11.8954,35.0894,2,35.09,2,71,2,76.2,2,9.68,2,27.41,2,0.01,2,1.77,2,2.26,2,1.215,2,0.633,2,0.487,3,2217.1,2,2306.9,2,1157.2,2,20,7.5677,2,25,,9,,9,,9,,9,,9,,9,,,9,11.8694,,9
33RO20100308, A13.5,74,1,18,11710,2,20100402,2010-04-02 20:19,2019,-17.5,1.1422,4963,250.1,250.1,10.9869,34.9942,2,34.9958,2,66.9,2,65.8,2,11.41,2,30.2,2,0,2,1.94,2,1.852,2,0.979,2,0.442,2,0.436,3,2228.7,2,2302.5,2,1276.2,2,20,7.531,2,25,,9,,9,,9,,9,,9,,9,,,9,10.956,,9
33RO20100308, A13.5,74,1,17,11025,2,20100402,2010-04-02 20:19,2019,-17.5,1.1422,4963,300.3,300.3,10.1722,34.912,2,34.9101,2,53.9,2,51.6,6,13.92,2,33.4,2,0,2,2.14,2,1.449,2,0.759,2,0.332,2,0.417,3,2242.2,2,2301.7,2,1432.9,2,20,7.4811,2,25,,9,,9,,9,,9,,9,,9,,,9,10.1368,,9
33RO20100308, A13.5,74,1,16,11709,2,20100402,2010-04-02 20:19,2019,-17.5,1.1422,4963,350.4,350.4,9.2611,34.8264,2,34.8269,2,42.4,2,43.1,2,16.21,2,36.19,2,0,2,2.31,2,0.975,2,0.507,2,0.201,2,0.354,3,2252,2,2297.3,6,1565.1,6,20,7.4428,2,25,,9,,9,,9,,9,,9,,9,,,9,9.2221,,9
33RO20100308, A13.5,74,1,15,11006,2,20100402,2010-04-02 20:19,2019,-17.5,1.1422,4963,449.7,449.7,7.9663,34.7022,2,34.7015,2,52.7,2,50.6,2,19.34,2,38.43,2,0,2,2.46,2,0.597,2,0.304,2,0.097,2,0.33,3,2253.6,6,2296.3,2,1638.6,2,20,7.427,2,25,,9,,9,,9,,9,,9,,9,,,9,7.9204,,9
33RO20100308, A13.5,74,1,14,11708,2,20100402,2010-04-02 20:19,2019,-17.5,1.1422,4963,600.1,600.1,6.0158,34.5371,2,34.5383,2,88.4,2,92.4,2,25.31,2,38.33,2,0,2,2.51,2,0.262,2,0.136,2,0,2,0.337,3,2242.2,2,2297.4,2,1492.7,2,20,7.4643,2,25,,9,,9,,9,,9,,9,,9,,,9,5.9628,,9
33RO20100308, A13.5,74,1,13,11031,2,20100402,2010-04-02 20:19,2019,-17.5,1.1422,4963,800.5,800.5,4.7288,34.4807,2,34.4801,2,126.1,2,126.3,2,32.62,2,37.17,2,0,2,2.49,2,0.088,2,0.047,2,0,2,0.226,3,2236.3,2,2301.7,2,1350.2,2,20,7.506,2,25,,9,,9,,9,,9,,9,,9,,,9,4.665,,9
33RO20100308, A13.5,74,1,12,11027,2,20100402,2010-04-02 20:19,2019,-17.5,1.1422,4963,1099.6,1099.6,3.8295,34.5907,2,34.5906,2,159.6,2,158.9,2,38.78,2,33.55,2,0,2,2.28,2,,9,,9,,9,,9,2228.9,2,2313.8,2,1174.2,2,20,7.5646,2,25,,9,,9,,9,,9,,9,,9,,,9,3.7468,,9
33RO20100308, A13.5,74,1,11,11707,2,20100402,2010-04-02 20:19,2019,-17.5,1.1422,4963,1399.8,1399.8,3.6648,34.7875,2,34.7889,2,190.7,2,191.7,2,33.57,2,28.26,2,0,2,1.9,2,0.002,2,0.002,2,0,2,0.02,3,2208.6,2,2318.2,2,978.9,2,20,7.6371,4,25,,9,,9,,9,,9,,9,,9,,,9,3.5576,,9
33RO20100308, A13.5,74,1,10,11003,2,20100402,2010-04-02 20:19,2019,-17.5,1.1422,4963,1700.4,1700.4,3.5306,34.8846,2,34.8855,2,218,2,218.9,2,29.2,2,24.31,2,0,2,1.62,2,,5,,5,,5,,5,2190.8,2,2322.3,2,859.5,2,20,7.6893,2,25,,9,,9,,9,,9,,9,,9,,,9,3.398,,9
33RO20100308, A13.5,74,1,9,11706,2,20100402,2010-04-02 20:19,2019,-17.5,1.1422,4963,2000.5,2000.5,3.2557,34.9077,2,34.9092,2,228.6,2,229,2,31.3,2,23.21,2,0,2,1.54,2,,9,,9,,9,,9,2187.8,2,2324.9,2,825.9,2,20,7.7063,2,25,,9,,9,,9,,9,,9,,9,,,9,3.0994,,9
33RO20100308, A13.5,74,1,8,11033,2,20100402,2010-04-02 20:19,2019,-17.5,1.1422,4963,2299.8,2299.8,3.0204,34.9103,2,34.9109,2,232.3,2,232.3,6,34.84,2,22.94,2,0,2,1.53,2,0.001,2,0,2,0,2,0.013,3,2187.8,2,2327.7,2,807.6,2,20,7.7101,2,25,,9,,9,,9,,9,,9,,9,,,9,2.8396,,9
33RO20100308, A13.5,74,1,7,11705,2,20100402,2010-04-02 20:19,2019,-17.5,1.1422,4963,2600.9,2600.9,2.8002,34.9052,2,34.9057,2,232,2,232.1,2,39.65,2,23.12,2,0,2,1.54,2,0.001,6,0,6,0,6,0.012,3,2194.2,2,2335.6,2,809.9,2,20,7.7102,2,25,,9,,9,,9,,9,,9,,9,,,9,2.5942,,9
33RO20100308, A13.5,74,1,6,11029,2,20100402,2010-04-02 20:19,2019,-17.5,1.1422,4963,2999.9,2999.9,2.5747,34.8971,2,34.8977,2,229,2,229.7,2,46.28,2,23.53,2,0,2,1.58,2,,9,,9,,9,,9,2204.5,2,2344,2,819.8,2,20,7.707,2,25,,9,,9,,9,,9,,9,,9,,,9,2.3333,,9
33RO20100308, A13.5,74,1,5,11704,2,20100402,2010-04-02 20:19,2019,-17.5,1.1422,4963,3400.6,3400.6,2.456,34.8916,2,34.8913,2,228.5,2,229.3,2,49.97,6,23.72,6,0,6,1.58,6,0.005,2,0.003,2,0,2,0.005,3,2210.7,2,2349.1,2,817.9,2,20,7.7099,2,25,,9,,9,,9,,9,,9,,9,,,9,2.1754,,9
33RO20100308, A13.5,74,1,4,11030,2,20100402,2010-04-02 20:19,2019,-17.5,1.1422,4963,3799.8,3799.8,2.3921,34.8898,2,34.8889,2,231.6,2,232.1,2,50.95,6,23.54,6,0,6,1.57,6,0.001,2,0.002,2,0,2,0.013,3,2211.5,2,2354.7,2,805.6,2,20,7.7143,2,25,,9,,9,,9,,9,,9,,9,,,9,2.0695,,9
33RO20100308, A13.5,74,1,3,11703,2,20100402,2010-04-02 20:19,2019,-17.5,1.1422,4963,4200.6,4200.6,2.3868,34.8874,2,34.8877,2,232.5,2,228.5,4,51.68,6,23.52,6,0,6,1.57,6,,9,,9,,9,,9,2212.1,2,2356,2,803,2,20,7.7171,2,25,,9,,9,,9,,9,,9,,9,,,9,2.0185,,9
33RO20100308, A13.5,74,1,2,11702,2,20100402,2010-04-02 20:19,2019,-17.5,1.1422,4963,4599.4,4599.4,2.4008,34.885,2,34.8883,2,234.1,2,233.3,2,52.22,6,23.48,6,0,6,1.57,6,0.003,2,0.004,2,0,2,0.021,3,2212.9,2,2357.7,2,802.1,2,20,7.7178,2,25,,9,,9,,9,,9,,9,,9,,,9,1.9845,,9
33RO20100308, A13.5,74,1,1,11701,2,20100402,2010-04-02 20:19,2019,-17.5,1.1422,4963,5031.3,5031.3,2.4171,34.8809,2,34.8842,2,235.8,2,234.7,2,52.7,6,23.41,6,0,6,1.56,6,0.004,2,0.004,2,0,2,0.051,3,2214.5,6,2356.6,6,800.5,2,20,7.7201,2,25,,9,,9,,9,,9,,9,,9,,,9,1.9465,,9
33RO20100308, A13.5,75,1,24,11714,2,20100403,2010-04-03 3:08,308,-16.9998,1.1082,5515,5.3,5.3,24.6889,36.5971,2,36.5993,2,208.5,2,208.8,2,0.54,2,0.1,2,0,2,0.2,2,1.761,2,1.095,2,1.099,2,2.029,3,2079.1,6,2403.4,6,332.1,2,20,8.056,2,25,,9,,9,,9,,9,,9,,9,,,9,24.6878,,9
33RO20100308, A13.5,75,1,23,11713,2,20100403,2010-04-03 3:08,308,-16.9998,1.1082,5515,100.5,100.5,16.2421,35.6658,2,35.6601,2,88.7,2,99.6,2,4.92,2,23.47,2,0.12,2,1.55,2,2.28,2,1.316,2,1.02,2,0.676,3,2211,2,2332.8,2,946.6,2,20,7.6527,2,25,52.28,2,26.7,2,,9,,9,,9,,9,,,9,16.226,,9
33RO20100308, A13.5,75,1,22,11712,2,20100403,2010-04-03 3:08,308,-16.9998,1.1082,5515,200.6,200.6,11.7937,35.0922,2,35.0945,2,67.5,2,66.4,2,10.24,2,28.68,2,0.01,2,1.83,2,2.112,6,1.129,6,0.568,6,0.444,3,2221.4,2,2305.4,2,1187.3,2,20,7.5535,2,25,45.44,2,31.51,2,,9,,9,,9,,9,,,9,11.7678,,9
33RO20100308, A13.5,75,1,21,11010,2,20100403,2010-04-03 3:08,308,-16.9998,1.1082,5515,249.7,249.7,10.6948,34.9661,2,34.9647,2,57.6,2,61.2,2,12.36,2,31.28,2,0,2,1.99,2,1.714,2,0.899,2,0.389,2,0.429,3,2230.6,2,2297.2,2,1315,2,20,7.5145,2,25,44.66,2,33.25,2,,9,,9,,9,,9,,,9,10.6645,,9
33RO20100308, A13.5,75,1,20,11715,2,20100403,2010-04-03 3:08,308,-16.9998,1.1082,5515,299.9,299.9,9.5595,34.8537,2,34.8509,2,41.6,2,44.5,2,15.43,2,35.38,2,0,2,2.25,2,1.114,2,0.578,2,0.238,2,0.36,3,2247.2,2,2296.1,2,1535.1,2,20,7.4507,2,25,42.41,2,37.03,2,,9,,9,,9,,9,,,9,9.5255,,9
33RO20100308, A13.5,75,1,19,11007,2,20100403,2010-04-03 3:08,308,-16.9998,1.1082,5515,350.4,350.4,8.7587,34.7826,2,34.7828,2,31.4,2,33.2,2,17.89,2,38.19,2,0,2,2.43,2,0.699,2,0.359,2,0.137,2,0.262,3,2257.9,2,2292.9,2,1695.3,6,20,7.4113,2,25,41.81,2,39.64,2,,9,,9,,9,,9,,,9,8.721,,9
33RO20100308, A13.5,75,1,18,11710,2,20100403,2010-04-03 3:08,308,-16.9998,1.1082,5515,400.3,400.3,7.9513,34.7039,2,34.7057,2,54.4,2,49.6,2,19.47,2,38.41,2,0,2,2.45,2,0.52,2,0.268,2,0.057,2,0.275,3,2252.6,6,2290.4,6,1632.9,2,20,7.4263,2,25,40.96,2,39.78,2,,9,,9,,9,,9,,,9,7.9106,,9
33RO20100308, A13.5,75,1,17,11025,2,20100403,2010-04-03 3:08,308,-16.9998,1.1082,5515,500.5,500.5,6.6338,34.5849,2,34.5852,2,81.6,2,84.4,2,22.68,2,37.74,2,0,2,2.45,2,0.349,2,0.181,2,0.097,2,0.337,3,2240.2,2,2293.1,2,1479.8,2,20,7.4691,2,25,40.06,2,39.1,2,,9,,9,,9,,9,,,9,6.5876,,9
33RO20100308, A13.5,75,1,16,11709,2,20100403,2010-04-03 3:08,308,-16.9998,1.1082,5515,699.8,699.8,5.0416,34.4778,2,34.4824,2,129.2,2,128.8,6,29.52,2,36.46,2,0,2,2.42,2,0.161,2,0.085,2,0,2,0.345,3,2228.1,2,2294.5,2,1308.1,2,20,7.5182,2,25,39.53,2,37.58,2,,9,,9,,9,,9,,,9,4.9846,,9
33RO20100308, A13.5,75,1,15,11006,2,20100403,2010-04-03 3:08,308,-16.9998,1.1082,5515,900.5,900.5,4.1811,34.497,2,34.497,2,145.5,2,145.7,2,36.43,2,35.6,2,0,2,2.39,2,0.059,2,0.032,2,0,2,0.19,3,2230.6,2,2304,2,1252.1,2,20,7.5373,2,25,39.18,2,37.04,2,,9,,9,,9,,9,,,9,4.1124,,9
33RO20100308, A13.5,75,1,14,11708,2,20100403,2010-04-03 3:08,308,-16.9998,1.1082,5515,1101.2,1101.2,3.7992,34.5977,2,34.5979,2,163.9,2,163.6,2,38.6,2,33,2,0,2,2.23,2,0.024,2,0.015,2,0,2,0.099,3,2224.1,2,2310.7,2,1136.8,2,20,7.5739,2,25,39.43,2,35.14,2,,9,,9,,9,,9,,,9,3.7166,,9
33RO20100308, A13.5,75,1,13,11031,2,20100403,2010-04-03 3:08,308,-16.9998,1.1082,5515,1300.1,1300.1,3.6988,34.7366,2,34.737,2,180.6,2,180.8,2,35.63,2,29.72,2,0,2,2,2,0.003,2,0.003,2,0.036,2,0.032,3,2213.2,2,2316.7,2,1028.4,2,20,7.6141,2,25,39.31,2,31.26,2,,9,,9,,9,,9,,,9,3.6,,9
33RO20100308, A13.5,75,1,12,11027,2,20100403,2010-04-03 3:08,308,-16.9998,1.1082,5515,1500.6,1500.6,3.6408,34.8305,2,34.8295,2,203.2,2,201.9,2,31.29,2,26.46,2,0,2,1.77,2,0.002,2,0.002,2,0,2,0.034,3,2198.4,2,2318.6,2,918.9,2,20,7.6604,4,25,39.11,2,28.24,2,,9,,9,,9,,9,,,9,3.5249,,9
33RO20100308, A13.5,75,1,11,11707,2,20100403,2010-04-03 3:08,308,-16.9998,1.1082,5515,1699.4,1699.4,3.4963,34.8869,2,34.8862,2,220,2,219.4,2,29.55,2,24.18,2,0,2,1.6,2,0.003,2,0.004,2,0,2,0.05,3,2188,2,2320.3,2,850.3,2,20,7.6918,2,25,39.35,2,26.17,2,,9,,9,,9,,9,,,9,3.3643,,9
33RO20100308, A13.5,75,1,10,11003,2,20100403,2010-04-03 3:08,308,-16.9998,1.1082,5515,1900.4,1900.4,3.3337,34.9087,2,34.909,2,227.1,2,226.9,2,30.34,6,23.23,6,0,6,1.54,6,0.003,2,0.003,2,0,2,0.041,3,2186.1,2,2322.4,2,825.5,2,20,7.7047,2,25,40.07,2,24.72,2,,9,,9,,9,,9,,,9,3.1855,,9
33RO20100308, A13.5,75,1,9,11706,2,20100403,2010-04-03 3:08,308,-16.9998,1.1082,5515,2299.8,2299.8,3.0174,34.912,2,34.9124,2,231.8,2,231.4,6,35.13,6,22.99,6,0,6,1.52,6,0.001,2,0.002,2,0,2,0.017,3,2188.1,2,2328.3,2,816.7,2,20,7.7103,2,25,39.85,2,24.69,2,,9,,9,,9,,9,,,9,2.8366,,9
33RO20100308, A13.5,75,1,8,11033,2,20100403,2010-04-03 3:08,308,-16.9998,1.1082,5515,2700.4,2700.4,2.737,34.9042,2,34.9038,2,230.6,2,231.1,2,41.57,6,23.26,6,0,6,1.54,6,0.001,2,0.002,2,0,2,0.007,3,2196.4,2,2335.4,2,822.5,2,20,7.7095,2,25,38.22,2,25.28,2,,9,,9,,9,,9,,,9,2.5224,,9
33RO20100308, A13.5,75,1,7,11705,2,20100403,2010-04-03 3:08,308,-16.9998,1.1082,5515,3100.2,3100.2,2.5386,34.8955,2,34.8958,2,229.1,2,228.9,2,47.65,2,23.67,2,0,2,1.58,2,0.001,2,0.002,2,0.034,2,0.006,3,2205.6,2,2344.3,2,821.4,2,20,7.7062,2,25,38.11,2,25.66,2,,9,,9,,9,,9,,,9,2.2877,,9
33RO20100308, A13.5,75,1,6,11029,2,20100403,2010-04-03 3:08,308,-16.9998,1.1082,5515,3500.1,3500.1,2.4207,34.8916,2,34.8922,2,230.6,2,230.4,2,50.51,2,23.64,2,0,2,1.58,2,0.003,2,0.004,2,0.037,2,0.011,3,2210.4,2,2350.3,2,813.3,2,20,7.712,2,25,38.68,2,24.9,2,,9,,9,,9,,9,,,9,2.1303,,9
33RO20100308, A13.5,75,1,5,11704,2,20100403,2010-04-03 3:08,308,-16.9998,1.1082,5515,3900.2,3900.2,2.3926,34.8895,2,34.8893,2,231.1,2,231.9,2,51.37,2,23.62,2,0,2,1.57,2,0.004,2,0.003,2,0,2,0.016,3,2209.8,2,2351.7,2,805.8,2,20,7.7154,2,25,39.98,2,25.83,2,,9,,9,,9,,9,,,9,2.0587,,9
33RO20100308, A13.5,75,1,4,11030,2,20100403,2010-04-03 3:08,308,-16.9998,1.1082,5515,4300.1,4300.1,2.3904,34.8873,2,34.8861,2,232.6,2,232.5,2,51.96,2,23.59,2,0,2,1.57,2,0.003,2,0.004,2,0,2,0.02,3,2209.9,2,2353.8,2,802.6,2,20,7.717,2,25,40.26,2,25.47,2,,9,,9,,9,,9,,,9,2.0103,,9
33RO20100308, A13.5,75,1,3,11703,2,20100403,2010-04-03 3:08,308,-16.9998,1.1082,5515,4699.4,4699.4,2.4032,34.8838,2,34.8829,2,233.9,2,234,2,52.38,2,23.56,2,0,2,1.56,2,0.003,6,0.003,6,0,6,0.035,3,2210.2,2,2355.9,2,801.8,6,20,7.7178,2,25,40.49,2,25.42,2,,9,,9,,9,,9,,,9,1.9746,,9
33RO20100308, A13.5,75,1,2,11702,2,20100403,2010-04-03 3:08,308,-16.9998,1.1082,5515,5101.1,5101.1,2.4202,34.8804,2,34.8797,2,234.3,2,235.8,2,52.85,6,23.46,6,0,6,1.55,6,0.008,2,0.006,2,0,2,0.054,3,2210.6,2,2356.5,2,799.5,2,20,7.7184,2,25,40.27,2,25.62,2,,9,,9,,9,,9,,,9,1.9406,,9
33RO20100308, A13.5,75,1,1,11701,2,20100403,2010-04-03 3:08,308,-16.9998,1.1082,5515,5587,5587,2.4806,34.8795,2,34.8798,2,235.1,2,234.6,2,53.07,6,23.45,6,0,6,1.55,6,0.012,2,0.009,2,0.024,2,0.062,3,2212.7,6,2357.6,6,798.9,2,20,7.72,2,25,39.6,2,25.45,2,,9,,9,,9,,9,,,9,1.9353,,9
33RO20100308, A13.5,76,1,24,11714,2,20100403,2010-04-03 11:00,1100,-16.4997,1.0555,5679,5.7,5.7,24.8057,36.5917,2,36.5972,2,208.5,2,208.8,2,0.71,2,0.08,2,0,2,0.19,2,1.763,2,1.099,2,1.043,2,2.062,3,2082.1,6,2403.7,6,332.8,2,20,8.0519,2,25,,9,,9,,9,,9,,9,,9,,,9,24.8045,,9
33RO20100308, A13.5,76,1,23,11713,2,20100403,2010-04-03 11:00,1100,-16.4997,1.0555,5679,101.2,101.2,17.3001,35.7917,2,35.7868,2,186.8,2,187.2,2,2.61,2,8.57,2,0.08,2,0.71,2,2.451,2,1.451,2,1.242,2,1.002,3,2125.4,2,2348.3,2,523.2,2,20,7.8836,2,25,,9,,9,,9,,9,,9,,9,,,9,17.2831,,9
33RO20100308, A13.5,76,1,22,11712,2,20100403,2010-04-03 11:00,1100,-16.4997,1.0555,5679,199.7,199.7,12.6756,35.1564,2,35.155,2,117.2,2,115.9,2,7.05,2,21.74,2,0.01,2,1.44,2,2.59,6,1.421,6,0.823,6,0.53,3,2183.3,2,2309.8,2,896.7,6,20,7.6669,2,25,,9,,9,,9,,9,,9,,9,,,9,12.6485,,9
33RO20100308, A13.5,76,1,21,11010,2,20100403,2010-04-03 11:00,1100,-16.4997,1.0555,5679,299.9,299.9,10.4197,34.9203,2,34.9119,2,84.2,2,80.5,2,12.21,2,29.81,2,0,2,1.93,2,1.804,2,0.944,2,0.427,2,0.525,3,2217.8,2,2299,2,1216.9,2,20,7.5478,4,25,,9,,9,,9,,9,,9,,9,,,9,10.3838,,9
33RO20100308, A13.5,76,1,20,11715,2,20100403,2010-04-03 11:00,1100,-16.4997,1.0555,5679,399.8,399.8,8.4198,34.7371,2,34.7372,2,62.9,2,61.8,2,17.55,2,35.91,2,0,2,2.31,2,0.852,2,0.434,2,0.142,2,0.395,3,2241.2,2,2293.7,2,1491.8,2,20,7.4633,2,25,,9,,9,,9,,9,,9,,9,,,9,8.3777,,9
33RO20100308, A13.5,76,1,19,11007,2,20100403,2010-04-03 11:00,1100,-16.4997,1.0555,5679,500.2,500.2,6.9792,34.607,2,34.6078,2,90.6,2,85.9,2,21.23,2,36.73,2,0,2,2.39,2,0.501,2,0.253,2,0.156,2,0.412,3,2234.6,2,2291.5,2,1438.2,6,20,7.4785,2,25,,9,,9,,9,,9,,9,,9,,,9,6.9317,,9
33RO20100308, A13.5,76,1,18,11710,2,20100403,2010-04-03 11:00,1100,-16.4997,1.0555,5679,600.5,600.5,5.7996,34.516,2,34.5153,2,112.6,2,112.8,2,25.45,2,36.6,2,0,2,2.42,2,0.288,2,0.147,2,0.126,2,0.417,3,2230.9,2,2294.2,2,1358.4,2,20,7.5024,2,25,,9,,9,,9,,9,,9,,9,,,9,5.7476,,9
33RO20100308, A13.5,76,1,17,11025,2,20100403,2010-04-03 11:00,1100,-16.4997,1.0555,5679,700,700,5.0491,34.4811,2,34.4811,2,127.1,2,125.8,2,29.59,2,36.66,2,0,2,2.45,2,0.138,2,0.073,2,0,2,0.297,3,2228.7,2,2297,2,1329,2,20,7.5138,2,25,,9,,9,,9,,9,,9,,9,,,9,4.9921,,9
33RO20100308, A13.5,76,1,16,11709,2,20100403,2010-04-03 11:00,1100,-16.4997,1.0555,5679,800.5,800.5,4.5472,34.477,2,34.4791,2,140.9,2,140.3,2,32.96,2,35.83,2,0,2,2.42,2,0.085,2,0.046,2,0,2,0.26,3,2227.7,2,2300.3,2,1261.9,2,20,7.5328,2,25,,9,,9,,9,,9,,9,,9,,,9,4.4845,,9
33RO20100308, A13.5,76,1,15,11006,2,20100403,2010-04-03 11:00,1100,-16.4997,1.0555,5679,1000.3,1000.3,3.9284,34.5407,2,34.5438,2,161.1,2,159.2,6,37.75,2,33.82,2,0,2,2.3,2,0.036,2,0.02,2,0.037,2,0.154,3,2224.2,2,2309,2,1167.2,2,20,7.5646,2,25,,9,,9,,9,,9,,9,,9,,,9,3.8532,,9
33RO20100308, A13.5,76,1,14,11708,2,20100403,2010-04-03 11:00,1100,-16.4997,1.0555,5679,1200.7,1200.7,3.756,34.669,2,34.6693,2,173.3,2,172.2,2,37.03,2,31.2,2,0,2,2.12,2,0.009,2,0.006,2,0.035,2,0.054,3,2219,2,2314.4,2,1080.5,2,20,7.5952,2,25,,9,,9,,9,,9,,9,,9,,,9,3.6653,,9
33RO20100308, A13.5,76,1,13,11031,2,20100403,2010-04-03 11:00,1100,-16.4997,1.0555,5679,1400.8,1400.8,3.6807,34.801,2,34.8017,2,194.9,2,194,2,32.38,2,27.54,2,0,2,1.87,2,0.003,2,0.002,2,0,2,0.028,3,2205.1,2,2318.1,2,957.9,2,20,7.6441,2,25,,9,,9,,9,,9,,9,,9,,,9,3.5732,,9
33RO20100308, A13.5,76,1,12,11027,2,20100403,2010-04-03 11:00,1100,-16.4997,1.0555,5679,1699.7,1699.7,3.5149,34.8956,2,34.8956,2,218.2,2,218.2,2,28.96,2,24.06,2,0,2,1.61,2,0.004,2,0.002,2,0.075,3,0.034,3,2190.4,2,2319.6,2,853.5,2,20,7.6908,4,25,,9,,9,,9,,9,,9,,9,,,9,3.3826,,9
33RO20100308, A13.5,76,1,11,11707,2,20100403,2010-04-03 11:00,1100,-16.4997,1.0555,5679,1999.8,1999.8,3.2893,34.9134,2,34.9131,2,226.6,2,226.1,2,30.96,2,23.17,2,0,2,1.55,2,0.003,2,0.002,2,0,2,0.023,3,2187.4,2,2322.6,2,827.7,2,20,7.7031,2,25,,9,,9,,9,,9,,9,,9,,,9,3.1325,,9
33RO20100308, A13.5,76,1,10,11003,2,20100403,2010-04-03 11:00,1100,-16.4997,1.0555,5679,2301.4,2301.4,3.0271,34.9131,2,34.9126,2,230.1,2,230.4,6,35.03,2,22.93,2,0,2,1.54,2,0.003,2,0.002,2,0,2,0.014,3,2188.4,2,2328,2,818.1,2,20,7.7091,2,25,,9,,9,,9,,9,,9,,9,,,9,2.846,,9
33RO20100308, A13.5,76,1,9,11706,2,20100403,2010-04-03 11:00,1100,-16.4997,1.0555,5679,2599.8,2599.8,2.8173,34.9074,2,34.9067,2,231.1,2,231,2,39.46,2,23.02,2,0,2,1.55,2,0.003,2,0.001,2,0,2,0.009,3,2193.1,2,2332.8,2,821.3,2,20,7.7101,2,25,,9,,9,,9,,9,,9,,9,,,9,2.6111,,9
33RO20100308, A13.5,76,1,8,11033,2,20100403,2010-04-03 11:00,1100,-16.4997,1.0555,5679,2900.9,2900.9,2.6342,34.8996,2,34.8994,2,229.3,2,230,2,44.58,2,23.35,2,0,2,1.57,2,0.002,2,0.001,2,0,2,0.007,3,2200.7,2,2337.8,2,819,2,20,7.7083,2,25,,9,,9,,9,,9,,9,,9,,,9,2.4016,,9
33RO20100308, A13.5,76,1,7,11705,2,20100403,2010-04-03 11:00,1100,-16.4997,1.0555,5679,3301,3301,2.4602,34.8913,2,34.8916,2,227.7,2,227.8,2,49.63,6,23.56,6,0,6,1.58,6,0.002,2,0.001,2,0,2,0.007,3,2207.7,2,2348.4,2,817.5,2,20,7.7102,2,25,,9,,9,,9,,9,,9,,9,,,9,2.1901,,9
33RO20100308, A13.5,76,1,6,11029,2,20100403,2010-04-03 11:00,1100,-16.4997,1.0555,5679,3700.7,3700.7,2.3899,34.8902,2,34.8898,2,229.6,2,230.8,2,50.95,6,23.49,6,0,6,1.57,6,0.004,2,0.005,2,0,2,0.012,3,2210.4,2,2353.3,2,806.8,2,20,7.7155,2,25,,9,,9,,9,,9,,9,,9,,,9,2.0784,,9
33RO20100308, A13.5,76,1,5,11704,2,20100403,2010-04-03 11:00,1100,-16.4997,1.0555,5679,4100.2,4100.2,2.3774,34.8877,2,34.8869,2,231.2,2,231.7,2,51.64,6,23.43,6,0,6,1.57,6,0.004,2,0.003,2,0,2,0.021,3,2211.8,2,2354.1,2,803,2,20,7.7166,2,25,,9,,9,,9,,9,,9,,9,,,9,2.0211,,9
33RO20100308, A13.5,76,1,4,11030,2,20100403,2010-04-03 11:00,1100,-16.4997,1.0555,5679,4500.6,4500.6,2.3893,34.8854,2,34.8854,2,231.9,2,233.1,2,52.22,6,23.42,6,0,6,1.57,6,0.003,2,0.002,2,0,2,0.024,3,2211.3,2,2355.6,2,802.1,2,20,7.7178,2,25,,9,,9,,9,,9,,9,,9,,,9,1.9853,,9
33RO20100308, A13.5,76,1,3,11703,2,20100403,2010-04-03 11:00,1100,-16.4997,1.0555,5679,4899.6,4899.6,2.4064,34.8824,2,34.8819,2,233.2,2,233.9,2,52.71,6,23.38,6,0,6,1.56,6,0.005,2,0.004,2,0,2,0.036,3,2211.4,2,2356.4,2,800.8,2,20,7.7197,2,25,,9,,9,,9,,9,,9,,9,,,9,1.9528,,9
33RO20100308, A13.5,76,1,2,11702,2,20100403,2010-04-03 11:00,1100,-16.4997,1.0555,5679,5300.5,5300.5,2.4407,34.88,2,34.8797,2,234.3,2,234.6,2,53.03,6,23.38,6,0,6,1.56,6,0.006,2,0.005,2,0,2,0.05,3,2212,2,2358.6,2,798.6,2,20,7.7205,4,25,,9,,9,,9,,9,,9,,9,,,9,1.9346,,9
33RO20100308, A13.5,76,1,1,11701,2,20100403,2010-04-03 11:00,1100,-16.4997,1.0555,5679,5772.8,5772.8,2.504,34.8794,2,34.8809,2,234.5,2,235,2,53.09,6,23.37,6,0,6,1.56,6,0.008,6,0.005,6,0,6,0.056,3,2213,6,2357.4,6,799.7,2,20,7.721,2,25,,9,,9,,9,,9,,9,,9,,,9,1.9327,,9
33RO20100308, A13.5,77,1,24,11714,2,20100403,2010-04-03 18:33,1833,-16,1.0017,5191,6.1,6.1,25.1071,36.7646,2,36.7646,2,204.8,2,208.1,2,0.89,2,0.04,2,0,2,0.16,2,1.73,2,1.083,2,1.084,2,2.017,3,2088.6,6,2411.4,6,325.1,2,20,8.0613,2,25,77.49,2,5.53,2,,9,,9,,9,41.2,2,3,1.33,2,25.1058,,9
33RO20100308, A13.5,77,1,23,11713,2,20100403,2010-04-03 18:33,1833,-16,1.0017,5191,75.2,75.2,18.9901,35.8925,2,35.8994,2,235.5,2,231.3,2,1.41,2,1.29,2,0.21,2,0.4,2,2.309,6,1.392,6,1.28,6,1.584,3,2096.8,2,2357.7,2,411.5,2,20,7.9734,2,25,61.48,2,6.13,2,,9,,9,,9,48.9,2,2.9,1.47,2,18.9766,,9
33RO20100308, A13.5,77,1,22,11712,2,20100403,2010-04-03 18:33,1833,-16,1.0017,5191,149.9,149.9,14.0378,35.419,2,35.3886,2,76.3,2,65.8,2,7.17,2,25.39,2,0.02,2,1.66,2,2.254,2,1.26,2,0.746,2,0.379,3,2220.3,2,2317.5,2,1072.8,6,20,7.6025,2,25,50.46,2,29.13,2,,9,,9,,9,48.2,2,3.5,0.27,2,14.0161,,9
33RO20100308, A13.5,77,1,21,11010,2,20100403,2010-04-03 18:33,1833,-16,1.0017,5191,250.3,250.3,11.3466,35.0626,2,35.0618,2,43,2,40.4,2,11.81,2,32.07,2,0,2,2.06,2,1.494,2,0.797,2,0.377,2,0.255,3,2242.2,6,2302.9,2,1390,2,20,7.4935,2,25,46.12,2,34.39,2,,9,,9,,9,21.3,2,2.9,0.18,2,11.315,,9
33RO20100308, A13.5,77,1,20,11715,2,20100403,2010-04-03 18:33,1833,-16,1.0017,5191,350.2,350.2,9.1845,34.8318,2,34.8368,2,56.8,2,55.7,2,15.8,2,34.76,2,0,2,2.24,2,0.766,2,0.398,2,0.174,2,0.252,3,2243.5,2,2297,2,1438.3,2,20,7.4786,2,25,43.36,2,36.19,2,,9,,9,,9,-31.4,2,2.7,0.47,2,9.1457,,9
33RO20100308, A13.5,77,1,19,11007,2,20100403,2010-04-03 18:33,1833,-16,1.0017,5191,449.9,449.9,7.8213,34.694,2,34.6918,2,73.4,2,74.1,2,18.98,2,36.03,2,0,2,2.34,2,0.461,2,0.238,2,0.11,2,0.306,3,2241.7,2,2291.2,6,1434.3,2,20,7.4798,2,25,42.02,2,37.11,2,,9,,9,,9,-53.2,2,3.5,0.53,2,7.7758,,9
33RO20100308, A13.5,77,1,18,11710,2,20100403,2010-04-03 18:33,1833,-16,1.0017,5191,549.1,549.1,6.6881,34.5956,2,34.596,2,81.5,2,81.7,2,22.59,2,37.91,2,0,2,2.48,2,0.229,2,0.123,2,0,2,0.272,3,2244.7,2,2290.4,2,1492,2,20,7.4637,2,25,41.2,2,38.96,2,,9,,9,,9,-81.3,2,2.6,0.49,2,6.637,,9
33RO20100308, A13.5,77,1,17,11025,2,20100403,2010-04-03 18:33,1833,-16,1.0017,5191,649.9,649.9,5.8622,34.5377,2,34.5345,2,88.6,2,90,2,26.32,2,38.82,2,0,2,2.57,2,0.124,2,0.066,2,0.056,2,0.226,3,2244.4,2,2293.8,2,1515.5,2,20,7.4585,2,25,40.48,2,39.85,2,,9,,9,,9,-107.9,2,2.7,0.68,2,5.8054,,9
33RO20100308, A13.5,77,1,16,11709,2,20100403,2010-04-03 18:33,1833,-16,1.0017,5191,750.7,750.7,5.071,34.4979,2,34.4985,2,106.9,2,107.4,2,30.61,2,38.34,2,0,2,2.57,2,0.062,2,0.034,2,0,2,0.158,3,2242.5,2,2295,2,1448,2,20,7.4774,2,25,39.31,2,39.99,2,,9,,9,,9,-100,2,2.6,0.59,2,5.0094,,9
33RO20100308, A13.5,77,1,15,11006,2,20100403,2010-04-03 18:33,1833,-16,1.0017,5191,899.9,899.9,4.3173,34.5069,2,34.5067,2,133.8,2,133.7,2,35.59,2,36.37,2,0,2,2.48,2,0.029,2,0.018,2,0,2,0.106,3,2237.4,2,2299.9,2,1324.3,6,20,7.5161,2,25,39.46,2,37.63,2,,9,,9,,9,-91.2,2,2.6,0.54,2,4.2477,,9
33RO20100308, A13.5,77,1,14,11708,2,20100403,2010-04-03 18:33,1833,-16,1.0017,5191,1100.5,1100.5,3.8257,34.5988,2,34.5987,2,161.9,2,162.3,6,38.22,2,32.9,2,0,2,2.26,2,0.016,2,0.01,2,0,2,0.081,3,2227.4,2,2308,2,1146.2,2,20,7.5719,2,25,38.94,2,34.71,2,,9,,9,,9,-111.6,2,2.9,0.8,2,3.7429,,9
33RO20100308, A13.5,77,1,13,11031,2,20100403,2010-04-03 18:33,1833,-16,1.0017,5191,1300.6,1300.6,3.7205,34.7444,2,34.7449,2,181.1,2,182.4,2,34.66,2,29.31,2,0,2,2,2,0.005,2,0.004,2,0.026,2,0.031,3,2216.2,2,2314.8,2,1018.8,2,20,7.6197,2,25,39.74,2,30.55,2,,9,,9,,9,-115.8,2,2.4,0.8,2,3.6214,,9
33RO20100308, A13.5,77,1,12,11027,2,20100403,2010-04-03 18:33,1833,-16,1.0017,5191,1499.6,1499.6,3.6456,34.8462,2,34.8472,2,203.2,2,204.2,2,30.24,2,25.96,2,0,2,1.76,2,0.006,2,0.005,2,0.034,2,0.033,3,2201.4,2,2316,2,909.2,2,20,7.6648,2,25,40.15,2,27.23,2,,9,,9,,9,-108.1,2,2.8,0.88,2,3.5297,,9
33RO20100308, A13.5,77,1,11,11707,2,20100403,2010-04-03 18:33,1833,-16,1.0017,5191,1700.3,1700.3,3.5457,34.8944,2,34.8964,2,216.6,2,217.8,6,28.61,2,24.09,2,0,2,1.62,2,0.007,2,0.005,2,0,2,0.043,3,2193.1,2,2316.6,2,854.4,2,20,7.6887,2,25,40.12,2,26.48,2,,9,,9,,9,-96.2,2,2.5,1.07,2,3.4129,,9
33RO20100308, A13.5,77,1,10,11003,2,20100403,2010-04-03 18:33,1833,-16,1.0017,5191,1899.4,1899.4,3.3568,34.9084,2,34.9089,2,223.2,2,225,2,30.17,2,23.29,2,0,2,1.57,2,0.003,2,0.002,2,0,2,0.031,3,2191,2,2317.9,2,829.3,2,20,7.7011,2,25,40.6,2,24.56,2,,9,,9,,9,-108.2,2,2.4,0.97,2,3.2083,,9
33RO20100308, A13.5,77,1,9,11706,2,20100403,2010-04-03 18:33,1833,-16,1.0017,5191,2199.2,2199.2,3.1158,34.9135,2,34.9129,2,229.5,2,230.3,2,33.43,2,22.93,2,0,2,1.54,2,0.002,2,0.001,2,0,2,0.016,3,2191.7,2,2324.7,2,811.5,2,20,7.7079,2,25,40.58,2,24.82,2,,9,,9,,9,-104.1,2,2.6,1.03,2,2.943,,9
33RO20100308, A13.5,77,1,8,11033,2,20100403,2010-04-03 18:33,1833,-16,1.0017,5191,2500.2,2500.2,2.8728,34.9078,2,34.9074,2,231.1,2,231.1,2,38.26,2,22.94,2,0,2,1.55,2,0.003,2,0.003,2,0.049,3,0.012,3,2195.1,2,2326.5,6,819.5,2,20,7.7085,2,25,40.35,2,24.66,2,,9,,9,,9,,9,,,9,2.6753,,9
33RO20100308, A13.5,77,1,7,11705,2,20100403,2010-04-03 18:33,1833,-16,1.0017,5191,2800.2,2800.2,2.6641,34.9014,2,34.9009,2,231.4,2,229.2,2,43.36,2,23.22,2,0,2,1.57,2,0.002,2,0.001,2,0,2,0.007,3,2202.1,2,2338.3,2,824.3,2,20,7.7085,2,25,40.11,2,25.18,2,,9,,9,,9,,9,,,9,2.441,,9
33RO20100308, A13.5,77,1,6,11029,2,20100403,2010-04-03 18:33,1833,-16,1.0017,5191,3200.2,3200.2,2.4771,34.8926,2,34.8916,2,228.9,2,228.9,2,49.29,2,23.6,2,0,2,1.6,2,0.002,3,0.002,3,0.033,3,0.004,3,2209.9,2,2346.3,2,820.1,2,20,7.7098,2,25,39.85,2,25.69,2,,9,,9,,9,,9,,,9,2.2172,,9
33RO20100308, A13.5,77,1,5,11704,2,20100403,2010-04-03 18:33,1833,-16,1.0017,5191,3600.9,3600.9,2.3865,34.8905,2,34.8895,2,230.5,2,230.1,2,51.15,6,23.51,6,0,6,1.58,6,0.002,6,0.002,6,0,6,0.009,3,2212.8,2,2352,2,810,2,20,7.7141,2,25,39.61,2,24.82,2,,9,,9,,9,,9,,,9,2.086,,9
33RO20100308, A13.5,77,1,4,11030,2,20100403,2010-04-03 18:33,1833,-16,1.0017,5191,4000.5,4000.5,2.3674,34.888,2,34.8872,2,232.4,2,232.2,2,51.73,6,23.38,6,0,6,1.58,6,0.002,2,0.002,2,0,2,0.016,3,2212.7,2,2353,2,804.7,2,20,7.7173,2,25,39.33,2,25.45,2,,9,,9,,9,,9,,,9,2.0228,,9
33RO20100308, A13.5,77,1,3,11703,2,20100403,2010-04-03 18:33,1833,-16,1.0017,5191,4400.8,4400.8,2.3812,34.8856,2,34.8844,2,232.6,2,233.5,2,52.26,6,23.39,6,0,6,1.57,6,0.003,2,0.002,2,0,2,0.022,3,2212.4,2,2354.9,6,803.7,2,20,7.7169,2,25,39.81,2,25.46,2,,9,,9,,9,,9,,,9,1.9895,,9
33RO20100308, A13.5,77,1,2,11702,2,20100403,2010-04-03 18:33,1833,-16,1.0017,5191,4800.6,4800.6,2.3976,34.8823,2,34.8818,2,234.2,2,234.6,2,52.69,6,23.37,6,0,6,1.59,6,0.005,2,0.004,2,0,2,0.04,3,2212.3,2,2354.9,2,800.6,2,20,7.7188,2,25,40.03,2,24.88,2,,9,,9,,9,,9,,,9,1.9567,,9
33RO20100308, A13.5,77,1,1,11701,2,20100403,2010-04-03 18:33,1833,-16,1.0017,5191,5268.1,5268.1,2.4322,34.8791,2,34.8782,2,234.5,2,234.9,2,53.04,6,23.36,6,0,6,1.57,6,0.007,2,0.006,2,0,2,0.056,3,2214.1,6,2358.2,2,798.5,2,20,7.72,2,25,40.51,2,25.19,2,,9,,9,,9,,9,,,9,1.9307,,9
33RO20100308, A13.5,78,1,24,11714,2,20100404,2010-04-04 1:38,138,-15.4998,0.9998,5654,5.4,5.4,25.0398,36.7443,2,36.7454,2,206.9,2,208.7,2,0.68,2,0.04,2,0,2,0.16,2,1.706,2,1.085,2,1.074,2,,5,2085.4,6,2410.2,6,328.5,2,20,8.0596,2,25,,9,,9,,9,,9,,9,,9,,,9,25.0386,,9
33RO20100308, A13.5,78,1,23,11713,2,20100404,2010-04-04 1:38,138,-15.4998,0.9998,5654,50.3,50.3,20.5572,36.3333,2,36.3424,2,244.6,2,243.6,2,1.15,2,0.92,2,0.09,2,0.31,2,2.145,2,1.325,2,1.239,2,,5,2096.9,2,2387.7,2,375.9,2,20,8.0046,2,25,,9,,9,,9,,9,,9,,9,,,9,20.5477,,9
33RO20100308, A13.5,78,1,22,11712,2,20100404,2010-04-04 1:38,138,-15.4998,0.9998,5654,124.5,124.5,14.1118,35.4401,2,35.4361,2,74.4,2,74.6,2,6.56,2,24.11,2,0.03,2,1.56,2,2.205,6,1.27,6,0.789,6,,5,2210.5,2,2321.9,2,989.9,2,20,7.6314,2,25,,9,,9,,9,,9,,9,,9,,,9,14.0937,,9
33RO20100308, A13.5,78,1,21,11010,2,20100404,2010-04-04 1:38,138,-15.4998,0.9998,5654,200,200,12.0827,35.1517,2,35.1541,2,55.2,2,55,2,9.86,2,29.41,2,0.01,2,1.88,2,1.78,2,0.982,2,0.423,2,,5,2228,2,2302.4,2,1223.3,2,20,7.5449,2,25,,9,,9,,9,,9,,9,,9,,,9,12.0564,,9
33RO20100308, A13.5,78,1,20,11715,2,20100404,2010-04-04 1:38,138,-15.4998,0.9998,5654,300.2,300.2,10.0366,34.9255,2,34.9206,2,51.2,2,51.6,2,14.11,2,33.66,2,0,2,2.14,2,0.943,2,0.506,2,0.183,2,,5,2239.9,6,2296.9,6,1392.5,2,20,7.4909,2,25,,9,,9,,9,,9,,9,,9,,,9,10.0015,,9
33RO20100308, A13.5,78,1,19,11007,2,20100404,2010-04-04 1:38,138,-15.4998,0.9998,5654,399.7,399.7,8.3808,34.7524,2,34.749,2,66.1,2,66.2,2,17.55,2,35.61,2,0,2,2.27,2,0.516,2,0.275,2,0.086,2,,5,2239.4,2,2295.7,2,1434.7,2,20,7.4791,2,25,,9,,9,,9,,9,,9,,9,,,9,8.3388,,9
33RO20100308, A13.5,78,1,18,11710,2,20100404,2010-04-04 1:38,138,-15.4998,0.9998,5654,600.3,600.3,6.1749,34.5576,2,34.557,2,89.6,2,90.1,2,24.23,2,37.94,2,0,2,2.48,2,0.164,2,0.09,2,0,2,,5,2239.8,2,2291.5,2,1471.2,6,20,7.4709,2,25,,9,,9,,9,,9,,9,,9,,,9,6.1212,,9
33RO20100308, A13.5,78,1,17,11025,2,20100404,2010-04-04 1:38,138,-15.4998,0.9998,5654,800.4,800.4,4.8714,34.4891,2,34.4879,2,118.8,2,123.7,2,31.06,2,36.99,2,0,2,2.48,2,0.056,2,0.033,2,0,2,,5,2234.5,2,2294.4,2,1355.1,2,20,7.5052,2,25,,9,,9,,9,,9,,9,,9,,,9,4.8067,,9
33RO20100308, A13.5,78,1,16,11709,2,20100404,2010-04-04 1:38,138,-15.4998,0.9998,5654,999.9,999.9,4.1216,34.5434,2,34.5448,2,142,2,141.7,2,36.33,2,35.27,2,0,2,2.4,2,0.013,2,0.009,2,0,2,,5,2233.9,2,2305.6,2,1264.9,2,20,7.5335,2,25,,9,,9,,9,,9,,9,,9,,,9,4.0449,,9
33RO20100308, A13.5,78,1,15,11006,2,20100404,2010-04-04 1:38,138,-15.4998,0.9998,5654,1200.2,1200.2,3.8318,34.6685,2,34.6691,2,163.2,2,163.5,2,36.32,2,31.85,2,0,2,2.18,2,0.002,2,0.002,2,0,2,,5,2224.2,2,2312.1,2,1124.8,2,20,7.5801,2,25,,9,,9,,9,,9,,9,,9,,,9,3.7404,,9
33RO20100308, A13.5,78,1,14,11708,2,20100404,2010-04-04 1:38,138,-15.4998,0.9998,5654,1300.4,1300.4,3.7791,34.7297,2,34.7294,2,175,2,174,2,34.69,2,30.15,2,0,2,2.04,2,0.002,2,0.002,2,0,2,,5,2216.6,2,2312.2,2,1058.5,2,20,7.6043,2,25,,9,,9,,9,,9,,9,,9,,,9,3.6795,,9
33RO20100308, A13.5,78,1,13,11031,2,20100404,2010-04-04 1:38,138,-15.4998,0.9998,5654,1499.8,1499.8,3.7171,34.8411,2,34.8407,2,195.1,2,195.2,6,30.35,2,26.69,2,0,2,1.8,2,0.001,2,0.002,2,0,2,,5,2203.2,2,2313,2,946.9,2,20,7.6488,2,25,,9,,9,,9,,9,,9,,9,,,9,3.6004,,9
33RO20100308, A13.5,78,1,12,11027,2,20100404,2010-04-04 1:38,138,-15.4998,0.9998,5654,1700.5,1700.5,3.5858,34.8945,2,34.8945,2,212.4,2,212,6,28.66,2,24.46,2,0,2,1.64,2,0.002,2,0.001,2,0,2,,5,2192.9,2,2318,2,875.5,2,20,7.6801,2,25,,9,,9,,9,,9,,9,,9,,,9,3.4525,,9
33RO20100308, A13.5,78,1,11,11707,9,20100404,2010-04-04 1:38,138,-15.4998,0.9998,5654,2000.7,2000.7,3.3194,34.9153,2,,9,224.6,2,,9,-9,9,-9,9,-9,9,-9,9,,9,,9,,9,,9,,9,,9,,9,,,9,,,9,,9,,9,,9,,9,,9,,,9,3.1621,,9
33RO20100308, A13.5,78,1,10,11003,2,20100404,2010-04-04 1:38,138,-15.4998,0.9998,5654,2302.2,2302.2,3.0889,34.9162,2,34.9154,2,229.7,2,228.9,2,33.96,2,22.84,2,0,2,1.53,2,0.001,2,0.001,2,0,2,,5,2189.9,2,2328.9,2,821,2,20,7.7076,2,25,,9,,9,,9,,9,,9,,9,,,9,2.9067,,9
33RO20100308, A13.5,78,1,9,11706,2,20100404,2010-04-04 1:38,138,-15.4998,0.9998,5654,2600.6,2600.6,2.8472,34.9081,2,34.9072,2,232.1,2,231.7,2,38.61,2,22.96,2,0,2,1.54,2,0,2,0.001,2,0,2,,5,2193.9,2,2332,2,819.3,2,20,7.7095,2,25,,9,,9,,9,,9,,9,,9,,,9,2.6403,,9
33RO20100308, A13.5,78,1,8,11033,2,20100404,2010-04-04 1:38,138,-15.4998,0.9998,5654,3001,3001,2.6034,34.8986,2,34.8976,2,230.8,2,229.5,2,45.27,6,23.39,6,0,6,1.56,6,0.001,2,0.001,2,0,2,,5,2203.1,2,2336.8,2,825.6,2,20,7.7086,2,25,,9,,9,,9,,9,,9,,9,,,9,2.3613,,9
33RO20100308, A13.5,78,1,7,11705,2,20100404,2010-04-04 1:38,138,-15.4998,0.9998,5654,3400.4,3400.4,2.4394,34.8917,2,34.8927,2,229.2,2,228.5,2,50.18,2,23.63,2,0,2,1.59,2,0,2,0.001,2,0,2,,5,2212.5,2,2350.7,6,816.3,2,20,7.7102,2,25,,9,,9,,9,,9,,9,,9,,,9,2.1592,,9
33RO20100308, A13.5,78,1,6,11029,2,20100404,2010-04-04 1:38,138,-15.4998,0.9998,5654,3801.1,3801.1,2.3782,34.8882,2,34.8856,2,235.3,2,233.2,2,50.47,2,23.34,2,0,2,1.56,2,0.002,2,0.002,2,0,2,,5,2209.1,2,2347.9,2,804.7,2,20,7.7173,2,25,,9,,9,,9,,9,,9,,9,,,9,2.0558,,9
33RO20100308, A13.5,78,1,5,11704,2,20100404,2010-04-04 1:38,138,-15.4998,0.9998,5654,4199.9,4199.9,2.3711,34.8852,2,34.883,2,233.6,2,235.5,2,51.28,2,23.27,2,0,2,1.56,2,0.003,2,0.004,2,0,2,,5,2210.3,2,2349.8,2,802.5,6,20,7.7186,2,25,,9,,9,,9,,9,,9,,9,,,9,2.0034,,9
33RO20100308, A13.5,78,1,4,11030,2,20100404,2010-04-04 1:38,138,-15.4998,0.9998,5654,4601.3,4601.3,2.3935,34.8849,2,34.8838,2,234.3,2,233.2,2,52.13,6,23.41,6,0,6,1.56,6,0.004,2,0.004,2,0,2,,5,2213.9,2,2357.1,6,802.8,2,20,7.7199,2,25,,9,,9,,9,,9,,9,,9,,,9,1.9772,,9
33RO20100308, A13.5,78,1,3,11703,2,20100404,2010-04-04 1:38,138,-15.4998,0.9998,5654,5001.6,5001.6,2.4065,34.8807,2,34.8796,2,235,2,236.3,2,52.52,6,23.32,6,0,6,1.56,6,0.007,2,0.006,2,0,2,,5,2214,2,2355.4,2,801.2,2,20,7.7194,2,25,,9,,9,,9,,9,,9,,9,,,9,1.94,,9
33RO20100308, A13.5,78,1,2,11702,2,20100404,2010-04-04 1:38,138,-15.4998,0.9998,5654,5400.6,5400.6,2.4471,34.8791,2,34.8787,2,237.6,2,237.2,2,52.71,6,23.33,6,0,6,1.56,6,0.014,3,0.017,3,0.131,4,,5,2213.2,2,2353.6,2,799.3,2,20,7.7197,2,25,,9,,9,,9,,9,,9,,9,,,9,1.9277,,9
33RO20100308, A13.5,78,1,1,11701,2,20100404,2010-04-04 1:38,138,-15.4998,0.9998,5654,5731.9,5731.9,2.4912,34.8788,2,34.8822,2,236.6,2,235.6,2,52.69,6,23.31,6,0,6,1.56,6,0.009,2,0.009,2,0,2,,5,2213.1,6,2353,6,799.5,2,20,7.7198,2,25,,9,,9,,9,,9,,9,,9,,,9,1.9259,,9
33RO20100308, A13.5,79,1,12,11027,4,20100404,2010-04-04 8:59,859,-15,0.9998,5412,5497.7,5497.7,2.4576,34.8787,2,34.8791,2,235.5,2,234.7,2,-9,9,-9,9,-9,9,-9,9,,9,,9,,9,,9,,9,,9,,9,,,9,,,9,,9,,9,,9,,9,,9,,,9,1.9251,,9
33RO20100308, A13.5,79,1,11,11707,4,20100404,2010-04-04 8:59,859,-15,0.9998,5412,5497.8,5497.8,2.4578,34.8786,2,34.8797,2,235.5,2,234.6,2,-9,9,-9,9,-9,9,-9,9,,9,,9,,9,,9,,9,,9,800.7,2,20,,9,,,9,,9,,9,,9,,9,,9,,,9,1.9253,,9
33RO20100308, A13.5,79,1,13,11031,4,20100404,2010-04-04 8:59,859,-15,0.9998,5412,5498,5498,2.4573,34.8788,2,34.8789,2,235.5,2,235.5,2,-9,9,-9,9,-9,9,-9,9,,9,,9,,9,,9,,9,,9,,9,,,9,,,9,,9,,9,,9,,9,,9,,,9,1.9248,,9
33RO20100308, A13.5,79,1,21,11010,4,20100404,2010-04-04 8:59,859,-15,0.9998,5412,5498.1,5498.1,2.4577,34.8786,2,34.8789,2,235.5,2,235,2,-9,9,-9,9,-9,9,-9,9,,9,,9,,9,,9,,9,,9,804.3,2,20,,9,,,9,,9,,9,,9,,9,,9,,,9,1.9251,,9
33RO20100308, A13.5,79,1,22,11712,4,20100404,2010-04-04 8:59,859,-15,0.9998,5412,5498.1,5498.1,2.4576,34.8786,2,34.8797,2,235.5,2,234.8,2,-9,9,-9,9,-9,9,-9,9,,9,,9,,9,,9,,9,,9,803.5,2,20,,9,,,9,,9,,9,,9,,9,,9,,,9,1.9251,,9
33RO20100308, A13.5,79,1,4,11030,9,20100404,2010-04-04 8:59,859,-15,0.9998,5412,5498.1,5498.1,2.4578,34.8786,2,,9,,9,,9,-9,9,-9,9,-9,9,-9,9,,9,,9,,9,,9,,9,,9,,9,,,9,,,9,,9,,9,,9,,9,,9,,,9,1.9252,,9
33RO20100308, A13.5,79,1,20,11715,4,20100404,2010-04-04 8:59,859,-15,0.9998,5412,5498.1,5498.1,2.4577,34.8786,2,34.879,2,235.5,2,234.6,2,-9,9,-9,9,-9,9,-9,9,,9,,9,,9,,9,2214,3,,9,,9,,,9,,,9,,9,,9,,9,,9,,9,,,9,1.9251,,9
33RO20100308, A13.5,79,1,5,11704,4,20100404,2010-04-04 8:59,859,-15,0.9998,5412,5498.1,5498.1,2.4575,34.8787,2,34.8786,2,235.5,2,235,2,-9,9,-9,9,-9,9,-9,9,,9,,9,,9,,9,2212.7,3,2356.2,6,802,2,20,,9,,,9,,9,,9,,9,,9,,9,,,9,1.925,,9
33RO20100308, A13.5,79,1,23,11713,4,20100404,2010-04-04 8:59,859,-15,0.9998,5412,5498.2,5498.2,2.4575,34.8786,2,34.88,2,235.5,2,234.8,2,-9,9,-9,9,-9,9,-9,9,,9,,9,,9,,9,,9,,9,,9,,,9,,,9,,9,,9,,9,,9,,9,,,9,1.9249,,9
33RO20100308, A13.5,79,1,10,11003,4,20100404,2010-04-04 8:59,859,-15,0.9998,5412,5498.2,5498.2,2.4579,34.8785,2,34.8784,2,235.5,2,235,2,-9,9,-9,9,-9,9,-9,9,,9,,9,,9,,9,2214.7,3,,9,802.1,2,20,,9,,,9,,9,,9,,9,,9,,9,,,9,1.9253,,9
33RO20100308, A13.5,79,1,19,11007,4,20100404,2010-04-04 8:59,859,-15,0.9998,5412,5498.3,5498.3,2.4577,34.8786,2,34.8791,2,235.5,2,234.3,2,-9,9,-9,9,-9,9,-9,9,,9,,9,,9,,9,,9,,9,,9,,,9,,,9,,9,,9,,9,,9,,9,,,9,1.9252,,9
33RO20100308, A13.5,79,1,24,11714,4,20100404,2010-04-04 8:59,859,-15,0.9998,5412,5498.4,5498.4,2.4573,34.8787,2,34.8785,2,235.5,2,234.4,2,-9,9,-9,9,-9,9,-9,9,,9,,9,,9,,9,2214.4,3,,9,,9,,,9,,,9,,9,,9,,9,,9,,9,,,9,1.9247,,9
33RO20100308, A13.5,79,1,6,11029,4,20100404,2010-04-04 8:59,859,-15,0.9998,5412,5498.4,5498.4,2.4575,34.8787,2,34.8788,2,235.5,2,235.2,2,-9,9,-9,9,-9,9,-9,9,,9,,9,,9,,9,2213.1,3,2359,2,797.3,2,20,,9,,,9,,9,,9,,9,,9,,9,,,9,1.9249,,9
33RO20100308, A13.5,79,1,3,11703,4,20100404,2010-04-04 8:59,859,-15,0.9998,5412,5498.4,5498.4,2.4579,34.8786,2,35.3582,4,235.5,2,223,4,-9,9,-9,9,-9,9,-9,9,,9,,9,,9,,9,,9,,9,,9,,,9,,,9,,9,,9,,9,,9,,9,,,9,1.9253,,9
33RO20100308, A13.5,79,1,14,11708,4,20100404,2010-04-04 8:59,859,-15,0.9998,5412,5498.6,5498.6,2.4571,34.8788,2,34.8798,2,235.5,2,235.1,2,-9,9,-9,9,-9,9,-9,9,,9,,9,,9,,9,,9,,9,,9,,,9,,,9,,9,,9,,9,,9,,9,,,9,1.9245,,9
33RO20100308, A13.5,79,1,18,11710,4,20100404,2010-04-04 8:59,859,-15,0.9998,5412,5498.7,5498.7,2.4578,34.8785,2,34.8802,2,235.5,2,234.8,2,-9,9,-9,9,-9,9,-9,9,,9,,9,,9,,9,,9,,9,,9,,,9,,,9,,9,,9,,9,,9,,9,,,9,1.9252,,9
33RO20100308, A13.5,79,1,9,11706,4,20100404,2010-04-04 8:59,859,-15,0.9998,5412,5498.7,5498.7,2.4578,34.8785,2,34.88,2,235.5,2,234.7,2,-9,9,-9,9,-9,9,-9,9,,9,,9,,9,,9,2214.9,3,,9,,9,,,9,,,9,,9,,9,,9,,9,,9,,,9,1.9252,,9
33RO20100308, A13.5,79,1,7,11705,4,20100404,2010-04-04 8:59,859,-15,0.9998,5412,5498.8,5498.8,2.4574,34.8786,2,34.8793,2,235.6,2,234.7,2,-9,9,-9,9,-9,9,-9,9,,9,,9,,9,,9,2213.2,3,2354.5,2,,9,,,9,,,9,,9,,9,,9,,9,,9,,,9,1.9248,,9
33RO20100308, A13.5,79,1,2,11702,4,20100404,2010-04-04 8:59,859,-15,0.9998,5412,5498.4,5498.4,2.4577,34.8786,2,34.8783,2,235.5,2,235.3,2,-9,9,-9,9,-9,9,-9,9,0.008,2,0.005,2,0,2,0.058,3,2212,2,2358.3,2,803.8,2,20,,9,,,9,,9,,9,,9,,9,,9,,,9,1.925,,9
33RO20100308, A13.5,79,1,8,11033,4,20100404,2010-04-04 8:59,859,-15,0.9998,5412,5498.9,5498.9,2.4576,34.8785,2,34.8782,2,235.6,2,234.9,2,-9,9,-9,9,-9,9,-9,9,,9,,9,,9,,9,2213.9,3,,9,801.7,2,20,,9,,,9,,9,,9,,9,,9,,9,,,9,1.925,,9
33RO20100308, A13.5,79,1,17,11025,4,20100404,2010-04-04 8:59,859,-15,0.9998,5412,5499,5499,2.4577,34.8785,2,,9,235.6,2,234.9,2,-9,9,-9,9,-9,9,-9,9,,9,,9,,9,,9,,9,,9,,9,,,9,,,9,,9,,9,,9,,9,,9,,,9,1.925,,9
33RO20100308, A13.5,79,1,15,11006,4,20100404,2010-04-04 8:59,859,-15,0.9998,5412,5499,5499,2.4572,34.8787,2,34.8784,2,235.6,2,234.8,2,-9,9,-9,9,-9,9,-9,9,,9,,9,,9,,9,,9,,9,808.4,6,20,,9,,,9,,9,,9,,9,,9,,9,,,9,1.9245,,9
33RO20100308, A13.5,79,1,1,11701,4,20100404,2010-04-04 8:59,859,-15,0.9998,5412,5499,5499,2.4579,34.8785,2,34.8782,2,235.6,2,234.6,6,-9,9,-9,9,-9,9,-9,9,0.008,2,0.007,2,0,2,0.058,3,2213.8,3,2356.2,2,,9,,,9,,,9,,9,,9,,9,,9,,9,,,9,1.9251,,9
33RO20100308, A13.5,79,1,16,11709,4,20100404,2010-04-04 8:59,859,-15,0.9998,5412,5499.2,5499.2,2.4574,34.8785,2,34.8789,2,235.6,2,235.2,2,-9,9,-9,9,-9,9,-9,9,,9,,9,,9,,9,,9,,9,,9,,,9,,,9,,9,,9,,9,,9,,9,,,9,1.9247,,9
33RO20100308, A13.5,79,3,24,11714,2,20100405,2010-04-05 2:29,229,-15,1,5413,5.5,5.5,25.0104,36.754,2,36.7559,2,209.3,2,209.1,2,0.7,6,0.01,6,0,6,0.16,6,1.519,3,0.95,3,0.915,3,1.716,3,2084.2,6,2412.9,2,329.5,2,20,8.0614,2,25,72.09,2,5.24,2,,9,,9,,9,56.4,2,3,1.68,2,25.0092,,9
33RO20100308, A13.5,79,3,23,11713,2,20100405,2010-04-05 2:29,229,-15,1,5413,40.1,40.1,21.8642,36.2873,2,36.2805,2,254.9,2,255,6,0.9,2,0.1,2,0.01,2,0.25,2,2.136,2,1.313,2,1.145,2,1.367,3,2077.7,2,2379.3,6,351.7,2,20,8.0346,2,25,70.73,2,5.49,2,,9,,9,,9,49.3,2,2.9,1.64,2,21.8563,,9
33RO20100308, A13.5,79,3,22,11712,2,20100405,2010-04-05 2:29,229,-15,1,5413,79.5,79.5,18.9194,36.1701,2,36.1639,2,182.7,2,181.4,2,2.41,2,7.69,2,0.46,2,0.7,2,2.147,2,1.282,2,1.061,2,1.178,3,2137.5,2,2370.4,6,491.4,6,20,7.9049,2,25,58.62,2,11.55,2,,9,,9,,9,49.8,2,3,1.06,2,18.9052,,9
33RO20100308, A13.5,79,3,21,11010,2,20100405,2010-04-05 2:29,229,-15,1,5413,149.4,149.4,13.6364,35.3493,2,35.3554,2,86.7,2,81.5,2,6.77,2,24.01,2,0.02,2,1.55,2,2.296,2,1.291,2,0.791,2,0.39,3,2205.1,2,2312.9,2,986,2,20,7.6326,2,25,47.17,2,27.42,2,,9,,9,,9,45.8,2,3.2,0.34,2,13.6152,,9
33RO20100308, A13.5,79,3,20,11715,2,20100405,2010-04-05 2:29,229,-15,1,5413,209.9,209.9,11.8427,35.1169,2,35.1172,2,62.7,2,62.7,2,10.01,2,29.07,2,0.01,2,1.86,2,1.818,2,0.987,2,0.423,2,0.296,3,2222.5,2,2303.8,2,1198.7,2,20,7.5528,2,25,45.08,2,31.52,2,,9,,9,,9,23.8,2,2.8,0.36,2,11.8155,,9
33RO20100308, A13.5,79,3,19,11007,2,20100405,2010-04-05 2:29,229,-15,1,5413,270.1,270.1,10.7044,34.9977,2,34.9979,2,52.7,2,52.4,2,12.54,2,32.3,2,0.01,2,2.05,2,1.267,2,0.674,2,0.228,2,0.249,3,2233.4,6,2301.3,2,1343.8,2,20,7.5077,2,25,43.48,2,34.03,2,,9,,9,,9,2.2,2,2.9,0.36,2,10.6716,,9
33RO20100308, A13.5,79,3,18,11710,2,20100405,2010-04-05 2:29,229,-15,1,5413,350.4,350.4,9.3687,34.8575,2,34.8592,2,54.7,2,54,2,15.38,2,34.77,2,0,2,2.2,2,0.726,2,0.38,2,0.074,2,0.215,3,2238.5,2,2296.1,2,1439.7,2,20,7.4847,2,25,42.3,2,36.45,2,,9,,9,,9,-32.1,2,2.8,0.37,2,9.3294,,9
33RO20100308, A13.5,79,3,17,11025,2,20100405,2010-04-05 2:29,229,-15,1,5413,400.3,400.3,8.5675,34.7755,2,34.7752,2,62.7,2,60,2,17.18,2,35.93,2,0,2,2.28,2,0.507,2,0.267,2,0.047,2,0.218,3,2237.8,2,2294.6,6,1457.3,6,20,7.4749,2,25,41.63,2,37.42,2,,9,,9,,9,-51.6,2,2.7,0.38,2,8.5249,,9
33RO20100308, A13.5,79,3,16,11709,2,20100405,2010-04-05 2:29,229,-15,1,5413,499.3,499.3,7.3419,34.6575,2,34.6614,2,73.2,2,73.1,2,20.39,2,37.45,2,0,2,2.39,2,0.287,2,0.151,2,0,2,0.238,3,2238.7,2,2291.5,2,1489.7,2,20,7.4669,2,25,40.66,2,39.07,2,,9,,9,,9,-78.8,2,2.7,0.46,2,7.2931,,9
33RO20100308, A13.5,79,3,15,11006,2,20100405,2010-04-05 2:29,229,-15,1,5413,701.2,701.2,5.5629,34.5171,2,34.5195,2,108.5,2,108.8,2,27.01,2,37.65,2,0,2,2.46,2,0.124,2,0.067,2,0,2,0.248,3,2232.6,2,2293.8,2,1394.8,2,20,7.4925,2,25,39.88,2,38.98,2,,9,,9,,9,-105.6,2,3.8,0.59,2,5.503,,9
33RO20100308, A13.5,79,3,14,11708,2,20100405,2010-04-05 2:29,229,-15,1,5413,900.1,900.1,4.3868,34.5031,2,34.5032,2,133.8,2,132.9,2,34.64,2,36.58,2,0,2,2.45,2,0.023,2,0.014,2,0,2,0.105,3,2231.1,2,2297.8,2,1310.2,2,20,7.5188,2,25,39.58,2,37.94,2,,9,,9,,9,-126.7,2,2.4,0.65,2,4.3167,,9
33RO20100308, A13.5,79,3,13,11031,2,20100405,2010-04-05 2:29,229,-15,1,5413,1099.2,1099.2,3.9268,34.6065,2,34.6051,2,153.7,2,154.1,2,37.03,2,33.66,2,0,2,2.28,2,0.007,2,0.005,2,0,2,0.043,3,2225.3,2,2257,4,1188.7,2,20,7.558,2,25,39.36,2,35.61,2,,9,,9,,9,-125,2,2.5,0.68,2,3.8432,,9
33RO20100308, A13.5,79,3,12,11027,2,20100405,2010-04-05 2:29,229,-15,1,5413,1300.9,1300.9,3.775,34.7488,2,34.7466,2,174.6,2,174.5,2,34.61,2,30.02,2,0,2,2.04,2,0.002,2,0.002,2,0,2,0.016,3,2214.3,2,2311.8,2,1062.5,2,20,7.605,2,25,38.89,2,31.84,2,,9,,9,,9,-122.4,2,2.4,0.73,2,3.6753,,9
33RO20100308, A13.5,79,3,11,11707,2,20100405,2010-04-05 2:29,229,-15,1,5413,1601.8,1601.8,3.655,34.8771,2,34.8758,2,206.2,2,206.1,2,29.04,2,25.41,2,0,2,1.7,2,0.003,2,0.002,2,0,2,0.02,3,2194,2,2314.7,2,904.4,2,20,7.6703,2,25,39.43,2,27.25,2,,9,,9,,9,-107.8,2,2.6,0.9,2,3.5298,,9
33RO20100308, A13.5,79,3,10,11003,2,20100405,2010-04-05 2:29,229,-15,1,5413,1899.7,1899.7,3.4324,34.9135,2,34.9135,2,220.6,2,219.9,2,29.58,2,23.73,2,0,2,1.58,2,0.003,2,0.003,2,0,2,0.02,3,2188.5,2,2318.7,2,851.9,2,20,7.6939,2,25,39.58,2,25.33,2,,9,,9,,9,-110.5,2,2.9,0.91,2,3.2828,,9
33RO20100308, A13.5,79,3,9,11706,2,20100405,2010-04-05 2:29,229,-15,1,5413,2198.4,2198.4,3.1568,34.9185,2,34.917,2,227.5,2,227.3,2,33.19,2,23.18,2,0,2,1.55,2,0.002,2,0.001,2,0,2,0.013,3,2189.4,2,2323.2,2,823,2,20,7.7045,2,25,39.86,2,24.64,2,,9,,9,,9,-112.1,2,2.7,0.93,2,2.9834,,9
33RO20100308, A13.5,79,3,8,11033,2,20100405,2010-04-05 2:29,229,-15,1,5413,2500,2500,2.906,34.9119,2,34.9126,2,231.5,2,231.1,2,37.56,2,22.99,2,0,2,1.54,2,0.003,2,0.002,2,0,2,0.01,3,2191,2,2330,2,812.8,2,20,7.7102,2,25,39.43,2,24.37,2,,9,,9,,9,-121.6,2,2.9,0.97,2,2.7079,,9
33RO20100308, A13.5,79,3,7,11705,2,20100405,2010-04-05 2:29,229,-15,1,5413,2800.1,2800.1,2.7046,34.9044,3,34.9096,4,233.1,2,232.7,2,41.99,2,23.12,2,0,2,1.54,2,0.004,2,0.003,2,0,2,0.01,3,2195.8,2,2335.3,2,809.8,2,20,7.7121,2,25,39.21,2,24.23,2,,9,,9,,9,-123.6,2,2.4,0.95,2,2.4807,,9
33RO20100308, A13.5,79,3,6,11029,2,20100405,2010-04-05 2:29,229,-15,1,5413,3100,3100,2.5632,34.8986,2,34.8973,2,230.4,2,229.6,2,46.67,6,23.4,6,0,6,1.57,6,0.002,2,0.002,2,0,2,0.007,3,2203.8,2,2342.1,2,818.6,2,20,7.7086,2,25,40.05,2,24.88,2,,9,,9,,9,-128.5,2,2.5,0.9,2,2.3117,,9
33RO20100308, A13.5,79,3,5,11704,2,20100405,2010-04-05 2:29,229,-15,1,5413,3500.8,3500.8,2.4288,34.8919,2,34.8903,2,228.7,2,229.2,2,51,6,23.63,6,0,6,1.59,6,0.002,2,0.001,2,0,2,0.007,3,2211.1,2,2352.8,2,815.5,2,20,7.7115,2,25,40.35,2,25.28,2,,9,,9,,9,-126.2,2,2.5,0.88,2,2.1381,,9
33RO20100308, A13.5,79,3,4,11030,9,20100405,2010-04-05 2:29,229,-15,1,5413,3900.1,3900.1,2.3807,34.8894,2,,9,231.3,2,,9,-9,9,-9,9,-9,9,-9,9,,9,,9,,9,,9,,9,,9,,9,,,9,,,9,,9,,9,,9,,9,,9,,,9,2.0471,,9
33RO20100308, A13.5,79,3,3,11703,2,20100405,2010-04-05 2:29,229,-15,1,5413,4300,4300,2.3769,34.8861,2,34.8848,2,232.3,2,232.9,2,52.28,6,23.4,6,0,6,1.56,6,0.004,2,0.003,2,0,2,0.022,3,2212.4,2,2355.7,2,804.1,2,20,7.7173,2,25,40.59,2,25.11,2,,9,,9,,9,-121.3,2,2.8,0.87,2,1.9972,,9
33RO20100308, A13.5,79,3,2,11702,2,20100405,2010-04-05 2:29,229,-15,1,5413,4800.8,4800.8,2.3955,34.8819,2,34.8812,2,233.9,2,234.8,6,52.6,6,23.33,6,0,6,1.56,6,0.005,2,0.004,2,0,2,0.042,3,2211.7,2,2354.5,2,802.9,2,20,7.7186,2,25,40.33,2,25.17,2,,9,,9,,9,-117,2,2.5,0.87,2,1.9546,,9
33RO20100308, A13.5,79,3,1,11701,2,20100405,2010-04-05 2:29,229,-15,1,5413,5495.3,5495.3,2.4554,34.8784,2,34.8768,2,235.5,2,235.8,2,53.14,6,23.31,6,0,6,1.55,6,0.008,2,0.006,2,0,2,0.059,3,2211.2,6,2355.7,2,802.5,2,20,7.7186,2,25,40.42,2,25.42,2,,9,,9,,9,-124.4,6,5.9,0.97,2,1.9232,,9
33RO20100308, A13.5,80,1,24,11714,2,20100405,2010-04-05 9:26,926,-14.5002,0.9798,5667,5.3,5.3,25.2076,36.7786,2,36.7851,2,206.1,2,207.1,2,0.7,6,0.05,6,0,6,0.15,6,1.716,2,1.074,2,1.037,2,1.968,3,2085.2,6,2415.8,2,326.1,2,20,8.0624,2,25,,9,,9,,9,,9,,9,,9,,,9,25.2064,,9
33RO20100308, A13.5,80,1,23,11713,2,20100405,2010-04-05 9:26,926,-14.5002,0.9798,5667,39.6,39.6,25.045,36.7625,2,36.7592,2,209.2,2,209.3,2,0.72,2,0.14,2,0,2,0.17,2,1.737,2,1.087,2,1.172,2,1.922,3,2085.3,2,2413.7,6,325.2,2,20,8.0611,2,25,,9,,9,,9,,9,,9,,9,,,9,25.0364,,9
33RO20100308, A13.5,80,1,22,11712,2,20100405,2010-04-05 9:26,926,-14.5002,0.9798,5667,80.6,80.6,19.6287,36.3361,2,36.3108,2,195.4,2,191.5,6,2.06,2,6.32,2,0.68,2,0.61,2,2.182,6,1.314,6,1.198,6,1.42,3,2133.3,2,2379.7,2,466.7,2,20,7.9288,2,25,,9,,9,,9,,9,,9,,9,,,9,19.6139,,9
33RO20100308, A13.5,80,1,21,11010,2,20100405,2010-04-05 9:26,926,-14.5002,0.9798,5667,179.2,179.2,12.1131,35.1369,2,35.1346,2,72.5,2,70.9,2,9.13,2,27.56,2,0.01,2,1.77,2,2.053,2,1.115,2,0.561,2,0.357,3,2217.7,2,2307.9,2,1137.4,2,20,7.5724,2,25,,9,,9,,9,,9,,9,,9,,,9,12.0896,,9
33RO20100308, A13.5,80,1,20,11715,2,20100405,2010-04-05 9:26,926,-14.5002,0.9798,5667,350.1,350.1,9.3085,34.8543,2,34.8517,2,46.5,2,46.3,2,15.82,2,35.65,2,0,2,2.25,2,0.622,2,0.325,2,0.053,2,0.183,3,2245.2,6,2296.1,2,1486.5,2,20,7.4648,2,25,,9,,9,,9,,9,,9,,9,,,9,9.2694,,9
33RO20100308, A13.5,80,1,19,11007,2,20100405,2010-04-05 9:26,926,-14.5002,0.9798,5667,499.9,499.9,7.6044,34.6846,2,34.6845,2,62.5,2,61.3,2,19.9,2,37.66,2,0,2,2.42,2,0.261,2,0.138,2,0,2,0.203,3,2245.6,2,2293.8,2,1539.2,2,20,7.4505,2,25,,9,,9,,9,,9,,9,,9,,,9,7.5545,,9
33RO20100308, A13.5,80,1,18,11710,2,20100405,2010-04-05 9:26,926,-14.5002,0.9798,5667,700.2,700.2,5.6618,34.5203,2,34.52,2,108.2,2,108.3,2,26.17,2,36.92,2,0,2,2.45,2,0.155,2,0.081,2,0,2,0.297,3,2232.2,2,2290.7,2,1389.5,6,20,7.4944,2,25,,9,,9,,9,,9,,9,,9,,,9,5.6014,,9
33RO20100308, A13.5,80,1,17,11025,2,20100405,2010-04-05 9:26,926,-14.5002,0.9798,5667,900.6,900.6,4.5704,34.4977,2,34.4998,2,132,2,131.2,2,32.88,2,36.25,2,0,2,2.45,2,0.038,2,0.022,2,0,2,0.15,3,2231.9,2,2299.2,2,1306.5,2,20,7.5195,2,25,,9,,9,,9,,9,,9,,9,,,9,4.499,,9
33RO20100308, A13.5,80,1,16,11709,2,20100405,2010-04-05 9:26,926,-14.5002,0.9798,5667,1099.9,1099.9,3.9981,34.5941,2,34.596,2,152.8,2,152.4,2,36.15,2,33.6,2,0,2,2.29,2,0.009,2,0.006,2,0,2,0.055,3,2227.7,2,2307.6,2,1192.4,2,20,7.5571,2,25,,9,,9,,9,,9,,9,,9,,,9,3.9139,,9
33RO20100308, A13.5,80,1,15,11006,2,20100405,2010-04-05 9:26,926,-14.5002,0.9798,5667,1300,1300,3.8188,34.7344,2,34.7327,2,175.1,2,174.6,2,33.85,2,29.87,2,0,2,2.04,2,0.004,2,0.002,2,0,2,0.025,3,2215.5,2,2315,2,1062.6,2,20,7.6056,2,25,,9,,9,,9,,9,,9,,9,,,9,3.7188,,9
33RO20100308, A13.5,80,1,14,11708,2,20100405,2010-04-05 9:26,926,-14.5002,0.9798,5667,1500.5,1500.5,3.7188,34.8482,2,34.8483,2,199.1,2,199.3,2,29.58,2,26.12,2,0,2,1.77,2,0.003,2,0.002,2,0,2,0.027,3,2198.6,2,2316.4,2,934.9,2,20,7.6566,2,25,,9,,9,,9,,9,,9,,9,,,9,3.602,,9
33RO20100308, A13.5,80,1,13,11031,2,20100405,2010-04-05 9:26,926,-14.5002,0.9798,5667,1700,1700,3.5768,34.8993,2,34.899,2,214.5,2,215.6,2,28.17,2,23.97,2,0,2,1.61,2,0.006,2,0.005,2,0,2,0.041,3,2190.6,2,2319.7,2,862.4,2,20,7.686,2,25,,9,,9,,9,,9,,9,,9,,,9,3.4437,,9
33RO20100308, A13.5,80,1,12,11027,2,20100405,2010-04-05 9:26,926,-14.5002,0.9798,5667,1897.6,1897.6,3.389,34.9147,2,34.9146,2,220,2,220.8,2,29.85,2,23.33,2,0,2,1.56,2,0.002,2,0.002,2,0,2,0.02,3,2189,2,2321.7,2,841.2,2,20,7.6957,2,25,,9,,9,,9,,9,,9,,9,,,9,3.2402,,9
33RO20100308, A13.5,80,1,11,11707,2,20100405,2010-04-05 9:26,926,-14.5002,0.9798,5667,2100.2,2100.2,3.2014,34.9185,2,34.9178,2,226.3,2,227,2,32.09,2,22.8,2,0,2,1.53,2,0.003,2,0.002,2,0,2,0.024,3,2189,2,2323.8,2,821,2,20,7.7059,2,25,,9,,9,,9,,9,,9,,9,,,9,3.0365,,9
33RO20100308, A13.5,80,1,10,11003,2,20100405,2010-04-05 9:26,926,-14.5002,0.9798,5667,2301.1,2301.1,3.0513,34.917,2,34.9165,2,229.3,2,231.1,2,34.39,2,22.67,2,0,2,1.52,2,,5,,5,,5,,5,2189.2,2,2327.9,2,814.1,2,20,7.7101,2,25,,9,,9,,9,,9,,9,,9,,,9,2.8698,,9
33RO20100308, A13.5,80,1,9,11706,2,20100405,2010-04-05 9:26,926,-14.5002,0.9798,5667,2501.3,2501.3,2.9175,34.9132,2,34.9118,2,229.7,2,231.2,2,36.98,2,22.77,2,0,2,1.52,2,0,2,0,2,0,2,-0.003,4,2191.3,2,2330.6,6,816.3,2,20,7.7108,2,25,,9,,9,,9,,9,,9,,9,,,9,2.719,,9
33RO20100308, A13.5,80,1,8,11033,2,20100405,2010-04-05 9:26,926,-14.5002,0.9798,5667,2900,2900,2.6457,34.9023,2,34.9007,2,229.1,2,230.5,2,43.62,2,23.18,2,0,2,1.55,2,0.002,2,0.001,2,0,2,0.006,3,2199.5,2,2339,2,821.7,2,20,7.71,2,25,,9,,9,,9,,9,,9,,9,,,9,2.4129,,9
33RO20100308, A13.5,80,1,7,11705,2,20100405,2010-04-05 9:26,926,-14.5002,0.9798,5667,3300.8,3300.8,2.4712,34.8946,2,34.8952,2,227.7,2,229,2,48.97,2,23.45,2,0,2,1.57,2,0.003,2,0.003,2,0,2,0.008,3,2209.3,2,2347.7,2,816.9,2,20,7.7109,2,25,,9,,9,,9,,9,,9,,9,,,9,2.2009,,9
33RO20100308, A13.5,80,1,6,11029,2,20100405,2010-04-05 9:26,926,-14.5002,0.9798,5667,3700.2,3700.2,2.3912,34.8904,2,34.8889,2,229.4,2,230.6,2,50.88,6,23.4,6,0,6,1.56,6,0.003,2,0.002,2,0,2,0.011,3,2212.3,2,2353.7,2,810.2,2,20,7.7153,2,25,,9,,9,,9,,9,,9,,9,,,9,2.0797,,9
33RO20100308, A13.5,80,1,5,11704,2,20100405,2010-04-05 9:26,926,-14.5002,0.9798,5667,4099.7,4099.7,2.3762,34.8881,2,34.887,2,230.5,2,231.6,2,51.63,6,23.36,6,0,6,1.56,6,0.003,6,0.002,6,0,6,0.016,3,2211.7,2,2357.4,2,803.8,2,20,7.717,2,25,,9,,9,,9,,9,,9,,9,,,9,2.0199,,9
33RO20100308, A13.5,80,1,4,11030,2,20100405,2010-04-05 9:26,926,-14.5002,0.9798,5667,4501.6,4501.6,2.3872,34.8854,2,34.8843,2,230.6,2,232.3,2,52.21,6,23.37,6,0,6,1.56,6,0.004,2,0.004,2,0,2,0.027,3,2213.4,2,2356.8,2,803.4,2,20,7.7175,2,25,,9,,9,,9,,9,,9,,9,,,9,1.9832,,9
33RO20100308, A13.5,80,1,3,11703,2,20100405,2010-04-05 9:26,926,-14.5002,0.9798,5667,4899.8,4899.8,2.4055,34.8823,2,34.8805,2,233.3,2,234.2,6,52.61,6,23.33,6,0,6,1.55,6,0.006,2,0.005,2,0,2,0.038,3,2213.1,2,2356.6,2,801.6,6,20,7.7182,2,25,,9,,9,,9,,9,,9,,9,,,9,1.9519,,9
33RO20100308, A13.5,80,1,2,11702,2,20100405,2010-04-05 9:26,926,-14.5002,0.9798,5667,5301,5301,2.4323,34.8791,2,34.8779,2,234.6,2,235,2,52.79,6,23.28,6,0,6,1.56,6,0.008,2,0.006,2,0,2,0.059,3,2212,2,2358.1,2,800.2,2,20,7.7187,2,25,,9,,9,,9,,9,,9,,9,,,9,1.9265,,9
33RO20100308, A13.5,80,1,1,11701,2,20100405,2010-04-05 9:26,926,-14.5002,0.9798,5667,5757.4,5757.4,2.4919,34.8781,2,34.8813,2,235.1,2,234.7,2,52.94,6,23.3,6,0,6,1.55,6,0.008,2,0.006,2,0,2,0.061,3,2212.4,6,2357.2,2,804.5,2,20,7.7196,2,25,,9,,9,,9,,9,,9,,9,,,9,1.9232,,9
33RO20100308, A13.5,81,1,24,11714,2,20100405,2010-04-05 15:57,1557,-14,0.9582,5515,6,6,25.2652,36.7652,2,36.7657,2,205.6,2,207.4,2,0.56,2,0.09,2,0,2,0.17,2,1.71,2,1.077,2,1.069,2,1.905,3,2082.9,2,2414.3,2,325.2,2,20,8.0643,2,25,77.47,2,5.4,2,,1,,1,,9,,9,,,9,25.2639,,9
33RO20100308, A13.5,81,1,23,11713,2,20100405,2010-04-05 15:57,1557,-14,0.9582,5515,70.2,70.2,19.6176,36.3186,2,36.2968,2,205,2,196.2,2,1.87,2,5.74,2,0.57,2,0.59,2,2.182,2,1.318,2,1.181,2,1.39,3,2129.7,2,2381.1,2,452.8,2,20,7.9366,2,25,63.54,2,9.93,2,,1,,1,,9,,9,,,9,19.6047,,9
33RO20100308, A13.5,81,1,22,11712,2,20100405,2010-04-05 15:57,1557,-14,0.9582,5515,99.5,99.5,15.2751,35.6081,2,35.5876,2,113.2,2,112.1,2,4.91,2,18.85,2,0.12,2,1.28,2,2.329,2,1.34,2,0.885,2,0.616,3,2184.6,2,2332.6,2,782.6,2,20,7.7265,2,25,52.31,2,22.46,2,,1,,1,,9,,9,,,9,15.2598,,9
33RO20100308, A13.5,81,1,21,11010,2,20100405,2010-04-05 15:57,1557,-14,0.9582,5515,149.1,149.1,13.2077,35.3216,2,35.3247,2,45.5,2,44.4,2,8.19,2,28.55,2,0.01,2,1.82,2,1.963,2,1.086,2,0.569,2,0.262,3,2231.4,2,2313.8,2,1205.1,2,20,7.5518,2,25,48.58,2,30.93,2,,1,,1,,9,,9,,,9,13.1869,,9
33RO20100308, A13.5,81,1,20,11715,2,20100405,2010-04-05 15:57,1557,-14,0.9582,5515,246.1,246.1,11.0979,35.0498,2,35.0504,2,44.6,2,46.1,2,11.93,2,31.99,2,0,2,2.05,2,1.294,2,0.693,2,0.286,2,0.214,3,2237.6,2,2305.2,2,1334.5,2,20,7.5071,2,25,45.12,2,33.93,2,,1,,1,,9,,9,,,9,11.0673,,9
33RO20100308, A13.5,81,1,19,11007,2,20100405,2010-04-05 15:57,1557,-14,0.9582,5515,399.8,399.8,8.8311,34.8042,2,34.8011,2,53.3,2,54.2,2,16.69,2,35.87,2,0,2,2.28,2,0.503,2,0.265,2,0.092,2,0.189,3,2242.9,2,2297,2,1464.4,2,20,7.468,2,25,42.23,2,36.94,2,,1,,1,,9,,9,,,9,8.7878,,9
33RO20100308, A13.5,81,1,18,11710,2,20100405,2010-04-05 15:57,1557,-14,0.9582,5515,549.5,549.5,6.9145,34.6161,2,34.6166,2,84,2,83.7,2,21.32,2,36.83,2,0,2,2.39,2,0.269,2,0.14,2,0,2,0.277,3,2237.2,2,2289.3,2,1429.2,2,20,7.4774,2,25,40.84,2,38.04,2,,1,,1,,9,,9,,,9,6.8624,,9
33RO20100308, A13.5,81,1,17,11025,2,20100405,2010-04-05 15:57,1557,-14,0.9582,5515,749.8,749.8,5.095,34.498,2,34.4995,2,111,2,112.1,2,29.64,2,37.63,2,0,2,2.51,2,0.06,2,0.034,2,0,2,0.17,3,2237.9,2,2294.5,2,1391,2,20,7.4897,2,25,40.28,2,38.95,2,,1,,1,,9,,9,,,9,5.0333,,9
33RO20100308, A13.5,81,1,16,11709,2,20100405,2010-04-05 15:57,1557,-14,0.9582,5515,950.5,950.5,4.2664,34.5278,2,34.5281,2,139.3,2,139.9,2,34.81,2,35.41,2,0,2,2.4,2,0.018,2,0.013,2,0,2,0.084,3,2230.9,2,2303.4,2,1261.2,2,20,7.5316,2,25,38.42,2,37.23,2,,1,,1,,9,,9,,,9,4.1928,,9
33RO20100308, A13.5,81,1,15,11006,2,20100405,2010-04-05 15:57,1557,-14,0.9582,5515,1150.2,1150.2,3.9111,34.6505,2,34.6509,2,159.8,2,160.5,2,35.45,2,32.18,2,0,2,2.2,2,0.004,2,0.003,2,0.016,2,0.03,3,2224.1,2,2309.6,2,1134.7,2,20,7.5746,2,25,38.87,2,33.41,2,,1,,1,,9,,9,,,9,3.8233,,9
33RO20100308, A13.5,81,1,14,11708,2,20100405,2010-04-05 15:57,1557,-14,0.9582,5515,1351,1351,3.7739,34.7854,2,34.7853,2,183.9,2,185.5,2,31.89,2,28.24,2,0,2,1.93,2,0.002,2,0.002,2,0,2,0.021,3,2208.9,2,2315.6,2,992,2,20,7.6287,2,25,40.28,2,29.84,2,,1,,1,,9,,9,,,9,3.6698,,9
33RO20100308, A13.5,81,1,13,11031,2,20100405,2010-04-05 15:57,1557,-14,0.9582,5515,1549.7,1549.7,3.6783,34.8699,2,34.8708,2,204.9,2,207.1,2,28.63,2,25.2,2,0,2,1.71,2,0.003,2,0.003,2,0,2,0.032,3,2195.8,2,2317.1,2,893.6,2,20,7.6703,2,25,40.44,2,26.43,2,,1,,1,,9,,9,,,9,3.5575,,9
33RO20100308, A13.5,81,1,12,11027,2,20100405,2010-04-05 15:57,1557,-14,0.9582,5515,1747.1,1747.1,3.543,34.9025,2,34.9028,2,213.9,2,215.8,2,28.47,2,23.95,2,0,2,1.62,2,0.002,2,0.003,2,0,2,0.025,3,2191.1,2,2320.1,2,862.2,2,20,7.6864,2,25,40.29,2,25.41,2,,1,,1,,9,,9,,,9,3.406,,9
33RO20100308, A13.5,81,1,11,11707,2,20100405,2010-04-05 15:57,1557,-14,0.9582,5515,1950,1950,3.3698,34.916,2,34.9156,2,221.5,2,223.5,2,29.84,2,23.2,2,0,2,1.56,2,0.004,2,0.003,2,0.062,4,0.028,3,2189.9,2,2320,2,836.7,2,20,7.6998,2,25,39.8,2,24.8,2,,1,,1,,9,,9,,,9,3.2164,,9
33RO20100308, A13.5,81,1,10,11003,2,20100405,2010-04-05 15:57,1557,-14,0.9582,5515,2198.9,2198.9,3.1573,34.9182,2,34.9185,2,225.9,2,227.4,2,32.82,2,22.88,2,0,2,1.54,2,0.002,2,0.001,2,0,2,0.015,3,2189.8,2,2324.8,6,825.1,2,20,7.7053,2,25,39.84,2,24.54,2,,1,,1,,9,,9,,,9,2.9838,,9
33RO20100308, A13.5,81,1,9,11706,2,20100405,2010-04-05 15:57,1557,-14,0.9582,5515,2450.1,2450.1,2.9333,34.9129,2,34.9123,2,228.3,2,229.9,2,36.82,2,22.91,2,0,2,1.54,2,0.002,2,0.002,2,0.014,3,0.008,3,2193.4,2,2326.9,2,819.1,2,20,7.7087,2,25,39.67,2,24.49,2,,9,,1,,9,,9,,,9,2.7395,,9
33RO20100308, A13.5,81,1,8,11033,2,20100405,2010-04-05 15:57,1557,-14,0.9582,5515,2698.6,2698.6,2.7594,34.9068,2,34.9063,2,228.7,2,230.7,2,40.73,2,23.06,2,0,2,1.55,2,0.001,2,0.002,2,0,2,0.004,3,2196.4,2,2332.2,2,815.6,2,20,7.71,2,25,39.45,2,24.6,2,,1,,1,,9,,9,,,9,2.5445,,9
33RO20100308, A13.5,81,1,7,11705,2,20100405,2010-04-05 15:57,1557,-14,0.9582,5515,3099.9,3099.9,2.5479,34.897,3,34.8897,4,226.6,2,228.5,2,47.14,6,23.39,6,0,6,1.58,6,0.001,2,0.002,2,0,2,0.002,3,2205.6,2,2344.7,2,820.6,2,20,7.7073,2,25,38.49,2,25.06,2,,9,,1,,9,,9,,,9,2.2968,,9
33RO20100308, A13.5,81,1,6,11029,2,20100405,2010-04-05 15:57,1557,-14,0.9582,5515,3500.6,3500.6,2.4015,34.8905,2,34.8874,2,227.1,2,228.1,2,51.24,6,23.59,6,0,6,1.59,6,0.002,2,0.002,2,0,2,0.005,3,2212.7,2,2350.5,2,814.3,2,20,7.7127,2,25,38.5,2,24.76,2,,1,,1,,9,,9,,,9,2.1115,,9
33RO20100308, A13.5,81,1,5,11704,2,20100405,2010-04-05 15:57,1557,-14,0.9582,5515,3902.4,3902.4,2.363,34.8885,2,34.885,2,230,2,232,2,51.53,6,23.39,6,0,6,1.57,6,0.002,4,0.002,4,0.05,4,0.011,4,2211.3,2,2352.3,2,805.3,2,20,7.7162,2,25,38.25,2,24.77,2,,9,,1,,9,,9,,,9,2.0297,,9
33RO20100308, A13.5,81,1,4,11030,2,20100405,2010-04-05 15:57,1557,-14,0.9582,5515,4300.7,4300.7,2.369,34.8859,2,34.8814,2,230.2,2,232.3,2,52.19,6,23.4,6,0,6,1.57,6,0.002,2,0.002,2,0,2,0.017,3,2211.9,2,2356,2,803.1,2,20,7.7168,2,25,39.9,2,25.08,2,,1,,1,,9,,9,,,9,1.9895,,9
33RO20100308, A13.5,81,1,3,11703,2,20100405,2010-04-05 15:57,1557,-14,0.9582,5515,4700.3,4700.3,2.3862,34.8826,2,34.8792,2,231.8,2,233.1,2,52.63,6,23.38,6,0,6,1.57,6,0.003,2,0.004,2,0,2,0.031,3,2210.8,2,2356.3,2,802.3,2,20,7.7186,2,25,40.29,2,24.6,2,,9,,1,,9,,9,,,9,1.958,,9
33RO20100308, A13.5,81,1,2,11702,2,20100405,2010-04-05 15:57,1557,-14,0.9582,5515,5098.9,5098.9,2.4113,34.8798,2,34.8778,2,233.8,2,234.7,2,52.89,6,23.32,6,0,6,1.57,6,0.006,2,0.005,2,0,2,0.048,3,2211.2,2,2356.5,2,800.5,2,20,7.7191,2,25,40,2,24.92,2,,1,,1,,9,,9,,,9,1.9323,,9
33RO20100308, A13.5,81,1,1,11701,2,20100405,2010-04-05 15:57,1557,-14,0.9582,5515,5605,5605,2.4697,34.8782,2,34.8784,2,234.2,2,235.3,2,53.04,6,23.33,6,0,6,1.57,6,0.007,2,0.006,2,0,2,0.058,3,2211.3,2,2356.6,2,799.3,2,20,7.7198,2,25,39.8,2,25.25,2,,1,,1,,9,,9,,,9,1.9223,,9
33RO20100308, A13.5,82,1,24,11714,9,20100405,2010-04-05 22:43,2243,-13.5005,0.941,5546,5.5,5.5,26.2127,36.8464,2,,9,200.8,2,,9,-9,9,-9,9,-9,9,-9,9,,9,,9,,9,,9,,9,,9,,9,,,9,,,9,,9,,9,,9,,9,,9,,,9,26.2115,,9
33RO20100308, A13.5,82,1,23,11713,9,20100405,2010-04-05 22:43,2243,-13.5005,0.941,5546,50,50,21.0945,36.1469,2,,9,285,2,,9,-9,9,-9,9,-9,9,-9,9,,9,,9,,9,,9,,9,,9,,9,,,9,,,9,,9,,9,,9,,9,,9,,,9,21.0849,,9
33RO20100308, A13.5,82,1,22,11712,9,20100405,2010-04-05 22:43,2243,-13.5005,0.941,5546,99.7,99.7,15.1944,35.5343,2,,9,68.5,2,,9,-9,9,-9,9,-9,9,-9,9,,9,,9,,9,,9,,9,,9,,9,,,9,,,9,,9,,9,,9,,9,,9,,,9,15.1791,,9
33RO20100308, A13.5,82,1,21,11010,9,20100405,2010-04-05 22:43,2243,-13.5005,0.941,5546,200.6,200.6,11.8753,35.1528,2,,9,38,2,,9,-9,9,-9,9,-9,9,-9,9,,9,,9,,9,,9,,9,,9,,9,,,9,,,9,,9,,9,,9,,9,,9,,,9,11.8493,,9
33RO20100308, A13.5,82,1,20,11715,9,20100405,2010-04-05 22:43,2243,-13.5005,0.941,5546,300.4,300.4,10.3042,34.9644,2,,9,25.5,2,,9,-9,9,-9,9,-9,9,-9,9,,9,,9,,9,,9,,9,,9,,9,,,9,,,9,,9,,9,,9,,9,,9,,,9,10.2685,,9
33RO20100308, A13.5,82,1,19,11007,9,20100405,2010-04-05 22:43,2243,-13.5005,0.941,5546,400.1,400.1,8.964,34.8203,2,,9,35,2,,9,-9,9,-9,9,-9,9,-9,9,,9,,9,,9,,9,,9,,9,,9,,,9,,,9,,9,,9,,9,,9,,9,,,9,8.9202,,9
33RO20100308, A13.5,82,1,18,11710,9,20100405,2010-04-05 22:43,2243,-13.5005,0.941,5546,500.8,500.8,7.5805,34.6848,2,,9,53.9,2,,9,-9,9,-9,9,-9,9,-9,9,,9,,9,,9,,9,,9,,9,,9,,,9,,,9,,9,,9,,9,,9,,9,,,9,7.5306,,9
33RO20100308, A13.5,82,1,17,11025,9,20100405,2010-04-05 22:43,2243,-13.5005,0.941,5546,700.2,700.2,5.458,34.5139,2,,9,101.9,2,,9,-9,9,-9,9,-9,9,-9,9,,9,,9,,9,,9,,9,,9,,9,,,9,,,9,,9,,9,,9,,9,,9,,,9,5.3987,,9
33RO20100308, A13.5,82,1,16,11709,9,20100405,2010-04-05 22:43,2243,-13.5005,0.941,5546,899.6,899.6,4.3918,34.5114,2,,9,134.9,2,,9,-9,9,-9,9,-9,9,-9,9,,9,,9,,9,,9,,9,,9,,9,,,9,,,9,,9,,9,,9,,9,,9,,,9,4.3217,,9
33RO20100308, A13.5,82,1,15,11006,9,20100405,2010-04-05 22:43,2243,-13.5005,0.941,5546,1100.6,1100.6,3.9533,34.6397,2,,9,158,2,,9,-9,9,-9,9,-9,9,-9,9,,9,,9,,9,,9,,9,,9,,9,,,9,,,9,,9,,9,,9,,9,,9,,,9,3.8693,,9
33RO20100308, A13.5,82,1,14,11708,9,20100405,2010-04-05 22:43,2243,-13.5005,0.941,5546,1301.2,1301.2,3.8153,34.7648,2,,9,179.4,2,,9,-9,9,-9,9,-9,9,-9,9,,9,,9,,9,,9,,9,,9,,9,,,9,,,9,,9,,9,,9,,9,,9,,,9,3.7152,,9
33RO20100308, A13.5,82,1,13,11031,9,20100405,2010-04-05 22:43,2243,-13.5005,0.941,5546,1500.3,1500.3,3.7251,34.8566,2,,9,201.7,2,,9,-9,9,-9,9,-9,9,-9,9,,9,,9,,9,,9,,9,,9,,9,,,9,,,9,,9,,9,,9,,9,,9,,,9,3.6082,,9
33RO20100308, A13.5,82,1,12,11027,2,20100405,2010-04-05 22:43,2243,-13.5005,0.941,5546,1700.4,1700.4,3.5967,34.9029,2,34.9039,2,214.6,2,214,2,27.78,2,24.39,2,0,2,1.61,2,0.004,2,0.004,2,0,2,0.03,3,2189.1,2,2318.5,2,862,2,20,7.683,2,25,,9,,9,,9,,9,,9,,9,,,9,3.4633,,9
33RO20100308, A13.5,82,1,11,11707,2,20100405,2010-04-05 22:43,2243,-13.5005,0.941,5546,1901.5,1901.5,3.4104,34.9159,2,34.9168,2,223.6,2,222.8,2,29.03,2,23.4,2,0,2,1.55,2,0.004,2,0.004,2,0,2,0.032,3,2185.9,2,2323.8,2,830.9,2,20,7.6986,2,25,,9,,9,,9,,9,,9,,9,,,9,3.261,,9
33RO20100308, A13.5,82,1,10,11003,2,20100405,2010-04-05 22:43,2243,-13.5005,0.941,5546,2200.8,2200.8,3.1772,34.9216,2,34.9224,2,227.5,2,226.7,2,32.37,2,23.15,2,0,2,1.53,2,0.001,2,0.001,2,0,2,0.012,3,2188,2,2325.3,2,821.9,2,20,7.7043,2,25,,9,,9,,9,,9,,9,,9,,,9,3.0032,,9
33RO20100308, A13.5,82,1,9,11706,2,20100405,2010-04-05 22:43,2243,-13.5005,0.941,5546,2500.2,2500.2,2.9059,34.9118,2,34.9135,2,233.9,2,232.5,2,36.81,2,22.93,2,0,2,1.52,2,0.001,6,0.002,6,0,6,0.014,3,2189.3,2,2327.8,2,806,2,20,7.7125,2,25,,9,,9,,9,,9,,9,,9,,,9,2.7077,,9
33RO20100308, A13.5,82,1,8,11033,2,20100405,2010-04-05 22:43,2243,-13.5005,0.941,5546,2800.1,2800.1,2.7129,34.9044,2,34.9041,2,233.8,2,232.1,2,41.22,2,23.14,2,0,2,1.53,2,0.001,2,0.001,2,0,2,0.009,3,2194.5,2,2338,2,811.6,2,20,7.7129,2,25,,9,,9,,9,,9,,9,,9,,,9,2.4888,,9
33RO20100308, A13.5,82,1,7,11705,2,20100405,2010-04-05 22:43,2243,-13.5005,0.941,5546,3200.3,3200.3,2.5156,34.8961,2,34.8972,2,228.9,2,228.1,2,47.81,2,23.85,2,0,2,1.58,2,0.001,2,0.002,2,0,2,0.005,3,2206.4,2,2345.3,2,824.7,2,20,7.7077,2,25,,9,,9,,9,,9,,9,,9,,,9,2.2548,,9
33RO20100308, A13.5,82,1,6,11029,2,20100405,2010-04-05 22:43,2243,-13.5005,0.941,5546,3599.7,3599.7,2.3919,34.8907,2,34.892,2,230.5,2,229,2,50.76,2,23.64,2,0,2,1.58,2,0.002,2,0.002,2,0,2,0.012,3,2211.2,2,2350.6,2,816.7,2,20,7.7125,2,25,,9,,9,,9,,9,,9,,9,,,9,2.0914,,9
33RO20100308, A13.5,82,1,5,11704,2,20100405,2010-04-05 22:43,2243,-13.5005,0.941,5546,3999.7,3999.7,2.3649,34.8882,2,34.8915,2,232.6,2,228.9,6,50.76,6,23.66,6,0,6,1.58,6,0,2,0.002,2,0,2,0.006,3,2210.7,2,2352.1,2,816.3,2,20,7.7119,2,25,,9,,9,,9,,9,,9,,9,,,9,2.0205,,9
33RO20100308, A13.5,82,1,4,11030,2,20100405,2010-04-05 22:43,2243,-13.5005,0.941,5546,4400.5,4400.5,2.375,34.8856,2,34.8862,2,232.4,2,231.8,2,51.86,6,23.51,6,0,6,1.56,6,0.001,2,0.002,2,0,2,0.02,3,2211.7,2,2352.4,2,800.8,6,20,7.7178,2,25,,9,,9,,9,,9,,9,,9,,,9,1.9835,,9
33RO20100308, A13.5,82,1,3,11703,9,20100405,2010-04-05 22:43,2243,-13.5005,0.941,5546,4799,4799,2.3952,34.8826,2,,9,233.7,2,,9,-9,9,-9,9,-9,9,-9,9,,9,,9,,9,,9,,9,,9,,9,,,9,,,9,,9,,9,,9,,9,,9,,,9,1.9545,,9
33RO20100308, A13.5,82,1,2,11702,2,20100405,2010-04-05 22:43,2243,-13.5005,0.941,5546,5151.9,5151.9,2.4131,34.8791,2,34.8795,2,236.4,2,235.8,2,52.46,6,23.43,6,0,6,1.55,6,0.005,2,0.004,2,0,2,0.048,3,2211.8,2,2352.2,2,800.4,2,20,7.7189,2,25,,9,,9,,9,,9,,9,,9,,,9,1.9272,,9
33RO20100308, A13.5,82,1,1,11701,2,20100405,2010-04-05 22:43,2243,-13.5005,0.941,5546,5634.8,5634.8,2.4683,34.8774,2,34.8804,2,236.9,2,235.3,2,52.7,2,23.43,2,0,2,1.55,2,0.008,2,0.007,2,0,2,0.068,3,2210.2,6,2353.7,2,801.4,2,20,7.7188,2,25,,9,,9,,9,,9,,9,,9,,,9,1.917,,9
33RO20100308, A13.5,82,2,24,11714,2,20100406,2010-04-06 2:50,250,-13.5005,0.941,5552,5.6,5.6,26.2054,36.8343,2,36.84,2,201.1,2,201.6,2,0.7,6,0.03,6,0,6,0.16,6,1.628,2,1.028,2,1.044,2,1.983,3,2084.2,6,2417.7,2,319.7,2,20,8.0688,2,25,,9,,9,,9,,9,,9,,9,,,9,26.2041,,9
33RO20100308, A13.5,82,2,23,11716,2,20100406,2010-04-06 2:50,250,-13.5005,0.941,5552,30.1,30.1,26.1266,36.8277,4,36.7481,2,204,2,211.5,2,0.64,2,0.14,2,0,2,0.18,2,1.7,2,1.063,2,1.057,2,1.862,3,2083.3,2,2411.1,6,326.9,2,20,8.0632,2,25,,9,,9,,9,,9,,9,,9,,,9,26.1198,,9
33RO20100308, A13.5,82,2,22,11022,2,20100406,2010-04-06 2:50,250,-13.5005,0.941,5552,60.5,60.5,19.0178,36.201,2,36.1985,2,180,2,180.2,2,2.28,2,9.24,2,0.49,2,0.78,2,2.218,6,1.327,6,1.109,6,1.312,3,2146.1,2,2374.8,6,519.1,2,20,7.8904,2,25,,9,,9,,9,,9,,9,,9,,,9,19.0069,,9
33RO20100308, A13.5,82,2,21,11010,2,20100406,2010-04-06 2:50,250,-13.5005,0.941,5552,90,90,14.956,35.511,2,35.511,2,54.8,2,49.1,2,6.84,2,28.81,2,0.06,2,1.9,2,2.155,2,1.231,2,0.753,2,0.394,3,2246.7,2,2317,2,1299.3,2,20,7.5274,2,25,,9,,9,,9,,9,,9,,9,,,9,14.9424,,9
33RO20100308, A13.5,82,2,20,11715,2,20100406,2010-04-06 2:50,250,-13.5005,0.941,5552,119.8,119.8,14.0367,35.4017,2,35.4038,2,19.8,2,18.1,2,8.86,6,30.89,6,0.02,6,1.97,6,1.977,2,1.094,2,0.493,2,0.194,3,2253.4,2,2313.9,2,1424.4,2,20,7.4918,2,25,,9,,9,,9,,9,,9,,9,,,9,14.0193,,9
33RO20100308, A13.5,82,2,19,11007,2,20100406,2010-04-06 2:50,250,-13.5005,0.941,5552,149.4,149.4,13.3719,35.3363,2,35.3349,2,36.3,2,33,6,8.73,2,29.59,2,0.01,2,1.88,2,1.901,2,1.043,2,0.535,2,0.229,3,2240.2,2,2311.2,2,1283.1,2,20,7.5302,2,25,,9,,9,,9,,9,,9,,9,,,9,13.3509,,9
33RO20100308, A13.5,82,2,18,11710,2,20100406,2010-04-06 2:50,250,-13.5005,0.941,5552,201.3,201.3,12.0542,35.175,2,35.1769,2,48.8,2,48,2,10.29,2,29.99,2,0.01,2,1.91,2,1.557,2,0.837,2,0.321,2,0.212,3,2234.5,2,2311.1,2,1252.7,2,20,7.5392,2,25,,9,,9,,9,,9,,9,,9,,,9,12.0278,,9
33RO20100308, A13.5,82,2,17,11025,2,20100406,2010-04-06 2:50,250,-13.5005,0.941,5552,250.3,250.3,11.0859,35.0523,2,35.051,2,20.9,2,21.4,2,13.06,2,34.39,2,0,2,2.18,2,1.104,2,0.587,2,0.14,2,0.152,3,2252.6,6,2303.6,2,1542.2,2,20,7.4532,2,25,,9,,9,,9,,9,,9,,9,,,9,11.0548,,9
33RO20100308, A13.5,82,2,16,11709,2,20100406,2010-04-06 2:50,250,-13.5005,0.941,5552,299,299,10.4058,34.9755,2,34.9757,2,25.6,2,30,2,13.91,2,34.84,2,0,2,2.2,2,0.865,2,0.457,2,0.078,2,0.147,3,2252.8,2,2297.1,2,1522,2,20,7.4576,2,25,,9,,9,,9,,9,,9,,9,,,9,10.37,,9
33RO20100308, A13.5,82,2,15,11006,2,20100406,2010-04-06 2:50,250,-13.5005,0.941,5552,350.7,350.7,9.5217,34.8782,2,34.876,2,33.2,2,33.5,2,15.63,2,36.36,2,0,2,2.3,2,0.59,2,0.31,2,0.064,2,0.149,3,2251.6,2,2295,2,1588.8,2,20,7.4412,2,25,,9,,9,,9,,9,,9,,9,,,9,9.482,,9
33RO20100308, A13.5,82,2,14,11708,2,20100406,2010-04-06 2:50,250,-13.5005,0.941,5552,400.4,400.4,8.7877,34.8027,2,34.8008,2,33.7,2,34.5,2,17.38,2,37.64,2,0,2,2.39,2,0.379,2,0.201,2,0.049,2,0.137,3,2254.6,2,2293.5,2,1651.7,2,20,7.4254,2,25,,9,,9,,9,,9,,9,,9,,,9,8.7444,,9
33RO20100308, A13.5,82,2,13,11031,2,20100406,2010-04-06 2:50,250,-13.5005,0.941,5552,449.2,449.2,7.9788,34.7226,2,34.7226,2,44.8,2,44.9,2,19.11,2,38.37,2,0,2,2.46,2,0.266,2,0.144,2,0.023,2,0.155,3,2254.1,2,2291.5,2,1658.4,2,20,7.425,2,25,,9,,9,,9,,9,,9,,9,,,9,7.9328,,9
33RO20100308, A13.5,82,2,12,11027,2,20100406,2010-04-06 2:50,250,-13.5005,0.941,5552,549.9,549.9,6.7869,34.6134,2,34.614,2,69.8,2,69.8,2,22.19,2,38.16,2,0,2,2.5,2,0.16,2,0.089,2,0,2,0.194,3,2246.2,2,2290.9,2,1573.2,2,20,7.444,2,25,,9,,9,,9,,9,,9,,9,,,9,6.7353,,9
33RO20100308, A13.5,82,2,11,11707,2,20100406,2010-04-06 2:50,250,-13.5005,0.941,5552,650.9,650.9,5.8188,34.5356,2,34.5372,2,95.3,2,94,2,25.58,2,37.4,2,0,2,2.51,2,0.108,2,0.059,2,0,2,0.215,3,2238.9,2,2292.8,2,1471.2,2,20,7.4704,2,25,,9,,9,,9,,9,,9,,9,,,9,5.7621,,9
33RO20100308, A13.5,82,2,10,11003,2,20100406,2010-04-06 2:50,250,-13.5005,0.941,5552,749.8,749.8,5.1334,34.4994,2,34.4983,2,109.8,2,110.8,2,29.27,6,37.85,2,0,6,2.5,6,0.059,2,0.033,2,0,2,0.171,3,2237.4,2,2294.7,2,1408.4,2,20,7.4873,2,25,,9,,9,,9,,9,,9,,9,,,9,5.0715,,9
33RO20100308, A13.5,82,2,9,11706,2,20100406,2010-04-06 2:50,250,-13.5005,0.941,5552,850.8,850.8,4.6156,34.4966,2,34.4972,2,127,2,126.9,2,32.48,2,37.55,2,0,2,2.47,2,0.031,2,0.019,2,0,2,0.126,3,2233,2,2299.6,2,1336.8,2,20,7.5093,2,25,,9,,9,,9,,9,,9,,9,,,9,4.5481,,9
33RO20100308, A13.5,82,2,8,11033,2,20100406,2010-04-06 2:50,250,-13.5005,0.941,5552,949.9,949.9,4.2619,34.5282,2,34.5288,2,140.8,2,141,2,34.63,2,36,2,0,2,2.39,2,0.016,2,0.01,2,0,2,0.083,3,2228.2,2,2300.5,2,1262.4,2,20,7.5339,2,25,,9,,9,,9,,9,,9,,9,,,9,4.1884,,9
33RO20100308, A13.5,82,2,7,11705,2,20100406,2010-04-06 2:50,250,-13.5005,0.941,5552,1050.8,1050.8,4.0564,34.5913,2,34.593,2,149.3,2,149.5,2,35.32,2,34.62,2,0,2,2.3,2,0.007,2,0.006,2,0,2,0.043,3,2226.4,2,2307.3,2,1209.4,2,20,7.5514,2,25,,9,,9,,9,,9,,9,,9,,,9,3.9759,,9
33RO20100308, A13.5,82,2,6,11029,2,20100406,2010-04-06 2:50,250,-13.5005,0.941,5552,1150.3,1150.3,3.9427,34.6566,2,34.6591,2,159.6,2,159.8,6,34.77,2,32.7,2,0,2,2.18,2,0.004,2,0.004,2,0,2,0.026,3,2222.3,2,2310.6,2,1145.7,2,20,7.5742,2,25,,9,,9,,9,,9,,9,,9,,,9,3.8546,,9
33RO20100308, A13.5,82,2,5,11704,4,20100406,2010-04-06 2:50,250,-13.5005,0.941,5552,1250.2,1250.2,3.8676,34.722,4,34.8783,4,169.7,4,33.2,4,15.62,4,37.15,4,0,4,2.29,4,0.59,4,0.309,4,0.084,4,0.14,4,,9,,9,,9,,7.4375,4,25,,9,,9,,9,,9,,9,,9,,,9,3.7715,,9
33RO20100308, A13.5,82,2,4,11030,2,20100406,2010-04-06 2:50,250,-13.5005,0.941,5552,1349.8,1349.8,3.8011,34.7713,2,34.7718,2,181.1,2,181.5,2,32.21,6,29.25,2,0,6,1.95,6,0.003,2,0.003,2,0,2,0.021,3,2209.7,2,2315.6,2,1022.3,2,20,7.6206,2,25,,9,,9,,9,,9,,9,,9,,,9,3.6969,,9
33RO20100308, A13.5,82,2,3,11703,2,20100406,2010-04-06 2:50,250,-13.5005,0.941,5552,1451.2,1451.2,3.7767,34.832,2,34.833,2,192.3,2,192.6,2,29.77,6,27.32,2,0,6,1.82,6,0.002,2,0.003,2,0,2,0.02,3,2201.9,2,2314.4,2,964,2,20,7.6447,2,25,,9,,9,,9,,9,,9,,9,,,9,3.6637,,9
33RO20100308, A13.5,82,2,2,11702,2,20100406,2010-04-06 2:50,250,-13.5005,0.941,5552,1551.1,1551.1,3.7129,34.8693,2,34.8696,2,203.6,2,203.9,2,28.32,6,25.72,2,0,6,1.71,6,0.003,2,0.002,2,0,2,0.03,3,2194,2,2314.1,2,902.8,2,20,7.6669,2,25,,9,,9,,9,,9,,9,,9,,,9,3.5916,,9
33RO20100308, A13.5,82,2,1,11701,2,20100406,2010-04-06 2:50,250,-13.5005,0.941,5552,1699.5,1699.5,3.603,34.9009,2,34.9011,2,214.1,2,214.2,2,27.76,2,24.34,2,0,2,1.61,2,0.004,2,0.004,2,0,2,0.031,3,2190.9,6,2314.8,2,864.1,2,20,7.684,2,25,,9,,9,,9,,9,,9,,9,,,9,3.4696,,9
33RO20100308, A13.5,83,1,24,11714,2,20100406,2010-04-06 8:25,825,-12.9998,0.925,5509,5.3,5.3,26.4608,36.6675,2,36.6682,2,200.3,2,201.2,2,0.87,6,0.01,6,0,6,0.13,6,1.615,2,1.023,2,1.014,2,1.89,3,2073.2,6,2406.6,2,314.3,2,20,8.0713,2,25,76.99,2,5.04,2,,9,,9,,9,,9,,,9,26.4596,,9
33RO20100308, A13.5,83,1,23,11716,2,20100406,2010-04-06 8:25,825,-12.9998,0.925,5509,64.5,64.5,21.151,36.4392,2,36.4485,2,246,2,243.5,2,1.07,2,0.33,2,0.01,2,0.22,2,2.131,2,1.302,2,1.178,2,1.319,3,2088.7,2,2391.7,6,354.6,6,20,8.0279,2,25,70.64,2,5.45,2,,9,,9,,9,,9,,,9,21.1385,,9
33RO20100308, A13.5,83,1,22,11022,2,20100406,2010-04-06 8:25,825,-12.9998,0.925,5509,199.6,199.6,11.7631,35.1175,2,35.1154,2,51.2,2,54.7,2,10.37,2,30.02,2,0.01,2,1.92,2,1.678,6,0.902,6,0.366,6,0.283,3,2228.8,2,2305.1,6,1253.8,2,20,7.5341,2,25,47.72,2,32.75,2,,9,,9,,9,,9,,,9,11.7374,,9
33RO20100308, A13.5,83,1,21,11010,2,20100406,2010-04-06 8:25,825,-12.9998,0.925,5509,200.3,200.3,11.7575,35.1167,2,35.1134,2,51.3,2,52.2,2,10.44,2,30.1,2,0.01,2,1.92,2,1.657,2,0.895,2,0.361,2,0.261,3,2230,2,2303.2,2,1264.7,2,20,7.5335,2,25,47.48,2,32.81,2,,9,,9,,9,,9,,,9,11.7317,,9
33RO20100308, A13.5,83,1,20,11715,2,20100406,2010-04-06 8:25,825,-12.9998,0.925,5509,299.6,299.6,10.0544,34.9293,2,34.9326,2,50.4,2,50.4,2,13.78,2,33.47,2,0.01,2,2.13,2,0.98,2,0.517,2,0.115,2,0.226,3,2239.8,6,2300.3,2,1419,2,20,7.4907,2,25,44.78,2,35.04,2,,9,,9,,9,,9,,,9,10.0194,,9
33RO20100308, A13.5,83,1,19,11007,9,20100406,2010-04-06 8:25,825,-12.9998,0.925,5509,400.1,400.1,8.6111,34.7807,2,,9,54.8,2,,9,-9,9,-9,9,-9,9,-9,9,,9,,9,,9,,9,,9,,9,,9,,,9,,,9,,9,,9,,9,,9,,9,,,9,8.5684,,9
33RO20100308, A13.5,83,1,18,11710,2,20100406,2010-04-06 8:25,825,-12.9998,0.925,5509,498.6,498.6,7.2434,34.6474,2,34.6473,2,76.5,2,77.1,6,20.43,2,36.9,2,0,2,2.38,2,0.289,2,0.152,2,0,2,0.27,3,2238.5,2,2294.2,2,1457.5,2,20,7.4736,2,25,42.59,2,38.66,2,,9,,9,,9,,9,,,9,7.195,,9
33RO20100308, A13.5,83,1,17,11025,2,20100406,2010-04-06 8:25,825,-12.9998,0.925,5509,599.7,599.7,6.1618,34.5559,2,34.5557,2,96.8,2,96.7,2,23.92,2,37.2,2,0,2,2.43,2,0.182,2,0.097,2,0,2,0.272,3,2236.2,2,2293.7,2,1418.7,2,20,7.4849,2,25,41.39,2,38.64,2,,9,,9,,9,,9,,,9,6.1082,,9
33RO20100308, A13.5,83,1,16,11709,2,20100406,2010-04-06 8:25,825,-12.9998,0.925,5509,700.2,700.2,5.2942,34.5048,2,34.5066,2,111.6,2,112.4,2,28.11,2,37.3,2,0,2,2.48,2,0.091,2,0.05,2,0,2,0.215,3,2234.5,2,2294.5,2,1384.4,2,20,7.4957,2,25,40.04,2,38.75,2,,9,,9,,9,,9,,,9,5.2358,,9
33RO20100308, A13.5,83,1,15,11006,2,20100406,2010-04-06 8:25,825,-12.9998,0.925,5509,799.7,799.7,4.7179,34.4976,2,34.4983,2,123.1,2,122.9,2,31.84,2,37.07,2,0,2,2.48,2,0.032,2,0.019,2,0.006,2,0.121,3,2234.7,2,2298,2,1354.3,2,20,7.5052,2,25,39.13,2,38.3,2,,9,,9,,9,,9,,,9,4.6542,,9
33RO20100308, A13.5,83,1,14,11708,2,20100406,2010-04-06 8:25,825,-12.9998,0.925,5509,1000.3,1000.3,4.0597,34.5824,2,34.5831,2,148.7,2,149.1,2,35.44,2,34.03,2,0,2,2.31,2,0.024,3,0.035,3,0.346,4,0.06,3,2228.8,2,2307,2,1215.1,2,20,7.5514,2,25,39.37,2,35.24,2,,9,,9,,9,,9,,,9,3.9834,,9
33RO20100308, A13.5,83,1,13,11031,2,20100406,2010-04-06 8:25,825,-12.9998,0.925,5509,1199.3,1199.3,3.8985,34.7177,2,34.7175,2,165.5,2,165.7,2,33.64,2,30.82,2,0,2,2.1,2,0.002,2,0.002,2,0,2,0.014,3,2220.8,2,2314.2,2,1110.9,2,20,7.5888,2,25,40.12,2,32.77,2,,9,,9,,9,,9,,,9,3.8065,,9
33RO20100308, A13.5,83,1,12,11027,2,20100406,2010-04-06 8:25,825,-12.9998,0.925,5509,1399.5,1399.5,3.7987,34.8254,2,34.825,2,188.2,2,187.8,2,30.09,2,27.36,2,0,2,1.85,2,0.003,2,0.003,2,0,2,0.015,3,2205.2,2,2313.9,2,975.3,2,20,7.6363,2,25,40.02,2,28.52,2,,9,,9,,9,,9,,,9,3.69,,9
33RO20100308, A13.5,83,1,11,11707,2,20100406,2010-04-06 8:25,825,-12.9998,0.925,5509,1699.6,1699.6,3.6209,34.9066,2,34.9062,2,211.8,2,211,2,27.68,2,24.13,2,0,2,1.62,2,0.004,2,0.003,2,0,2,0.018,3,2192.8,2,2318.9,2,873.6,2,20,7.6809,2,25,40.37,2,26.15,2,,9,,9,,9,,9,,,9,3.4872,,9
33RO20100308, A13.5,83,1,10,11003,2,20100406,2010-04-06 8:25,825,-12.9998,0.925,5509,1999.6,1999.6,3.3573,34.9246,2,34.9244,2,221.8,2,220.4,2,30.13,2,23.14,2,0,2,1.55,2,0.003,2,0.002,2,0,2,0.01,3,2192.4,2,2321.9,2,846.3,2,20,7.6958,2,25,40.02,2,24.61,2,,9,,9,,9,,9,,,9,3.1995,,9
33RO20100308, A13.5,83,1,9,11706,2,20100406,2010-04-06 8:25,825,-12.9998,0.925,5509,2299.9,2299.9,3.09,34.9217,2,34.9216,2,228.2,2,226.9,2,33.9,2,22.82,2,0,2,1.52,2,0.003,2,0.002,2,0,2,0.014,3,2192.7,2,2327.2,2,828.6,2,20,7.7044,2,25,39.79,2,24.72,2,,9,,9,,9,,9,,,9,2.908,,9
33RO20100308, A13.5,83,1,8,11033,2,20100406,2010-04-06 8:25,825,-12.9998,0.925,5509,2600.4,2600.4,2.8492,34.9119,2,34.9124,2,233.4,2,231.3,2,38.08,2,22.71,2,0,2,1.51,2,0.003,2,0.002,2,0,2,0.01,3,2195.6,2,2332,2,807.3,6,20,7.7127,2,25,40.13,2,24.73,2,,9,,9,,9,,9,,,9,2.6423,,9
33RO20100308, A13.5,83,1,7,11705,2,20100406,2010-04-06 8:25,825,-12.9998,0.925,5509,3000.1,3000.1,2.6108,34.9013,2,34.9016,2,230.9,2,229.9,6,44.41,6,23.16,6,0,6,1.54,6,0.002,2,0.001,2,0,2,0.008,3,2204.8,2,2338.5,2,815.4,2,20,7.7094,2,25,39.82,2,25.02,2,,9,,9,,9,,9,,,9,2.3686,,9
33RO20100308, A13.5,83,1,6,11029,2,20100406,2010-04-06 8:25,825,-12.9998,0.925,5509,3400.6,3400.6,2.4219,34.892,2,34.8933,2,228.8,2,227.5,2,50.34,6,23.51,6,0,6,1.57,6,0.003,2,0.002,2,0,2,0.009,3,2213.4,2,2350.3,2,817.7,2,20,7.7107,2,25,39.75,2,24.92,2,,9,,9,,9,,9,,,9,2.1421,,9
33RO20100308, A13.5,83,1,5,11704,2,20100406,2010-04-06 8:25,825,-12.9998,0.925,5509,3798.5,3798.5,2.3597,34.8879,2,34.891,2,233,3,228.5,3,50.7,4,23.51,4,0,4,1.57,4,0.003,6,0.002,6,0,6,0.009,3,2212.9,2,2353.2,2,811.5,2,20,7.713,2,25,39.07,2,25.71,2,,9,,9,,9,,9,,,9,2.0381,,9
33RO20100308, A13.5,83,1,4,11030,2,20100406,2010-04-06 8:25,825,-12.9998,0.925,5509,4200.4,4200.4,2.3602,34.8858,2,34.8864,2,232.7,2,231.4,2,51.93,6,23.38,6,0,6,1.56,6,0.003,2,0.003,2,0,2,0.027,3,2211.9,2,2353.8,2,803.5,2,20,7.719,2,25,39.65,2,24.54,2,,9,,9,,9,,9,,,9,1.9927,,9
33RO20100308, A13.5,83,1,3,11703,2,20100406,2010-04-06 8:25,825,-12.9998,0.925,5509,4600.2,4600.2,2.3777,34.8831,2,34.8836,2,233.1,2,232.5,2,52.42,6,23.35,6,0,6,1.56,6,0.005,2,0.005,2,0,2,0.034,3,2213.3,2,2356.9,2,802.7,2,20,7.7183,2,25,39.67,2,24.84,2,,9,,9,,9,,9,,,9,1.962,,9
33RO20100308, A13.5,83,1,2,11702,9,20100406,2010-04-06 8:25,825,-12.9998,0.925,5509,5000.1,5000.1,2.4023,34.8804,2,,9,234.8,2,,9,-9,9,-9,9,-9,9,-9,9,,9,,9,,9,,9,,9,,9,,9,,,9,,,9,,9,,9,,9,,9,,9,,,9,1.9362,,9
33RO20100308, A13.5,83,1,1,11701,2,20100406,2010-04-06 8:25,825,-12.9998,0.925,5509,5578.4,5578.4,2.4521,34.8765,2,34.8765,2,237.5,2,235.6,2,52.69,6,23.26,6,0,6,1.55,6,0.012,2,0.008,2,0,2,0.075,3,2211.8,6,2352.5,2,801.7,2,20,7.7193,2,25,40.33,2,25.37,2,,9,,9,,9,,9,,,9,1.909,,9
33RO20100308, A13.5,84,1,24,11714,2,20100406,2010-04-06 14:53,1453,-12.4998,0.8967,5522,4.6,4.6,26.8602,36.6767,2,36.6771,2,200.3,2,201.3,2,0.87,6,0.02,6,0,6,0.15,6,1.609,2,1.011,2,1.018,2,1.939,3,2073.8,6,2406.4,2,311.8,2,20,8.0734,2,25,,9,,9,,9,,9,,9,,9,,,9,26.8591,,9
33RO20100308, A13.5,84,1,23,11716,2,20100406,2010-04-06 14:53,1453,-12.4998,0.8967,5522,50.7,50.7,22.1849,36.337,2,36.345,2,237.2,2,234.4,2,1.41,2,0.27,2,0.01,2,0.21,2,2.042,2,1.23,2,1.083,2,1.104,3,2080.4,2,2387.4,6,352.2,2,20,8.0351,2,25,,9,,9,,9,,9,,9,,9,,,9,22.1748,,9
33RO20100308, A13.5,84,1,22,11022,2,20100406,2010-04-06 14:53,1453,-12.4998,0.8967,5522,100.7,100.7,14.1703,35.4516,2,35.4573,2,74.1,2,74,6,6.9,2,24.15,2,0.13,2,1.56,2,2.06,6,1.143,6,0.666,6,0.38,3,2209.7,2,2323.7,6,963.4,2,20,7.6412,2,25,,9,,9,,9,,9,,9,,9,,,9,14.1556,,9
33RO20100308, A13.5,84,1,21,11010,2,20100406,2010-04-06 14:53,1453,-12.4998,0.8967,5522,149.4,149.4,12.3783,35.2139,2,35.2099,2,67.6,2,64.2,2,9.83,2,28.08,2,0.01,2,1.79,2,1.702,2,0.917,2,0.47,2,0.248,3,2220.6,2,2310.3,2,1117,2,20,7.5799,2,25,,9,,9,,9,,9,,9,,9,,,9,12.3584,,9
33RO20100308, A13.5,84,1,20,11715,2,20100406,2010-04-06 14:53,1453,-12.4998,0.8967,5522,249.8,249.8,10.9381,35.0358,2,35.0349,2,48.7,2,46.3,2,12.84,2,32.5,2,0,2,2.05,2,1.154,2,0.607,2,0.156,2,0.195,3,2238.1,2,2302.2,2,1343.7,2,20,7.5075,2,25,,9,,9,,9,,9,,9,,9,,,9,10.9073,,9
33RO20100308, A13.5,84,1,19,11007,2,20100406,2010-04-06 14:53,1453,-12.4998,0.8967,5522,348.9,348.9,9.6685,34.8939,2,34.8938,2,42.9,2,42.6,2,15.31,2,35.44,2,0,2,2.23,2,0.682,2,0.359,2,0.119,2,0.17,3,2245.8,2,2296.5,2,1484.7,2,20,7.4667,2,25,,9,,9,,9,,9,,9,,9,,,9,9.6286,,9
33RO20100308, A13.5,84,1,18,11710,2,20100406,2010-04-06 14:53,1453,-12.4998,0.8967,5522,446.9,446.9,8.1571,34.7395,2,34.7387,2,50.1,2,50.6,2,18.72,2,37.85,2,0,2,2.4,2,0.317,2,0.168,2,0,2,0.18,3,2249.2,2,2293.8,2,1574.3,2,20,7.4425,2,25,,9,,9,,9,,9,,9,,9,,,9,8.1108,,9
33RO20100308, A13.5,84,1,17,11025,2,20100406,2010-04-06 14:53,1453,-12.4998,0.8967,5522,600.3,600.3,6.3248,34.5863,2,34.5836,2,56.1,2,59,2,24.95,2,41.06,2,0,2,2.67,2,0.071,2,0.04,2,0,2,0.118,3,2256.8,2,2290.6,6,1703.2,2,20,7.4101,2,25,,9,,9,,9,,9,,9,,9,,,9,6.2704,,9
33RO20100308, A13.5,84,1,16,11709,2,20100406,2010-04-06 14:53,1453,-12.4998,0.8967,5522,749.7,749.7,5.1908,34.5127,2,34.5143,2,100.8,2,100.7,2,29.58,2,38.75,2,0,2,2.56,2,0.035,2,0.021,2,0,2,0.111,3,2243.1,2,2295.3,2,1470,6,20,7.4697,2,25,,9,,9,,9,,9,,9,,9,,,9,5.1286,,9
33RO20100308, A13.5,84,1,15,11006,2,20100406,2010-04-06 14:53,1453,-12.4998,0.8967,5522,896.5,896.5,4.4267,34.5235,2,34.5231,2,128.4,2,128.2,2,34.19,2,36.68,2,0,2,2.47,2,0.012,2,0.008,2,0,2,0.06,3,2236.1,2,2299.2,2,1329,2,20,7.5111,2,25,,9,,9,,9,,9,,9,,9,,,9,4.3566,,9
33RO20100308, A13.5,84,1,14,11708,2,20100406,2010-04-06 14:53,1453,-12.4998,0.8967,5522,1099.1,1099.1,4.0466,34.6315,2,34.6307,2,153.6,2,153.4,2,34.82,2,33.22,2,0,2,2.26,2,0.005,2,0.003,2,0,2,0.032,3,2225.7,2,2308.7,2,1182,2,20,7.5608,2,25,,9,,9,,9,,9,,9,,9,,,9,3.962,,9
33RO20100308, A13.5,84,1,13,11031,2,20100406,2010-04-06 14:53,1453,-12.4998,0.8967,5522,1300.7,1300.7,3.9072,34.7749,2,34.7753,2,172.8,2,172.2,2,32.06,2,29.61,2,0,2,2.01,2,0.004,2,0.003,2,0,2,0.014,3,2216.7,2,2313.1,2,1067,2,20,7.6043,2,25,,9,,9,,9,,9,,9,,9,,,9,3.8062,,9
33RO20100308, A13.5,84,1,12,11027,2,20100406,2010-04-06 14:53,1453,-12.4998,0.8967,5522,1599,1599,3.7234,34.8963,2,34.8954,2,205.7,2,204.7,2,27.73,2,24.96,2,0,2,1.68,2,0.003,2,0.002,2,0,2,0.017,3,2195.7,2,2316.6,2,894.2,2,20,7.6691,2,25,,9,,9,,9,,9,,9,,9,,,9,3.5976,,9
33RO20100308, A13.5,84,1,11,11707,2,20100406,2010-04-06 14:53,1453,-12.4998,0.8967,5522,1900,1900,3.4323,34.9246,2,34.9239,2,223.9,2,222.8,2,28.75,2,23.1,2,0,2,1.54,2,0.003,2,0.002,2,0,2,0.024,3,2188.3,2,2319,2,833.1,2,20,7.6982,2,25,,9,,9,,9,,9,,9,,9,,,9,3.2827,,9
33RO20100308, A13.5,84,1,10,11003,2,20100406,2010-04-06 14:53,1453,-12.4998,0.8967,5522,2199.6,2199.6,3.1317,34.9214,2,34.9213,2,229.8,2,229,2,33.03,2,22.76,2,0,2,1.52,2,0.004,2,0.002,2,0,2,0.021,3,2188.6,2,2326,2,820.3,2,20,7.7092,2,25,,9,,9,,9,,9,,9,,9,,,9,2.9585,,9
33RO20100308, A13.5,84,1,9,11706,2,20100406,2010-04-06 14:53,1453,-12.4998,0.8967,5522,2499.1,2499.1,2.8875,34.913,2,34.9126,2,232.3,2,232.8,2,37.45,2,22.75,2,0,2,1.52,2,0.004,2,0.004,2,0,2,0.019,3,2192.2,2,2330.2,2,811.8,2,20,7.7139,2,25,,9,,9,,9,,9,,9,,9,,,9,2.6898,,9
33RO20100308, A13.5,84,1,8,11033,2,20100406,2010-04-06 14:53,1453,-12.4998,0.8967,5522,2801.3,2801.3,2.6969,34.9057,2,34.9038,2,233.2,2,232.3,2,41.87,2,23.03,2,0,2,1.54,2,0.003,2,0.002,2,0,2,0.013,3,2197.7,2,2337.3,2,812.7,2,20,7.7129,2,25,,9,,9,,9,,9,,9,,9,,,9,2.473,,9
33RO20100308, A13.5,84,1,7,11705,2,20100406,2010-04-06 14:53,1453,-12.4998,0.8967,5522,3199.1,3199.1,2.5045,34.8968,2,34.8962,2,228.9,2,228.5,2,48.07,6,23.49,6,0,6,1.58,2,0.003,2,0.002,2,0,2,0.008,3,2207.7,2,2344.9,2,824.5,2,20,7.7091,2,25,,9,,9,,9,,9,,9,,9,,,9,2.2441,,9
33RO20100308, A13.5,84,1,6,11029,2,20100406,2010-04-06 14:53,1453,-12.4998,0.8967,5522,3599.6,3599.6,2.3659,34.8902,2,34.8887,2,228.8,2,228.6,2,51.99,6,23.65,6,0,6,1.57,6,0.003,2,0.002,2,0,2,0.009,3,2214.4,2,2356.4,2,812,2,20,7.7144,2,25,,9,,9,,9,,9,,9,,9,,,9,2.0661,,9
33RO20100308, A13.5,84,1,5,11704,4,20100406,2010-04-06 14:53,1453,-12.4998,0.8967,5522,3999.6,3999.6,2.3452,34.8872,4,34.5839,4,231.5,4,58.2,4,24.98,4,41.15,4,0,4,2.67,4,0.068,4,0.04,4,0,2,0.105,3,,9,,9,,9,,,9,,,9,,9,,9,,9,,9,,9,,,9,2.0013,,9
33RO20100308, A13.5,84,1,4,11030,2,20100406,2010-04-06 14:53,1453,-12.4998,0.8967,5522,4400.2,4400.2,2.3601,34.8848,2,34.8839,2,231.8,2,232.5,6,52.59,6,23.46,6,0,6,1.56,6,0.005,2,0.005,2,0,2,0.021,3,2213.5,2,2356.5,2,802.8,2,20,7.7189,2,25,,9,,9,,9,,9,,9,,9,,,9,1.9691,,9
33RO20100308, A13.5,84,1,3,11703,2,20100406,2010-04-06 14:53,1453,-12.4998,0.8967,5522,4800.6,4800.6,2.3821,34.8817,2,34.8807,2,233.9,2,233.9,2,52.86,6,23.43,6,0,6,1.57,6,0.003,2,0.002,3,0,2,0.028,3,2213.2,2,2352.9,2,800.8,6,20,7.7195,2,25,,9,,9,,9,,9,,9,,9,,,9,1.9417,,9
33RO20100308, A13.5,84,1,2,11702,2,20100406,2010-04-06 14:53,1453,-12.4998,0.8967,5522,5201,5201,2.4082,34.878,2,34.8768,2,236.1,2,235.7,2,53.1,6,23.34,6,0,6,1.56,6,0.007,2,0.006,2,0,2,0.057,3,2212.7,2,2353.3,2,798.8,2,20,7.7188,2,25,,9,,9,,9,,9,,9,,9,,,9,1.9162,,9
33RO20100308, A13.5,84,1,1,11701,2,20100406,2010-04-06 14:53,1453,-12.4998,0.8967,5522,5611.2,5611.2,2.4529,34.876,2,34.8759,2,236.8,2,236.4,2,53.25,2,23.35,2,0,2,1.56,2,0.012,2,0.007,2,0,2,0.082,3,2211.3,6,2350.6,2,799.6,2,20,7.7199,2,25,,9,,9,,9,,9,,9,,9,,,9,1.9053,,9
33RO20100308, A13.5,85,1,24,11714,2,20100406,2010-04-06 21:27,2127,-12,0.8662,5621,4.8,4.8,27.1788,36.7289,2,36.7297,2,198,2,205.5,2,0.72,6,0.03,6,0,6,0.14,6,1.577,2,0.998,2,0.987,2,1.979,3,2076,6,2413,2,312.7,2,20,8.0745,2,25,72.49,2,5.29,2,,9,,9,,9,46.9,2,3.4,1.59,2,27.1777,,9
33RO20100308, A13.5,85,1,23,11716,2,20100406,2010-04-06 21:27,2127,-12,0.8662,5621,30.8,30.8,27.1833,36.7273,2,36.7298,2,198.6,2,198.9,2,0.73,2,0.12,2,0,2,0.15,2,1.579,2,0.998,2,0.993,2,1.983,3,2075.9,2,2412.6,6,311.4,2,20,8.0739,2,25,72.64,2,5.09,2,,9,,9,,9,46.1,2,2.9,1.62,2,27.1762,,9
33RO20100308, A13.5,85,1,22,11022,2,20100406,2010-04-06 21:27,2127,-12,0.8662,5621,67.3,67.3,17.8253,35.9205,2,35.9129,2,145.7,2,136.3,2,3.63,2,13.65,2,0.32,2,1,2,2.111,2,1.224,2,0.851,2,0.8,3,2165.9,2,2355.8,6,612.9,2,20,7.8203,2,25,57.43,2,17.75,2,,9,,9,,9,46.5,2,3,0.77,2,17.8138,,9
33RO20100308, A13.5,85,1,21,11010,2,20100406,2010-04-06 21:27,2127,-12,0.8662,5621,101.2,101.2,14.1377,35.4321,2,35.431,2,54.7,2,50.5,2,8.32,2,26.79,2,0.04,2,1.71,2,1.92,2,1.051,2,0.458,2,0.221,3,2225,2,2319.6,2,1083.7,2,20,7.593,2,25,45.81,2,29.66,2,,9,,9,,9,31.5,2,3,0.21,2,14.123,,9
33RO20100308, A13.5,85,1,20,11715,2,20100406,2010-04-06 21:27,2127,-12,0.8662,5621,201.7,201.7,11.6938,35.1251,2,35.1253,2,49.6,2,50.8,2,11.24,2,30.54,2,0.01,2,1.93,2,1.418,6,0.752,6,0.343,6,0.215,3,2232.4,2,2306.4,2,1253.2,2,20,7.536,2,25,43.48,2,33.25,2,,9,,9,,9,10.3,2,2.7,0.19,2,11.6679,,9
33RO20100308, A13.5,85,1,19,11007,2,20100406,2010-04-06 21:27,2127,-12,0.8662,5621,301.1,301.1,10.3212,34.9679,2,34.9672,2,30.7,2,31.1,2,14.11,2,35.08,2,0,2,2.2,2,0.801,2,0.423,2,0.068,2,0.159,3,2249.4,6,2299.8,2,1502.7,2,20,7.461,2,25,42.85,2,37.17,2,,9,,9,,9,-17,6,2,0.21,2,10.2854,,9
33RO20100308, A13.5,85,1,18,11710,2,20100406,2010-04-06 21:27,2127,-12,0.8662,5621,400.5,400.5,8.8379,34.8117,2,34.8108,2,33.9,2,30.7,2,17.4,2,38.22,2,0,2,2.41,2,0.361,2,0.195,2,0.05,2,0.135,3,2258.9,2,2293.7,2,1667.1,2,20,7.4287,2,25,42.15,2,40.11,2,,9,,9,,9,-51.8,6,1.9,0.23,2,8.7944,,9
33RO20100308, A13.5,85,1,17,11025,2,20100406,2010-04-06 21:27,2127,-12,0.8662,5621,498.7,498.7,7.5403,34.6891,2,34.6874,2,33.5,2,33.1,6,21.03,2,40.97,2,0,2,2.62,2,0.14,2,0.079,2,0,2,0.119,3,2266.3,2,2290.6,2,1808.1,2,20,7.3873,2,25,41.34,2,42.62,2,,9,,9,,9,-80.5,2,3.2,0.23,2,7.4908,,9
33RO20100308, A13.5,85,1,16,11709,2,20100406,2010-04-06 21:27,2127,-12,0.8662,5621,649.3,649.3,5.7768,34.5469,2,34.5485,2,81.9,2,78.3,2,26.3,2,39.83,2,0,2,2.61,2,0.052,2,0.03,2,0,2,0.134,3,2251.4,2,2289.6,2,1594.9,6,20,7.4389,2,25,40.26,2,41.43,2,,9,,9,,9,-96.3,2,2.6,0.42,2,5.7204,,9
33RO20100308, A13.5,85,1,15,11006,2,20100406,2010-04-06 21:27,2127,-12,0.8662,5621,801,801,4.7421,34.5062,2,34.5046,2,119.5,2,120.7,2,31.48,2,37.22,2,0,2,2.49,2,0.026,2,0.017,2,0,2,0.108,3,2238.1,2,2298,6,1353.8,2,20,7.5003,2,25,38.77,2,39.14,2,,9,,9,,9,-120.6,2,2.4,0.6,2,4.6781,,9
33RO20100308, A13.5,85,1,14,11708,2,20100406,2010-04-06 21:27,2127,-12,0.8662,5621,1101.1,1101.1,4.0443,34.6555,2,34.6553,2,157.8,2,157.2,2,33.39,2,32.44,2,0,2,2.2,2,0.005,2,0.003,2,0,2,0.03,3,2225.2,2,2308.7,2,1148.9,2,20,7.5703,2,25,38.8,2,33.68,2,,9,,9,,9,-119.5,6,1.9,0.74,2,3.9595,,9
33RO20100308, A13.5,85,1,13,11031,2,20100406,2010-04-06 21:27,2127,-12,0.8662,5621,1399.9,1399.9,3.8343,34.8307,2,34.8306,2,190.5,2,189.5,2,29.09,2,27.23,2,0,2,1.84,2,0.003,2,0.003,2,0,2,0.023,3,2204.6,2,2318.3,2,966.7,2,20,7.6392,2,25,39.71,2,29.16,2,,9,,9,,9,-107.1,2,3,0.81,2,3.7252,,9
33RO20100308, A13.5,85,1,12,11027,2,20100406,2010-04-06 21:27,2127,-12,0.8662,5621,1699.4,1699.4,3.6592,34.9135,2,34.9134,2,211.1,2,211.3,2,26.9,2,24,2,0,2,1.61,2,0.004,2,0.004,2,0,2,0.021,3,2193.4,2,2318.9,2,873,2,20,7.6809,2,25,39.44,2,25.18,2,,9,,9,,9,-105.6,2,2.5,0.91,2,3.525,,9
33RO20100308, A13.5,85,1,11,11707,2,20100406,2010-04-06 21:27,2127,-12,0.8662,5621,2000.1,2000.1,3.3221,34.923,2,34.9235,2,226.4,2,225.9,2,29.42,2,22.76,2,0,2,1.52,2,0.003,2,0.003,2,0,2,0.034,3,2187.5,2,2324.8,2,822.2,2,20,7.7054,2,25,39.62,2,24.05,2,,9,,9,,9,-114.4,2,2.8,0.97,2,3.1648,,9
33RO20100308, A13.5,85,1,10,11003,2,20100406,2010-04-06 21:27,2127,-12,0.8662,5621,2299.9,2299.9,3.0791,34.9238,2,34.9231,2,229.1,2,229.2,2,33.34,2,22.57,2,0,2,1.51,2,0.002,2,0.001,2,0,2,0.015,3,2189.8,2,2328.6,2,815.8,2,20,7.7101,2,25,39.43,2,23.64,2,,9,,9,,9,-119.8,2,2.6,0.94,2,2.8972,,9
33RO20100308, A13.5,85,1,9,11706,2,20100406,2010-04-06 21:27,2127,-12,0.8662,5621,2599.2,2599.2,2.8924,34.9168,3,34.9222,2,230.8,2,231,2,37.08,2,22.66,2,0,2,1.52,2,0.002,2,0.003,2,0,2,0.013,3,2192.9,2,2330.2,2,812.4,2,20,7.7117,2,25,38.55,2,24.31,2,,9,,9,,9,-120.4,2,3.1,0.66,3,2.6848,,9
33RO20100308, A13.5,85,1,8,11033,2,20100406,2010-04-06 21:27,2127,-12,0.8662,5621,2900,2900,2.6736,34.9025,2,34.9016,2,234.6,2,234,6,41.54,2,22.81,2,0,2,1.52,2,0.002,2,0.001,2,0,2,0.016,3,2196.5,2,2337.5,2,805.6,2,20,7.7161,2,25,38.73,2,24.62,2,,9,,9,,9,,9,,,9,2.4402,,9
33RO20100308, A13.5,85,1,7,11705,2,20100406,2010-04-06 21:27,2127,-12,0.8662,5621,3301.3,3301.3,2.4735,34.8943,2,34.8934,2,229.5,2,230,2,47.99,2,23.41,2,0,2,1.57,2,0.002,2,0.001,2,0,2,0.011,3,2208.2,2,2347.9,2,823.1,2,20,7.7104,2,25,39.15,2,25.24,2,,9,,9,,9,,9,,,9,2.203,,9
33RO20100308, A13.5,85,1,6,11029,2,20100406,2010-04-06 21:27,2127,-12,0.8662,5621,3699.3,3699.3,2.3662,34.8893,2,34.8883,2,229.9,2,230.1,2,50.74,2,23.43,2,0,2,1.57,2,0.002,2,0.001,2,0,2,0.019,3,2212.5,2,2352.8,2,819.2,2,20,7.7143,2,25,38.73,2,25.24,2,,9,,9,,9,,9,,,9,2.0554,,9
33RO20100308, A13.5,85,1,5,11704,2,20100406,2010-04-06 21:27,2127,-12,0.8662,5621,4101.7,4101.7,2.3531,34.886,2,34.8864,2,231.1,2,231.7,2,51.55,6,23.4,6,0,6,1.56,6,0.004,6,0.004,2,0,6,0.023,3,2212.9,2,2355.7,2,806.7,2,20,7.717,2,25,38.64,2,24.74,2,,9,,9,,9,,9,,,9,1.9973,,9
33RO20100308, A13.5,85,1,4,11030,2,20100406,2010-04-06 21:27,2127,-12,0.8662,5621,4501.2,4501.2,2.3673,34.8835,2,34.8816,2,231.8,2,232.4,2,51.96,6,23.39,6,0,6,1.56,6,0.005,2,0.005,2,0,2,0.03,3,2213.4,2,2356.7,2,803.3,2,20,7.7173,2,25,38.72,2,24.65,2,,9,,9,,9,,9,,,9,1.964,,9
33RO20100308, A13.5,85,1,3,11703,2,20100406,2010-04-06 21:27,2127,-12,0.8662,5621,4901.7,4901.7,2.3894,34.8805,2,34.88,2,234.1,2,236.5,3,52.19,6,23.34,6,0,6,1.55,6,0.005,2,0.005,2,0,2,0.041,3,2211.9,2,2357.7,2,801.7,2,20,7.7184,2,25,39.06,2,25.05,2,,9,,9,,9,,9,,,9,1.9361,,9
33RO20100308, A13.5,85,1,2,11702,2,20100406,2010-04-06 21:27,2127,-12,0.8662,5621,5299.4,5299.4,2.4167,34.8774,2,34.877,2,236.9,2,236.2,2,52.29,6,23.26,6,0,6,1.55,6,0.012,2,0.01,2,0.018,2,0.076,3,2211.6,2,2354.4,2,802.5,6,20,7.7187,2,25,39.27,2,25.12,2,,9,,9,,9,,9,,,9,1.9116,,9
33RO20100308, A13.5,85,1,1,11701,2,20100406,2010-04-06 21:27,2127,-12,0.8662,5621,5703.9,5703.9,2.4644,34.8758,2,34.8742,2,237.2,2,237.5,2,52.36,6,23.23,6,0,6,1.55,6,0.011,2,0.008,2,0,2,0.087,3,2211.1,6,2352.5,2,800.8,2,20,7.7187,2,25,38.91,2,24.86,2,,9,,9,,9,,9,,,9,1.9039,,9
33RO20100308, A13.5,86,1,24,11714,2,20100407,2010-04-07 4:03,403,-11.4998,0.8465,5597,5.1,5.1,27.4384,36.5212,2,36.5235,2,196.4,2,199.3,2,0.65,6,0.04,6,0,6,0.13,6,1.535,2,0.999,2,0.995,2,,5,2061.1,6,2398.9,2,310.6,2,20,8.0773,2,25,,9,,9,,9,,9,,9,,9,,,9,27.4372,,9
33RO20100308, A13.5,86,1,23,11716,2,20100407,2010-04-07 4:03,403,-11.4998,0.8465,5597,50.1,50.1,25.2433,36.594,2,36.5825,2,224.8,2,224.2,2,0.72,2,0.14,2,0,2,0.16,2,1.842,2,1.154,2,1.069,2,,5,2076,2,2402.8,6,324.4,2,20,8.0584,2,25,,9,,9,,9,,9,,9,,9,,,9,25.2323,,9
33RO20100308, A13.5,86,1,22,11022,2,20100407,2010-04-07 4:03,403,-11.4998,0.8465,5597,99.8,99.8,15.3059,35.6096,2,35.6177,2,84.8,2,85.4,2,5.42,2,21.43,2,0.46,2,1.42,2,1.997,6,1.158,6,0.688,6,,5,2197.9,2,2332.7,3,851.9,6,20,7.6894,2,25,,9,,9,,9,,9,,9,,9,,,9,15.2905,,9
33RO20100308, A13.5,86,1,21,11010,2,20100407,2010-04-07 4:03,403,-11.4998,0.8465,5597,150.7,150.7,12.5798,35.2486,2,35.244,2,60.2,2,59.2,2,9.18,2,28.4,2,0.01,2,1.79,2,1.673,2,0.922,2,0.438,2,,5,2221.1,2,2312,2,1134.2,2,20,7.5759,2,25,,9,,9,,9,,9,,9,,9,,,9,12.5595,,9
33RO20100308, A13.5,86,1,20,11715,2,20100407,2010-04-07 4:03,403,-11.4998,0.8465,5597,198.9,198.9,11.5955,35.1163,2,35.1149,2,58.5,2,57.8,2,11.03,2,30.19,2,0.01,2,1.9,2,1.411,2,0.763,2,0.309,2,,5,2226.1,2,2305,2,1209.6,2,20,7.5487,2,25,,9,,9,,9,,9,,9,,9,,,9,11.5701,,9
33RO20100308, A13.5,86,1,19,11007,2,20100407,2010-04-07 4:03,403,-11.4998,0.8465,5597,249,249,10.8361,35.0238,2,35.0244,2,56.4,2,57.4,2,12.23,2,31.63,2,0,2,1.98,2,1.199,2,0.642,2,0.192,2,,5,2229.2,2,2302,2,1274.2,2,20,7.5285,2,25,,9,,9,,9,,9,,9,,9,,,9,10.8056,,9
33RO20100308, A13.5,86,1,18,11710,2,20100407,2010-04-07 4:03,403,-11.4998,0.8465,5597,325.2,325.2,9.8498,34.9147,2,34.9167,2,41.5,2,40.6,2,14.72,2,35.29,2,0,2,2.21,2,0.703,2,0.374,2,0.053,2,,5,2243.3,2,2299.3,2,1484.5,2,20,7.4687,2,25,,9,,9,,9,,9,,9,,9,,,9,9.8122,,9
33RO20100308, A13.5,86,1,17,11025,2,20100407,2010-04-07 4:03,403,-11.4998,0.8465,5597,401.2,401.2,8.6812,34.798,2,34.8025,2,21.8,2,24.1,2,18.06,2,39.52,2,0,2,2.48,2,0.288,2,0.16,2,0,2,,5,2260.9,6,2294.4,6,1764.9,2,20,7.3993,2,25,,9,,9,,9,,9,,9,,9,,,9,8.6381,,9
33RO20100308, A13.5,86,1,16,11709,2,20100407,2010-04-07 4:03,403,-11.4998,0.8465,5597,501.8,501.8,7.1494,34.6497,2,34.653,2,50.5,2,54.3,6,21.31,2,39.81,2,0,2,2.54,2,0.152,2,0.086,2,0,2,,5,2250.8,2,2292.3,2,1664.9,2,20,7.4227,2,25,,9,,9,,9,,9,,9,,9,,,9,7.1011,,9
33RO20100308, A13.5,86,1,15,11006,2,20100407,2010-04-07 4:03,403,-11.4998,0.8465,5597,699.7,699.7,5.3378,34.5206,2,34.5201,2,95.2,2,96.9,2,28.43,2,39.17,2,0,2,2.57,2,0.043,2,0.026,2,0,2,,5,2240.3,2,2289.6,2,1489.2,6,20,7.465,2,25,,9,,9,,9,,9,,9,,9,,,9,5.2792,,9
33RO20100308, A13.5,86,1,14,11708,2,20100407,2010-04-07 4:03,403,-11.4998,0.8465,5597,898.6,898.6,4.4145,34.5266,2,34.5263,2,134.4,2,135,2,33.32,2,36.07,2,0,2,2.42,2,0.02,2,0.012,2,0,2,,5,2228.8,2,2301.7,2,1288.9,2,20,7.5256,2,25,,9,,9,,9,,9,,9,,9,,,9,4.3443,,9
33RO20100308, A13.5,86,1,13,11031,2,20100407,2010-04-07 4:03,403,-11.4998,0.8465,5597,1201.7,1201.7,3.9642,34.7131,2,34.7121,2,168.7,2,169.5,2,32.32,2,30.88,2,0,2,2.08,2,0.006,2,0.004,2,0,2,,5,2214.1,2,2311.9,2,1082.8,2,20,7.5965,2,25,,9,,9,,9,,9,,9,,9,,,9,3.8714,,9
33RO20100308, A13.5,86,1,12,11027,2,20100407,2010-04-07 4:03,403,-11.4998,0.8465,5597,1500.2,1500.2,3.8401,34.8994,2,34.9038,2,210.5,2,212.8,2,24.83,2,24.34,2,0,2,1.62,2,0.013,2,0.009,2,0,2,,5,2187,2,2316.7,2,870.1,2,20,7.6838,2,25,,9,,9,,9,,9,,9,,9,,,9,3.7218,,9
33RO20100308, A13.5,86,1,11,11707,2,20100407,2010-04-07 4:03,403,-11.4998,0.8465,5597,1800.8,1800.8,3.5619,34.9219,2,34.922,2,219.8,2,221.8,2,26.67,2,23.34,2,0,2,1.55,2,0.005,2,0.004,2,0,2,,5,2183.9,2,2320,2,839.5,2,20,7.6978,2,25,,9,,9,,9,,9,,9,,9,,,9,3.4197,,9
33RO20100308, A13.5,86,1,10,11003,2,20100407,2010-04-07 4:03,403,-11.4998,0.8465,5597,2099.2,2099.2,3.2688,34.9275,2,34.927,2,230.1,2,231.5,2,29.79,2,22.51,2,0,2,1.49,2,0.006,2,0.005,2,0,2,,5,2181.8,2,2324.2,2,811.5,2,20,7.7124,2,25,,9,,9,,9,,9,,9,,9,,,9,3.1029,,9
33RO20100308, A13.5,86,1,9,11706,2,20100407,2010-04-07 4:03,403,-11.4998,0.8465,5597,2398.8,2398.8,3.0287,34.9221,2,34.9227,2,230,2,231.2,6,34.29,2,22.73,2,0,2,1.5,2,0.004,2,0.003,2,0,2,,5,2187.5,2,2329.6,2,815.8,2,20,7.7125,2,25,,9,,9,,9,,9,,9,,9,,,9,2.8382,,9
33RO20100308, A13.5,86,1,8,11033,2,20100407,2010-04-07 4:03,403,-11.4998,0.8465,5597,2698.9,2698.9,2.8126,34.9125,2,34.9117,2,230.3,2,232.5,2,38.81,2,22.86,2,0,2,1.51,2,0.002,2,0.002,2,0,2,,5,2191.4,2,2334,2,806.5,2,20,7.7138,2,25,,9,,9,,9,,9,,9,,9,,,9,2.5966,,9
33RO20100308, A13.5,86,1,7,11705,2,20100407,2010-04-07 4:03,403,-11.4998,0.8465,5597,3099.8,3099.8,2.5734,34.8985,2,34.8983,2,231.9,2,233,2,44.71,2,23.22,2,0,2,1.54,2,0.001,2,0.001,2,0,2,,5,2197.7,2,2342.3,2,807,2,20,7.7143,2,25,,9,,9,,9,,9,,9,,9,,,9,2.3217,,9
33RO20100308, A13.5,86,1,6,11029,2,20100407,2010-04-07 4:03,403,-11.4998,0.8465,5597,3499.3,3499.3,2.4234,34.8925,2,34.8929,2,228.8,2,230.5,2,49.46,2,23.57,2,0,2,1.56,2,0.004,2,0.003,2,0,2,,5,2208,2,2351.1,2,810.6,2,20,7.7159,2,25,,9,,9,,9,,9,,9,,9,,,9,2.133,,9
33RO20100308, A13.5,86,1,5,11704,2,20100407,2010-04-07 4:03,403,-11.4998,0.8465,5597,3898.6,3898.6,2.3587,34.8881,2,34.8867,2,229.9,2,231.5,2,51.51,6,23.52,6,0,6,1.56,6,0.003,6,0.003,6,0,6,,5,2209.3,2,2355.1,2,805.8,2,20,7.7158,2,25,,9,,9,,9,,9,,9,,9,,,9,2.0259,,9
33RO20100308, A13.5,86,1,4,11030,2,20100407,2010-04-07 4:03,403,-11.4998,0.8465,5597,4299.4,4299.4,2.3592,34.8849,2,34.8873,2,230.7,2,231.5,2,52.14,6,23.49,6,0,6,1.56,6,0.003,2,0.004,2,0,2,,5,2211.7,2,2357.9,2,804.5,2,20,7.7158,2,25,,9,,9,,9,,9,,9,,9,,,9,1.9801,,9
33RO20100308, A13.5,86,1,3,11703,2,20100407,2010-04-07 4:03,403,-11.4998,0.8465,5597,4699.6,4699.6,2.377,34.8822,2,34.8813,2,231.5,2,232.9,2,52.47,6,23.44,6,0,6,1.55,6,0.004,2,0.005,2,0,2,,5,2211.6,2,2358.8,2,802.4,2,20,7.7189,2,25,,9,,9,,9,,9,,9,,9,,,9,1.9492,,9
33RO20100308, A13.5,86,1,2,11702,2,20100407,2010-04-07 4:03,403,-11.4998,0.8465,5597,5098.4,5098.4,2.4004,34.8788,2,34.8815,2,234.9,2,233.5,2,52.45,6,23.43,6,0,6,1.56,6,0.004,2,0.004,2,0,2,,5,2212.4,2,2357.3,2,802.4,2,20,7.7191,2,25,,9,,9,,9,,9,,9,,9,,,9,1.9218,,9
33RO20100308, A13.5,86,1,1,11701,2,20100407,2010-04-07 4:03,403,-11.4998,0.8465,5597,5680.6,5680.6,2.4571,34.8755,2,34.875,2,237.6,2,237.4,2,52.46,6,23.22,6,0,6,1.55,6,0.017,2,0.011,2,0,2,,5,2207.9,6,2351.8,2,798.1,2,20,7.7179,2,25,,9,,9,,9,,9,,9,,9,,,9,1.9001,,9
33RO20100308, A13.5,87,1,24,11714,2,20100407,2010-04-07 10:55,1055,-11,0.8257,5637,5.1,5.1,27.6762,36.4216,2,36.4231,2,197.6,2,197.5,2,0.99,6,0.01,6,0,6,0.12,6,1.549,2,0.987,2,0.981,2,1.848,3,2057.4,6,,5,309.2,2,20,8.0802,2,25,78.99,2,5.28,2,,9,,9,,9,,9,,,9,27.675,,9
33RO20100308, A13.5,87,1,23,11716,2,20100407,2010-04-07 10:55,1055,-11,0.8257,5637,50.9,50.9,22.8423,36.4348,2,36.4343,2,241,2,239.8,2,1.25,2,0.13,2,0,2,0.16,2,2.042,2,1.246,2,1.073,2,1.269,3,2073.8,2,2394,6,333.2,2,20,8.0493,2,25,71.18,2,5.89,2,,9,,9,,9,,9,,,9,22.8319,,9
33RO20100308, A13.5,87,1,22,11022,2,20100407,2010-04-07 10:55,1055,-11,0.8257,5637,66.7,66.7,18.2746,36.0279,2,36.0194,2,152.1,2,150.2,2,3.48,2,11.82,2,0.38,2,0.89,2,2.115,6,1.246,6,0.944,6,0.871,3,2155.2,2,2363.4,2,568,6,20,7.8511,2,25,61.61,2,16.44,2,,9,,9,,9,,9,,,9,18.263,,9
33RO20100308, A13.5,87,1,21,11010,2,20100407,2010-04-07 10:55,1055,-11,0.8257,5637,100.2,100.2,14.0899,35.4465,2,35.4484,2,75,2,71.6,2,7.29,2,24.62,2,0.11,2,1.58,2,2.009,2,1.124,2,0.599,2,0.367,3,2210.1,2,2323.7,2,978.8,2,20,7.6339,2,25,47.15,2,27.61,2,,9,,9,,9,,9,,,9,14.0753,,9
33RO20100308, A13.5,87,1,20,11715,2,20100407,2010-04-07 10:55,1055,-11,0.8257,5637,149.9,149.9,12.4486,35.2226,2,35.2269,2,61.5,2,60.8,2,9.94,2,28.18,2,0.01,2,1.79,2,1.692,2,0.915,2,0.351,2,0.233,3,2220.9,2,2313.4,2,1128.8,2,20,7.5767,2,25,46.3,2,30.96,2,,9,,9,,9,,9,,,9,12.4285,,9
33RO20100308, A13.5,87,1,19,11007,2,20100407,2010-04-07 10:55,1055,-11,0.8257,5637,199.9,199.9,11.5179,35.1054,2,35.108,2,60.5,2,59.9,2,11.43,2,29.88,2,0,2,1.89,2,1.455,2,0.774,2,0.283,2,0.236,3,2225.5,2,2308.8,2,1198.4,2,20,7.5531,2,25,45.88,2,32.52,2,,9,,9,,9,,9,,,9,11.4925,,9
33RO20100308, A13.5,87,1,18,11710,2,20100407,2010-04-07 10:55,1055,-11,0.8257,5637,303,303,10.1735,34.9498,2,34.9513,2,35.5,2,36.4,2,14.65,2,34.87,2,0,2,2.19,2,0.808,2,0.426,2,0.11,2,0.164,3,2247.1,2,2300.3,2,1477.3,2,20,7.4674,2,25,43.18,2,36.38,2,,9,,9,,9,,9,,,9,10.1378,,9
33RO20100308, A13.5,87,1,17,11025,2,20100407,2010-04-07 10:55,1055,-11,0.8257,5637,398.8,398.8,8.8575,34.8134,2,34.814,2,26,2,28.8,2,17.98,2,38.45,2,0,2,2.43,2,0.343,2,0.185,2,0,2,0.111,3,2258.4,6,2295,2,1697.1,2,20,7.4138,2,25,42.41,2,40.37,2,,9,,9,,9,,9,,,9,8.8142,,9
33RO20100308, A13.5,87,1,16,11709,2,20100407,2010-04-07 10:55,1055,-11,0.8257,5637,601.9,601.9,6.152,34.5726,2,34.5747,2,69.2,2,69.4,2,25.36,2,40.12,2,0,2,2.62,2,0.068,2,0.043,2,0,2,0.122,3,2252.9,2,2292.7,2,1631.3,6,20,7.4278,2,25,39.99,2,41.87,2,,9,,9,,9,,9,,,9,6.0982,,9
33RO20100308, A13.5,87,1,15,11006,2,20100407,2010-04-07 10:55,1055,-11,0.8257,5637,801.1,801.1,4.6885,34.5098,2,34.5111,2,122.8,2,122.5,6,32.31,2,36.93,2,0,2,2.49,2,0.024,2,0.014,2,0,2,0.094,3,2236.2,2,2299.3,2,1357.5,2,20,7.5044,2,25,39.98,2,38.58,2,,9,,9,,9,,9,,,9,4.6248,,9
33RO20100308, A13.5,87,1,14,11708,2,20100407,2010-04-07 10:55,1055,-11,0.8257,5637,1001.9,1001.9,4.2159,34.5925,2,34.5929,2,147.4,2,146.8,2,34.01,2,34,2,0,2,2.31,2,0.008,2,0.006,2,0,2,0.049,3,2228.2,2,2306.8,6,1213.9,2,20,7.5499,2,25,39.42,2,35.91,2,,9,,9,,9,,9,,,9,4.1383,,9
33RO20100308, A13.5,87,1,13,11031,2,20100407,2010-04-07 10:55,1055,-11,0.8257,5637,1300.3,1300.3,4.0055,34.7925,2,34.7938,2,185.9,2,184.8,2,29.15,2,28.2,2,0,2,1.9,2,0.006,2,0.005,2,0,2,0.048,3,2205.4,2,2314,2,991.7,2,20,7.631,2,25,39.62,2,29.49,2,,9,,9,,9,,9,,,9,3.9035,,9
33RO20100308, A13.5,87,1,12,11027,2,20100407,2010-04-07 10:55,1055,-11,0.8257,5637,1600.6,1600.6,3.7616,34.9022,2,34.9023,2,213.1,2,212.1,2,26.11,2,24.19,2,0,2,1.62,2,0.014,2,0.009,2,0,2,0.062,3,2189.5,2,2317.6,2,870.1,2,20,7.684,2,25,39.76,2,25.68,2,,9,,9,,9,,9,,,9,3.6352,,9
33RO20100308, A13.5,87,1,11,11707,2,20100407,2010-04-07 10:55,1055,-11,0.8257,5637,1899.5,1899.5,3.4847,34.9292,2,34.9296,2,228.7,2,227.4,2,27.13,2,22.53,2,0,2,1.5,2,0.009,2,0.007,2,0,2,0.065,3,2183.6,2,2320.4,2,816.7,2,20,7.7074,2,25,40.03,2,24.22,2,,9,,9,,9,,9,,,9,3.3343,,9
33RO20100308, A13.5,87,1,10,11003,2,20100407,2010-04-07 10:55,1055,-11,0.8257,5637,2201.3,2201.3,3.203,34.9262,2,34.9277,2,233.8,2,232.1,6,31.17,2,22.3,2,0,2,1.49,2,0.005,2,0.004,2,0,2,0.047,3,2186.1,2,2324.7,2,808.1,2,20,7.7144,2,25,39.71,2,23.78,2,,9,,9,,9,,9,,,9,3.0285,,9
33RO20100308, A13.5,87,1,9,11706,2,20100407,2010-04-07 10:55,1055,-11,0.8257,5637,2499.9,2499.9,2.948,34.9191,2,34.9196,2,233,2,232.5,2,36,2,22.5,2,0,2,1.5,2,0.002,2,0.002,2,0,2,0.02,3,2189.7,2,2330.3,2,811.4,2,20,7.7152,2,25,39.81,2,24.26,2,,9,,9,,9,,9,,,9,2.7491,,9
33RO20100308, A13.5,87,1,8,11033,2,20100407,2010-04-07 10:55,1055,-11,0.8257,5637,2902,2902,2.7047,34.9058,2,34.906,2,233.8,2,232.9,2,41.57,6,22.81,6,0,6,1.52,6,0.001,2,0.001,2,0,2,0.014,3,2196.2,2,2338.1,2,803.5,2,20,7.7157,2,25,39.52,2,24.55,2,,9,,9,,9,,9,,,9,2.4705,,9
33RO20100308, A13.5,87,1,7,11705,2,20100407,2010-04-07 10:55,1055,-11,0.8257,5637,3300.7,3300.7,2.4902,34.8952,2,34.8958,2,228.7,2,228.5,2,48.49,6,23.49,6,0,6,1.57,6,0.003,2,0.003,2,0,2,0.009,3,2209.1,2,2346.9,2,816.6,2,20,7.7103,2,25,40.83,2,25.27,2,,9,,9,,9,,9,,,9,2.2194,,9
33RO20100308, A13.5,87,1,6,11029,2,20100407,2010-04-07 10:55,1055,-11,0.8257,5637,3702.3,3702.3,2.371,34.8894,2,34.8889,2,231.4,2,230.3,2,51.25,6,23.42,6,0,6,1.57,6,0.003,2,0.003,2,0,2,0.018,3,2211.6,2,2355.3,2,807.4,2,20,7.7139,2,25,40.75,2,24.85,2,,9,,9,,9,,9,,,9,2.0598,,9
33RO20100308, A13.5,87,1,5,11704,2,20100407,2010-04-07 10:55,1055,-11,0.8257,5637,4102.6,4102.6,2.3522,34.886,2,34.8861,2,231.7,2,231.3,2,52.14,6,23.43,6,0,6,1.57,6,0.003,6,0.004,6,0,6,0.026,3,2212.7,2,2356.5,2,803.7,2,20,7.7163,2,25,40.84,2,25.45,2,,9,,9,,9,,9,,,9,1.9963,,9
33RO20100308, A13.5,87,1,4,11030,2,20100407,2010-04-07 10:55,1055,-11,0.8257,5637,4499.7,4499.7,2.3648,34.883,2,34.8835,2,232.6,2,231.5,2,52.71,6,23.44,6,0,6,1.56,6,0.007,2,0.007,2,0,2,0.039,3,2213.3,2,2358,2,802.4,2,20,7.718,2,25,40.77,2,25.14,2,,9,,9,,9,,9,,,9,1.9617,,9
33RO20100308, A13.5,87,1,3,11703,2,20100407,2010-04-07 10:55,1055,-11,0.8257,5637,4900.1,4900.1,2.3846,34.8799,2,34.8802,2,235.2,2,234,2,52.8,6,23.36,6,0,6,1.56,6,0.007,2,0.005,2,0,2,0.05,3,2211.3,2,2356.4,2,801.2,2,20,7.7185,2,25,39.97,2,24.81,2,,9,,9,,9,,9,,,9,1.9317,,9
33RO20100308, A13.5,87,1,2,11702,2,20100407,2010-04-07 10:55,1055,-11,0.8257,5637,5301.3,5301.3,2.4137,34.8771,2,34.8774,2,238.2,2,236,2,52.84,6,23.31,6,0,6,1.56,6,0.01,2,0.009,2,0,2,0.077,3,2209.9,2,2355.4,2,800.9,2,20,7.7186,2,25,40.14,2,25.01,2,,9,,9,,9,,9,,,9,1.9085,,9
33RO20100308, A13.5,87,1,1,11701,2,20100407,2010-04-07 10:55,1055,-11,0.8257,5637,5707.9,5707.9,2.463,34.8759,2,34.8809,4,238.8,2,235.6,2,52.98,6,23.27,6,0,6,1.55,6,0.013,2,0.008,2,0,2,0.093,3,2210,6,2353.7,2,802.3,2,20,7.719,2,25,40.39,2,24.84,2,,9,,9,,9,,9,,,9,1.9021,,9
33RO20100308, A13.5,88,1,24,11714,2,20100407,2010-04-07 17:46,1746,-10.4992,0.8022,5700,5.5,5.5,27.7748,36.4761,2,36.4866,2,198.4,2,198.4,2,0.88,6,0.03,6,0,6,0.12,6,1.555,6,0.989,6,1.006,6,1.768,3,2061.4,6,2394.1,2,310,2,20,8.0775,2,25,,9,,9,,9,,9,,9,,9,,,9,27.7735,,9
33RO20100308, A13.5,88,1,23,11716,2,20100407,2010-04-07 17:46,1746,-10.4992,0.8022,5700,40,40,27.7907,36.4723,2,36.4763,2,199,2,198.1,2,0.9,2,0.11,2,0,2,0.13,2,,9,,9,,9,,9,2060.9,2,2397.3,6,308,2,20,8.0777,2,25,,9,,9,,9,,9,,9,,9,,,9,27.7813,,9
33RO20100308, A13.5,88,1,22,11022,2,20100407,2010-04-07 17:46,1746,-10.4992,0.8022,5700,79.5,79.5,17.5119,35.9044,2,35.8631,2,137.5,3,119,2,4.22,2,15.78,2,0.4,2,1.12,2,2.077,2,1.203,2,0.791,2,0.709,3,2177.5,2,2351.7,2,675,2,20,7.7853,2,25,,9,,9,,9,,9,,9,,9,,,9,17.4985,,9
33RO20100308, A13.5,88,1,21,11010,2,20100407,2010-04-07 17:46,1746,-10.4992,0.8022,5700,130.2,130.2,13.4505,35.3465,2,35.3447,2,62.4,2,61,2,8.73,2,26.73,2,0.02,2,1.7,2,1.868,2,1.024,2,0.576,2,0.229,3,2220.5,2,2314.5,2,1068.2,2,20,7.5992,2,25,,9,,9,,9,,9,,9,,9,,,9,13.4322,,9
33RO20100308, A13.5,88,1,20,11715,2,20100407,2010-04-07 17:46,1746,-10.4992,0.8022,5700,175,175,12.2459,35.1932,2,35.193,2,65,2,64.8,2,10.28,2,28.18,2,0.01,2,1.8,2,,9,,9,,9,,9,2221.7,2,2308.3,2,1124.6,2,20,7.5792,2,25,,9,,9,,9,,9,,9,,9,,,9,12.2227,,9
33RO20100308, A13.5,88,1,19,11007,2,20100407,2010-04-07 17:46,1746,-10.4992,0.8022,5700,250.4,250.4,10.9572,35.038,2,35.039,2,60.7,2,59.4,2,12.26,2,30.95,2,0,2,1.95,2,1.293,2,0.682,2,0.202,2,0.243,3,2230.2,2,2303.7,2,1254.2,2,20,7.536,2,25,,9,,9,,9,,9,,9,,9,,,9,10.9263,,9
33RO20100308, A13.5,88,1,18,11710,2,20100407,2010-04-07 17:46,1746,-10.4992,0.8022,5700,349.4,349.4,9.5976,34.8884,2,34.8882,2,34.4,2,35.4,2,15.82,2,36.15,2,0,2,2.28,2,0.593,2,0.31,2,0.089,2,0.139,3,2253.4,2,2296.8,2,1555.9,2,20,7.4501,2,25,,9,,9,,9,,9,,9,,9,,,9,9.5578,,9
33RO20100308, A13.5,88,1,17,11025,2,20100407,2010-04-07 17:46,1746,-10.4992,0.8022,5700,499.8,499.8,7.4305,34.6773,2,34.6796,2,49.9,2,49.3,2,21.17,2,39.39,2,0,2,2.53,2,0.164,2,0.091,2,0,2,0.144,3,2255.9,6,2292.3,2,1666.7,2,20,7.4199,2,25,,9,,9,,9,,9,,9,,9,,,9,7.3813,,9
33RO20100308, A13.5,88,1,16,11709,2,20100407,2010-04-07 17:46,1746,-10.4992,0.8022,5700,700.6,700.6,5.3108,34.5206,2,34.5234,2,97.8,2,97.4,2,29.01,2,38.79,2,0,2,2.57,2,0.041,2,0.024,2,0,2,0.118,3,2244,2,2293.5,2,1487.5,2,20,7.4661,2,25,,9,,9,,9,,9,,9,,9,,,9,5.2523,,9
33RO20100308, A13.5,88,1,15,11006,2,20100407,2010-04-07 17:46,1746,-10.4992,0.8022,5700,898.9,898.9,4.4046,34.5342,2,34.5342,2,133.7,2,133.7,2,33.95,2,35.88,2,0,2,2.43,2,,9,,9,,9,,9,2235.4,2,2300.5,2,1299.8,2,20,7.5234,2,25,,9,,9,,9,,9,,9,,9,,,9,4.3344,,9
33RO20100308, A13.5,88,1,14,11708,2,20100407,2010-04-07 17:46,1746,-10.4992,0.8022,5700,1099.9,1099.9,4.1087,34.6591,2,34.6588,2,160.8,2,160,6,32.96,2,32.06,2,0,2,2.17,2,0.006,2,0.006,2,0,2,0.04,3,2221.1,2,2306.4,2,1134.1,2,20,7.579,2,25,,9,,9,,9,,9,,9,,9,,,9,4.0234,,9
33RO20100308, A13.5,88,1,13,11031,2,20100407,2010-04-07 17:46,1746,-10.4992,0.8022,5700,1400.2,1400.2,3.9672,34.8391,2,34.8387,2,196.4,2,195.6,2,27.35,2,26.5,2,0,2,1.78,2,,9,,9,,9,,9,2199.6,2,2310.9,2,933,6,20,7.6532,2,25,,9,,9,,9,,9,,9,,9,,,9,3.8566,,9
33RO20100308, A13.5,88,1,12,11027,2,20100407,2010-04-07 17:46,1746,-10.4992,0.8022,5700,1694.8,1694.8,3.7131,34.9165,2,34.9167,2,220.3,2,219.5,2,25.62,2,23.36,2,0,2,1.56,2,0.009,2,0.008,2,0,2,0.075,3,2185.9,2,2313.6,2,839.5,2,20,7.6945,2,25,,9,,9,,9,,9,,9,,9,,,9,3.5786,,9
33RO20100308, A13.5,88,1,11,11707,2,20100407,2010-04-07 17:46,1746,-10.4992,0.8022,5700,1998.7,1998.7,3.4056,34.9314,2,34.9306,2,231.4,2,229.8,6,28.16,2,22.36,2,0,2,1.49,2,,9,,9,,9,,9,2183.2,2,2319.6,2,808.7,2,20,7.7111,2,25,,9,,9,,9,,9,,9,,9,,,9,3.2471,,9
33RO20100308, A13.5,88,1,10,11003,2,20100407,2010-04-07 17:46,1746,-10.4992,0.8022,5700,2299.1,2299.1,3.125,34.927,2,34.9266,2,232,2,230.5,2,32.89,2,22.42,2,0,2,1.5,2,0.002,2,0.002,2,0,2,0.022,3,2189.3,2,2326.7,2,809.7,2,20,7.7111,2,25,,9,,9,,9,,9,,9,,9,,,9,2.9424,,9
33RO20100308, A13.5,88,1,9,11706,2,20100407,2010-04-07 17:46,1746,-10.4992,0.8022,5700,2699.5,2699.5,2.8232,34.9149,2,34.9145,2,231.8,2,232.1,2,38.94,2,22.61,2,0,2,1.51,2,,9,,9,,9,,9,2195.6,2,2331.4,3,811,2,20,7.7142,2,25,,9,,9,,9,,9,,9,,9,,,9,2.6069,,9
33RO20100308, A13.5,88,1,8,11033,2,20100407,2010-04-07 17:46,1746,-10.4992,0.8022,5700,3101.6,3101.6,2.6127,34.9032,2,34.902,2,234.3,2,233.1,2,43.91,2,22.89,2,0,2,1.53,2,0.001,2,0.002,2,0,2,0.011,3,2200.6,2,2339.9,2,810.9,2,20,7.7161,2,25,,9,,9,,9,,9,,9,,9,,,9,2.3599,,9
33RO20100308, A13.5,88,1,7,11705,2,20100407,2010-04-07 17:46,1746,-10.4992,0.8022,5700,3498.1,3498.1,2.4345,34.8927,2,34.8926,2,228.3,2,228,2,50.48,6,23.54,6,0,6,1.57,6,,9,,9,,9,,9,2213.5,2,2351.4,2,816.6,2,20,7.7106,2,25,,9,,9,,9,,9,,9,,9,,,9,2.144,,9
33RO20100308, A13.5,88,1,6,11029,2,20100407,2010-04-07 17:46,1746,-10.4992,0.8022,5700,3897.5,3897.5,2.3616,34.8882,2,34.8884,2,231.8,2,230.7,2,51.77,6,23.41,6,0,6,1.56,6,,9,,9,,9,,9,2214.2,2,2353.7,2,807.5,2,20,7.7167,2,25,,9,,9,,9,,9,,9,,9,,,9,2.0288,,9
33RO20100308, A13.5,88,1,5,11704,2,20100407,2010-04-07 17:46,1746,-10.4992,0.8022,5700,4299.3,4299.3,2.3594,34.885,2,34.8834,2,231.9,2,231.3,2,52.61,6,23.41,6,0,6,1.56,6,0.002,2,0.003,2,0,2,0.025,3,2215,2,2356.8,2,803.9,2,20,7.7177,2,25,,9,,9,,9,,9,,9,,9,,,9,1.9804,,9
33RO20100308, A13.5,88,1,4,11030,2,20100407,2010-04-07 17:46,1746,-10.4992,0.8022,5700,4700.1,4700.1,2.3775,34.882,2,34.8813,2,233.3,2,232.6,2,52.96,6,23.37,6,0,6,1.56,6,,9,,9,,9,,9,2214.9,2,2354.5,2,803.6,2,20,7.7179,2,25,,9,,9,,9,,9,,9,,9,,,9,1.9496,,9
33RO20100308, A13.5,88,1,3,11703,2,20100407,2010-04-07 17:46,1746,-10.4992,0.8022,5700,5098.2,5098.2,2.4004,34.8788,2,34.8782,2,235.7,2,234.6,2,53,6,23.31,6,0,6,1.56,6,0.005,2,0.004,2,0,2,0.052,3,2212.6,2,2355.3,2,801.1,2,20,7.7185,2,25,,9,,9,,9,,9,,9,,9,,,9,1.9219,,9
33RO20100308, A13.5,88,1,2,11702,2,20100407,2010-04-07 17:46,1746,-10.4992,0.8022,5700,5399.3,5399.3,2.425,34.8766,2,34.8777,2,238.4,2,236.2,2,52.97,6,23.23,6,0,6,1.55,6,0.011,2,0.008,2,0,2,0.077,3,2212.1,2,2353.8,3,801.5,6,20,7.7171,2,25,,9,,9,,9,,9,,9,,9,,,9,1.9066,,9
33RO20100308, A13.5,88,1,1,11701,2,20100407,2010-04-07 17:46,1746,-10.4992,0.8022,5700,5778,5778,2.4711,34.8753,2,34.8756,2,239,2,237.2,2,53.07,6,23.2,6,0,6,1.55,6,0.013,2,0.009,2,0,2,0.09,3,2211.3,6,2352.4,2,797.5,2,20,7.7188,2,25,,9,,9,,9,,9,,9,,9,,,9,1.9004,,9
33RO20100308, A13.5,89,1,24,11714,2,20100408,2010-04-08 :35,35,-9.9998,0.7782,5684,5.6,5.6,27.845,36.5411,2,36.5421,2,198.2,2,197.9,2,0.84,6,0.02,6,0,6,0.12,6,1.541,2,0.978,2,1.017,2,1.849,3,2063.8,2,2403.4,6,310.4,2,20,8.0774,2,25,76.42,2,4.85,2,,1,,1,,9,61.5,2,4.5,1.59,2,27.8437,,9
33RO20100308, A13.5,89,1,23,11716,2,20100408,2010-04-08 :35,35,-9.9998,0.7782,5684,29.8,29.8,27.8465,36.5396,2,36.5431,2,198.8,2,197.4,2,0.86,2,0.05,2,0,2,0.13,2,1.539,2,0.983,2,0.985,2,1.854,3,2063.6,2,2400,2,307.6,2,20,8.0783,2,25,74.08,2,5.32,2,,1,,1,,9,54.6,2,3.1,1.57,2,27.8395,,9
33RO20100308, A13.5,89,1,22,11022,2,20100408,2010-04-08 :35,35,-9.9998,0.7782,5684,60.4,60.4,22.1166,36.0799,2,36.0654,2,225.4,2,221.3,2,1.94,2,0.96,2,0.02,2,0.28,2,1.972,2,1.184,2,0.928,2,0.809,3,2081,2,2369.3,6,368.8,2,20,8.0101,2,25,71.05,2,5.41,2,,1,,1,,9,42.3,2,3,1.51,2,22.1046,,9
33RO20100308, A13.5,89,1,21,11010,2,20100408,2010-04-08 :35,35,-9.9998,0.7782,5684,100.5,100.5,14.4515,35.4606,2,35.4595,2,85.3,2,83.3,2,7.1,2,23.13,2,0.04,2,1.5,2,2.03,2,1.125,2,0.56,2,0.337,3,2202.7,2,2324.3,2,910.7,2,20,7.6636,2,25,49.32,2,27.13,2,,1,,1,,9,52.6,2,3.8,0.41,2,14.4367,,9
33RO20100308, A13.5,89,1,20,11715,2,20100408,2010-04-08 :35,35,-9.9998,0.7782,5684,196.5,196.5,11.9613,35.1546,2,35.1532,2,84,2,83.6,2,10.12,6,26.72,6,0.01,6,1.71,6,1.751,2,0.939,2,0.465,2,0.324,3,2208.2,2,2310.2,2,1039.7,2,20,7.6102,2,25,44.66,2,29.65,2,,1,,1,,9,28.6,2,2.9,0.46,2,11.9357,,9
33RO20100308, A13.5,89,1,19,11007,2,20100408,2010-04-08 :35,35,-9.9998,0.7782,5684,301.2,301.2,10.5822,34.9898,2,34.9901,2,61.8,2,61.3,2,12.94,6,31.58,6,0,6,1.99,6,1.219,2,0.644,2,0.264,2,0.263,3,2228.8,2,2303.7,2,1273.2,2,20,7.5283,2,25,43.02,2,33.62,2,,1,,1,,9,4.3,2,2.7,0.35,2,10.5458,,9
33RO20100308, A13.5,89,1,18,11710,2,20100408,2010-04-08 :35,35,-9.9998,0.7782,5684,401.2,401.2,9.1412,34.841,2,34.8422,2,35.4,2,36.9,2,16.68,2,37.07,2,0,2,2.34,2,0.464,2,0.245,2,0,2,0.145,3,2252.2,2,2295.3,2,1604.5,2,20,7.439,2,25,41.44,2,38.84,2,,1,,1,,9,-32.8,2,2.6,0.24,2,9.0968,,9
33RO20100308, A13.5,89,1,17,11025,2,20100408,2010-04-08 :35,35,-9.9998,0.7782,5684,551.1,551.1,6.924,34.6355,2,34.6351,2,54.1,2,51.1,2,22.64,2,40.35,2,0,2,2.61,2,0.106,2,0.06,2,0,2,0.124,3,2257,2,2290.2,2,1721.8,2,20,7.4103,2,25,40.11,2,42.34,2,,1,,1,,9,-80.1,2,2.5,0.31,2,6.8717,,9
33RO20100308, A13.5,89,1,16,11709,2,20100408,2010-04-08 :35,35,-9.9998,0.7782,5684,699.9,699.9,5.4553,34.5287,2,34.5295,2,90.7,2,91.8,2,28.07,2,39.15,2,0,2,2.58,2,0.041,2,0.024,2,0,2,0.115,3,2244.5,2,2293.1,2,1521.7,2,20,7.458,2,25,39.35,2,41.25,2,,1,,1,,9,-102.9,2,2.6,0.51,2,5.396,,9
33RO20100308, A13.5,89,1,15,11006,2,20100408,2010-04-08 :35,35,-9.9998,0.7782,5684,850.8,850.8,4.6459,34.5138,2,34.5147,2,127,2,127.3,2,32.3,2,36.61,2,0,2,2.46,2,0.027,2,0.015,2,0,2,0.11,3,2233.1,2,2296.7,6,1326.8,2,20,7.5133,2,25,39.34,2,37.87,2,,1,,1,,9,-116,2,2.9,0.62,2,4.5782,,9
33RO20100308, A13.5,89,1,14,11708,2,20100408,2010-04-08 :35,35,-9.9998,0.7782,5684,1000.2,1000.2,4.2546,34.5809,2,34.5801,2,144.3,2,144.3,2,33.81,2,34.55,2,0,2,2.34,2,0.01,2,0.007,2,0,2,0.056,3,2229.2,2,2304,2,1235,2,20,7.544,2,25,38.97,2,35.98,2,,1,,1,,9,-118.4,2,2.4,0.73,2,4.1768,,9
33RO20100308, A13.5,89,1,13,11031,2,20100408,2010-04-08 :35,35,-9.9998,0.7782,5684,1200.6,1200.6,4.0798,34.7274,2,34.7271,2,169.6,4,184.5,4,30.96,2,30.41,2,0,2,2.06,2,0.005,2,0.003,2,0,2,0.038,3,2215,2,2312,2,1074.5,2,20,7.6004,2,25,39.3,2,31.46,2,,1,,1,,9,-112.6,2,2.4,0.93,2,3.986,,9
33RO20100308, A13.5,89,1,12,11027,2,20100408,2010-04-08 :35,35,-9.9998,0.7782,5684,1501.2,1501.2,3.9105,34.8859,2,34.8858,2,210,2,208.8,2,25.15,2,24.68,2,0,2,1.65,2,0.016,2,0.01,2,0,2,0.105,3,2191.1,2,2316,2,882.7,2,20,7.6772,2,25,39.36,2,25.76,2,,1,,1,,9,-94.3,2,2.6,0.91,2,3.7914,,9
33RO20100308, A13.5,89,1,11,11707,2,20100408,2010-04-08 :35,35,-9.9998,0.7782,5684,1800.3,1800.3,3.642,34.9267,2,34.927,2,226.5,2,225.1,2,25.29,2,22.73,2,0,2,1.51,2,0.012,2,0.007,2,0.017,3,0.095,3,2184,2,2315,2,826.6,2,20,7.7036,2,25,39.18,2,23.85,2,,1,,1,,9,-98.2,2,2.4,0.99,2,3.4987,,9
33RO20100308, A13.5,89,1,10,11003,2,20100408,2010-04-08 :35,35,-9.9998,0.7782,5684,2100.5,2100.5,3.304,34.9285,2,34.9281,2,233.5,2,233.4,2,29.29,2,22.22,2,0,2,1.48,2,0.008,2,0.005,2,0,2,0.069,3,2186,2,2323.9,2,808.5,2,20,7.7144,2,25,38.9,2,23.63,2,,1,,1,,9,-108.3,2,2.8,1.03,2,3.1375,,9
33RO20100308, A13.5,89,1,9,11706,2,20100408,2010-04-08 :35,35,-9.9998,0.7782,5684,2400.6,2400.6,3.0326,34.9242,2,34.9249,2,230.2,2,230.5,2,34.48,2,22.54,2,0,2,1.51,2,0.004,2,0.002,2,0,2,0.016,3,2193.4,2,2329.3,2,818.5,2,20,7.7102,2,25,39.71,2,24.48,2,,9,,1,,9,-114.8,2,3,0.96,2,2.8418,,9
33RO20100308, A13.5,89,1,8,11033,2,20100408,2010-04-08 :35,35,-9.9998,0.7782,5684,2800.8,2800.8,2.7528,34.9113,2,34.9118,2,232.9,2,233.6,2,40.08,2,22.67,2,0,2,1.52,2,0.002,2,0.001,2,0,2,0.016,3,2198.4,2,2336.4,2,804,2,20,7.7131,2,25,39.73,2,24.49,2,,1,,1,,9,-116.8,2,2.6,0.94,2,2.5278,,9
33RO20100308, A13.5,89,1,7,11705,2,20100408,2010-04-08 :35,35,-9.9998,0.7782,5684,3202,3202,2.5789,34.902,2,34.9022,2,233.1,2,233.3,2,44.57,6,22.95,6,0,6,1.54,6,0.003,2,0.004,2,0,2,0.016,3,2202.5,2,2340.8,2,804.9,2,20,7.7144,2,25,40.06,2,24.35,2,,9,,1,,9,-118.8,2,3.1,0.93,2,2.3164,,9
33RO20100308, A13.5,89,1,6,11029,2,20100408,2010-04-08 :35,35,-9.9998,0.7782,5684,3602.1,3602.1,2.4088,34.8918,2,34.891,2,230.7,2,230.6,2,50.34,6,23.42,6,0,6,1.57,6,0.002,2,0.003,2,0,2,0.025,3,2212.6,2,2348.4,2,811.1,2,20,7.7128,2,25,39.34,2,25.49,2,,1,,1,,9,-124.9,2,2.4,0.85,2,2.1076,,9
33RO20100308, A13.5,89,1,5,11704,2,20100408,2010-04-08 :35,35,-9.9998,0.7782,5684,4000.4,4000.4,2.3564,34.8883,2,34.8873,2,230.9,2,230.6,2,52.02,6,23.49,6,0,6,1.57,6,0.003,2,0.002,2,0,2,0.013,3,2214.4,2,2354.5,2,804.3,2,20,7.7174,2,25,39.08,2,24.76,2,,9,,1,,9,-123.2,2,2.8,0.9,2,2.0121,,9
33RO20100308, A13.5,89,1,4,11030,2,20100408,2010-04-08 :35,35,-9.9998,0.7782,5684,4399.6,4399.6,2.3568,34.884,2,34.8834,2,232.1,2,232.4,2,52.3,2,23.4,2,0,2,1.56,2,0.005,2,0.005,2,0,2,0.032,3,2213.5,2,2356.4,2,794.5,2,20,7.7187,2,25,39.44,2,25.08,2,,1,,1,,9,-127.7,2,2.4,0.92,2,1.9659,,9
33RO20100308, A13.5,89,1,3,11703,2,20100408,2010-04-08 :35,35,-9.9998,0.7782,5684,4800.3,4800.3,2.3764,34.8806,2,34.8805,2,233.7,2,234,2,52.62,2,23.35,2,0,2,1.56,2,0.006,2,0.005,2,0,2,0.05,3,2213.3,2,2356.6,2,799.4,2,20,7.7186,2,25,40.07,2,24.6,2,,9,,1,,9,-124.6,2,2.4,0.84,2,1.9362,,9
33RO20100308, A13.5,89,1,2,11702,2,20100408,2010-04-08 :35,35,-9.9998,0.7782,5684,5199.5,5199.5,2.4055,34.8777,2,34.8773,2,236.5,2,237.6,2,52.56,6,23.26,6,0,6,1.55,6,0.01,2,0.007,2,0,2,0.077,3,2210.8,2,2351.5,2,801.5,2,20,7.718,2,25,40.55,2,25.21,2,,1,,1,,9,-120.3,2,2.5,0.88,2,1.9138,,9
33RO20100308, A13.5,89,1,1,11701,2,20100408,2010-04-08 :35,35,-9.9998,0.7782,5684,5770.2,5770.2,2.4674,34.8753,2,34.8755,2,239.9,2,235.5,2,52.51,6,23.18,6,0,6,1.55,6,0.015,2,0.009,2,0,2,0.107,3,2209.7,2,2351.6,2,801.6,2,20,7.7175,2,25,40.47,2,24.97,2,,1,,1,,9,-118.3,2,2.5,0.89,2,1.8979,,9
33RO20100308, A13.5,90,1,24,11714,2,20100408,2010-04-08 7:39,739,-9.5005,0.5573,5107,5.1,5.1,28.0463,36.4661,2,36.468,2,197.6,2,197,6,0.83,6,0.02,6,0,6,0.11,6,1.528,2,0.974,2,0.995,2,1.784,3,2059,6,2395.4,2,309,2,20,8.0788,2,25,,9,,9,,9,,9,,9,,9,,,9,28.0451,,9
33RO20100308, A13.5,90,1,23,11716,2,20100408,2010-04-08 7:39,739,-9.5005,0.5573,5107,39.7,39.7,27.8623,36.4536,4,36.3674,2,200.2,2,205.9,2,1.01,2,0.12,2,0,2,0.14,2,1.642,2,1.028,2,0.958,2,1.539,3,2061,2,2390.4,2,315.5,2,20,8.0692,2,25,,9,,9,,9,,9,,9,,9,,,9,27.8529,,9
33RO20100308, A13.5,90,1,22,11022,2,20100408,2010-04-08 7:39,739,-9.5005,0.5573,5107,70.3,70.3,17.1522,35.6952,2,35.7236,2,115.8,2,116.8,2,4.54,2,15.43,2,0.47,2,1.11,2,2.029,6,1.163,6,0.719,6,0.43,3,2172.2,2,2344.1,6,682.2,2,20,7.7796,2,25,,9,,9,,9,,9,,9,,9,,,9,17.1405,,9
33RO20100308, A13.5,90,1,21,11010,2,20100408,2010-04-08 7:39,739,-9.5005,0.5573,5107,99.4,99.4,13.8855,35.3984,2,35.395,2,79.7,2,80.2,2,7.77,2,24.05,2,0.02,2,1.55,2,2.002,2,1.099,2,0.564,2,0.296,3,2206.2,2,2322.6,2,956.5,2,20,7.6489,2,25,,9,,9,,9,,9,,9,,9,,,9,13.8712,,9
33RO20100308, A13.5,90,1,20,11715,2,20100408,2010-04-08 7:39,739,-9.5005,0.5573,5107,200.8,200.8,12.0052,35.1589,2,35.1586,2,83,2,82.8,2,10.05,2,26.69,2,0.01,2,1.71,2,1.745,2,0.938,2,0.376,2,0.309,3,2212,2,2312.4,2,1054.2,2,20,7.6112,2,25,,9,,9,,9,,9,,9,,9,,,9,11.9789,,9
33RO20100308, A13.5,90,1,19,11007,2,20100408,2010-04-08 7:39,739,-9.5005,0.5573,5107,299.9,299.9,10.4672,34.9791,2,34.9783,2,50.8,2,50.2,2,13.63,2,33.03,2,0,2,2.06,2,1.084,2,0.569,2,0.17,2,0.217,3,2239.4,2,2302.9,2,1363.6,2,20,7.5016,2,25,,9,,9,,9,,9,,9,,9,,,9,10.4312,,9
33RO20100308, A13.5,90,1,18,11710,2,20100408,2010-04-08 7:39,739,-9.5005,0.5573,5107,400,400,9.4048,34.8632,2,34.8667,2,49.7,2,49.7,2,15.53,2,35.23,2,0,2,2.2,2,0.693,2,0.36,2,0.113,2,0.197,3,2243.6,2,2298.4,2,1454.5,6,20,7.4751,2,25,,9,,9,,9,,9,,9,,9,,,9,9.3597,,9
33RO20100308, A13.5,90,1,17,11025,2,20100408,2010-04-08 7:39,739,-9.5005,0.5573,5107,500.1,500.1,8.0521,34.732,2,34.7345,2,48,2,49.1,2,19.01,2,38.16,2,0,2,2.41,2,0.281,2,0.149,2,0,2,0.158,3,2252.3,6,2294.8,2,1600.3,2,20,7.4381,2,25,,9,,9,,9,,9,,9,,9,,,9,8.0005,,9
33RO20100308, A13.5,90,1,16,11709,2,20100408,2010-04-08 7:39,739,-9.5005,0.5573,5107,700.5,700.5,5.6108,34.5344,2,34.537,2,94.1,2,94.5,2,26.93,2,38.55,2,0,2,2.53,2,0.068,2,0.039,2,0,2,0.153,3,2243,2,2294.2,2,1484.3,2,20,7.4333,4,25,,9,,9,,9,,9,,9,,9,,,9,5.5506,,9
33RO20100308, A13.5,90,1,15,11006,2,20100408,2010-04-08 7:39,739,-9.5005,0.5573,5107,901,901,4.4568,34.5271,2,34.5266,2,135.8,2,136.2,2,33.12,2,35.62,2,0,2,2.4,2,0.021,2,0.013,2,0,2,0.101,3,2232.4,2,2303.6,2,1284.4,2,20,7.5273,2,25,,9,,9,,9,,9,,9,,9,,,9,4.3861,,9
33RO20100308, A13.5,90,1,14,11708,2,20100408,2010-04-08 7:39,739,-9.5005,0.5573,5107,1099.6,1099.6,4.1868,34.6505,2,34.6501,2,155.8,2,155.4,2,32.58,2,32.49,2,0,2,2.2,2,0.007,2,0.005,2,0,2,0.045,3,2223.9,2,2309.2,2,1151.8,2,20,7.5694,2,25,,9,,9,,9,,9,,9,,9,,,9,4.1009,,9
33RO20100308, A13.5,90,1,13,11031,2,20100408,2010-04-08 7:39,739,-9.5005,0.5573,5107,1301.1,1301.1,4.0323,34.7986,2,34.7995,2,183.2,2,183.3,2,28.58,2,28.11,2,0,2,1.89,2,0.006,2,0.004,2,0.018,3,0.047,3,2208,2,2314.3,2,996.8,2,20,7.6293,2,25,,9,,9,,9,,9,,9,,9,,,9,3.93,,9
33RO20100308, A13.5,90,1,12,11027,2,20100408,2010-04-08 7:39,739,-9.5005,0.5573,5107,1499.6,1499.6,3.936,34.8901,2,34.8916,2,208.3,2,208.2,2,24.79,2,24.61,2,0,2,1.64,2,0.011,2,0.007,2,0,2,0.086,3,2192.4,2,2315.5,2,883.9,2,20,7.6757,2,25,,9,,9,,9,,9,,9,,9,,,9,3.8167,,9
33RO20100308, A13.5,90,1,11,11707,2,20100408,2010-04-08 7:39,739,-9.5005,0.5573,5107,1700,1700,3.7492,34.9284,2,34.9296,2,223.4,2,222.9,2,24.03,2,22.72,2,0,2,1.51,2,0.012,2,0.008,2,0,2,0.103,3,2184.7,2,2317.5,2,828,2,20,7.7009,2,25,,9,,9,,9,,9,,9,,9,,,9,3.6138,,9
33RO20100308, A13.5,90,1,10,11003,2,20100408,2010-04-08 7:39,739,-9.5005,0.5573,5107,1900.7,1900.7,3.5242,34.9342,2,34.9356,2,230.2,2,229.6,2,25.96,2,22.12,2,0,2,1.47,2,0.011,2,0.007,2,0,2,0.083,3,2183.2,2,2321.5,2,809.8,2,20,7.7103,2,25,,9,,9,,9,,9,,9,,9,,,9,3.3732,,9
33RO20100308, A13.5,90,1,9,11706,2,20100408,2010-04-08 7:39,739,-9.5005,0.5573,5107,2099.6,2099.6,3.2919,34.9294,2,34.9299,2,229.9,2,230.9,2,29.62,2,22.17,2,0,2,1.48,2,0.005,2,0.004,2,0,2,0.05,3,2187,2,2324.6,2,810.9,2,20,7.7121,2,25,,9,,9,,9,,9,,9,,9,,,9,3.1256,,9
33RO20100308, A13.5,90,1,8,11033,2,20100408,2010-04-08 7:39,739,-9.5005,0.5573,5107,2399.3,2399.3,3.0208,34.9216,2,34.9222,2,232.5,2,234,2,34.17,2,22.23,2,0,2,1.48,2,0.004,2,0.003,2,0,2,0.035,3,2191.7,2,2328.9,2,804.4,2,20,7.7152,2,25,,9,,9,,9,,9,,9,,9,,,9,2.8304,,9
33RO20100308, A13.5,90,1,7,11705,2,20100408,2010-04-08 7:39,739,-9.5005,0.5573,5107,2700.8,2700.8,2.8224,34.9152,2,34.915,2,231.7,2,232.1,2,38.66,6,22.49,6,0,6,1.5,6,0.002,2,0.002,2,0,2,0.017,3,2197.1,2,2335.4,2,805,2,20,7.7135,2,25,,9,,9,,9,,9,,9,,9,,,9,2.606,,9
33RO20100308, A13.5,90,1,6,11029,2,20100408,2010-04-08 7:39,739,-9.5005,0.5573,5107,3000.3,3000.3,2.6381,34.9045,2,34.9068,2,233.5,2,234,2,42.7,6,22.69,6,0,6,1.51,6,0.002,2,0.002,2,0,2,0.014,3,2200.4,2,2340.2,2,802.7,2,20,7.7151,2,25,,9,,9,,9,,9,,9,,9,,,9,2.3952,,9
33RO20100308, A13.5,90,1,5,11704,2,20100408,2010-04-08 7:39,739,-9.5005,0.5573,5107,3399,3399,2.4626,34.895,2,34.8954,2,231.2,4,238.2,4,47.82,6,23.06,6,0,6,1.54,6,0.004,6,0.002,6,0,6,0.021,3,2207.6,2,2348.4,2,805.1,6,20,7.7138,2,25,,9,,9,,9,,9,,9,,9,,,9,2.182,,9
33RO20100308, A13.5,90,1,4,11030,2,20100408,2010-04-08 7:39,739,-9.5005,0.5573,5107,3801.2,3801.2,2.3743,34.8892,2,34.8903,2,229.8,4,235.5,4,51.51,6,23.33,6,0,6,1.56,6,0.003,2,0.003,2,0,2,0.018,3,2214.2,2,2358.1,2,809.2,2,20,7.7144,2,25,,9,,9,,9,,9,,9,,9,,,9,2.052,,9
33RO20100308, A13.5,90,1,3,11703,2,20100408,2010-04-08 7:39,739,-9.5005,0.5573,5107,4200.5,4200.5,2.3555,34.885,2,34.8857,2,232.3,4,237.4,4,52.14,6,23.26,6,0,6,1.56,6,0.004,2,0.004,2,0,2,0.032,3,2214.8,2,2359.2,2,805.8,2,20,7.7178,2,25,,9,,9,,9,,9,,9,,9,,,9,1.9882,,9
33RO20100308, A13.5,90,1,2,11702,2,20100408,2010-04-08 7:39,739,-9.5005,0.5573,5107,4599.3,4599.3,2.3552,34.8806,2,34.8802,2,233.6,2,236.1,4,52.54,6,23.21,6,0,6,1.55,6,0.007,2,0.005,2,0,2,0.052,3,2214.3,2,2358,2,802.5,2,20,7.7189,2,25,,9,,9,,9,,9,,9,,9,,,9,1.9404,,9
33RO20100308, A13.5,90,1,1,11701,2,20100408,2010-04-08 7:39,739,-9.5005,0.5573,5107,5177.7,5177.7,2.3947,34.8762,2,34.876,2,237.2,4,231.7,4,52.58,6,23.11,6,0,6,1.55,6,0.011,2,0.008,2,0,2,0.092,3,2211.4,6,2353.6,2,803.1,2,20,7.7185,2,25,,9,,9,,9,,9,,9,,9,,,9,1.9062,,9
33RO20100308, A13.5,91,1,24,11714,2,20100408,2010-04-08 14:43,1443,-9,0.1395,5862,5.5,5.5,28.5443,36.0025,2,36.0031,2,197,2,198.4,2,0.18,6,0.04,6,0,6,0.06,6,1.505,2,0.962,2,0.968,2,1.761,3,2027.7,6,2369.7,2,293.3,2,20,8.0948,2,25,78.81,2,5.51,2,,9,,9,,9,,9,,,9,28.543,,9
33RO20100308, A13.5,91,1,23,11716,2,20100408,2010-04-08 14:43,1443,-9,0.1395,5862,49.9,49.9,22.952,36.0929,2,36.0863,2,227.8,2,224.6,6,1.68,2,0.32,2,0.01,2,0.22,2,1.928,2,1.17,2,0.936,2,0.854,3,2073.1,2,2374.4,6,353.9,2,20,8.0278,2,25,70.56,2,5.31,2,,9,,9,,9,,9,,,9,22.9418,,9
33RO20100308, A13.5,91,1,22,11022,2,20100408,2010-04-08 14:43,1443,-9,0.1395,5862,100.6,100.6,14.8351,35.5052,2,35.5051,2,58,2,55.8,2,7.59,2,25.35,2,0.05,2,1.64,2,2.002,2,1.11,2,0.511,2,0.213,3,2218.8,2,2326.6,6,1038,3,20,7.6181,2,25,46.97,2,29.58,2,,9,,9,,9,,9,,,9,14.82,,9
33RO20100308, A13.5,91,1,21,11010,2,20100408,2010-04-08 14:43,1443,-9,0.1395,5862,200.1,200.1,11.8666,35.1442,2,35.1405,2,89.6,2,89.1,2,10.08,2,26.27,2,0.01,2,1.71,2,1.774,2,0.952,2,0.394,2,0.33,3,2205.7,2,2312.7,2,1032.3,2,20,7.6186,2,25,44.62,2,29.42,2,,9,,9,,9,,9,,,9,11.8406,,9
33RO20100308, A13.5,91,1,20,11715,2,20100408,2010-04-08 14:43,1443,-9,0.1395,5862,300.9,300.9,10.6022,34.9947,2,34.9925,2,54.1,2,52.3,2,13.25,2,32.43,2,0,2,2.06,2,1.106,6,0.583,6,0.169,6,0.204,3,2234.6,2,2302.3,2,1337.2,2,20,7.5127,2,25,42.89,2,34.69,2,,9,,9,,9,,9,,,9,10.5658,,9
33RO20100308, A13.5,91,1,19,11007,2,20100408,2010-04-08 14:43,1443,-9,0.1395,5862,450.4,450.4,8.7194,34.7993,2,34.7989,2,34.5,2,35.5,2,17.95,2,38.07,2,0,2,2.41,2,0.36,2,0.192,2,0.027,2,0.127,3,2255.7,2,2297.9,2,1648.9,2,20,7.4246,2,25,42.5,2,39.75,2,,9,,9,,9,,9,,,9,8.6708,,9
33RO20100308, A13.5,91,1,18,11710,2,20100408,2010-04-08 14:43,1443,-9,0.1395,5862,600.1,600.1,6.5643,34.6043,2,34.6068,2,60.9,2,61.5,2,23.84,2,40.06,2,0,2,2.61,2,0.09,2,0.051,2,0,2,0.125,3,2254.6,2,2292.6,2,1655.8,2,20,7.4237,2,25,40.47,2,41.89,2,,9,,9,,9,,9,,,9,6.5088,,9
33RO20100308, A13.5,91,1,17,11025,2,20100408,2010-04-08 14:43,1443,-9,0.1395,5862,800.8,800.8,4.9052,34.5085,2,34.509,2,119.4,2,120.1,2,31.2,2,37.19,2,0,2,2.5,2,0.042,2,0.024,2,0,2,0.126,3,2235.7,2,2299.6,2,1358.8,2,20,7.5046,2,25,38.76,2,38.61,2,,9,,9,,9,,9,,,9,4.8402,,9
33RO20100308, A13.5,91,1,16,11709,2,20100408,2010-04-08 14:43,1443,-9,0.1395,5862,999.2,999.2,4.28,34.5773,2,34.5785,2,145,2,145.6,2,33.85,2,34.42,2,0,2,2.35,2,0.016,2,0.012,2,0,2,0.061,3,2228,2,2305.9,6,1229.9,2,20,7.5474,4,25,38.62,2,36.69,2,,9,,9,,9,,9,,,9,4.2021,,9
33RO20100308, A13.5,91,1,15,11006,2,20100408,2010-04-08 14:43,1443,-9,0.1395,5862,1199.7,1199.7,4.0754,34.7165,2,34.7177,2,169.4,2,169.4,2,31.48,2,30.6,2,0,2,2.09,2,0.005,2,0.003,2,0,2,0.035,3,2216.1,2,2312.9,2,1084,2,20,7.6001,2,25,38.51,2,32.42,2,,9,,9,,9,,9,,,9,3.9817,,9
33RO20100308, A13.5,91,1,14,11708,2,20100408,2010-04-08 14:43,1443,-9,0.1395,5862,1398.2,1398.2,4.0021,34.8542,2,34.8549,2,198.9,2,198.2,2,26.37,2,26.07,2,0,2,1.77,2,0.011,2,0.006,2,0,2,0.075,3,2197.3,2,2313.5,2,922.1,6,20,7.6595,2,25,39.39,2,28.37,2,,9,,9,,9,,9,,,9,3.8913,,9
33RO20100308, A13.5,91,1,13,11031,2,20100408,2010-04-08 14:43,1443,-9,0.1395,5862,1600.2,1600.2,3.8125,34.9182,2,34.9192,2,218.9,2,218.2,2,24.41,2,23.42,2,0,2,1.58,2,0.011,2,0.008,2,0,2,0.085,3,2185.8,2,2317.8,2,843,2,20,7.6944,2,25,39.7,2,25.32,2,,9,,9,,9,,9,,,9,3.6855,,9
33RO20100308, A13.5,91,1,12,11027,2,20100408,2010-04-08 14:43,1443,-9,0.1395,5862,1899.7,1899.7,3.4994,34.9353,2,34.9364,2,230.3,2,229.4,2,26.54,2,22.22,2,0,2,1.5,2,0.007,2,0.005,2,0,2,0.067,3,2182.9,2,2321,2,808.5,2,20,7.7115,2,25,40.09,2,24.37,2,,9,,9,,9,,9,,,9,3.3488,,9
33RO20100308, A13.5,91,1,11,11707,2,20100408,2010-04-08 14:43,1443,-9,0.1395,5862,2199.5,2199.5,3.1832,34.9312,2,34.9316,2,232.5,2,232.2,2,31.29,2,22.14,2,0,2,1.49,2,0.004,2,0.003,2,0,2,0.038,3,2187.4,2,2327.5,2,802.2,2,20,7.7143,2,25,39.7,2,23.93,2,,9,,9,,9,,9,,,9,3.0092,,9
33RO20100308, A13.5,91,1,10,11003,2,20100408,2010-04-08 14:43,1443,-9,0.1395,5862,2500.8,2500.8,2.9335,34.9211,2,34.9221,2,234,2,233.9,2,36.14,2,22.31,2,0,2,1.51,2,0.003,2,0.002,2,0,2,0.027,3,2191.8,2,2331.9,2,802.8,2,20,7.7176,2,25,39.72,2,24.51,2,,9,,9,,9,,9,,,9,2.7347,,9
33RO20100308, A13.5,91,1,9,11706,2,20100408,2010-04-08 14:43,1443,-9,0.1395,5862,2798.1,2798.1,2.7375,34.9113,2,34.9116,2,234.7,2,235.2,2,40.15,2,22.5,2,0,2,1.52,2,0.003,2,0.002,2,0,2,0.024,3,2195.8,2,2336.4,2,803.2,2,20,7.7186,2,25,39.84,2,24.48,2,,9,,9,,9,,9,,,9,2.5131,,9
33RO20100308, A13.5,91,1,8,11033,2,20100408,2010-04-08 14:43,1443,-9,0.1395,5862,3199.7,3199.7,2.5585,34.9002,2,34.9004,2,235.5,2,234.4,2,44.9,2,22.81,2,0,2,1.54,2,0.002,2,0.002,2,0,2,0.019,3,2201.7,2,2341.8,2,809,2,20,7.7177,2,25,40.09,2,24.67,2,,9,,9,,9,,9,,,9,2.2967,,9
33RO20100308, A13.5,91,1,7,11705,2,20100408,2010-04-08 14:43,1443,-9,0.1395,5862,3599.2,3599.2,2.4438,34.893,2,34.893,2,233.4,2,233,2,48.68,6,23.08,6,0,6,1.56,2,0.003,2,0.002,2,0,2,0.023,3,2208.1,2,2348.2,2,805.7,2,20,7.7159,2,25,40.16,2,24.59,2,,9,,9,,9,,9,,,9,2.142,,9
33RO20100308, A13.5,91,1,6,11029,2,20100408,2010-04-08 14:43,1443,-9,0.1395,5862,4000.5,4000.5,2.3733,34.8875,2,34.8874,2,232.3,2,231.4,2,51.84,6,23.34,6,0,6,1.57,6,0.003,2,0.003,2,0,2,0.027,3,2214.3,2,2354.6,2,808.4,2,20,7.7153,2,25,40.11,2,25.06,2,,9,,9,,9,,9,,,9,2.0285,,9
33RO20100308, A13.5,91,1,5,11704,2,20100408,2010-04-08 14:43,1443,-9,0.1395,5862,4399.9,4399.9,2.3693,34.8842,2,34.8841,2,231.3,2,231.9,2,52.55,6,23.37,6,0,6,1.57,6,0.005,6,0.004,6,0,6,0.038,3,2214.6,2,2356.7,2,805.4,2,20,7.7175,2,25,40.15,2,25.3,2,,9,,9,,9,,9,,,9,1.978,,9
33RO20100308, A13.5,91,1,4,11030,2,20100408,2010-04-08 14:43,1443,-9,0.1395,5862,4796.6,4796.6,2.3725,34.8795,2,34.8796,2,235.1,2,234.3,2,52.82,6,23.25,6,0,6,1.57,6,0.01,2,0.008,2,0,2,0.066,3,2211.6,2,2355.1,2,802.7,2,20,7.7186,2,25,40.12,2,25.4,2,,9,,9,,9,,9,,,9,1.9329,,9
33RO20100308, A13.5,91,1,3,11703,2,20100408,2010-04-08 14:43,1443,-9,0.1395,5862,5201.3,5201.3,2.403,34.8774,2,34.878,2,235.5,2,236.2,2,53.1,6,23.26,6,0,6,1.57,6,0.011,2,0.007,2,0,2,0.078,3,2211.7,2,2353.1,2,802.5,2,20,7.7201,2,25,40.28,2,25.61,2,,9,,9,,9,,9,,,9,1.9111,,9
33RO20100308, A13.5,91,1,2,11702,2,20100408,2010-04-08 14:43,1443,-9,0.1395,5862,5600.6,5600.6,2.4426,34.8757,2,34.8762,2,240.1,2,237.6,6,52.81,2,23.13,2,0,2,1.57,2,0.016,2,0.011,2,0,2,0.106,3,2208.3,2,2352,2,799.6,6,20,7.7185,2,25,39.86,2,25.48,2,,9,,9,,9,,9,,,9,1.8968,,9
33RO20100308, A13.5,91,1,1,11701,2,20100408,2010-04-08 14:43,1443,-9,0.1395,5862,5946.1,5946.1,2.4903,34.8751,2,34.8755,2,239.5,2,237.5,2,52.72,2,23.14,2,0,2,1.57,2,0.018,2,0.012,2,0,2,0.112,3,2210,6,2350.6,2,802.2,2,20,7.7179,2,25,40.39,2,25.46,2,,9,,9,,9,,9,,,9,1.8958,,9
33RO20100308, A13.5,92,1,24,11714,2,20100408,2010-04-08 22:10,2210,-8.498,-0.2857,5083,5.3,5.3,28.5476,35.8408,2,35.8425,2,196.6,2,197.7,2,0.72,6,0.05,6,0,6,0.08,6,0.197,4,0.119,4,0.036,4,0.229,4,2018.4,6,2357.9,2,293.4,2,20,8.0906,2,25,,9,,9,,9,,9,,9,,9,,,9,28.5463,,9
33RO20100308, A13.5,92,1,23,11716,2,20100408,2010-04-08 22:10,2210,-8.498,-0.2857,5083,60.3,60.3,20.3152,36.1035,2,36.0857,2,215.5,4,194.9,2,2.5,2,4.18,2,0.09,2,0.48,2,2.011,2,1.193,2,0.894,2,0.782,3,2106.3,2,2373.1,6,424,2,20,7.9576,2,25,,9,,9,,9,,9,,9,,9,,,9,20.3039,,9
33RO20100308, A13.5,92,1,22,11022,2,20100408,2010-04-08 22:10,2210,-8.498,-0.2857,5083,100.3,100.3,14.3822,35.4571,2,35.4523,2,87.8,2,87,6,7.07,2,22.65,2,0.06,2,1.49,2,2.032,2,1.131,2,0.594,2,0.352,3,2198.7,2,2321.8,6,891.3,2,20,7.6692,2,25,,9,,9,,9,,9,,9,,9,,,9,14.3674,,9
33RO20100308, A13.5,92,1,21,11010,2,20100408,2010-04-08 22:10,2210,-8.498,-0.2857,5083,200.9,200.9,11.9916,35.1562,2,35.1545,2,83.4,2,83.2,2,10.16,2,26.62,2,0.01,2,1.72,2,1.745,6,0.937,6,0.374,6,0.32,3,2207.7,2,2311.3,2,1036,2,20,7.6115,2,25,,9,,9,,9,,9,,9,,9,,,9,11.9654,,9
33RO20100308, A13.5,92,1,20,11715,2,20100408,2010-04-08 22:10,2210,-8.498,-0.2857,5083,300.6,300.6,10.5406,34.9841,2,34.9827,2,64.8,2,65.1,2,12.88,2,31.2,2,0,2,1.99,2,1.242,2,0.654,2,0.219,2,0.281,3,2225.1,2,2302,2,1246.8,2,20,7.5392,2,25,,9,,9,,9,,9,,9,,9,,,9,10.5044,,9
33RO20100308, A13.5,92,1,19,11007,2,20100408,2010-04-08 22:10,2210,-8.498,-0.2857,5083,400.5,400.5,9.2906,34.851,2,34.8525,2,51.2,2,51.7,2,15.82,2,35.17,2,0,2,2.23,2,0.673,2,0.351,2,0.059,2,0.222,3,2240.1,2,2295,2,1446,2,20,7.4781,2,25,,9,,9,,9,,9,,9,,9,,,9,9.2458,,9
33RO20100308, A13.5,92,1,18,11710,2,20100408,2010-04-08 22:10,2210,-8.498,-0.2857,5083,500.3,500.3,8.0112,34.7271,2,34.725,2,49.9,2,50.6,2,19.29,2,38.06,2,0,2,2.43,2,,5,,5,,5,,5,2247.9,6,2292.4,2,1607.2,2,20,7.442,2,25,,9,,9,,9,,9,,9,,9,,,9,7.9597,,9
33RO20100308, A13.5,92,1,17,11025,2,20100408,2010-04-08 22:10,2210,-8.498,-0.2857,5083,601.5,601.5,6.6612,34.6111,2,34.6116,2,63.1,2,64.2,2,23.33,2,39.56,2,0,2,2.57,2,0.104,2,0.058,2,0,2,0.157,3,2249.4,2,2289.1,2,1635.5,2,20,7.4342,2,25,,9,,9,,9,,9,,9,,9,,,9,6.6051,,9
33RO20100308, A13.5,92,1,16,11709,2,20100408,2010-04-08 22:10,2210,-8.498,-0.2857,5083,700.2,700.2,5.4868,34.5265,2,34.5274,2,98.8,2,99.1,2,27.67,2,38.16,2,0,2,2.53,2,0.061,2,0.035,2,0,2,0.164,3,2237.6,2,2291.2,6,1455.6,6,20,7.4768,2,25,,9,,9,,9,,9,,9,,9,,,9,5.4273,,9
33RO20100308, A13.5,92,1,15,11006,2,20100408,2010-04-08 22:10,2210,-8.498,-0.2857,5083,799.8,799.8,4.9207,34.5047,2,34.5037,2,120.4,2,120.3,2,30.71,2,36.89,2,0,2,2.48,2,0.046,2,0.026,2,0,2,0.156,3,2230.5,2,2294.5,2,1349.8,2,20,7.5075,2,25,,9,,9,,9,,9,,9,,9,,,9,4.8557,,9
33RO20100308, A13.5,92,1,14,11708,2,20100408,2010-04-08 22:10,2210,-8.498,-0.2857,5083,900.6,900.6,4.5326,34.5181,2,34.5185,2,133.7,2,135,2,32.98,2,35.73,2,0,2,2.42,2,0.027,2,0.015,2,0,2,0.116,3,2228.3,2,2300.2,2,1286.7,2,20,7.5281,2,25,,9,,9,,9,,9,,9,,9,,,9,4.4614,,9
33RO20100308, A13.5,92,1,13,11031,2,20100408,2010-04-08 22:10,2210,-8.498,-0.2857,5083,1000.1,1000.1,4.3266,34.569,2,34.5688,2,143.4,2,143.9,2,33.72,2,34.46,2,0,2,2.35,2,0.017,2,0.011,2,0,2,0.075,3,2225.8,2,2302.7,2,1234.6,2,20,7.5458,2,25,,9,,9,,9,,9,,9,,9,,,9,4.2483,,9
33RO20100308, A13.5,92,1,12,11027,2,20100408,2010-04-08 22:10,2210,-8.498,-0.2857,5083,1099.8,1099.8,4.1905,34.6411,2,34.642,2,154.6,2,155.2,2,33.08,2,32.57,2,0,2,2.22,2,0.009,2,0.005,2,0,2,0.047,3,2221.7,2,2304.8,2,1161.1,2,20,7.5682,2,25,,9,,9,,9,,9,,9,,9,,,9,4.1046,,9
33RO20100308, A13.5,92,1,11,11707,2,20100408,2010-04-08 22:10,2210,-8.498,-0.2857,5083,1301.3,1301.3,4.0837,34.7833,2,34.7845,2,180.2,2,180.2,2,29.04,2,28.47,2,0,2,1.94,2,0.009,2,0.006,2,0,2,0.049,3,2204.9,2,2309.5,2,1009,2,20,7.6238,2,25,,9,,9,,9,,9,,9,,9,,,9,3.9809,,9
33RO20100308, A13.5,92,1,10,11003,2,20100408,2010-04-08 22:10,2210,-8.498,-0.2857,5083,1500.1,1500.1,3.9343,34.89,2,34.8899,2,209.3,2,208.8,2,25.07,2,24.53,2,0,2,1.66,2,0.014,2,0.008,2,0,2,0.091,3,2188.3,2,2313.8,2,882.7,2,20,,5,,,9,,9,,9,,9,,9,,9,,,9,3.815,,9
33RO20100308, A13.5,92,1,9,11706,2,20100408,2010-04-08 22:10,2210,-8.498,-0.2857,5083,1800.6,1800.6,3.6351,34.9337,2,34.9332,2,227.9,2,227.5,2,25.08,2,22.29,2,0,2,1.5,2,0.013,2,0.009,2,0,2,0.097,3,2179.4,2,2317.1,2,819.5,2,20,7.7073,2,25,,9,,9,,9,,9,,9,,9,,,9,3.4919,,9
33RO20100308, A13.5,92,1,8,11033,2,20100408,2010-04-08 22:10,2210,-8.498,-0.2857,5083,2200.6,2200.6,3.1832,34.9301,2,34.9302,2,233,2,232.3,2,31.48,2,22.08,2,0,2,1.49,2,,9,,9,,9,,9,2183.5,2,2323,2,811.2,2,20,7.7125,2,25,,9,,9,,9,,9,,9,,9,,,9,3.0091,,9
33RO20100308, A13.5,92,1,7,11705,2,20100408,2010-04-08 22:10,2210,-8.498,-0.2857,5083,2600,2600,2.8342,34.9172,2,34.9179,2,232.7,2,232.6,2,38.41,6,22.42,6,0,6,1.51,6,0.003,2,0.002,2,0,2,0.016,3,2190.9,2,2331,2,804.5,2,20,7.7131,2,25,,9,,9,,9,,9,,9,,9,,,9,2.6276,,9
33RO20100308, A13.5,92,1,6,11029,2,20100408,2010-04-08 22:10,2210,-8.498,-0.2857,5083,2999.5,2999.5,2.6212,34.9039,2,34.9044,2,235.9,2,236.2,2,43.02,6,22.52,6,0,6,1.52,6,,9,,9,,9,,9,2194.6,2,2338.8,2,798.5,2,20,7.7179,2,25,,9,,9,,9,,9,,9,,9,,,9,2.3788,,9
33RO20100308, A13.5,92,1,5,11704,2,20100408,2010-04-08 22:10,2210,-8.498,-0.2857,5083,3400,3400,2.472,34.8944,2,34.8942,2,235.6,2,234.9,2,47.08,6,22.84,6,0,6,1.54,6,0.004,2,0.003,2,0,2,0.027,3,2199.3,2,2343.8,2,797.3,2,20,7.7174,2,25,,9,,9,,9,,9,,9,,9,,,9,2.1911,,9
33RO20100308, A13.5,92,1,4,11030,2,20100408,2010-04-08 22:10,2210,-8.498,-0.2857,5083,3798.6,3798.6,2.3922,34.8885,2,34.8883,2,234.5,2,233.9,2,50.19,6,23.05,6,0,6,1.55,6,,9,,9,,9,,9,2204.8,2,2347.3,2,802.5,2,20,7.7119,2,25,,9,,9,,9,,9,,9,,9,,,9,2.0697,,9
33RO20100308, A13.5,92,1,3,11703,2,20100408,2010-04-08 22:10,2210,-8.498,-0.2857,5083,4200.9,4200.9,2.3528,34.8827,2,34.8821,2,236,2,235.5,6,51.54,6,23.08,6,0,6,1.56,6,0.008,2,0.007,2,0,2,0.055,3,2205.4,2,2351.7,2,801.3,2,20,7.7172,2,25,,9,,9,,9,,9,,9,,9,,,9,1.9855,,9
33RO20100308, A13.5,92,1,2,11702,2,20100408,2010-04-08 22:10,2210,-8.498,-0.2857,5083,4602,4602,2.3635,34.88,2,34.8799,2,235,2,235.8,2,52.53,6,23.14,6,0,6,1.56,6,,9,,9,,9,,9,2207.6,2,2352,2,802.6,6,20,7.7177,2,25,,9,,9,,9,,9,,9,,9,,,9,1.9481,,9
33RO20100308, A13.5,92,1,1,11701,2,20100408,2010-04-08 22:10,2210,-8.498,-0.2857,5083,5152.5,5152.5,2.3966,34.8763,2,34.8764,2,237.7,2,236.5,2,53.01,6,23.14,6,0,6,1.56,6,0.015,2,0.011,2,0,2,0.089,3,2208.7,6,2351.7,2,802.6,2,20,7.7182,2,25,,9,,9,,9,,9,,9,,9,,,9,1.9113,,9
33RO20100308, A13.5,93,1,24,11714,2,20100409,2010-04-09 5:12,512,-7.9997,-0.7167,5006,5.4,5.4,28.4644,35.84,2,35.842,2,196.1,2,196.8,2,0.84,6,0.04,6,0,6,0.08,6,1.484,2,0.963,2,0.979,2,,5,2022,6,2357.7,2,294.6,2,20,8.089,2,25,78.66,2,5.15,2,,9,,9,,9,46.1,2,2.1,1.49,2,28.4631,,9
33RO20100308, A13.5,93,1,23,11716,2,20100409,2010-04-09 5:12,512,-7.9997,-0.7167,5006,40,40,22.9498,36.1518,2,36.1108,2,225.9,2,218.1,2,1.84,2,1.27,2,0.03,2,0.25,2,1.915,2,1.174,2,1.007,2,,5,2077.4,2,2372.4,6,363.9,6,20,8.0173,2,25,74.45,2,6.27,2,,9,,9,,9,45.3,2,2,1.51,2,22.9416,,9
33RO20100308, A13.5,93,1,22,11022,2,20100409,2010-04-09 5:12,512,-7.9997,-0.7167,5006,79.8,79.8,15.4337,35.5856,2,35.5828,2,92,2,90.3,2,6.45,2,20.95,2,0.09,2,1.39,2,2.102,2,1.201,2,0.697,2,,5,2196.9,2,2330.8,6,839.1,2,20,7.6967,2,25,55.55,2,24.77,2,,9,,9,,9,45.5,2,2.3,0.51,2,15.4214,,9
33RO20100308, A13.5,93,1,21,11010,2,20100409,2010-04-09 5:12,512,-7.9997,-0.7167,5006,149.8,149.8,13.5744,35.3604,2,35.3607,2,77.8,2,79.9,6,8.68,2,24.51,2,0.01,2,1.59,2,1.919,2,1.082,2,0.475,2,,5,2207.5,2,2317.6,2,966.6,2,20,7.6415,2,25,48.63,2,27.22,2,,9,,9,,9,30.1,2,2.2,0.42,2,13.5532,,9
33RO20100308, A13.5,93,1,20,11715,2,20100409,2010-04-09 5:12,512,-7.9997,-0.7167,5006,248.3,248.3,11.9743,35.1538,2,35.1506,2,79.4,2,79.3,2,10.64,2,27.18,2,0.01,2,1.74,2,1.674,6,0.917,6,0.412,6,,5,2213.7,2,2309.9,2,1068.4,2,20,7.6006,2,25,46.14,2,29.5,2,,9,,9,,9,20.2,2,2.1,0.46,2,11.9418,,9
33RO20100308, A13.5,93,1,19,11007,2,20100409,2010-04-09 5:12,512,-7.9997,-0.7167,5006,349.7,349.7,10.2813,34.9536,2,34.9514,2,64.7,2,66,2,13.65,2,31.89,2,0.01,2,2.01,2,1.181,2,0.633,2,0.247,2,,5,2229.5,2,2300.8,2,1272.3,2,20,7.53,2,25,43.87,2,33.17,2,,9,,9,,9,-5.6,2,2.1,0.35,2,10.2397,,9
33RO20100308, A13.5,93,1,18,11710,2,20100409,2010-04-09 5:12,512,-7.9997,-0.7167,5006,450,450,8.6227,34.7857,2,34.787,2,48.5,2,49.1,2,17.98,2,37.05,2,0,2,2.33,2,0.488,2,0.259,2,0,2,,5,2247.2,2,2295.5,2,1546.1,2,20,7.451,2,25,43.01,2,38.86,2,,9,,9,,9,-48,2,2,0.36,2,8.5745,,9
33RO20100308, A13.5,93,1,17,11025,2,20100409,2010-04-09 5:12,512,-7.9997,-0.7167,5006,550.4,550.4,7.281,34.6639,2,34.6611,2,56.9,2,58,2,21.73,2,39.13,2,0,2,2.5,2,0.194,2,0.107,2,0,2,,5,2251.2,2,2292.5,2,1618,2,20,7.4333,2,25,42.15,2,40.96,2,,9,,9,,9,-77.2,2,1.8,0.33,2,7.2272,,9
33RO20100308, A13.5,93,1,16,11709,2,20100409,2010-04-09 5:12,512,-7.9997,-0.7167,5006,650.1,650.1,6.0314,34.5616,2,34.5614,2,83.3,2,85.5,2,25.72,2,38.81,2,0,2,2.54,2,0.096,2,0.055,2,0,2,,5,2243.5,2,2294.2,2,1514.9,6,20,7.4602,2,25,41.21,2,40.78,2,,9,,9,,9,-105.7,2,1.8,0.62,2,5.9737,,9
33RO20100308, A13.5,93,1,15,11006,2,20100409,2010-04-09 5:12,512,-7.9997,-0.7167,5006,749.5,749.5,5.2139,34.512,2,34.5108,2,112.5,2,113.3,2,29.41,2,37.43,2,0,2,2.49,2,0.072,2,0.041,2,0,2,,5,2234,2,2296.3,2,1379.2,2,20,7.4965,2,25,40.69,2,39.89,2,,9,,9,,9,-106,2,1.8,0.59,2,5.1516,,9
33RO20100308, A13.5,93,1,14,11708,2,20100409,2010-04-09 5:12,512,-7.9997,-0.7167,5006,850,850,4.641,34.5151,2,34.5149,2,129,2,129.7,2,32.7,2,36.28,2,0,2,2.44,2,0.032,2,0.019,2,0,2,,5,2230.8,2,2300.7,2,1307.4,2,20,7.5184,2,25,40.31,2,37.6,2,,9,,9,,9,-121,2,2.2,0.64,2,4.5734,,9
33RO20100308, A13.5,93,1,13,11031,2,20100409,2010-04-09 5:12,512,-7.9997,-0.7167,5006,1000,1000,4.3028,34.5814,2,34.5804,2,145.1,2,146,2,33.88,2,34.22,2,0,2,2.32,2,0.014,2,0.009,2,0,2,,5,2225.8,2,2306,2,1215.6,2,20,7.5479,2,25,40.19,2,36.57,2,,9,,9,,9,-119.9,2,2.1,0.72,2,4.2247,,9
33RO20100308, A13.5,93,1,12,11027,2,20100409,2010-04-09 5:12,512,-7.9997,-0.7167,5006,1200.6,1200.6,4.1461,34.733,2,34.7327,2,169.8,2,170.2,2,30.66,2,30.13,2,0,2,2.04,2,0.009,2,0.005,2,0,2,,5,2211.3,2,2311.8,2,1061.2,2,20,7.6027,2,25,40.31,2,31.96,2,,9,,9,,9,-123.5,2,3.3,0.75,2,4.0517,,9
33RO20100308, A13.5,93,1,11,11707,2,20100409,2010-04-09 5:12,512,-7.9997,-0.7167,5006,1397.5,1397.5,4.0749,34.8546,2,34.855,2,197.9,2,197.8,2,25.97,2,26.04,2,0,2,1.75,2,0.017,2,0.01,2,0,2,,5,2194.7,2,2314.3,2,925,2,20,7.6589,2,25,39.62,2,27.64,2,,9,,9,,9,-108.4,2,2.6,0.89,2,3.9634,,9
33RO20100308, A13.5,93,1,10,11003,2,20100409,2010-04-09 5:12,512,-7.9997,-0.7167,5006,1699.2,1699.2,3.7872,34.9297,2,34.9294,2,224.6,2,224.1,2,24.03,2,22.72,2,0,2,1.51,2,0.02,2,0.013,2,0,2,,5,2179.4,2,2317.2,2,827,2,20,7.7033,2,25,40.33,2,25.09,2,,9,,9,,9,-103.9,2,2.6,0.95,2,3.6514,,9
33RO20100308, A13.5,93,1,9,11706,2,20100409,2010-04-09 5:12,512,-7.9997,-0.7167,5006,1998.7,1998.7,3.4377,34.9347,2,34.9348,2,232.8,2,232.7,2,27.37,2,22.02,2,0,2,1.47,2,0.009,2,0.006,2,0,2,,5,2179.6,2,2321.6,2,804.3,2,20,7.7133,2,25,40.09,2,23.75,2,,9,,9,,9,-105.4,2,3,0.99,2,3.2787,,9
33RO20100308, A13.5,93,1,8,11033,2,20100409,2010-04-09 5:12,512,-7.9997,-0.7167,5006,2298.3,2298.3,3.1022,34.9264,2,34.9258,2,234.4,2,234,2,32.92,6,22.12,6,0,6,1.48,2,0.004,2,0.003,2,0,2,,5,2184.1,2,2327.6,2,802.9,2,20,7.7153,2,25,39.34,2,23.96,2,,9,,9,,9,,9,,,9,2.9201,,9
33RO20100308, A13.5,93,1,7,11705,2,20100409,2010-04-09 5:12,512,-7.9997,-0.7167,5006,2599.6,2599.6,2.7696,34.9118,2,34.9121,2,235.2,2,236,2,39.47,6,22.41,6,0,6,1.49,6,0.003,2,0.002,2,0,2,,5,2191.7,2,2335.1,2,803,2,20,7.7173,2,25,39.51,2,24.22,2,,9,,9,,9,,9,,,9,2.5643,,9
33RO20100308, A13.5,93,1,6,11029,2,20100409,2010-04-09 5:12,512,-7.9997,-0.7167,5006,2899.6,2899.6,2.6481,34.9053,2,34.9042,2,235.4,2,236.3,2,42.51,6,22.57,6,0,6,1.51,6,0.001,2,0.001,2,0,2,,5,2196.4,2,2339.3,2,797.1,2,20,7.7187,2,25,39.56,2,24.03,2,,9,,9,,9,,9,,,9,2.4153,,9
33RO20100308, A13.5,93,1,5,11704,2,20100409,2010-04-09 5:12,512,-7.9997,-0.7167,5006,3299.7,3299.7,2.4974,34.8964,2,34.8958,2,234,2,235.3,2,46.56,6,22.83,6,0,6,1.52,6,0.002,6,0.002,6,0,6,,5,2202.7,2,2343.9,2,799.5,2,20,7.715,2,25,40.2,2,25.08,2,,9,,9,,9,,9,,,9,2.2265,,9
33RO20100308, A13.5,93,1,4,11030,2,20100409,2010-04-09 5:12,512,-7.9997,-0.7167,5006,3699.4,3699.4,2.3967,34.8883,2,34.8881,2,234.6,2,236.1,6,49.52,6,23.01,6,0,6,1.54,6,0.003,2,0.004,2,0,2,,5,2206.6,2,2347.1,2,800.5,2,20,7.7173,2,25,40.46,2,25.3,2,,9,,9,,9,,9,,,9,2.0851,,9
33RO20100308, A13.5,93,1,3,11703,2,20100409,2010-04-09 5:12,512,-7.9997,-0.7167,5006,4099.6,4099.6,2.3438,34.8822,2,34.8818,2,236.7,2,237.1,2,51.23,6,23.06,6,0,6,1.54,6,0.007,2,0.006,2,0,2,,5,2208,2,2349,2,800.1,2,20,7.7189,2,25,40.17,2,24.79,2,,9,,9,,9,,9,,,9,1.9885,,9
33RO20100308, A13.5,93,1,2,11702,2,20100409,2010-04-09 5:12,512,-7.9997,-0.7167,5006,4500.2,4500.2,2.3568,34.8801,2,34.8791,2,235.2,2,237,2,52.45,6,23.18,6,0,6,1.55,6,0.007,2,0.007,2,0,2,0,3,2210.6,2,2352.9,2,801.9,2,20,7.7172,2,25,39.85,2,24.86,2,,9,,9,,9,,9,,,9,1.9539,,9
33RO20100308, A13.5,93,1,1,11701,2,20100409,2010-04-09 5:12,512,-7.9997,-0.7167,5006,5069.8,5069.8,2.3866,34.8764,2,34.8764,2,237.3,2,,9,53.37,2,23.19,2,0,2,1.56,2,,9,,9,,9,,9,2210.8,6,2354,2,803.6,2,20,7.7179,2,25,40.4,2,25.16,2,,9,,9,,9,,9,,,9,1.9122,,9
33RO20100308, A13.5,94,1,24,11714,2,20100409,2010-04-09 12:10,1210,-7.5007,-1.1495,4433,5.2,5.2,28.7841,35.7454,2,35.7526,2,194.6,2,196.3,2,0.94,6,0.05,6,0,6,0.1,6,1.509,2,0.969,2,0.989,2,1.719,3,2017.7,6,2350.7,2,296.6,2,20,8.0892,2,25,,9,,9,,9,,9,,9,,9,,,9,28.7829,,9
33RO20100308, A13.5,94,1,23,11716,2,20100409,2010-04-09 12:10,1210,-7.5007,-1.1495,4433,40.4,40.4,23.9494,36.061,2,36.0366,2,221.7,2,219.9,2,1.95,2,0.74,2,0.02,2,0.25,2,1.888,2,1.14,2,0.939,2,0.911,3,2073.3,2,2368.1,6,355.6,2,20,8.0265,2,25,,9,,9,,9,,9,,9,,9,,,9,23.9409,,9
33RO20100308, A13.5,94,1,22,11022,2,20100409,2010-04-09 12:10,1210,-7.5007,-1.1495,4433,69.9,69.9,16.2405,35.6456,2,35.6341,2,99,2,94.1,2,5.94,2,19.54,2,0.44,2,1.35,2,2.116,2,1.195,2,0.655,2,0.33,3,2190.8,2,2335.9,2,797.4,6,20,7.7168,2,25,,9,,9,,9,,9,,9,,9,,,9,16.2293,,9
33RO20100308, A13.5,94,1,21,11010,2,20100409,2010-04-09 12:10,1210,-7.5007,-1.1495,4433,100.2,100.2,14.6943,35.5062,2,35.5031,2,81.7,2,77.4,2,7.72,2,23.22,2,0.02,2,1.53,2,2.075,2,1.155,2,0.594,2,0.236,3,2205.5,2,2325.9,2,918.1,2,20,7.6618,2,25,,9,,9,,9,,9,,9,,9,,,9,14.6793,,9
33RO20100308, A13.5,94,1,20,11715,2,20100409,2010-04-09 12:10,1210,-7.5007,-1.1495,4433,150.8,150.8,13.6296,35.3668,2,35.3631,2,89.2,2,89,6,8.42,2,23.54,2,0.01,2,1.55,2,2.019,6,1.11,6,0.546,6,0.283,3,2201.6,2,2322.7,2,924.1,2,20,7.6597,2,25,,9,,9,,9,,9,,9,,9,,,9,13.6082,,9
33RO20100308, A13.5,94,1,19,11007,2,20100409,2010-04-09 12:10,1210,-7.5007,-1.1495,4433,200.3,200.3,12.6035,35.2328,2,35.2326,2,85.5,2,85.5,2,9.7,2,25.49,2,0.01,2,1.66,2,1.866,2,1.012,2,0.469,2,0.281,3,2206.1,2,2314.8,2,997.1,2,20,7.628,2,25,,9,,9,,9,,9,,9,,9,,,9,12.5764,,9
33RO20100308, A13.5,94,1,18,11710,2,20100409,2010-04-09 12:10,1210,-7.5007,-1.1495,4433,250.3,250.3,11.7513,35.127,2,35.127,2,76.5,2,75,2,11.18,2,28.13,2,0.01,2,1.81,2,1.633,2,0.875,2,0.393,2,0.266,3,2215.1,2,2308.4,2,1107.3,2,20,7.5865,2,25,,9,,9,,9,,9,,9,,9,,,9,11.719,,9
33RO20100308, A13.5,94,1,17,11025,2,20100409,2010-04-09 12:10,1210,-7.5007,-1.1495,4433,300.5,300.5,11.1906,35.0578,2,35.0549,2,75.5,2,74.7,2,12,2,29.21,2,0,2,1.87,2,1.52,2,0.807,2,0.298,2,0.276,3,2219.3,2,2306.1,2,1155.8,2,20,7.5695,2,25,,9,,9,,9,,9,,9,,9,,,9,11.1529,,9
33RO20100308, A13.5,94,1,16,11709,2,20100409,2010-04-09 12:10,1210,-7.5007,-1.1495,4433,349.9,349.9,10.632,34.9952,2,34.9922,2,58.3,2,58,2,13.51,2,32.05,2,0,2,2.03,2,1.219,2,0.645,2,0.191,2,0.228,3,2232.6,2,2303.7,2,1308.4,2,20,7.5229,2,25,,9,,9,,9,,9,,9,,9,,,9,10.5895,,9
33RO20100308, A13.5,94,1,15,11006,2,20100409,2010-04-09 12:10,1210,-7.5007,-1.1495,4433,449.8,449.8,8.5753,34.7843,2,34.7814,2,44.4,2,45,2,18.59,2,37.76,2,0,2,2.4,2,0.462,2,0.242,2,0,2,0.172,3,2253,2,2295.4,2,1586.2,2,20,7.4381,2,25,,9,,9,,9,,9,,9,,9,,,9,8.5273,,9
33RO20100308, A13.5,94,1,14,11708,2,20100409,2010-04-09 12:10,1210,-7.5007,-1.1495,4433,550.1,550.1,6.7498,34.6147,2,34.6144,2,76.2,2,76.4,2,23.16,2,38.4,2,0,2,2.51,2,0.232,2,0.121,2,0,2,0.218,3,2244.2,2,2288,2,1519.1,6,20,7.457,2,25,,9,,9,,9,,9,,9,,9,,,9,6.6983,,9
33RO20100308, A13.5,94,1,13,11031,2,20100409,2010-04-09 12:10,1210,-7.5007,-1.1495,4433,649.2,649.2,5.7844,34.5433,2,34.5427,2,94.5,2,95.4,2,26.89,2,38.42,2,0,2,2.55,2,,9,,9,,9,,9,2241.1,2,2295.8,2,1463.6,2,20,7.4719,2,25,,9,,9,,9,,9,,9,,9,,,9,5.728,,9
33RO20100308, A13.5,94,1,12,11027,2,20100409,2010-04-09 12:10,1210,-7.5007,-1.1495,4433,751.1,751.1,5.1084,34.5126,2,34.5127,2,110.3,2,112.4,2,30.38,2,37.75,2,0,2,2.54,2,,9,,9,,9,,9,2237,2,2298.3,2,1399,2,20,7.491,2,25,,9,,9,,9,,9,,9,,9,,,9,5.0465,,9
33RO20100308, A13.5,94,1,11,11707,2,20100409,2010-04-09 12:10,1210,-7.5007,-1.1495,4433,850.4,850.4,4.6631,34.5133,2,34.5138,2,130.2,2,131.3,2,32.77,2,36.24,2,0,2,2.46,2,0.045,2,0.025,2,0,2,0.137,3,2231.2,2,2299.2,2,1297.5,2,20,7.5208,2,25,,9,,9,,9,,9,,9,,9,,,9,4.5953,,9
33RO20100308, A13.5,94,1,10,11003,2,20100409,2010-04-09 12:10,1210,-7.5007,-1.1495,4433,1000.3,1000.3,4.281,34.5964,2,34.5974,2,147.6,2,148.2,2,34,2,34.09,2,0,2,2.33,2,,9,,9,,9,,9,2225.8,2,2307.7,2,1204.6,2,20,7.5538,2,25,,9,,9,,9,,9,,9,,9,,,9,4.203,,9
33RO20100308, A13.5,94,1,9,11706,2,20100409,2010-04-09 12:10,1210,-7.5007,-1.1495,4433,1298.8,1298.8,4.1372,34.8216,2,34.8216,2,187.3,2,187.9,2,27.47,2,27.52,2,0,2,1.86,2,,9,,9,,9,,9,2201.7,2,2313.3,2,975.1,2,20,7.639,2,25,,9,,9,,9,,9,,9,,9,,,9,4.034,,9
33RO20100308, A13.5,94,1,8,11033,3,20100409,2010-04-09 12:10,1210,-7.5007,-1.1495,4433,1600.4,1600.4,3.9075,34.9231,2,34.9235,2,218.6,2,219.5,2,23.68,2,23.18,2,0,2,1.56,2,0.032,2,0.019,2,0,2,0.148,3,,9,,9,,9,,,9,,,9,,9,,9,,9,,9,,9,,,9,3.7793,,9
33RO20100308, A13.5,94,1,7,11705,2,20100409,2010-04-09 12:10,1210,-7.5007,-1.1495,4433,1900.1,1900.1,3.5298,34.9395,2,34.9397,2,231.9,2,231.8,2,26.01,6,21.92,6,0,6,1.47,2,,9,,9,,9,,9,2178.8,2,2321.3,2,803,2,20,7.7148,2,25,,9,,9,,9,,9,,9,,9,,,9,3.3787,,9
33RO20100308, A13.5,94,1,6,11029,2,20100409,2010-04-09 12:10,1210,-7.5007,-1.1495,4433,2300.4,2300.4,3.1219,34.9289,2,34.9288,2,235.5,2,237.5,2,32.32,6,21.88,6,0,6,1.47,6,,9,,9,,9,,9,2183.1,2,2325.6,2,788.3,2,20,7.7219,2,25,,9,,9,,9,,9,,9,,9,,,9,2.9392,,9
33RO20100308, A13.5,94,1,5,11704,2,20100409,2010-04-09 12:10,1210,-7.5007,-1.1495,4433,2700.3,2700.3,2.8035,34.9131,2,34.9128,2,233.2,2,235.4,6,39.41,6,22.44,6,0,6,1.51,6,0.005,2,0.003,2,0,2,0.029,3,2191.7,2,2333.7,2,796.3,2,20,7.7177,2,25,,9,,9,,9,,9,,9,,9,,,9,2.5875,,9
33RO20100308, A13.5,94,1,4,11030,2,20100409,2010-04-09 12:10,1210,-7.5007,-1.1495,4433,3099.8,3099.8,2.5611,34.8997,2,34.8997,2,234.6,2,235.7,2,44.96,6,22.76,6,0,6,1.54,6,,9,,9,,9,,9,2199,2,2339.7,2,798.8,2,20,7.7177,2,25,,9,,9,,9,,9,,9,,9,,,9,2.3097,,9
33RO20100308, A13.5,94,1,3,11703,2,20100409,2010-04-09 12:10,1210,-7.5007,-1.1495,4433,3500.6,3500.6,2.4132,34.8906,2,34.8901,2,234.9,2,235.7,2,49.03,6,23.03,6,0,6,1.56,6,0.005,2,0.004,2,0,2,0.037,3,2203.2,2,2347.8,2,801.2,2,20,7.7174,2,25,,9,,9,,9,,9,,9,,9,,,9,2.1229,,9
33RO20100308, A13.5,94,1,2,11702,2,20100409,2010-04-09 12:10,1210,-7.5007,-1.1495,4433,3899.5,3899.5,2.3498,34.884,2,34.8833,2,235.8,2,233.3,3,51.09,6,23.12,6,0,6,1.56,6,,9,,9,,9,,9,2206.9,2,2350.2,2,804.3,2,20,7.7186,2,25,,9,,9,,9,,9,,9,,9,,,9,2.0172,,9
33RO20100308, A13.5,94,1,1,11701,2,20100409,2010-04-09 12:10,1210,-7.5007,-1.1495,4433,4486.9,4486.9,2.358,34.8795,2,34.88,2,237.2,2,235.8,2,52.78,6,23.25,6,0,6,1.57,6,0.009,2,0.007,2,0,2,0.069,3,2210.7,6,2352.2,2,803.5,2,20,7.7183,2,25,,9,,9,,9,,9,,9,,9,,,9,1.9567,,9
33RO20100308, A13.5,95,1,24,11714,2,20100409,2010-04-09 18:37,1837,-6.9995,-1.5615,3955,5.8,5.8,28.8173,35.6161,2,35.6187,2,195.4,2,196.1,2,0.81,6,0.04,6,0,6,0.08,6,1.506,2,0.961,2,1.018,2,1.739,3,2011.5,6,2350.7,2,293.4,2,20,8.0895,2,25,74.57,2,4.85,2,,9,,9,,9,,9,,,9,28.8159,,9
33RO20100308, A13.5,95,1,23,11716,2,20100409,2010-04-09 18:37,1837,-6.9995,-1.5615,3955,35.3,35.3,27.739,36.0035,2,36.0106,2,203.2,2,205.3,2,1.12,2,0.19,2,0,2,0.13,2,1.618,2,1.013,2,0.961,2,1.424,3,2041.2,2,2369.1,6,309.2,2,20,8.0725,2,25,74.1,2,4.98,2,,9,,9,,9,,9,,,9,27.7307,,9
33RO20100308, A13.5,95,1,22,11022,2,20100409,2010-04-09 18:37,1837,-6.9995,-1.5615,3955,68.1,68.1,18.0669,35.7938,2,35.7886,2,124.9,2,121.7,2,4.5,2,14.35,2,0.59,2,1.06,2,2.009,2,1.168,2,0.764,2,0.542,3,2164.1,2,2348.4,6,642,2,20,7.8044,2,25,55.49,2,18.28,2,,9,,9,,9,,9,,,9,18.0552,,9
33RO20100308, A13.5,95,1,21,11010,2,20100409,2010-04-09 18:37,1837,-6.9995,-1.5615,3955,100.1,100.1,15.0876,35.5537,2,35.5523,2,106.2,2,105.6,2,6.39,2,19.81,2,0.05,2,1.34,2,2.037,2,1.149,2,0.677,2,0.401,3,2185.7,2,2328.8,2,783.6,2,20,7.7254,2,25,48.85,2,23.52,2,,9,,9,,9,,9,,,9,15.0724,,9
33RO20100308, A13.5,95,1,20,11715,2,20100409,2010-04-09 18:37,1837,-6.9995,-1.5615,3955,200.1,200.1,11.684,35.1173,2,35.1156,2,91.9,2,91.5,2,10.47,2,26.33,2,0.01,2,1.71,2,1.768,2,0.947,2,0.357,2,0.331,3,2205.2,2,2307,2,1026.9,2,20,7.6183,2,25,44.66,2,29.76,2,,9,,9,,9,,9,,,9,11.6583,,9
33RO20100308, A13.5,95,1,19,11007,2,20100409,2010-04-09 18:37,1837,-6.9995,-1.5615,3955,299.9,299.9,10.5482,34.9814,2,34.9764,2,79.2,2,85.1,6,12.43,2,29.2,2,0.01,2,1.87,2,1.473,2,0.776,2,0.278,2,0.357,3,2214.9,2,2301.7,6,1145.8,2,20,7.5754,2,25,43.93,2,31.27,2,,9,,9,,9,,9,,,9,10.512,,9
33RO20100308, A13.5,95,1,18,11710,2,20100409,2010-04-09 18:37,1837,-6.9995,-1.5615,3955,351,351,9.8302,34.9072,2,34.9049,2,53,2,51.9,2,15.08,2,34.17,2,0.01,2,2.16,2,0.906,2,0.473,2,0.137,2,0.213,3,2239.8,2,2297.7,2,1411.1,2,20,7.4879,2,25,43.16,2,36.16,2,,9,,9,,9,,9,,,9,9.7896,,9
33RO20100308, A13.5,95,1,17,11025,2,20100409,2010-04-09 18:37,1837,-6.9995,-1.5615,3955,400.9,400.9,9.0582,34.8276,2,34.827,2,52.3,2,50.9,2,16.87,2,35.91,2,0,2,2.27,2,0.66,2,0.342,2,0.06,2,0.212,3,2244.2,2,2295.1,2,1490.7,2,20,7.4648,2,25,42.12,2,37.61,2,,9,,9,,9,,9,,,9,9.014,,9
33RO20100308, A13.5,95,1,16,11709,2,20100409,2010-04-09 18:37,1837,-6.9995,-1.5615,3955,500,500,7.389,34.6674,2,34.669,2,68.1,2,68.8,2,20.85,2,37.64,2,0,2,2.42,2,0.36,2,0.185,2,0,2,0.245,3,2243.1,2,2294.2,2,1511,6,20,7.4582,2,25,41.65,2,39.52,2,,9,,9,,9,,9,,,9,7.3399,,9
33RO20100308, A13.5,95,1,15,11006,2,20100409,2010-04-09 18:37,1837,-6.9995,-1.5615,3955,599.9,599.9,6.2871,34.5721,2,34.5713,2,92.9,2,95.4,2,24.17,2,37.31,2,0,2,2.45,2,0.278,2,0.143,2,0,2,0.304,3,2235.5,2,2292.3,2,1420.3,2,20,7.4825,2,25,40.79,2,38.98,2,,9,,9,,9,,9,,,9,6.2329,,9
33RO20100308, A13.5,95,1,14,11708,2,20100409,2010-04-09 18:37,1837,-6.9995,-1.5615,3955,699.8,699.8,5.4472,34.5184,2,34.5188,2,110.7,2,111.7,2,27.82,2,37.16,2,0,2,2.48,2,0.15,2,0.079,2,0,2,0.245,3,2233.9,2,2292.3,2,1375.1,2,20,7.4968,2,25,39.94,2,38.44,2,,9,,9,,9,,9,,,9,5.388,,9
33RO20100308, A13.5,95,1,13,11031,2,20100409,2010-04-09 18:37,1837,-6.9995,-1.5615,3955,799.8,799.8,4.8105,34.5092,2,34.509,2,127.3,2,127.6,2,31.64,2,36.36,2,0,2,2.46,2,0.066,2,0.036,2,0,2,0.165,3,2231.3,2,2297.8,2,1321.4,2,20,7.5158,2,25,38.83,2,38.06,2,,9,,9,,9,,9,,,9,4.7462,,9
33RO20100308, A13.5,95,1,12,11027,2,20100409,2010-04-09 18:37,1837,-6.9995,-1.5615,3955,900.5,900.5,4.5088,34.5342,2,34.5335,2,135.3,2,135.2,2,33.44,2,35.63,2,0,2,2.42,2,0.03,2,0.018,2,0,2,0.098,3,2230.9,2,2301.6,2,1285.5,2,20,7.5271,2,25,38.39,2,36.87,2,,9,,9,,9,,9,,,9,4.4378,,9
33RO20100308, A13.5,95,1,11,11707,2,20100409,2010-04-09 18:37,1837,-6.9995,-1.5615,3955,1000.9,1000.9,4.292,34.5859,2,34.5851,2,148.3,2,148.2,2,33.7,2,33.9,2,0,2,2.31,2,0.021,2,0.012,2,0,2,0.084,3,2225.8,2,2305.4,2,1197.8,2,20,7.5556,2,25,38.58,2,35.81,2,,9,,9,,9,,9,,,9,4.2139,,9
33RO20100308, A13.5,95,1,10,11003,2,20100409,2010-04-09 18:37,1837,-6.9995,-1.5615,3955,1099.9,1099.9,4.1924,34.6646,2,34.6639,2,159.6,2,159.6,2,32.47,2,31.97,2,0,2,2.18,2,0.011,2,0.007,2,0,2,0.054,3,2219,2,2309.4,2,1124.3,2,20,7.5789,2,25,38.05,2,33.24,2,,9,,9,,9,,9,,,9,4.1064,,9
33RO20100308, A13.5,95,1,9,11706,2,20100409,2010-04-09 18:37,1837,-6.9995,-1.5615,3955,1200.9,1200.9,4.1796,34.7574,2,34.7568,2,174.4,2,174.8,2,29.5,2,29.44,2,0,2,2,2,0.012,2,0.007,2,0,2,0.061,3,2209.6,2,2311.4,2,1031.2,2,20,7.6128,2,25,37.87,2,30.65,2,,9,,9,,9,,9,,,9,4.0848,,9
33RO20100308, A13.5,95,1,8,11033,2,20100409,2010-04-09 18:37,1837,-6.9995,-1.5615,3955,1449.6,1449.6,4.0264,34.9007,2,34.9008,2,209.6,2,209.9,2,23.96,2,24.27,2,0,2,1.64,2,0.031,2,0.016,2,0,2,0.141,3,2189.1,2,2314.6,6,869.8,2,20,7.681,2,25,38.93,2,25.98,2,,9,,9,,9,,9,,,9,3.9106,,9
33RO20100308, A13.5,95,1,7,11705,2,20100409,2010-04-09 18:37,1837,-6.9995,-1.5615,3955,1799.2,1799.2,3.6283,34.9435,2,34.9433,2,231.2,2,232.7,2,24.36,6,21.7,6,0,6,1.46,2,0.027,2,0.016,2,0,2,0.154,3,2179.6,2,2317.9,6,797.4,2,20,7.7161,2,25,39.15,2,23.83,2,,9,,9,,9,,9,,,9,3.4852,,9
33RO20100308, A13.5,95,1,6,11029,2,20100409,2010-04-09 18:37,1837,-6.9995,-1.5615,3955,2100.2,2100.2,3.2873,34.9384,2,34.9386,2,235.7,2,238,6,28.78,6,21.5,6,0,6,1.44,6,0.016,2,0.01,2,0,2,0.106,3,2181.5,2,2321.1,2,786.6,2,20,7.7224,2,25,39.15,2,22.99,2,,9,,9,,9,,9,,,9,3.121,,9
33RO20100308, A13.5,95,1,5,11704,2,20100409,2010-04-09 18:37,1837,-6.9995,-1.5615,3955,2500.4,2500.4,2.8701,34.9177,2,34.9176,2,235.7,2,236.8,2,37.06,6,22.1,6,0,6,1.48,6,0.004,2,0.003,2,0,2,0.042,3,2191.4,2,2332.5,6,792.2,2,20,7.7202,2,25,39.58,2,23.75,2,,9,,9,,9,,9,,,9,2.6726,,9
33RO20100308, A13.5,95,1,4,11030,2,20100409,2010-04-09 18:37,1837,-6.9995,-1.5615,3955,2849.3,2849.3,2.6409,34.9057,2,34.9059,2,235.2,2,235.4,2,42.42,6,22.48,6,0,6,1.51,6,0.018,4,0.031,4,0.33,4,0.035,3,2197.1,2,2337.2,2,803.9,2,20,7.7192,2,25,38.76,2,24.06,2,,9,,9,,9,,9,,,9,2.4133,,9
33RO20100308, A13.5,95,1,3,11703,2,20100409,2010-04-09 18:37,1837,-6.9995,-1.5615,3955,3299.8,3299.8,2.471,34.8946,2,34.8948,2,235.4,2,236.3,2,46.89,6,22.76,6,0,6,1.53,6,0.004,2,0.004,2,0,2,0.033,3,2201.3,2,2339.9,2,800.9,2,20,7.7186,2,25,39.11,2,24.45,2,,9,,9,,9,,9,,,9,2.2008,,9
33RO20100308, A13.5,95,1,2,11702,2,20100409,2010-04-09 18:37,1837,-6.9995,-1.5615,3955,3698.7,3698.7,2.3607,34.8859,2,34.886,2,236.7,2,237.2,2,49.88,6,22.89,6,0,6,1.54,6,,5,,5,,5,,5,2204.8,2,2346.1,2,800,6,20,7.719,2,25,39.77,2,24.86,2,,9,,9,,9,,9,,,9,2.0502,,9
33RO20100308, A13.5,95,1,1,11701,2,20100409,2010-04-09 18:37,1837,-6.9995,-1.5615,3955,3934,3934,2.362,34.884,2,34.8842,2,238.2,2,236.6,2,50.43,6,22.96,6,0,6,1.55,6,0.009,2,0.007,2,0,2,0.065,3,2204.8,6,2345.7,2,805.6,2,20,7.7181,2,25,40.4,2,23.97,2,,9,,9,,9,,9,,,9,2.0251,,9
33RO20100308, A13.5,96,1,24,11714,2,20100410,2010-04-10 1:00,100,-6.4998,-1.9735,4222,5.3,5.3,28.8139,35.6212,2,35.623,2,195.6,2,196.4,2,0.64,6,0.04,6,0,6,0.08,6,1.509,2,0.961,2,0.984,2,1.708,3,2011.2,6,2341.7,2,294.6,2,20,8.0902,2,25,,9,,9,,9,,9,,9,,9,,,9,28.8126,,9
33RO20100308, A13.5,96,1,23,11716,2,20100410,2010-04-10 1:00,100,-6.4998,-1.9735,4222,40.6,40.6,26.2779,36.1379,2,36.131,2,214.9,2,215.1,2,1.32,2,0.17,2,0,2,0.16,2,1.748,2,1.082,2,1.02,2,1.19,3,2057.7,2,2374,6,326.2,2,20,8.0553,2,25,,9,,9,,9,,9,,9,,9,,,9,26.2687,,9
33RO20100308, A13.5,96,1,22,11022,2,20100410,2010-04-10 1:00,100,-6.4998,-1.9735,4222,89.9,89.9,15.4873,35.5789,2,35.5738,2,101,2,100,2,6.16,2,20.04,2,0.1,2,1.34,2,2.055,2,1.161,2,0.695,2,0.397,3,2188.1,2,2333.4,2,,9,,7.7183,2,25,,9,,9,,9,,9,,9,,9,,,9,15.4734,,9
33RO20100308, A13.5,96,1,21,11010,2,20100410,2010-04-10 1:00,100,-6.4998,-1.9735,4222,150.2,150.2,12.2872,35.2006,2,35.1985,2,100,2,99.1,2,9.27,2,24.56,2,0.01,2,1.6,2,,9,,9,,9,,9,2198.2,2,2312.4,2,948.8,2,20,7.6483,2,25,,9,,9,,9,,9,,9,,9,,,9,12.2673,,9
33RO20100308, A13.5,96,1,20,11715,2,20100410,2010-04-10 1:00,100,-6.4998,-1.9735,4222,200.3,200.3,11.5482,35.1016,2,35.1034,2,92.1,2,91.4,2,10.71,6,26.74,6,0.01,6,1.73,6,1.736,2,0.928,2,0.351,2,0.35,3,2208.1,2,2310.4,2,1037.4,2,20,7.6136,2,25,,9,,9,,9,,9,,9,,9,,,9,11.5227,,9
33RO20100308, A13.5,96,1,19,11007,2,20100410,2010-04-10 1:00,100,-6.4998,-1.9735,4222,250.6,250.6,10.9672,35.0318,2,35.0308,2,77.1,2,76.2,2,12.23,6,29.39,6,0,6,1.87,6,,9,,9,,9,,9,2219.8,2,2303.4,2,,9,,7.5682,2,25,,9,,9,,9,,9,,9,,9,,,9,10.9363,,9
33RO20100308, A13.5,96,1,18,11710,2,20100410,2010-04-10 1:00,100,-6.4998,-1.9735,4222,300,300,10.2785,34.9544,2,34.9588,2,65.1,2,65.2,6,13.77,2,32.04,2,0,2,2.02,2,1.209,2,0.638,2,0.222,2,0.278,3,2231.2,2,2299.3,2,1286.6,2,20,7.5256,2,25,,9,,9,,9,,9,,9,,9,,,9,10.2429,,9
33RO20100308, A13.5,96,1,17,11025,2,20100410,2010-04-10 1:00,100,-6.4998,-1.9735,4222,350.9,350.9,9.5784,34.8779,2,34.8757,2,59.8,2,61,2,15.33,2,34.08,2,0,2,2.14,2,,9,,9,,9,,9,2236.5,2,2297.4,2,1384.7,2,20,7.4963,2,25,,9,,9,,9,,9,,9,,9,,,9,9.5385,,9
33RO20100308, A13.5,96,1,16,11709,2,20100410,2010-04-10 1:00,100,-6.4998,-1.9735,4222,400.4,400.4,8.9602,34.8156,2,34.815,2,55.1,2,55.3,2,16.89,2,35.84,2,0,2,2.25,2,0.698,2,0.36,2,0.122,2,0.243,3,2243.7,2,2294.4,2,1470.3,2,20,7.4717,2,25,,9,,9,,9,,9,,9,,9,,,9,8.9164,,9
33RO20100308, A13.5,96,1,15,11006,2,20100410,2010-04-10 1:00,100,-6.4998,-1.9735,4222,450.6,450.6,8.2277,34.75,2,34.7481,2,47.7,2,48,2,19.24,2,38.04,2,0,2,2.41,2,0.398,2,0.206,2,0.058,2,0.183,3,2252.8,6,2291.7,2,,9,,7.4377,2,25,,9,,9,,9,,9,,9,,9,,,9,8.1807,,9
33RO20100308, A13.5,96,1,14,11708,2,20100410,2010-04-10 1:00,100,-6.4998,-1.9735,4222,549,549,7.0805,34.645,2,34.645,2,66.9,2,67.4,2,22.17,2,38.46,2,0,2,2.48,2,0.246,2,0.13,2,0,2,0.209,3,2248.4,2,2288,2,1560.5,2,20,7.4473,2,25,,9,,9,,9,,9,,9,,9,,,9,7.0277,,9
33RO20100308, A13.5,96,1,13,11031,2,20100410,2010-04-10 1:00,100,-6.4998,-1.9735,4222,700.7,700.7,5.3466,34.5138,2,34.5136,2,113.3,2,113.2,2,28.43,2,37.25,2,0,2,2.48,2,,9,,9,,9,,9,2234.8,2,2295,2,1376.7,2,20,7.4972,2,25,,9,,9,,9,,9,,9,,9,,,9,5.2879,,9
33RO20100308, A13.5,96,1,12,11027,2,20100410,2010-04-10 1:00,100,-6.4998,-1.9735,4222,951.6,951.6,4.3577,34.5662,2,34.5667,2,146.1,2,146.8,2,33.6,2,34.39,2,0,2,2.33,2,0.029,2,0.018,2,0,2,0.108,3,2228,2,2301.2,2,1213,2,20,7.5502,2,25,,9,,9,,9,,9,,9,,9,,,9,4.2833,,9
33RO20100308, A13.5,96,1,11,11707,2,20100410,2010-04-10 1:00,100,-6.4998,-1.9735,4222,1100.1,1100.1,4.2294,34.6796,2,34.6791,2,161.4,2,161.9,2,31.72,2,31.63,2,0,2,2.15,2,,9,,9,,9,,9,2221.1,2,2304.8,2,1114.7,2,20,7.5839,2,25,,9,,9,,9,,9,,9,,9,,,9,4.1431,,9
33RO20100308, A13.5,96,1,10,11003,2,20100410,2010-04-10 1:00,100,-6.4998,-1.9735,4222,1300.4,1300.4,4.1358,34.8252,2,34.8264,2,189.5,2,190.7,2,26.87,2,27.16,2,0,2,1.83,2,0.016,2,0.01,2,0,2,0.087,3,2201,2,2312.2,2,,9,,7.6436,2,25,,9,,9,,9,,9,,9,,9,,,9,4.0325,,9
33RO20100308, A13.5,96,1,9,11706,2,20100410,2010-04-10 1:00,100,-6.4998,-1.9735,4222,1501.2,1501.2,4.0118,34.9169,2,34.9155,2,216.2,2,215.9,2,23.06,2,23.54,2,0,2,1.58,2,,9,,9,,9,,9,2185.4,2,2311.7,2,855.1,2,20,7.6898,2,25,,9,,9,,9,,9,,9,,9,,,9,3.8915,,9
33RO20100308, A13.5,96,1,8,11033,2,20100410,2010-04-10 1:00,100,-6.4998,-1.9735,4222,1700.2,1700.2,3.801,34.9435,2,34.9431,2,228.9,2,229.3,2,22.82,2,22.02,2,0,2,1.47,2,,9,,9,,9,,9,2178.8,2,2312.8,6,,9,,7.7112,2,25,,9,,9,,9,,9,,9,,9,,,9,3.6649,,9
33RO20100308, A13.5,96,1,7,11705,2,20100410,2010-04-10 1:00,100,-6.4998,-1.9735,4222,1899.1,1899.1,3.5461,34.9457,2,34.946,2,235.4,2,235.9,6,24.95,6,21.47,6,0,6,1.43,2,0.03,2,0.017,2,0,2,0.161,3,2177.8,2,2315.2,2,788.4,2,20,7.7195,2,25,,9,,9,,9,,9,,9,,9,,,9,3.3949,,9
33RO20100308, A13.5,96,1,6,11029,2,20100410,2010-04-10 1:00,100,-6.4998,-1.9735,4222,2200.5,2200.5,3.2152,34.9345,2,34.9345,2,237.8,2,238,2,30.18,6,21.64,6,0,6,1.44,6,,9,,9,,9,,9,2181.2,2,2322.2,2,,9,,7.7216,2,25,,9,,9,,9,,9,,9,,9,,,9,3.0405,,9
33RO20100308, A13.5,96,1,5,11704,2,20100410,2010-04-10 1:00,100,-6.4998,-1.9735,4222,2600.1,2600.1,2.8747,34.9178,2,34.9179,2,236.7,2,237.6,2,37.25,6,22.18,6,0,6,1.48,6,,9,,9,,9,,9,2189.5,2,2330.4,2,791.9,2,20,7.7202,2,25,,9,,9,,9,,9,,9,,9,,,9,2.6673,,9
33RO20100308, A13.5,96,1,4,11030,2,20100410,2010-04-10 1:00,100,-6.4998,-1.9735,4222,3000.8,3000.8,2.5884,34.9016,2,34.9031,2,236,2,236.7,2,43.59,6,22.58,6,0,6,1.51,6,0.003,2,0.003,2,0,2,0.033,3,2196.2,2,2339.4,2,,9,,7.7195,2,25,,9,,9,,9,,9,,9,,9,,,9,2.3466,,9
33RO20100308, A13.5,96,1,3,11703,2,20100410,2010-04-10 1:00,100,-6.4998,-1.9735,4222,3400.2,3400.2,2.4438,34.8919,2,34.8929,2,237.6,2,237.6,2,47.14,2,22.78,2,0,2,1.53,2,,9,,9,,9,,9,2200.6,2,2342.1,6,795.5,2,20,7.7193,2,25,,9,,9,,9,,9,,9,,9,,,9,2.1636,,9
33RO20100308, A13.5,96,1,2,11702,2,20100410,2010-04-10 1:00,100,-6.4998,-1.9735,4222,3800.3,3800.3,2.3677,34.8859,2,34.8864,2,238.3,2,238.1,2,49.39,2,22.88,2,0,2,1.54,2,,9,,9,,9,,9,2203.1,2,2345.5,2,,9,,7.719,2,25,,9,,9,,9,,9,,9,,9,,,9,2.0457,,9
33RO20100308, A13.5,96,1,1,11701,2,20100410,2010-04-10 1:00,100,-6.4998,-1.9735,4222,4219.6,4219.6,2.3485,34.8804,2,34.8804,2,238,2,238.1,2,51.06,6,22.98,6,0,6,1.54,6,0.014,2,0.01,2,0,2,0.093,3,2205.8,6,2346.3,2,801.4,2,20,7.7186,2,25,,9,,9,,9,,9,,9,,9,,,9,1.9792,,9
33RO20100308, A13.5,97,1,24,11714,2,20100410,2010-04-10 7:54,754,-5.9998,-2.4077,4782,5.1,5.1,28.8968,35.7461,2,35.7483,2,194.5,2,195.6,2,0.74,6,0.09,6,0,6,0.08,6,1.509,2,0.962,2,1.037,2,1.783,3,2018.7,2,,9,297,2,20,8.0874,2,25,74.76,2,4.98,2,,1,,1,,9,,9,,,9,28.8956,,9
33RO20100308, A13.5,97,1,23,11716,2,20100410,2010-04-10 7:54,754,-5.9998,-2.4077,4782,75,75,19.2904,35.8525,2,35.8419,2,144.1,2,143.8,2,3.81,2,10.77,2,0.36,2,0.86,2,2.016,2,1.171,2,0.816,2,0.6,3,2145.6,2,2351.9,2,562,2,20,7.8562,2,25,57.15,2,15.6,2,,1,,1,,9,,9,,,9,19.2768,,9
33RO20100308, A13.5,97,1,22,11022,2,20100410,2010-04-10 7:54,754,-5.9998,-2.4077,4782,124.1,124.1,13.0314,35.294,2,35.2879,2,97.7,2,99.1,2,8.48,2,23.34,2,0.01,2,1.53,2,2.007,2,1.092,2,0.567,2,0.394,3,2195.8,2,2320.2,6,905.8,2,20,7.6655,2,25,46.82,2,27.26,2,,1,,1,,9,,9,,,9,13.0143,,9
33RO20100308, A13.5,97,1,21,11010,2,20100410,2010-04-10 7:54,754,-5.9998,-2.4077,4782,150.4,150.4,12.3858,35.2073,2,35.2064,2,105.8,2,103.8,2,9.11,2,23.82,2,0.01,2,1.56,2,1.99,2,1.071,2,0.563,2,0.417,3,2195.5,2,2312.9,2,916.7,2,20,7.6597,2,25,45.03,2,27.54,2,,1,,1,,9,,9,,,9,12.3658,,9
33RO20100308, A13.5,97,1,20,11715,2,20100410,2010-04-10 7:54,754,-5.9998,-2.4077,4782,199.4,199.4,11.3652,35.079,2,35.0769,2,86.6,2,84.6,2,11.22,2,27.76,2,0.01,2,1.78,2,1.655,2,0.873,2,0.376,2,0.353,3,2211.3,2,2309.4,2,1076.5,2,20,7.5958,2,25,43.61,2,30.7,2,,1,,1,,9,,9,,,9,11.3401,,9
33RO20100308, A13.5,97,1,19,11007,2,20100410,2010-04-10 7:54,754,-5.9998,-2.4077,4782,249.8,249.8,10.6005,34.9871,2,34.988,2,81.8,2,81.8,2,12.52,2,29.55,2,0,2,1.88,2,1.47,2,0.77,2,0.249,2,0.378,3,2217.3,2,2304.4,2,1147.8,2,20,7.5697,2,25,42.91,2,32.12,2,,1,,1,,9,,9,,,9,10.5703,,9
33RO20100308, A13.5,97,1,18,11710,2,20100410,2010-04-10 7:54,754,-5.9998,-2.4077,4782,350.3,350.3,9.2976,34.8476,2,34.8509,2,61.2,2,62.3,2,15.91,2,34.43,2,0,2,2.16,2,0.911,2,0.467,2,0.145,2,0.308,3,2236.5,2,2299.1,2,1393.1,2,20,7.4942,2,25,42.01,2,35.62,2,,1,,1,,9,,9,,,9,9.2585,,9
33RO20100308, A13.5,97,1,17,11025,2,20100410,2010-04-10 7:54,754,-5.9998,-2.4077,4782,449.7,449.7,7.9096,34.7184,2,34.7204,2,54.2,2,55.3,2,19.74,2,37.98,2,0,2,2.41,2,0.354,2,0.184,2,0.022,2,0.22,3,2247.2,2,2294.5,2,1578.5,2,20,7.4454,2,25,41.03,2,39.96,2,,1,,1,,9,,9,,,9,7.8638,,9
33RO20100308, A13.5,97,1,16,11709,2,20100410,2010-04-10 7:54,754,-5.9998,-2.4077,4782,550.2,550.2,6.7035,34.6106,2,34.614,2,79.8,2,77.1,2,23.12,2,38.34,2,0,2,2.48,2,0.231,2,0.12,2,0,2,0.255,3,2243.5,2,2293,2,1512.8,2,20,7.4581,2,25,40.44,2,39.96,2,,1,,1,,9,,9,,,9,6.6522,,9
33RO20100308, A13.5,97,1,15,11006,2,20100410,2010-04-10 7:54,754,-5.9998,-2.4077,4782,650,650,5.7052,34.5319,2,34.5309,2,105.4,2,105.6,2,26.59,2,37.49,2,0,2,2.47,2,,5,,5,,5,,5,2235.1,2,2293.3,2,1397.2,2,20,7.4908,2,25,39.23,2,39.24,2,,1,,1,,9,,9,,,9,5.6492,,9
33RO20100308, A13.5,97,1,14,11708,2,20100410,2010-04-10 7:54,754,-5.9998,-2.4077,4782,800.1,800.1,4.7944,34.5055,2,34.5057,2,129.8,2,129,2,31.59,2,36.41,2,0,2,2.44,2,0.072,2,0.038,2,0,2,0.2,3,2228.9,2,2299.2,2,1307.2,2,20,7.518,2,25,39.07,2,38.4,2,,1,,1,,9,,9,,,9,4.7301,,9
33RO20100308, A13.5,97,1,13,11031,2,20100410,2010-04-10 7:54,754,-5.9998,-2.4077,4782,1000.2,1000.2,4.3472,34.5968,2,34.5973,2,149,2,148.9,2,33.23,2,33.83,2,0,2,2.3,2,0.022,2,0.012,2,0,2,0.095,3,2223.7,2,2304.7,2,1189.4,2,20,7.5558,2,25,39.23,2,35.93,2,,1,,1,,9,,9,,,9,4.2687,,9
33RO20100308, A13.5,97,1,12,11027,2,20100410,2010-04-10 7:54,754,-5.9998,-2.4077,4782,1200.1,1200.1,4.247,34.746,2,34.7467,2,171.4,2,171.8,2,29.51,2,29.9,2,0,2,2.02,2,0.016,2,0.009,2,0,2,0.083,3,2210.3,2,2311.7,2,1047.2,2,20,7.6076,2,25,39.14,2,31.97,2,,1,,1,,9,,9,,,9,4.1516,,9
33RO20100308, A13.5,97,1,11,11707,2,20100410,2010-04-10 7:54,754,-5.9998,-2.4077,4782,1399.4,1399.4,4.1625,34.8598,2,34.8594,2,197.3,2,195.7,2,25.35,2,26.13,2,0,2,1.75,2,0.03,2,0.016,2,0.049,3,0.141,3,2195.9,2,2313.1,2,930,2,20,7.6572,2,25,40.01,2,28.13,2,,1,,1,,9,,9,,,9,4.0499,,9
33RO20100308, A13.5,97,1,10,11003,2,20100410,2010-04-10 7:54,754,-5.9998,-2.4077,4782,1598.8,1598.8,3.9781,34.9299,2,34.93,2,220.1,2,220.3,2,22.6,2,22.98,2,0,2,1.53,2,0.043,2,0.023,2,0,2,0.206,3,2183.3,2,2314.5,2,840.6,2,20,7.6966,2,25,40.11,2,24.86,2,,1,,1,,9,,9,,,9,3.8492,,9
33RO20100308, A13.5,97,1,9,11706,2,20100410,2010-04-10 7:54,754,-5.9998,-2.4077,4782,1799.9,1799.9,3.6104,34.9429,2,34.9437,2,232.1,2,231.9,2,24.75,2,21.85,2,0,2,1.46,2,0.022,2,0.013,2,0,2,0.156,3,2179,6,2318.5,2,805.4,2,20,7.715,2,25,39.05,2,23.69,2,,1,,1,,9,,9,,,9,3.4675,,9
33RO20100308, A13.5,97,1,8,11033,2,20100410,2010-04-10 7:54,754,-5.9998,-2.4077,4782,1998.4,1998.4,3.4671,34.9404,2,34.9411,2,233.8,2,233.8,2,26.72,2,21.78,2,0,2,1.45,2,0.016,2,0.01,2,0,2,0.13,3,2180.3,2,2322.3,2,792.1,2,20,7.7189,2,25,39.27,2,23.41,2,,1,,1,,9,,9,,,9,3.3077,,9
33RO20100308, A13.5,97,1,7,11705,2,20100410,2010-04-10 7:54,754,-5.9998,-2.4077,4782,2399.6,2399.6,2.9583,34.9224,2,34.9233,2,236.4,2,237.2,2,35.13,6,21.99,6,0,6,1.47,2,0.007,2,0.005,2,0,2,0.065,3,2187.2,2,2330.1,2,788.1,2,20,7.7204,2,25,38.9,2,23.89,2,,1,,1,,9,,9,,,9,2.7689,,9
33RO20100308, A13.5,97,1,6,11029,2,20100410,2010-04-10 7:54,754,-5.9998,-2.4077,4782,2799.1,2799.1,2.6761,34.9062,2,34.908,2,236.6,2,237.3,2,41.49,6,22.45,6,0,6,1.5,6,0.002,2,0.002,2,0,2,0.036,3,2193.4,2,2337.9,2,791.7,2,20,7.7199,2,25,39.14,2,24.84,2,,1,,1,,9,,9,,,9,2.4529,,9
33RO20100308, A13.5,97,1,5,11704,2,20100410,2010-04-10 7:54,754,-5.9998,-2.4077,4782,3200.5,3200.5,2.546,34.8987,2,34.9004,2,236.2,2,236.8,2,44.83,6,22.67,6,0,6,1.52,6,0.003,6,0.003,6,0,2,0.031,3,2197,2,2340.9,2,794.5,2,20,7.7193,2,25,39.86,2,24.15,2,,1,,1,,9,,9,,,9,2.2845,,9
33RO20100308, A13.5,97,1,4,11030,2,20100410,2010-04-10 7:54,754,-5.9998,-2.4077,4782,3600,3600,2.3781,34.8881,2,34.8881,2,237.9,2,237.2,2,48.68,6,22.82,6,0,6,1.53,6,0.008,2,0.005,2,0,2,0.066,3,2201.6,2,2346.3,2,795.6,2,20,7.7183,2,25,39.65,2,24.64,2,,1,,1,,9,,9,,,9,2.0779,,9
33RO20100308, A13.5,97,1,3,11703,2,20100410,2010-04-10 7:54,754,-5.9998,-2.4077,4782,4000.5,4000.5,2.3277,34.8812,2,34.8812,2,237.5,2,238.4,2,50.85,6,22.97,6,0,6,1.54,6,0.013,2,0.008,2,0,2,0.101,3,2204.7,6,2347.6,2,798.8,2,20,7.7177,2,25,38.97,2,24.06,2,,1,,1,,9,,9,,,9,1.9842,,9
33RO20100308, A13.5,97,1,2,11702,2,20100410,2010-04-10 7:54,754,-5.9998,-2.4077,4782,4400.4,4400.4,2.2958,34.875,3,34.8822,4,239.5,2,240.5,2,52.32,6,23.03,6,0,6,1.55,6,0.024,2,0.014,2,0,2,0.148,3,2204.5,2,2349,2,801.5,2,20,7.718,2,25,39.22,2,24.2,2,,1,,1,,9,,9,,,9,1.9068,,9
33RO20100308, A13.5,97,1,1,11701,2,20100410,2010-04-10 7:54,754,-5.9998,-2.4077,4782,4834.7,4834.7,2.3025,34.871,2,34.8728,2,241.8,2,240,2,53.19,6,23.1,6,0,6,1.55,6,0.032,2,0.018,2,0,2,0.187,3,2205.9,2,2349.2,2,803,2,20,7.7169,2,25,40.02,2,24.31,2,,1,,1,,9,,9,,,9,1.8605,,9
33RO20100308, A13.5,98,1,24,11714,2,20100410,2010-04-10 14:49,1449,-5.4998,-2.8468,5198,4.9,4.9,28.9471,35.7513,2,35.7522,2,195.9,2,199.2,2,0.9,6,0.04,6,0,6,0.08,6,1.517,6,0.962,6,0.983,6,1.727,3,2019.2,6,2354.7,2,297.4,2,20,8.0874,2,25,,9,,9,,9,,9,,9,,9,,,9,28.9459,,9
33RO20100308, A13.5,98,1,23,11716,2,20100410,2010-04-10 14:49,1449,-5.4998,-2.8468,5198,24.9,24.9,28.8994,35.7594,2,35.771,2,196.3,2,197,2,0.95,2,0.13,2,0,2,0.1,2,1.517,2,0.958,2,0.894,2,1.661,3,2021,2,2352.4,6,296.8,2,20,8.0864,2,25,,9,,9,,9,,9,,9,,9,,,9,28.8934,,9
33RO20100308, A13.5,98,1,22,11022,2,20100410,2010-04-10 14:49,1449,-5.4998,-2.8468,5198,60.6,60.6,21.8431,35.9275,2,35.9268,2,205.1,2,199.5,2,2.47,2,2.13,2,0.07,2,0.4,2,1.97,2,1.165,2,0.904,2,0.689,3,2095,2,2364.8,6,409.6,6,20,7.9716,2,25,,9,,9,,9,,9,,9,,9,,,9,21.8311,,9
33RO20100308, A13.5,98,1,21,11010,2,20100410,2010-04-10 14:49,1449,-5.4998,-2.8468,5198,99.4,99.4,15.6879,35.6185,2,35.6183,2,116.6,2,114.9,2,5.84,2,17.99,2,0.05,2,1.25,2,2.104,2,1.187,2,0.719,2,0.444,3,2178.2,2,2337.4,2,732.6,2,20,7.7525,2,25,,9,,9,,9,,9,,9,,9,,,9,15.6723,,9
33RO20100308, A13.5,98,1,20,11715,2,20100410,2010-04-10 14:49,1449,-5.4998,-2.8468,5198,148,148,12.5391,35.2187,2,35.219,2,132.6,2,130.2,2,8.26,2,20.66,2,0.01,2,1.42,2,2.192,2,1.187,2,0.637,2,0.54,3,2178.7,2,2319.2,2,804.6,2,20,7.7117,2,25,,9,,9,,9,,9,,9,,9,,,9,12.5192,,9
33RO20100308, A13.5,98,1,19,11007,2,20100410,2010-04-10 14:49,1449,-5.4998,-2.8468,5198,271.7,271.7,10.7186,34.9974,2,34.9952,2,88.5,2,87.7,2,12.33,2,28.81,2,0.01,2,1.85,2,1.558,2,0.818,2,0.286,2,0.368,3,2213,2,2305.4,2,1102.9,2,20,7.5831,2,25,,9,,9,,9,,9,,9,,9,,,9,10.6855,,9
33RO20100308, A13.5,98,1,18,11710,2,20100410,2010-04-10 14:49,1449,-5.4998,-2.8468,5198,400.1,400.1,8.8419,34.8041,2,34.8034,2,55.5,2,56.5,2,17.34,2,36.12,2,0,2,2.28,2,0.675,6,0.349,6,0.043,6,0.236,3,2243.3,2,2298.6,2,1466.8,2,20,7.4686,2,25,,9,,9,,9,,9,,9,,9,,,9,8.7985,,9
33RO20100308, A13.5,98,1,17,11025,2,20100410,2010-04-10 14:49,1449,-5.4998,-2.8468,5198,524.3,524.3,6.9436,34.6321,2,34.634,2,69.2,2,69.7,6,22.59,2,38.63,2,0,2,2.5,2,0.204,2,0.107,2,0,2,0.191,3,2246.5,2,2294.4,2,1536.1,2,20,7.4486,2,25,,9,,9,,9,,9,,9,,9,,,9,6.8938,,9
33RO20100308, A13.5,98,1,16,11709,2,20100410,2010-04-10 14:49,1449,-5.4998,-2.8468,5198,650.1,650.1,5.5456,34.5178,2,34.519,2,115.5,2,116.5,2,27.13,2,36.6,2,0,2,2.45,2,0.218,2,0.11,2,0,2,0.321,3,2230.2,2,2295.9,2,1330.7,2,20,7.5079,2,25,,9,,9,,9,,9,,9,,9,,,9,5.4903,,9
33RO20100308, A13.5,98,1,15,11006,2,20100410,2010-04-10 14:49,1449,-5.4998,-2.8468,5198,774.2,774.2,4.8693,34.4992,2,34.4993,2,135,2,133.9,2,31.04,2,35.87,2,0,2,2.42,2,0.143,2,0.072,2,0,2,0.288,3,2227.8,2,2298.7,2,1272.3,2,20,7.5281,2,25,,9,,9,,9,,9,,9,,9,,,9,4.8068,,9
33RO20100308, A13.5,98,1,14,11708,2,20100410,2010-04-10 14:49,1449,-5.4998,-2.8468,5198,900,900,4.5522,34.5327,2,34.5348,2,138,2,138.4,2,33.23,2,35.4,2,0,2,2.42,2,,9,,9,,9,,9,2229.3,2,2302.3,2,1261.6,2,20,7.5339,2,25,,9,,9,,9,,9,,9,,9,,,9,4.4809,,9
33RO20100308, A13.5,98,1,13,11031,2,20100410,2010-04-10 14:49,1449,-5.4998,-2.8468,5198,1100.2,1100.2,4.289,34.6822,2,34.6848,2,158.7,2,158.9,2,31.76,2,31.83,2,0,2,2.18,2,0.013,2,0.008,2,0,2,0.063,3,2219.4,2,2312.4,2,1118.3,2,20,7.5805,2,25,,9,,9,,9,,9,,9,,9,,,9,4.2022,,9
33RO20100308, A13.5,98,1,12,11027,2,20100410,2010-04-10 14:49,1449,-5.4998,-2.8468,5198,1299.8,1299.8,4.2177,34.8292,2,34.8301,2,188.2,2,188.3,2,26.59,2,27.24,2,0,2,1.85,2,,9,,9,,9,,9,2200.7,2,2312.7,2,960.4,2,20,7.6419,2,25,,9,,9,,9,,9,,9,,9,,,9,4.1136,,9
33RO20100308, A13.5,98,1,11,11707,2,20100410,2010-04-10 14:49,1449,-5.4998,-2.8468,5198,1501.2,1501.2,4.0378,34.915,2,34.9151,2,213.7,2,214.9,2,23.13,2,23.62,2,0,2,1.6,2,0.045,2,0.025,2,0,2,0.182,3,2185.8,2,2315.2,2,853.6,2,20,7.6887,2,25,,9,,9,,9,,9,,9,,9,,,9,3.9172,,9
33RO20100308, A13.5,98,1,10,11003,2,20100410,2010-04-10 14:49,1449,-5.4998,-2.8468,5198,1701.7,1701.7,3.8335,34.9459,2,34.9458,2,230.7,2,229.8,2,22.4,2,21.86,2,0,2,1.47,2,,9,,9,,9,,9,2177.7,2,2317.6,2,806.6,2,20,7.7114,2,25,,9,,9,,9,,9,,9,,9,,,9,3.6968,,9
33RO20100308, A13.5,98,1,9,11706,2,20100410,2010-04-10 14:49,1449,-5.4998,-2.8468,5198,1899.9,1899.9,3.5423,34.9484,2,34.9482,2,237.7,2,238.1,2,24.66,2,21.21,2,0,2,1.43,2,0.042,2,0.023,2,0,2,0.209,3,2176,2,2320.3,2,788.8,2,20,7.7233,2,25,,9,,9,,9,,9,,9,,9,,,9,3.391,,9
33RO20100308, A13.5,98,1,8,11033,2,20100410,2010-04-10 14:49,1449,-5.4998,-2.8468,5198,2299.5,2299.5,3.1006,34.9316,2,34.9306,2,239.1,2,240.4,6,31.89,2,21.47,2,0,2,1.45,2,,9,,9,,9,,9,2182,2,2325.4,2,787.8,2,20,7.7249,2,25,,9,,9,,9,,9,,9,,9,,,9,2.9184,,9
33RO20100308, A13.5,98,1,7,11705,2,20100410,2010-04-10 14:49,1449,-5.4998,-2.8468,5198,2700.5,2700.5,2.737,34.91,2,34.9097,2,237.4,2,237.9,2,40.05,6,22.24,6,0,6,1.51,2,0.005,2,0.004,2,0,2,0.039,3,2191.3,2,2332.5,2,792.1,2,20,7.7212,2,25,,9,,9,,9,,9,,9,,9,,,9,2.5224,,9
33RO20100308, A13.5,98,1,6,11029,2,20100410,2010-04-10 14:49,1449,-5.4998,-2.8468,5198,3100.2,3100.2,2.5713,34.901,2,34.8993,2,237.6,2,237.7,2,44.07,6,22.53,6,0,6,1.52,6,,9,,9,,9,,9,2195.9,2,2341.1,2,794.6,2,20,7.7198,2,25,,9,,9,,9,,9,,9,,9,,,9,2.3196,,9
33RO20100308, A13.5,98,1,5,11704,2,20100410,2010-04-10 14:49,1449,-5.4998,-2.8468,5198,3500,3500,2.4352,34.8925,2,34.892,2,237.6,2,237.7,2,47.3,6,22.68,6,0,6,1.53,6,0.005,2,0.004,2,0,2,0.042,3,2200.1,2,2344.8,2,794.2,2,20,7.7192,2,25,,9,,9,,9,,9,,9,,9,,,9,2.1444,,9
33RO20100308, A13.5,98,1,4,11030,2,20100410,2010-04-10 14:49,1449,-5.4998,-2.8468,5198,3900.4,3900.4,2.3847,34.887,2,34.8861,2,238,2,238.3,2,49.36,6,22.8,6,0,6,1.54,6,,9,,9,,9,,9,2202.3,2,2347.4,2,797.8,2,20,7.7182,2,25,,9,,9,,9,,9,,9,,9,,,9,2.051,,9
33RO20100308, A13.5,98,1,3,11703,2,20100410,2010-04-10 14:49,1449,-5.4998,-2.8468,5198,4300.4,4300.4,2.3022,34.8769,2,34.8763,2,240.4,2,241.6,2,51.86,6,22.94,6,0,6,1.55,6,0.025,2,0.015,2,0,2,0.13,3,2204,2,2346.3,4,796.6,2,20,7.7174,2,25,,9,,9,,9,,9,,9,,9,,,9,1.9248,,9
33RO20100308, A13.5,98,1,2,11702,2,20100410,2010-04-10 14:49,1449,-5.4998,-2.8468,5198,4701.3,4701.3,2.2814,34.8713,3,34.8766,4,240.2,2,241.1,2,53.21,6,22.99,6,0,6,1.56,6,,9,,9,,9,,9,2204.6,2,2347.2,2,801.4,6,20,7.7168,2,25,,9,,9,,9,,9,,9,,9,,,9,1.8565,,9
33RO20100308, A13.5,98,1,1,11701,2,20100410,2010-04-10 14:49,1449,-5.4998,-2.8468,5198,5275.3,5275.3,2.34,34.8694,2,34.8692,2,241.5,2,241.9,2,53.61,6,23,6,0,6,1.56,6,0.037,2,0.02,2,0,2,0.167,3,2205.9,6,2347.7,6,805.7,2,20,7.7169,2,25,,9,,9,,9,,9,,9,,9,,,9,1.8408,,9
33RO20100308, A13.5,99,1,24,11714,2,20100410,2010-04-10 21:19,2119,-4.9997,-3.0003,4764,5.1,5.1,28.8222,35.6502,2,35.6523,2,196.1,2,197.1,2,0.88,6,0.12,6,0,6,0.07,6,1.523,2,0.965,2,0.945,2,1.741,3,2013,6,2342.1,6,298.8,2,20,8.0854,2,25,73.51,2,4.86,2,,9,,9,,9,50,2,2.3,1.57,2,28.821,,9
33RO20100308, A13.5,99,1,23,11716,2,20100410,2010-04-10 21:19,2119,-4.9997,-3.0003,4764,40.3,40.3,23.6675,36.0143,2,35.9959,2,222.8,2,216.6,2,1.8,2,0.62,2,0.01,2,0.24,2,1.914,2,1.153,2,0.987,2,0.852,3,2075.6,2,2365.9,6,364.5,2,20,8.0161,2,25,67.42,2,5.88,2,,9,,9,,9,47.7,2,2.4,1.48,2,23.6591,,9
33RO20100308, A13.5,99,1,22,11022,2,20100410,2010-04-10 21:19,2119,-4.9997,-3.0003,4764,80.2,80.2,16.8071,35.7119,2,35.6811,2,124.4,2,121.3,2,5.11,2,16.09,2,0.42,2,1.14,2,2.125,2,1.209,2,0.704,2,0.507,3,2171.1,2,2342.5,6,687.5,6,20,7.7751,2,25,51.4,2,18.79,2,,9,,9,,9,48.8,6,5.6,0.67,2,16.7939,,9
33RO20100308, A13.5,99,1,21,11010,2,20100410,2010-04-10 21:19,2119,-4.9997,-3.0003,4764,123.2,123.2,13.6372,35.3668,2,35.3598,2,104,2,96.6,2,8.07,2,22.73,2,0.01,2,1.49,2,2.077,2,1.135,2,0.558,2,0.34,3,2193.6,2,2321.6,2,884,2,20,7.6731,2,25,48.31,2,25.81,2,,9,,9,,9,38.4,2,3.2,0.44,2,13.6197,,9
33RO20100308, A13.5,99,1,20,11715,2,20100410,2010-04-10 21:19,2119,-4.9997,-3.0003,4764,199.8,199.8,12.5665,35.226,2,35.2245,2,88.8,2,89.7,2,9.45,2,25,2,0.01,2,1.63,2,1.892,6,1.02,6,0.489,6,0.321,3,2202.4,2,2314.7,2,970.4,2,20,7.6345,2,25,44.52,2,27.02,2,,9,,9,,9,46.6,2,2.7,0.45,2,12.5396,,9
33RO20100308, A13.5,99,1,19,11007,2,20100410,2010-04-10 21:19,2119,-4.9997,-3.0003,4764,274.8,274.8,11.2803,35.0641,2,35.0613,2,91.4,2,90.6,2,11.1,2,27.11,2,0,2,1.75,2,1.735,2,0.957,2,1.015,3,0.4,3,2207.5,2,2308.2,2,1058.8,2,20,7.6035,2,25,44.09,2,29.4,2,,9,,9,,9,22.9,2,2.9,0.49,2,11.2457,,9
33RO20100308, A13.5,99,1,18,11710,2,20100410,2010-04-10 21:19,2119,-4.9997,-3.0003,4764,348.6,348.6,10.4642,34.9663,2,34.9654,2,87.1,2,87.9,2,12.44,2,29.8,3,0,2,1.86,2,1.526,2,0.825,2,0.764,3,0.412,3,2213.8,2,2303.3,2,1121.7,2,20,7.5755,2,25,42.84,2,31.04,2,,9,,9,,9,18.6,2,3.1,0.5,2,10.4223,,9
33RO20100308, A13.5,99,1,17,11025,2,20100410,2010-04-10 21:19,2119,-4.9997,-3.0003,4764,425.6,425.6,8.8646,34.8037,2,34.8014,2,68.9,2,68.9,2,16.6,2,34.6,2,0,2,2.18,2,0.877,2,0.447,2,0.103,2,0.343,3,2234.5,6,2294.9,2,1380.3,2,20,7.4932,2,25,41.19,2,37,2,,9,,9,,9,-18.7,2,2.7,0.38,2,8.8183,,9
33RO20100308, A13.5,99,1,16,11709,2,20100410,2010-04-10 21:19,2119,-4.9997,-3.0003,4764,500.8,500.8,7.7865,34.6971,2,34.6967,2,74.1,2,72.7,6,19.42,2,36.62,2,0,2,2.33,2,0.552,2,0.281,2,0.079,2,0.341,3,2238.3,2,2292.5,2,1453.4,2,20,7.4731,2,25,40.39,2,38.53,2,,9,,9,,9,-48.9,2,3.2,0.43,2,7.7358,,9
33RO20100308, A13.5,99,1,15,11006,2,20100410,2010-04-10 21:19,2119,-4.9997,-3.0003,4764,649.7,649.7,5.818,34.5332,2,34.5334,2,112.1,2,109.6,2,25.62,6,36.84,6,0,6,2.42,6,0.26,2,0.13,2,0,2,0.359,3,2230.3,2,2289.5,2,1352.2,2,20,7.5022,2,25,39.39,2,39.29,2,,9,,9,,9,-80.2,2,1.9,0.63,2,5.7614,,9
33RO20100308, A13.5,99,1,14,11708,2,20100410,2010-04-10 21:19,2119,-4.9997,-3.0003,4764,800.4,800.4,4.8058,34.4945,2,34.4939,2,142.1,2,142.7,2,30.67,6,35.14,6,0,6,2.36,6,0.208,2,0.102,2,0,2,0.378,3,2220.9,2,2296.8,6,1232.1,6,20,7.5418,2,25,39.24,2,36.82,2,,9,,9,,9,-97.3,2,1.9,0.73,2,4.7415,,9
33RO20100308, A13.5,99,1,13,11031,2,20100410,2010-04-10 21:19,2119,-4.9997,-3.0003,4764,999.4,999.4,4.37,34.5926,2,34.5915,2,148.1,2,149.3,2,32.83,2,33.62,2,0,2,2.3,2,0.025,2,0.014,2,0,2,0.094,3,2224.3,2,2303.3,2,1194.4,2,20,7.5561,2,25,38.66,2,35.51,2,,9,,9,,9,-115.2,2,3,0.7,2,4.2914,,9
33RO20100308, A13.5,99,1,12,11027,2,20100410,2010-04-10 21:19,2119,-4.9997,-3.0003,4764,1199.9,1199.9,4.2319,34.7798,2,34.7795,2,175.6,2,177.1,2,28.15,2,28.99,2,0,2,1.95,2,0.018,2,0.01,2,0,2,0.079,3,2208.4,2,2310.2,2,1015.6,2,20,7.6195,2,25,38.36,2,31.05,2,,9,,9,,9,-109.9,2,2.7,0.79,2,4.1366,,9
33RO20100308, A13.5,99,1,11,11707,2,20100410,2010-04-10 21:19,2119,-4.9997,-3.0003,4764,1400.5,1400.5,4.1585,34.8959,2,34.8961,2,204.6,2,206.2,2,23.13,2,24.62,2,0,2,1.65,2,0.049,2,0.026,2,0,2,0.187,3,2189.5,2,2311.2,2,882.4,2,20,7.6747,2,25,39.27,2,25.78,2,,9,,9,,9,-95.5,2,2.8,0.88,2,4.0458,,9
33RO20100308, A13.5,99,1,10,11003,2,20100410,2010-04-10 21:19,2119,-4.9997,-3.0003,4764,1599.6,1599.6,3.9224,34.9409,2,34.9406,2,226.1,2,227.7,2,21.63,2,22.13,2,0,2,1.47,2,0.068,2,0.036,2,0,2,0.262,3,2178.5,2,2316.2,2,813.6,2,20,7.7087,2,25,38.63,2,23.74,2,,9,,9,,9,-88.7,2,3.1,0.99,2,3.794,,9
33RO20100308, A13.5,99,1,9,11706,2,20100410,2010-04-10 21:19,2119,-4.9997,-3.0003,4764,1799.5,1799.5,3.7294,34.9541,2,34.9538,2,235.5,2,236.3,2,21.96,2,21.05,2,0,2,1.41,2,0.041,2,0.021,2,0,2,0.179,3,2173.9,2,2317.6,2,788.4,2,20,7.7203,2,25,39.06,2,22.26,2,,9,,9,,9,-88.5,2,2.6,0.96,2,3.5849,,9
33RO20100308, A13.5,99,1,8,11033,2,20100410,2010-04-10 21:19,2119,-4.9997,-3.0003,4764,1999.7,1999.7,3.4223,34.947,2,34.9473,2,239.1,2,240.4,2,25.57,2,20.88,2,0,2,1.4,2,0.04,2,0.021,2,0,2,0.191,3,2175.5,2,2319.6,2,782.3,2,20,7.7253,2,25,38.88,2,22.55,2,,9,,9,,9,-88,2,2.6,1.01,2,3.2634,,9
33RO20100308, A13.5,99,1,7,11705,2,20100410,2010-04-10 21:19,2119,-4.9997,-3.0003,4764,2301.4,2301.4,3.1043,34.9322,2,34.9323,2,238.2,2,239.8,2,31.41,6,21.48,6,0,6,1.44,2,0.014,2,0.008,2,0,2,0.094,3,2182,2,2324.9,2,788.5,2,20,7.7245,2,25,39.87,2,22.47,2,,9,,9,,9,-100,2,2.6,1.02,2,2.9218,,9
33RO20100308, A13.5,99,1,6,11029,2,20100410,2010-04-10 21:19,2119,-4.9997,-3.0003,4764,2499.7,2499.7,2.9027,34.9211,2,34.9191,2,237.7,2,238.9,2,35.6,6,21.67,6,0,6,1.46,6,0.01,2,0.005,2,0,2,0.066,3,2187.2,2,2332,2,787.2,2,20,7.7239,2,25,39.18,2,23.04,2,,9,,9,,9,-99.8,2,2.8,1.01,2,2.7046,,9
33RO20100308, A13.5,99,1,5,11704,2,20100410,2010-04-10 21:19,2119,-4.9997,-3.0003,4764,2800.2,2800.2,2.7189,34.9103,2,34.9106,2,237.5,2,238.3,2,39.94,6,22.26,6,0,6,1.48,6,0.005,2,0.004,2,0,2,0.042,3,2192.2,2,2233.6,4,791,2,20,7.7209,2,25,39.19,2,23.55,2,,9,,9,,9,-107.2,2,3.3,0.95,2,2.4947,,9
33RO20100308, A13.5,99,1,4,11030,2,20100410,2010-04-10 21:19,2119,-4.9997,-3.0003,4764,3100.2,3100.2,2.5746,34.9009,2,34.8986,2,236.4,2,237.4,2,43.55,6,22.54,6,0,6,1.5,6,0.004,2,0.003,2,0,2,0.031,3,2196.7,2,2342,2,793.5,2,20,7.7202,2,25,38.83,2,24.08,2,,9,,9,,9,-111.5,2,2.5,0.94,2,2.3229,,9
33RO20100308, A13.5,99,1,3,11703,2,20100410,2010-04-10 21:19,2119,-4.9997,-3.0003,4764,3999.3,3999.3,2.3775,34.8853,2,34.8843,2,238.7,2,239.3,2,49.09,6,22.52,6,0,6,1.53,6,0.014,2,0.01,2,0,2,0.089,3,2202.5,2,2346,2,796.9,2,20,7.7191,2,25,38.46,2,24.28,2,,9,,9,,9,-115.9,2,2.4,0.93,2,2.0328,,9
33RO20100308, A13.5,99,1,2,11702,2,20100410,2010-04-10 21:19,2119,-4.9997,-3.0003,4764,4381.1,4381.1,2.2901,34.8752,2,34.873,2,240.6,2,241,2,51.63,6,22.86,6,0,6,1.54,6,0.028,2,0.016,2,0,2,0.144,3,2204.4,2,2345.7,2,799.4,2,20,7.7189,2,25,39.85,2,24.44,2,,9,,9,,9,-110.8,2,3,0.9,2,1.9035,,9
33RO20100308, A13.5,99,1,1,11701,2,20100410,2010-04-10 21:19,2119,-4.9997,-3.0003,4764,4833,4833,2.2804,34.8695,2,34.8679,2,241.6,2,241.1,2,53,6,22.9,6,0,6,1.55,6,0.045,2,0.024,2,0,2,0.203,3,2204.7,6,2345.6,2,801.6,2,20,7.718,2,25,39.61,2,24.46,2,,9,,9,,9,-117.3,2,2.4,0.9,2,1.8393,,9
33RO20100308, A13.5,100,1,24,11714,2,20100411,2010-04-11 3:27,327,-4.5,-3.0002,4879,5.4,5.4,28.5991,35.5678,2,35.5729,2,196.4,2,197.1,2,0.85,6,0.22,6,0,6,0.05,6,1.538,2,0.971,2,0.96,2,1.673,3,2008,6,2336.3,2,296.7,2,20,8.087,2,25,,9,,9,,9,,9,,9,,9,,,9,28.5978,,9
33RO20100308, A13.5,100,1,23,11716,2,20100411,2010-04-11 3:27,327,-4.5,-3.0002,4879,40.1,40.1,20.7492,35.7891,2,35.79,2,207.1,3,191.6,2,2.54,2,4.21,2,0.09,2,0.5,2,,9,,9,,9,,9,2109.4,2,2353.5,6,455.8,2,20,7.9343,2,25,,9,,9,,9,,9,,9,,9,,,9,20.7416,,9
33RO20100308, A13.5,100,1,22,11022,2,20100411,2010-04-11 3:27,327,-4.5,-3.0002,4879,70.3,70.3,16.1182,35.626,2,35.6236,2,115,2,112.9,2,5.45,2,17.46,2,0.38,2,1.2,2,2.149,2,1.215,2,0.716,2,0.45,3,2179,2,2336.3,2,733.6,2,20,7.7541,2,25,,9,,9,,9,,9,,9,,9,,,9,16.107,,9
33RO20100308, A13.5,100,1,21,11010,2,20100411,2010-04-11 3:27,327,-4.5,-3.0002,4879,99.7,99.7,14.8869,35.5129,2,35.51,2,101.6,2,100,2,6.55,2,20.61,2,0.03,2,1.35,2,2.155,2,1.201,2,0.698,2,0.38,3,2191.8,2,2328.2,2,827.4,2,20,7.7056,2,25,,9,,9,,9,,9,,9,,9,,,9,14.8719,,9
33RO20100308, A13.5,100,1,20,11715,2,20100411,2010-04-11 3:27,327,-4.5,-3.0002,4879,149.7,149.7,14.1343,35.4324,2,35.4283,2,96.9,2,96.6,2,7.34,2,21.86,2,0.01,2,1.43,2,,9,,9,,9,,9,2196,2,2325.3,2,865.1,2,20,7.6843,2,25,,9,,9,,9,,9,,9,,9,,,9,14.1125,,9
33RO20100308, A13.5,100,1,19,11007,2,20100411,2010-04-11 3:27,327,-4.5,-3.0002,4879,174.8,174.8,13.8859,35.4016,2,35.3983,2,92.9,2,91.6,2,7.82,2,23.1,2,0.01,2,1.47,2,2.077,2,1.138,2,0.587,2,0.297,3,2199.5,2,2321.7,2,898.6,2,20,7.6702,2,25,,9,,9,,9,,9,,9,,9,,,9,13.8607,,9
33RO20100308, A13.5,100,1,18,11710,2,20100411,2010-04-11 3:27,327,-4.5,-3.0002,4879,249.4,249.4,12.2761,35.1911,2,35.1891,2,85.6,2,85.9,2,9.78,2,25.94,2,0.01,2,1.65,2,1.832,2,0.98,2,0.394,2,0.312,3,2207.3,2,2311.1,2,1010.7,2,20,7.6218,2,25,,9,,9,,9,,9,,9,,9,,,9,12.2429,,9
33RO20100308, A13.5,100,1,17,11025,2,20100411,2010-04-11 3:27,327,-4.5,-3.0002,4879,324.1,324.1,10.0556,34.9341,2,34.9336,2,48.9,2,50.2,2,14.55,2,33.96,2,0,2,2.12,2,0.995,6,0.517,6,0.141,6,0.227,3,2240.7,6,2296.4,2,1406.4,2,20,7.488,2,25,,9,,9,,9,,9,,9,,9,,,9,10.0176,,9
33RO20100308, A13.5,100,1,16,11709,2,20100411,2010-04-11 3:27,327,-4.5,-3.0002,4879,400.3,400.3,8.6002,34.7778,2,34.7812,2,74.8,2,75.8,2,16.9,2,34.55,2,0,2,2.16,2,0.916,2,0.466,2,0.124,2,0.378,3,2232.7,2,2297.5,2,1352.9,6,20,7.5021,2,25,,9,,9,,9,,9,,9,,9,,,9,8.5575,,9
33RO20100308, A13.5,100,1,15,11006,2,20100411,2010-04-11 3:27,327,-4.5,-3.0002,4879,549.1,549.1,6.6591,34.5855,2,34.584,2,113.1,2,113.9,6,21.55,2,34.66,2,0,2,2.24,2,0.734,2,0.364,2,0.111,2,0.602,3,2223,2,2289.9,2,1281.7,2,20,7.5263,2,25,,9,,9,,9,,9,,9,,9,,,9,6.6081,,9
33RO20100308, A13.5,100,1,14,11708,2,20100411,2010-04-11 3:27,327,-4.5,-3.0002,4879,699.2,699.2,5.4464,34.5038,2,34.5025,2,131.8,2,132,2,26.71,2,35.15,2,0,2,2.33,2,,9,,9,,9,,9,2223.3,2,2292.2,2,1259.9,2,20,7.5336,2,25,,9,,9,,9,,9,,9,,9,,,9,5.3873,,9
33RO20100308, A13.5,100,1,13,11031,2,20100411,2010-04-11 3:27,327,-4.5,-3.0002,4879,849.8,849.8,4.7102,34.5187,2,34.5174,2,135.3,2,135,2,31.94,2,35.5,2,0,2,2.38,2,0.068,2,0.037,2,0,2,0.161,3,2229.7,2,2296.5,2,1273.4,2,20,7.529,2,25,,9,,9,,9,,9,,9,,9,,,9,4.6422,,9
33RO20100308, A13.5,100,1,12,11027,2,20100411,2010-04-11 3:27,327,-4.5,-3.0002,4879,1001,1001,4.331,34.6092,2,34.6081,2,148.8,2,150.1,2,32.91,2,33.39,2,0,2,2.26,2,,9,,9,,9,,9,2226.5,2,2307,2,1188.6,2,20,7.5586,2,25,,9,,9,,9,,9,,9,,9,,,9,4.2525,,9
33RO20100308, A13.5,100,1,11,11707,2,20100411,2010-04-11 3:27,327,-4.5,-3.0002,4879,1249.8,1249.8,4.3626,34.8379,2,34.8366,2,186.9,2,187.7,2,25.19,2,27.24,2,0,2,1.8,2,,9,,9,,9,,9,2201.4,2,2310.4,2,958.6,2,20,7.6424,2,25,,9,,9,,9,,9,,9,,9,,,9,4.2616,,9
33RO20100308, A13.5,100,1,10,11003,2,20100411,2010-04-11 3:27,327,-4.5,-3.0002,4879,1499.5,1499.5,4.1364,34.9342,2,34.9337,2,217.5,2,218.6,6,21.18,2,22.78,2,0,2,1.52,2,,5,,5,,5,,5,2182.9,2,2313.7,2,840.3,2,20,7.6943,2,25,,9,,9,,9,,9,,9,,9,,,9,4.0148,,9
33RO20100308, A13.5,100,1,9,11706,2,20100411,2010-04-11 3:27,327,-4.5,-3.0002,4879,1799.3,1799.3,3.7664,34.9618,2,34.9615,2,238,2,239.5,2,20.72,2,20.38,2,0,2,1.36,2,,9,,9,,9,,9,2173.2,2,2315.3,2,778.2,2,20,7.7252,2,25,,9,,9,,9,,9,,9,,9,,,9,3.6214,,9
33RO20100308, A13.5,100,1,8,11033,2,20100411,2010-04-11 3:27,327,-4.5,-3.0002,4879,2099.8,2099.8,3.3103,34.9559,4,34.9449,2,241.3,2,241.3,2,26.98,2,20.84,2,0,2,1.39,2,,9,,9,,9,,9,2178.6,2,2320.8,2,777.6,2,20,,5,,,9,,9,,9,,9,,9,,9,,,9,3.1436,,9
33RO20100308, A13.5,100,1,7,11705,2,20100411,2010-04-11 3:27,327,-4.5,-3.0002,4879,2497.1,2497.1,2.9182,34.9217,2,34.9216,2,238.6,2,239.4,2,35.19,6,21.68,6,0,6,1.44,2,0.009,2,0.006,2,0,2,0.068,3,2187.2,2,2330.5,2,790.1,2,20,7.724,2,25,,9,,9,,9,,9,,9,,9,,,9,2.7201,,9
33RO20100308, A13.5,100,1,6,11029,2,20100411,2010-04-11 3:27,327,-4.5,-3.0002,4879,2900.5,2900.5,2.663,34.9073,2,34.9066,2,236.4,2,237.8,2,41.17,6,22.16,6,0,6,1.47,6,,9,,9,,9,,9,2194.5,2,2338.3,2,798,2,20,7.7213,2,25,,9,,9,,9,,9,,9,,9,,,9,2.4298,,9
33RO20100308, A13.5,100,1,5,11704,2,20100411,2010-04-11 3:27,327,-4.5,-3.0002,4879,3299.3,3299.3,2.5041,34.8963,2,34.8962,2,237.3,2,237.7,2,45.35,6,22.46,6,0,6,1.49,6,,9,,9,,9,,9,2199.7,2,2341.1,2,795.4,2,20,7.7213,2,25,,9,,9,,9,,9,,9,,9,,,9,2.2331,,9
33RO20100308, A13.5,100,1,4,11030,2,20100411,2010-04-11 3:27,327,-4.5,-3.0002,4879,3698.2,3698.2,2.4165,34.8903,2,34.8896,2,238.1,2,238.5,2,47.55,6,22.56,6,0,6,1.5,6,0.008,2,0.005,2,0,2,0.053,3,2202,2,2345.6,2,795.7,6,20,7.7192,2,25,,9,,9,,9,,9,,9,,9,,,9,2.1046,,9
33RO20100308, A13.5,100,1,3,11703,2,20100411,2010-04-11 3:27,327,-4.5,-3.0002,4879,4098.6,4098.6,2.3434,34.8821,2,34.8826,2,239.5,2,239.2,2,49.87,6,22.88,6,0,6,1.51,6,,9,,9,,9,,9,2204.5,2,2346.1,2,799.2,2,20,7.7185,2,25,,9,,9,,9,,9,,9,,9,,,9,1.9883,,9
33RO20100308, A13.5,100,1,2,11702,2,20100411,2010-04-11 3:27,327,-4.5,-3.0002,4879,4499.8,4499.8,2.2654,34.8719,2,34.8716,2,241.6,2,241.9,2,52.4,6,23.02,6,0,6,1.52,6,,9,,9,,9,,9,2205.5,2,2348,4,800.2,2,20,7.7173,2,25,,9,,9,,9,,9,,9,,9,,,9,1.8654,,9
33RO20100308, A13.5,100,1,1,11701,2,20100411,2010-04-11 3:27,327,-4.5,-3.0002,4879,4946.4,4946.4,2.2586,34.8664,2,34.8658,2,243.4,2,241.9,2,53.72,6,22.86,6,0,6,1.53,6,0.045,2,0.025,2,0,2,0.18,3,2207.5,6,2346.1,2,802.5,2,20,7.7166,2,25,,9,,9,,9,,9,,9,,9,,,9,1.8041,,9
33RO20100308, A13.5,101,1,24,11714,2,20100411,2010-04-11 9:45,945,-4.0003,-3.0002,4520,5,5,28.5211,35.4386,2,35.4423,2,197.1,2,197.3,2,0.81,6,0.06,4,0.01,6,0.04,6,1.518,2,0.97,2,1.032,2,,5,1999,6,2324.5,2,296.6,2,20,8.0861,2,25,70.99,4,5.07,4,,9,,9,,9,,9,,,9,28.5199,,9
33RO20100308, A13.5,101,1,23,11716,2,20100411,2010-04-11 9:45,945,-4.0003,-3.0002,4520,50.1,50.1,16.9086,35.732,2,35.7267,2,150.8,2,148.6,2,4.24,2,11.54,4,0.34,2,0.92,2,2.172,2,1.264,2,0.874,2,,5,2152.2,2,2344.8,6,601,2,20,7.8295,2,25,53.05,4,15.28,4,,9,,9,,9,,9,,,9,16.9003,,9
33RO20100308, A13.5,101,1,22,11022,2,20100411,2010-04-11 9:45,945,-4.0003,-3.0002,4520,79.5,79.5,15.9142,35.6734,2,35.6707,2,134,2,132.2,2,5.37,2,13.2,4,0.08,2,1.07,2,2.211,6,1.276,6,0.87,6,,5,2164.8,2,2341.9,6,661.3,2,20,7.7896,2,25,50.04,4,17.09,4,,9,,9,,9,,9,,,9,15.9016,,9
33RO20100308, A13.5,101,1,21,11010,2,20100411,2010-04-11 9:45,945,-4.0003,-3.0002,4520,99.6,99.6,15.6884,35.6505,2,35.6479,2,127.9,2,127,2,5.73,2,13.84,4,0.05,2,1.12,2,2.196,2,1.266,2,0.798,2,,5,2168.8,2,2341.3,2,683.5,2,20,7.7771,2,25,48.75,4,16.01,4,,9,,9,,9,,9,,,9,15.6728,,9
33RO20100308, A13.5,101,1,20,11715,2,20100411,2010-04-11 9:45,945,-4.0003,-3.0002,4520,149.7,149.7,15.2258,35.5874,2,35.5855,2,125.3,2,122.2,2,6.28,2,14.57,4,0.01,2,1.19,2,2.178,2,1.245,2,0.755,2,,5,2174,2,2335.5,2,717.1,2,20,7.76,2,25,48.54,4,16.7,4,,9,,9,,9,,9,,,9,15.2028,,9
33RO20100308, A13.5,101,1,19,11007,2,20100411,2010-04-11 9:45,945,-4.0003,-3.0002,4520,200.3,200.3,14.3721,35.4644,2,35.4648,2,84,2,83.4,2,7.79,2,18.82,4,0.01,2,1.48,2,2.021,2,1.137,2,0.588,2,,5,2201.5,2,2325.2,2,905.3,2,20,7.6667,2,25,49.52,4,20.1,4,,9,,9,,9,,9,,,9,14.3425,,9
33RO20100308, A13.5,101,1,18,11710,2,20100411,2010-04-11 9:45,945,-4.0003,-3.0002,4520,249.1,249.1,13.2858,35.3165,2,35.3112,2,79.3,2,78.3,2,9.07,2,20.67,4,0.01,2,1.6,2,1.867,2,1.035,2,0.527,2,,5,2208.9,2,2318.6,2,999.5,2,20,7.6298,2,25,47.94,4,21.95,4,,9,,9,,9,,9,,,9,13.2509,,9
33RO20100308, A13.5,101,1,17,11025,2,20100411,2010-04-11 9:45,945,-4.0003,-3.0002,4520,300.1,300.1,11.5292,35.0982,2,35.0944,2,79.5,2,76.7,2,11.25,2,23.12,4,0.01,2,1.79,2,1.572,2,0.849,2,0.347,2,,5,2214.5,2,2307.6,2,1123.9,2,20,7.583,2,25,47.76,4,25.09,4,,9,,9,,9,,9,,,9,11.4908,,9
33RO20100308, A13.5,101,1,16,11709,2,20100411,2010-04-11 9:45,945,-4.0003,-3.0002,4520,349.8,349.8,10.1827,34.9549,2,34.9533,2,48.1,2,49.1,2,14.49,2,27.51,4,0.01,2,2.1,2,1.021,6,0.545,6,0.196,6,,5,2240.4,6,2301.5,2,1402.4,2,20,7.4907,2,25,44.74,4,28.98,4,,9,,9,,9,,9,,,9,10.1414,,9
33RO20100308, A13.5,101,1,15,11006,2,20100411,2010-04-11 9:45,945,-4.0003,-3.0002,4520,424.8,424.8,8.0379,34.7138,2,34.713,2,92,2,92.9,2,18,2,27.35,4,0,2,2.16,2,0.917,2,0.472,2,0.101,2,,5,2224.8,2,2294.1,2,1297.5,2,20,7.5205,2,25,42.64,4,28.43,4,,9,,9,,9,,9,,,9,7.9943,,9
33RO20100308, A13.5,101,1,14,11708,2,20100411,2010-04-11 9:45,945,-4.0003,-3.0002,4520,500.2,500.2,7.2349,34.6376,2,34.6368,2,107.6,2,109.1,6,19.86,2,27.23,4,0,2,2.18,2,0.828,2,0.421,2,0.179,2,,5,2219.8,2,2294.7,2,1256.3,2,20,7.5318,2,25,45.19,4,28.68,4,,9,,9,,9,,9,,,9,7.1864,,9
33RO20100308, A13.5,101,1,13,11031,2,20100411,2010-04-11 9:45,945,-4.0003,-3.0002,4520,600.1,600.1,6.3884,34.574,2,34.571,2,101.2,2,102.7,2,23.36,2,29.23,4,0,2,2.37,2,0.403,2,0.206,2,0,2,,5,2229.3,2,2291.8,2,1363.6,6,20,7.4984,2,25,40.37,4,30.55,4,,9,,9,,9,,9,,,9,6.3337,,9
33RO20100308, A13.5,101,1,12,11027,2,20100411,2010-04-11 9:45,945,-4.0003,-3.0002,4520,700.2,700.2,5.4268,34.5089,2,34.5087,2,123,2,123,2,27.33,2,28.84,4,0,2,2.39,2,0.263,2,0.135,2,0,2,,5,2225.5,2,2291.4,2,1307.5,2,20,7.5162,2,25,40.29,4,29.97,4,,9,,9,,9,,9,,,9,5.3677,,9
33RO20100308, A13.5,101,1,11,11707,2,20100411,2010-04-11 9:45,945,-4.0003,-3.0002,4520,999.5,999.5,4.3182,34.6225,2,34.6202,2,150.1,2,150.2,6,33.03,2,26.65,4,0,2,2.26,2,0.012,2,0.008,2,0,2,,5,2222.9,2,2302.5,2,1180.8,2,20,7.5596,2,25,40.09,4,28.61,4,,9,,9,,9,,9,,,9,4.2399,,9
33RO20100308, A13.5,101,1,10,11003,2,20100411,2010-04-11 9:45,945,-4.0003,-3.0002,4520,1299.7,1299.7,4.3376,34.8852,2,34.8861,2,199.8,2,200,2,23.08,6,20.5,4,0,6,1.67,2,0.083,2,0.045,2,0,2,,5,2191.2,2,2310.2,2,908.5,2,20,7.6663,2,25,39.71,4,21.48,4,,9,,9,,9,,9,,,9,4.2322,,9
33RO20100308, A13.5,101,1,9,11706,2,20100411,2010-04-11 9:45,945,-4.0003,-3.0002,4520,1599.8,1599.8,4.0121,34.9563,2,34.9572,2,229.4,2,229,2,20.25,6,17.6,4,0,6,1.43,6,0.099,2,0.055,2,0,2,,5,2176.5,2,2311.4,2,803.5,2,20,7.7108,2,25,42.99,4,19.37,4,,9,,9,,9,,9,,,9,3.8826,,9
33RO20100308, A13.5,101,1,8,11033,2,20100411,2010-04-11 9:45,945,-4.0003,-3.0002,4520,1899.9,1899.9,3.613,34.9587,2,34.9592,2,240.9,2,241.5,2,22.39,6,16.7,4,0,6,1.35,6,0.096,2,0.051,2,0,2,,5,2174.1,2,2318.3,2,770.5,2,20,7.7275,2,25,38.98,4,18.06,4,,9,,9,,9,,9,,,9,3.4607,,9
33RO20100308, A13.5,101,1,7,11705,2,20100411,2010-04-11 9:45,945,-4.0003,-3.0002,4520,2299.5,2299.5,3.1103,34.9337,2,34.9343,2,239.4,2,240.3,2,31.25,6,17.46,4,0,6,1.41,6,0.016,2,0.01,2,0,2,,5,2183.1,2,2326,2,778.7,2,20,7.7257,2,25,39.15,4,19.06,4,,9,,9,,9,,9,,,9,2.9279,,9
33RO20100308, A13.5,101,1,6,11029,2,20100411,2010-04-11 9:45,945,-4.0003,-3.0002,4520,2699.4,2699.4,2.7924,34.9155,2,34.9158,2,239.5,2,239.8,2,37.95,6,17.86,4,0,6,1.45,6,0.006,2,0.004,2,0,2,,5,2190.1,2,2334.1,2,784,2,20,7.7223,2,25,38.78,4,18.97,4,,9,,9,,9,,9,,,9,2.5767,,9
33RO20100308, A13.5,101,1,5,11704,2,20100411,2010-04-11 9:45,945,-4.0003,-3.0002,4520,3100.4,3100.4,2.6028,34.9024,2,34.9027,2,237.8,2,238.2,2,42.86,6,18.15,4,0,6,1.48,6,0.005,2,0.004,2,0,2,,5,2194.3,2,2337.8,2,790.1,2,20,7.7205,2,25,36.58,4,19.81,4,,9,,9,,9,,9,,,9,2.3504,,9
33RO20100308, A13.5,101,1,4,11030,2,20100411,2010-04-11 9:45,945,-4.0003,-3.0002,4520,3500,3500,2.4512,34.8935,2,34.8942,2,237.6,2,237.2,2,46.86,6,18.36,4,0,6,1.51,6,0.005,2,0.004,2,0,2,,5,2199.6,2,2332.5,3,,9,,7.7194,2,25,39.33,4,20.03,4,,9,,9,,9,,9,,,9,2.16,,9
33RO20100308, A13.5,101,1,3,11703,2,20100411,2010-04-11 9:45,945,-4.0003,-3.0002,4520,3900.2,3900.2,2.3589,34.8848,2,34.8857,2,240.6,2,240.8,2,48.42,6,18.32,4,0,6,1.5,6,0.02,2,0.014,2,0,2,,5,2200.1,2,2342.2,2,793.5,2,20,7.7195,2,25,38.39,4,20.19,4,,9,,9,,9,,9,,,9,2.0259,,9
33RO20100308, A13.5,101,1,2,11702,2,20100411,2010-04-11 9:45,945,-4.0003,-3.0002,4520,4299.1,4299.1,2.2722,34.8746,2,34.8751,2,243.2,2,242.2,2,51.08,6,18.34,4,0,6,1.52,6,0.032,2,0.019,2,0,2,,5,2202.3,2,2345.5,2,797,2,20,7.719,2,25,38.9,4,19.68,4,,9,,9,,9,,9,,,9,1.8958,,9
33RO20100308, A13.5,101,1,1,11701,2,20100411,2010-04-11 9:45,945,-4.0003,-3.0002,4520,4567.4,4567.4,2.2214,34.8675,2,34.8686,2,241.3,2,241.6,2,53.4,6,18.6,4,0.01,6,1.53,6,0.042,2,0.024,2,0,2,,5,2204.6,6,2347,3,805,2,20,7.7174,2,25,38.14,4,20.44,4,,9,,9,,9,,9,,,9,1.8147,,9
33RO20100308, A13.5,102,1,24,11714,2,20100411,2010-04-11 15:47,1547,-3.5002,-3.0005,4835,5.4,5.4,28.9124,35.3784,2,35.3847,2,196.6,2,197.3,2,0.78,6,0.06,6,0,6,0.13,4,1.536,2,0.969,2,0.99,2,1.74,3,1991.4,6,2318.9,2,290.6,2,20,8.0916,2,25,,9,,9,,9,,9,,9,,9,,,9,28.9111,28.9091,2
33RO20100308, A13.5,102,1,23,11716,2,20100411,2010-04-11 15:47,1547,-3.5002,-3.0005,4835,20.3,20.3,25.6673,35.6256,2,35.6326,2,207.4,2,208.1,2,0.93,2,0.3,2,0.01,2,0.27,4,,9,,9,,9,,9,2033,2,2340.7,6,328,2,20,8.0498,2,25,,9,,9,,9,,9,,9,,9,,,9,25.6628,26.3604,2
33RO20100308, A13.5,102,1,22,11022,2,20100411,2010-04-11 15:47,1547,-3.5002,-3.0005,4835,50.2,50.2,17.0546,35.774,2,35.7719,2,154.2,2,151.8,2,4.09,2,11.95,2,0.37,2,1.02,4,2.235,2,1.278,2,0.862,2,0.519,3,2149.2,2,2348.2,6,580.8,6,20,7.8416,2,25,,9,,9,,9,,9,,9,,9,,,9,17.0463,17.054,2
33RO20100308, A13.5,102,1,21,11010,2,20100411,2010-04-11 15:47,1547,-3.5002,-3.0005,4835,89.3,89.3,15.9329,35.6747,2,35.6753,2,130.1,2,129,2,5.48,2,16.27,2,0.02,2,1.21,4,2.26,2,1.278,2,0.823,2,0.491,3,2169,2,2341,2,673.2,2,20,7.7836,2,25,,9,,9,,9,,9,,9,,9,,,9,15.9188,15.9372,2
33RO20100308, A13.5,102,1,20,11715,2,20100411,2010-04-11 15:47,1547,-3.5002,-3.0005,4835,149.8,149.8,15.1601,35.5743,2,35.571,2,90.3,2,90,2,7.09,2,21.53,2,0.01,2,1.52,4,2.143,6,1.191,6,0.654,6,0.246,3,2198.1,2,2332.3,2,840.6,2,20,7.6956,2,25,,9,,9,,9,,9,,9,,9,,,9,15.1372,15.1624,2
33RO20100308, A13.5,102,1,19,11007,2,20100411,2010-04-11 15:47,1547,-3.5002,-3.0005,4835,199.1,199.1,14.2778,35.4527,2,35.4498,2,84.2,2,84.3,2,7.74,2,23.44,2,0.01,2,1.65,4,2.087,2,1.146,2,0.613,2,0.286,3,2203.2,2,2325.5,2,913.5,2,20,7.6647,2,25,,9,,9,,9,,9,,9,,9,,,9,14.2485,14.2756,2
33RO20100308, A13.5,102,1,18,11710,2,20100411,2010-04-11 15:47,1547,-3.5002,-3.0005,4835,250.2,250.2,13.0249,35.2861,2,35.2808,2,84.1,2,85.1,2,9.13,2,25.47,2,0.01,2,1.72,4,1.952,2,1.049,2,0.481,2,0.321,3,2206.5,2,2312.7,2,979.7,2,20,7.637,2,25,,9,,9,,9,,9,,9,,9,,,9,12.9903,13.0303,2
33RO20100308, A13.5,102,1,17,11025,2,20100411,2010-04-11 15:47,1547,-3.5002,-3.0005,4835,325.7,325.7,10.501,34.9809,2,34.9809,2,58.8,2,56.3,2,13.56,2,32.72,2,0.01,2,2.17,4,1.176,2,0.617,2,0.186,2,0.245,3,2235,2,2302.8,2,1336.2,2,20,7.513,2,25,,9,,9,,9,,9,,9,,9,,,9,10.4618,10.5351,2
33RO20100308, A13.5,102,1,16,11709,2,20100411,2010-04-11 15:47,1547,-3.5002,-3.0005,4835,399.7,399.7,8.7318,34.7906,2,34.7915,2,74.6,2,75.6,2,16.82,2,34.94,2,0,2,2.29,4,0.956,2,0.489,2,0.223,2,0.397,3,2233.1,2,2296.4,2,1373.8,2,20,7.5023,2,25,,9,,9,,9,,9,,9,,9,,,9,8.6888,8.7322,2
33RO20100308, A13.5,102,1,15,11006,2,20100411,2010-04-11 15:47,1547,-3.5002,-3.0005,4835,475,475,7.6468,34.6722,2,34.6697,2,105.4,2,106.2,2,18.71,2,33.98,2,0,2,2.31,4,,9,,9,,9,,9,2220.8,2,2295.5,2,1248.8,2,20,7.535,2,25,,9,,9,,9,,9,,9,,9,,,9,7.5993,7.6511,2
33RO20100308, A13.5,102,1,14,11708,2,20100411,2010-04-11 15:47,1547,-3.5002,-3.0005,4835,549.5,549.5,6.8641,34.6016,2,34.6028,2,118.3,2,117.5,2,20.97,2,34.66,2,0,2,2.3,4,,5,,5,,5,,5,2219.4,2,2292.6,2,1237.1,2,20,7.5384,2,25,,9,,9,,9,,9,,9,,9,,,9,6.8122,6.8737,2
33RO20100308, A13.5,102,1,13,11031,2,20100411,2010-04-11 15:47,1547,-3.5002,-3.0005,4835,649.8,649.8,6.1148,34.5575,2,34.5563,2,94.8,2,101.1,6,24.78,2,37.74,2,0,2,2.52,4,,9,,9,,9,,9,2234.6,2,2293.9,2,1401,2,20,7.4888,2,25,,9,,9,,9,,9,,9,,9,,,9,6.0567,6.1055,2
33RO20100308, A13.5,102,1,12,11027,2,20100411,2010-04-11 15:47,1547,-3.5002,-3.0005,4835,799.9,799.9,4.8742,34.5048,2,34.5045,2,129.9,2,131.9,6,31.1,2,36.49,2,0,2,2.44,4,0.111,2,0.058,2,0,2,0.236,3,2228.8,2,2298.4,2,1287.5,2,20,7.5241,2,25,,9,,9,,9,,9,,9,,9,,,9,4.8095,4.8737,2
33RO20100308, A13.5,102,1,11,11707,2,20100411,2010-04-11 15:47,1547,-3.5002,-3.0005,4835,1099.9,1099.9,4.3971,34.7411,2,34.7403,2,168.5,2,168.5,2,28.83,6,30.53,6,0,6,2.05,4,,9,,9,,9,,9,2209.7,2,2306.6,2,1058.6,2,20,7.6042,2,25,,9,,9,,9,,9,,9,,9,,,9,4.3093,4.391,2
33RO20100308, A13.5,102,1,10,11003,2,20100411,2010-04-11 15:47,1547,-3.5002,-3.0005,4835,1399.9,1399.9,4.3856,34.9346,2,34.9366,2,214.8,2,214.8,2,20.01,6,23.33,6,0,6,1.61,4,0.251,2,0.123,2,0,2,0.529,3,2183.4,2,2311.9,2,851.7,2,20,7.6902,2,25,,9,,9,,9,,9,,9,,9,,,9,4.2704,4.3855,2
33RO20100308, A13.5,102,1,9,11706,2,20100411,2010-04-11 15:47,1547,-3.5002,-3.0005,4835,1699.6,1699.6,3.954,34.969,2,34.9696,2,237.8,2,237.6,2,18.98,6,20.86,6,0,6,1.47,4,,9,,9,,9,,9,2171.8,2,2314.5,2,788.9,2,20,7.7215,2,25,,9,,9,,9,,9,,9,,9,,,9,3.8159,3.954,2
33RO20100308, A13.5,102,1,8,11033,2,20100411,2010-04-11 15:47,1547,-3.5002,-3.0005,4835,1999.9,1999.9,3.4844,34.9549,2,34.9556,2,241.8,2,241.8,2,24.08,6,21.06,6,0,6,1.42,4,,9,,9,,9,,9,2174,2,2321.3,2,779.8,2,20,7.7277,2,25,,9,,9,,9,,9,,9,,9,,,9,3.3246,3.4852,2
33RO20100308, A13.5,102,1,7,11705,2,20100411,2010-04-11 15:47,1547,-3.5002,-3.0005,4835,2398.8,2398.8,3.0126,34.9282,2,34.9287,2,239.6,2,239.7,2,33.08,6,21.72,6,0,6,1.53,4,0.013,2,0.009,2,0,2,0.089,3,2184.5,2,2326.5,2,781.5,2,20,7.7248,2,25,,9,,9,,9,,9,,9,,9,,,9,2.8223,3.0125,2
33RO20100308, A13.5,102,1,6,11029,2,20100411,2010-04-11 15:47,1547,-3.5002,-3.0005,4835,2799.7,2799.7,2.7411,34.9125,2,34.9132,2,237.1,2,238.6,2,39.23,6,22.31,6,0,6,1.56,4,,9,,9,,9,,9,2190.5,2,2333.8,2,787.2,2,20,7.7224,2,25,,9,,9,,9,,9,,9,,9,,,9,2.5164,2.7408,2
33RO20100308, A13.5,102,1,5,11704,2,20100411,2010-04-11 15:47,1547,-3.5002,-3.0005,4835,3200.4,3200.4,2.5639,34.9014,2,34.9015,2,238.1,2,238.5,2,43.31,6,22.48,6,0,6,1.58,4,,9,,9,,9,,9,2194.5,2,2336.4,2,790.1,2,20,7.7209,2,25,,9,,9,,9,,9,,9,,9,,,9,2.3019,2.5636,2
33RO20100308, A13.5,102,1,4,11030,2,20100411,2010-04-11 15:47,1547,-3.5002,-3.0005,4835,3600,3600,2.4689,34.8941,2,34.8943,2,239.7,2,240.5,2,45.31,6,22.47,6,0,6,1.59,4,0.013,2,0.009,2,0,2,0.082,3,2196.4,2,2338.9,2,789.3,2,20,7.722,2,25,,9,,9,,9,,9,,9,,9,,,9,2.1664,2.4688,2
33RO20100308, A13.5,102,1,3,11703,2,20100411,2010-04-11 15:47,1547,-3.5002,-3.0005,4835,4000.6,4000.6,2.357,34.8837,2,34.8841,2,240.2,2,241.1,2,48.68,6,22.63,6,0,6,1.6,4,,9,,9,,9,,9,2199.7,2,2345.6,4,791,2,20,7.7208,2,25,,9,,9,,9,,9,,9,,9,,,9,2.0127,2.3571,2
33RO20100308, A13.5,102,1,2,11702,2,20100411,2010-04-11 15:47,1547,-3.5002,-3.0005,4835,4399.8,4399.8,2.2281,34.8702,2,34.8708,2,242,2,242.4,2,52.29,6,22.87,6,0,6,1.62,4,,9,,9,,9,,9,2204,2,2344.7,2,799.9,6,20,7.719,2,25,,9,,9,,9,,9,,9,,9,,,9,1.8412,2.228,2
33RO20100308, A13.5,102,1,1,11701,2,20100411,2010-04-11 15:47,1547,-3.5002,-3.0005,4835,4901.9,4901.9,2.2274,34.8642,2,34.8648,2,252.6,4,241.2,2,54.83,6,23.15,6,0,6,1.64,4,0.049,2,0.027,2,0,2,0.211,3,2207.9,6,2349,2,797.6,2,20,7.7156,2,25,,9,,9,,9,,9,,9,,9,,,9,1.7795,2.2267,2
33RO20100308, A13.5,103,1,24,11714,2,20100411,2010-04-11 22:17,2217,-2.9992,-2.9997,5224,5.5,5.5,28.9658,35.1315,2,35.134,2,197.1,2,196.8,6,0.8,6,0.07,6,0,6,0.09,3,1.529,2,0.964,2,0.964,2,1.737,3,1977.2,6,2303.4,2,284.4,2,20,8.0961,2,25,68.87,2,4.83,2,,9,,9,,9,,9,,,9,28.9645,28.9602,2
33RO20100308, A13.5,103,1,23,11716,2,20100411,2010-04-11 22:17,2217,-2.9992,-2.9997,5224,25.5,25.5,28.8856,35.1566,4,35.3271,2,197.6,2,199.2,2,0.99,2,0.33,2,0.01,2,0.16,3,1.652,6,1.021,6,0.967,6,1.373,3,2008,2,2317.3,6,310.5,2,20,8.0653,2,25,67.96,2,4.98,2,,9,,9,,9,,9,,,9,28.8794,28.8996,2
33RO20100308, A13.5,103,1,22,11022,2,20100411,2010-04-11 22:17,2217,-2.9992,-2.9997,5224,75.1,75.1,16.3739,35.7302,2,35.7299,2,144.9,2,143.8,2,4.93,2,13.63,2,0.16,2,1.03,3,2.269,2,1.285,2,0.853,2,0.511,3,2155.1,2,2345.4,6,611,2,20,7.8216,2,25,48.84,2,17.66,2,,9,,9,,9,,9,,,9,16.3618,16.3859,2
33RO20100308, A13.5,103,1,21,11010,2,20100411,2010-04-11 22:17,2217,-2.9992,-2.9997,5224,100.6,100.6,16.1971,35.7153,2,35.7117,2,131.2,2,132.4,2,5.42,2,15.34,2,0.04,2,1.12,3,2.252,2,1.279,2,0.82,2,0.408,3,2164.7,2,2341.2,2,649.1,2,20,7.7973,2,25,48.01,2,17.65,2,,9,,9,,9,,9,,,9,16.181,16.1977,2
33RO20100308, A13.5,103,1,20,11715,2,20100411,2010-04-11 22:17,2217,-2.9992,-2.9997,5224,125.1,125.1,15.8359,35.6687,2,35.6673,2,138.7,2,138.6,2,5.49,2,15.13,2,0.02,2,1.11,3,2.262,2,1.268,2,0.801,2,0.479,3,2161.3,2,2339.7,2,645.8,2,20,7.8008,2,25,48.1,2,17.46,2,,9,,9,,9,,9,,,9,15.8162,15.8311,2
33RO20100308, A13.5,103,1,19,11007,2,20100411,2010-04-11 22:17,2217,-2.9992,-2.9997,5224,150.1,150.1,15.727,35.6547,2,35.6543,2,135.4,2,137.3,2,5.62,2,15.47,2,0.01,2,1.15,3,2.257,2,1.282,2,0.81,2,0.444,3,2162.2,2,2338.1,2,655.5,2,20,7.7958,2,25,46.97,2,17.84,2,,9,,9,,9,,9,,,9,15.7034,15.7268,2
33RO20100308, A13.5,103,1,18,11710,2,20100411,2010-04-11 22:17,2217,-2.9992,-2.9997,5224,200.6,200.6,14.7008,35.5075,2,35.5018,2,84.9,2,85.9,2,7.32,2,22.45,2,0.01,2,1.52,3,2.089,2,1.155,2,0.604,2,0.322,3,2199.5,2,2328.1,2,884.4,2,20,7.6758,2,25,46.5,2,24.6,2,,9,,9,,9,,9,,,9,14.6707,14.6787,2
33RO20100308, A13.5,103,1,17,11025,2,20100411,2010-04-11 22:17,2217,-2.9992,-2.9997,5224,275.4,275.4,11.911,35.1518,2,35.145,2,67,2,67.6,2,11.36,2,28.82,2,0,2,1.88,3,1.573,2,0.839,2,0.303,2,0.242,3,2219.8,2,2308,2,1140.5,2,20,7.5741,2,25,44.36,2,31.24,2,,9,,9,,9,,9,,,9,11.8751,11.9065,2
33RO20100308, A13.5,103,1,16,11709,2,20100411,2010-04-11 22:17,2217,-2.9992,-2.9997,5224,372.8,372.8,8.8128,34.8016,2,34.799,2,71.1,2,71.4,2,16.73,2,34.42,2,0,2,2.23,3,0.918,2,0.471,2,0.115,2,0.356,3,2234,6,2296.7,2,1383.1,2,20,7.4971,2,25,42.08,2,36.68,2,,9,,9,,9,,9,,,9,8.7725,8.8133,2
33RO20100308, A13.5,103,1,15,11006,2,20100411,2010-04-11 22:17,2217,-2.9992,-2.9997,5224,549.5,549.5,6.7106,34.5839,2,34.5842,2,127.5,2,128.1,2,20.95,6,32.96,6,0,6,2.21,3,0.921,2,0.457,2,0.102,2,0.73,3,2212.9,2,2292.7,2,1189.2,6,20,7.553,2,25,41.18,2,34.46,2,,9,,9,,9,,9,,,9,6.6594,6.7297,2
33RO20100308, A13.5,103,1,14,11708,2,20100411,2010-04-11 22:17,2217,-2.9992,-2.9997,5224,700.3,700.3,5.596,34.5146,2,34.5153,2,125.6,2,125,2,26.19,6,35.61,6,0,6,2.4,3,0.369,2,0.181,2,0,2,0.464,3,2224,2,2294,2,1293,2,20,7.5233,2,25,40.66,2,37.26,2,,9,,9,,9,,9,,,9,5.536,5.601,2
33RO20100308, A13.5,103,1,13,11031,2,20100411,2010-04-11 22:17,2217,-2.9992,-2.9997,5224,899.6,899.6,4.5051,34.5433,2,34.545,2,148,2,148.7,2,32.48,2,34.1,2,0,2,2.36,3,0.086,2,0.043,2,0,2,0.207,3,2222.1,2,2301.3,2,1194.2,2,20,7.5531,2,25,40.51,2,36.1,2,,9,,9,,9,,9,,,9,4.4341,4.5053,2
33RO20100308, A13.5,103,1,12,11027,2,20100411,2010-04-11 22:17,2217,-2.9992,-2.9997,5224,1200.6,1200.6,4.4708,34.8092,2,34.8108,2,180,2,180.4,2,25.92,2,27.89,2,0,2,1.92,3,0.059,2,0.03,2,0,2,0.169,3,2203,2,2311.1,2,985.6,2,20,7.6309,2,25,40.43,2,29.55,2,,9,,9,,9,,9,,,9,4.3732,4.4704,2
33RO20100308, A13.5,103,1,11,11707,2,20100411,2010-04-11 22:17,2217,-2.9992,-2.9997,5224,1500.3,1500.3,4.1806,34.9624,2,34.9633,2,228.1,2,229.2,2,18.64,2,21.27,2,0,2,1.46,3,0.279,2,0.135,2,0,2,0.616,3,2177.1,2,2312.4,2,804.1,2,20,7.711,2,25,40.33,2,23.09,2,,9,,9,,9,,9,,,9,4.0583,4.1814,2
33RO20100308, A13.5,103,1,10,11003,2,20100411,2010-04-11 22:17,2217,-2.9992,-2.9997,5224,1800.4,1800.4,3.8248,34.9698,2,34.97,2,240.5,2,241.4,2,19.52,2,20.18,2,0,2,1.4,3,0.165,2,0.083,2,0,2,0.458,3,2172.3,2,2314.4,2,773,2,20,7.7266,2,25,39.97,2,22.01,2,,9,,9,,9,,9,,,9,3.6789,3.8249,2
33RO20100308, A13.5,103,1,9,11706,2,20100411,2010-04-11 22:17,2217,-2.9992,-2.9997,5224,2200.1,2200.1,3.2721,34.9443,2,34.9456,2,241.6,2,242,2,27.58,6,20.93,6,0,6,1.44,3,0.034,2,0.018,2,0,2,0.204,3,2178.5,2,2319.5,2,776.2,2,20,7.727,2,25,40.04,2,23.03,2,,9,,9,,9,,9,,,9,3.0965,3.2725,2
33RO20100308, A13.5,103,1,8,11033,2,20100411,2010-04-11 22:17,2217,-2.9992,-2.9997,5224,2599.2,2599.2,2.8786,34.9213,2,34.9218,2,237.7,2,238.2,2,36.18,6,21.85,6,0,6,1.51,3,0.006,2,0.004,2,0,2,0.051,3,2188.3,2,2331.6,2,788.6,2,20,7.722,2,25,38.84,2,24.33,2,,9,,9,,9,,9,,,9,2.6712,2.8787,2
33RO20100308, A13.5,103,1,7,11705,2,20100411,2010-04-11 22:17,2217,-2.9992,-2.9997,5224,2996.6,2996.6,2.6313,34.9062,2,34.9062,2,237,2,238,2,41.82,6,22.25,6,0,6,1.53,3,0.003,2,0.003,2,0,2,0.044,3,2195.2,2,2336.6,2,797.4,2,20,7.7208,2,25,40.1,2,24.07,2,,9,,9,,9,,9,,,9,2.389,2.6317,2
33RO20100308, A13.5,103,1,6,11029,2,20100411,2010-04-11 22:17,2217,-2.9992,-2.9997,5224,3400.3,3400.3,2.4723,34.8954,2,34.8945,2,237.2,2,239.6,2,45.38,6,22.43,6,0,6,1.55,3,0.008,2,0.006,2,0,2,0.059,3,2198.7,2,2342.2,2,799.1,2,20,7.7211,2,25,40.33,2,24.15,2,,9,,9,,9,,9,,,9,2.1913,2.4723,2
33RO20100308, A13.5,103,1,5,11704,4,20100411,2010-04-11 22:17,2217,-2.9992,-2.9997,5224,3799.8,3799.8,2.3954,34.8883,4,34.9066,4,241.1,2,238.3,2,41.83,4,22.23,4,0,4,1.53,4,0.004,4,0.004,4,0,2,0.056,4,2194.7,4,2339.7,4,790.7,4,20,7.7217,2,25,38.92,2,24.33,2,,9,,9,,9,,9,,,9,2.0727,2.3955,2
33RO20100308, A13.5,103,1,4,11030,2,20100411,2010-04-11 22:17,2217,-2.9992,-2.9997,5224,4200.7,4200.7,2.2703,34.876,2,34.8746,2,242.6,2,242.3,2,50.45,6,22.58,6,0,6,1.56,3,0.038,2,0.022,2,0,2,0.176,3,2200.6,2,2344.9,2,797.9,2,20,7.719,2,25,38.95,2,25.01,2,,9,,9,,9,,9,,,9,1.9055,2.2703,2
33RO20100308, A13.5,103,1,3,11703,2,20100411,2010-04-11 22:17,2217,-2.9992,-2.9997,5224,4599.7,4599.7,2.2098,34.8666,2,34.8667,2,240.7,2,242.3,2,53.84,6,22.93,6,0,6,1.59,3,0.045,6,0.024,6,0,6,0.196,3,2204.9,2,2346.1,2,804.3,2,20,7.7173,2,25,39.38,2,25.03,2,,9,,9,,9,,9,,,9,1.7996,2.2096,2
33RO20100308, A13.5,103,1,2,11702,2,20100411,2010-04-11 22:17,2217,-2.9992,-2.9997,5224,4999,4999,2.2297,34.8637,2,34.8633,2,243.1,2,241.7,2,54.85,6,23.09,6,0,6,1.6,3,0.05,2,0.026,2,0,2,0.21,3,2206.6,2,2348.2,2,803.8,2,20,7.7159,2,25,40.55,2,25.22,2,,9,,9,,9,,9,,,9,1.7696,2.2295,2
33RO20100308, A13.5,103,1,1,11701,2,20100411,2010-04-11 22:17,2217,-2.9992,-2.9997,5224,5301.4,5301.4,2.2612,34.8628,2,34.8652,2,241.9,2,240.8,6,55.19,6,23.15,6,0,6,1.61,3,0.051,2,0.027,2,0,2,0.217,3,2207.7,6,2348,2,806.1,2,20,7.7158,2,25,39.92,2,25.21,2,,9,,9,,9,,9,,,9,1.7614,2.2613,2
33RO20100308, A13.5,104,1,24,11714,2,20100412,2010-04-12 3:51,351,-2.6667,-3.0003,4759,5.8,5.8,28.7323,35.1507,2,35.1577,2,196.7,2,197.7,2,0.74,6,0.05,6,0,6,0.07,3,1.551,2,0.979,2,0.971,2,1.686,3,1981.5,6,2305.5,2,286.2,2,20,8.0917,2,25,,9,,9,,9,,9,,9,,9,,,9,28.7309,28.7301,2
33RO20100308, A13.5,104,1,23,11716,2,20100412,2010-04-12 3:51,351,-2.6667,-3.0003,4759,31,31,26.5486,35.6183,4,35.7007,2,204.7,2,205.2,6,1.26,2,0.36,2,0.01,2,0.21,3,1.821,2,1.103,2,0.892,2,1.013,3,2048.4,2,2341.9,6,,9,,8.0294,2,25,,9,,9,,9,,9,,9,,9,,,9,26.5416,26.5064,3
33RO20100308, A13.5,104,1,22,11022,2,20100412,2010-04-12 3:51,351,-2.6667,-3.0003,4759,60.3,60.3,16.654,35.7612,2,35.7595,2,151.6,2,148.4,2,4.8,2,12.38,2,0.07,2,0.96,3,2.249,2,1.293,2,0.863,2,0.496,3,2152.1,2,2343.6,6,591.6,2,20,7.8338,2,25,,9,,9,,9,,9,,9,,9,,,9,16.6442,16.6544,2
33RO20100308, A13.5,104,1,21,11010,2,20100412,2010-04-12 3:51,351,-2.6667,-3.0003,4759,89.9,89.9,16.2773,35.7201,2,35.719,2,144.8,2,143.4,2,5.15,2,13.43,2,0.03,2,1.02,3,2.273,2,1.29,2,0.808,2,0.509,3,2155.1,2,2347,2,616.5,2,20,7.8195,2,25,,9,,9,,9,,9,,9,,9,,,9,16.2629,16.281,2
33RO20100308, A13.5,104,1,20,11715,2,20100412,2010-04-12 3:51,351,-2.6667,-3.0003,4759,120.2,120.2,16.1107,35.7014,2,35.6986,2,142,2,140.2,2,5.37,2,14.15,2,0.02,2,1.07,3,2.259,2,1.294,2,0.834,2,0.459,3,2159.1,2,2342,2,633.5,2,20,7.8095,2,25,,9,,9,,9,,9,,9,,9,,,9,16.0915,16.1082,2
33RO20100308, A13.5,104,1,19,11007,2,20100412,2010-04-12 3:51,351,-2.6667,-3.0003,4759,175.2,175.2,15.712,35.6548,2,35.6565,2,129.1,2,128.1,2,5.86,2,16.05,2,0.01,2,1.17,3,2.244,2,1.269,2,0.816,2,0.424,3,2168.8,2,2338.5,2,682.8,2,20,7.7798,2,25,,9,,9,,9,,9,,9,,9,,,9,15.6845,15.7101,2
33RO20100308, A13.5,104,1,18,11710,2,20100412,2010-04-12 3:51,351,-2.6667,-3.0003,4759,224.9,224.9,14.5479,35.4849,2,35.4787,2,77.4,2,77.3,2,8.05,2,23.25,2,0.01,2,1.57,3,2.023,2,1.125,2,0.556,2,0.204,3,2205.7,2,2324,2,929.7,2,20,7.6577,2,25,,9,,9,,9,,9,,9,,9,,,9,14.5144,14.5573,2
33RO20100308, A13.5,104,1,17,11025,2,20100412,2010-04-12 3:51,351,-2.6667,-3.0003,4759,300.1,300.1,11.1703,35.0659,2,35.0645,2,61.2,2,62.6,2,12.37,2,30.43,2,0.01,2,1.96,3,1.399,2,0.75,2,0.274,2,0.224,3,2226.5,2,2306.9,2,1236,2,20,7.5467,2,25,,9,,9,,9,,9,,9,,9,,,9,11.1327,11.1787,2
33RO20100308, A13.5,104,1,16,11709,2,20100412,2010-04-12 3:51,351,-2.6667,-3.0003,4759,374.8,374.8,8.6979,34.7891,2,34.7877,2,73.5,2,74.1,2,17.1,2,34.86,2,0,2,2.23,3,0.895,2,0.457,2,0.096,2,0.322,3,2234.1,6,2294.9,2,1363.3,2,20,7.501,2,25,,9,,9,,9,,9,,9,,9,,,9,8.6577,8.694,2
33RO20100308, A13.5,104,1,15,11006,2,20100412,2010-04-12 3:51,351,-2.6667,-3.0003,4759,450.4,450.4,7.1945,34.6246,2,34.6275,2,120.8,2,120.6,2,19.53,2,33.61,2,0,2,2.19,3,1.028,2,0.519,2,0.141,2,0.655,3,2215.1,2,2294.1,2,1195.3,6,20,7.5518,2,25,,9,,9,,9,,9,,9,,9,,,9,7.1511,7.1942,2
33RO20100308, A13.5,104,1,14,11708,2,20100412,2010-04-12 3:51,351,-2.6667,-3.0003,4759,499.9,499.9,6.7862,34.5889,2,34.5882,2,126.1,2,126.8,2,20.77,2,33.94,2,0,2,2.22,3,0.948,2,0.473,2,0.123,2,0.72,3,2214.8,2,2291.6,2,1194.2,2,20,7.5524,2,25,,9,,9,,9,,9,,9,,9,,,9,6.7395,6.7861,2
33RO20100308, A13.5,104,1,13,11031,2,20100412,2010-04-12 3:51,351,-2.6667,-3.0003,4759,600,600,6.0243,34.5431,2,34.5449,2,116.5,2,115.7,2,24.38,2,36.61,2,0,2,2.41,3,0.454,2,0.226,2,0.041,2,0.435,3,2226.9,2,2294.4,2,,9,,7.5152,2,25,,9,,9,,9,,9,,9,,9,,,9,5.9713,6.03,2
33RO20100308, A13.5,104,1,12,11027,2,20100412,2010-04-12 3:51,351,-2.6667,-3.0003,4759,799.7,799.7,4.7123,34.5062,2,34.5076,2,143.2,2,143,2,31.56,2,35.72,2,0,2,2.42,3,0.148,2,0.076,2,0,2,0.266,3,2224.9,2,2300.9,2,1242.1,2,20,7.5424,2,25,,9,,9,,9,,9,,9,,9,,,9,4.6486,4.7121,2
33RO20100308, A13.5,104,1,11,11707,2,20100412,2010-04-12 3:51,351,-2.6667,-3.0003,4759,999.7,999.7,4.4086,34.5936,2,34.5956,2,156.5,2,156.9,2,32.26,2,33.66,2,0,2,2.29,3,0.078,2,0.041,2,0,2,0.175,3,2220.3,2,2306.9,2,1155.6,2,20,7.5715,2,25,,9,,9,,9,,9,,9,,9,,,9,4.3297,4.4086,2
33RO20100308, A13.5,104,1,10,11003,2,20100412,2010-04-12 3:51,351,-2.6667,-3.0003,4759,1300.5,1300.5,4.4905,34.8946,2,34.897,2,200.5,2,200.5,2,22.02,2,25.43,2,0,2,1.71,3,,9,,9,,9,,9,2192.1,2,2309.8,2,,9,,7.6686,2,25,,9,,9,,9,,9,,9,,9,,,9,4.3835,4.4915,2
33RO20100308, A13.5,104,1,9,11706,2,20100412,2010-04-12 3:51,351,-2.6667,-3.0003,4759,1600.2,1600.2,4.1626,34.9669,2,34.9681,2,232.9,2,230.4,2,18.31,6,21.22,6,0,6,1.44,3,,9,,9,,9,,9,2174.7,2,2312,2,803.6,2,20,7.7143,2,25,,9,,9,,9,,9,,9,,9,,,9,4.0312,4.1629,2
33RO20100308, A13.5,104,1,8,11033,2,20100412,2010-04-12 3:51,351,-2.6667,-3.0003,4759,1900.1,1900.1,3.7283,34.9675,2,34.9692,2,243.3,2,244,2,20.23,6,20.35,6,0,6,1.37,3,,9,,9,,9,,9,2170.6,2,2314,2,,9,,7.7295,2,25,,9,,9,,9,,9,,9,,9,,,9,3.5743,3.7281,2
33RO20100308, A13.5,104,1,7,11705,2,20100412,2010-04-12 3:51,351,-2.6667,-3.0003,4759,2300.3,2300.3,3.1221,34.9354,2,34.9368,2,240.1,2,240.2,2,30.93,6,21.55,6,0,6,1.46,3,,9,,9,,9,,9,2182.4,2,2325.6,2,785.5,2,20,7.7255,2,25,,9,,9,,9,,9,,9,,9,,,9,2.9394,3.1221,2
33RO20100308, A13.5,104,1,6,11029,2,20100412,2010-04-12 3:51,351,-2.6667,-3.0003,4759,2700.9,2700.9,2.811,34.9169,2,34.9191,2,238.1,2,238.9,2,37.86,6,22.09,6,0,6,1.51,3,,9,,9,,9,,9,2190.2,2,2333.5,2,,9,,7.7214,2,25,,9,,9,,9,,9,,9,,9,,,9,2.5948,2.8107,2
33RO20100308, A13.5,104,1,5,11704,2,20100412,2010-04-12 3:51,351,-2.6667,-3.0003,4759,3099.3,3099.3,2.5746,34.9024,2,34.9039,2,238.4,2,237.9,2,43.27,6,22.52,6,0,6,1.54,3,,9,,9,,9,,9,2196,2,2340.5,2,796.3,2,20,7.7203,2,25,,9,,9,,9,,9,,9,,9,,,9,2.3229,2.5744,2
33RO20100308, A13.5,104,1,4,11030,2,20100412,2010-04-12 3:51,351,-2.6667,-3.0003,4759,3500.2,3500.2,2.4349,34.8924,2,34.8945,2,237.9,2,240,2,46.25,6,22.58,6,0,6,1.54,3,,9,,9,,9,,9,2198.1,2,2343.2,2,,9,,7.7222,2,25,,9,,9,,9,,9,,9,,9,,,9,2.1441,2.4346,2
33RO20100308, A13.5,104,1,3,11703,2,20100412,2010-04-12 3:51,351,-2.6667,-3.0003,4759,3899.3,3899.3,2.3689,34.8859,2,34.8866,2,242,2,242.7,2,47.39,6,22.39,6,0,6,1.54,3,,9,,9,,9,,9,2198.2,2,2344.2,2,791,2,20,7.7204,2,25,,9,,9,,9,,9,,9,,9,,,9,2.0358,2.3688,2
33RO20100308, A13.5,104,1,2,11702,2,20100412,2010-04-12 3:51,351,-2.6667,-3.0003,4759,4300.1,4300.1,2.2786,34.8754,2,34.876,2,243,2,243.6,6,50.52,6,22.57,6,0,6,1.56,3,,9,,9,,9,,9,2201.7,2,2344.9,2,,9,,7.7196,2,25,,9,,9,,9,,9,,9,,9,,,9,1.9019,2.2783,2
33RO20100308, A13.5,104,1,1,11701,2,20100412,2010-04-12 3:51,351,-2.6667,-3.0003,4759,4823.3,4823.3,2.1968,34.8622,2,34.8643,2,241.2,2,241.6,2,55.58,6,23.16,6,0,6,1.61,3,,9,,9,,9,,9,2208.8,6,2351.5,2,809.4,2,20,7.7154,2,25,,9,,9,,9,,9,,9,,9,,,9,1.7597,2.1961,2
33RO20100308, A13.5,105,1,24,11714,2,20100412,2010-04-12 9:24,924,-2.3333,-3.0007,4957,4.8,4.8,28.8068,35.1561,2,35.1594,2,196.5,2,197,2,0.75,6,0.03,6,0,6,0.06,3,1.528,2,0.978,2,0.956,2,,5,1980.8,6,2306.3,2,288.2,2,20,8.0926,2,25,69.76,2,4.7,2,,9,,9,,9,45.7,2,3.2,1.52,2,28.8056,28.7957,2
33RO20100308, A13.5,105,1,23,11716,2,20100412,2010-04-12 9:24,924,-2.3333,-3.0007,4957,24.6,24.6,28.2352,35.4394,2,35.4744,2,199.2,2,200.5,2,0.91,2,0.22,2,0,2,0.1,3,1.579,2,1.004,2,0.996,2,,5,2004.7,2,2326.2,6,299.5,2,20,8.0786,2,25,69.41,2,4.64,2,,9,,9,,9,60.4,2,2.9,1.51,2,28.2294,28.237,2
33RO20100308, A13.5,105,1,22,11022,2,20100412,2010-04-12 9:24,924,-2.3333,-3.0007,4957,49.9,49.9,16.95,35.7736,2,35.7623,2,146.2,2,144.7,6,4.75,2,13.25,2,0.12,2,0.99,3,2.188,6,1.279,6,0.829,6,,5,2152.4,2,2347.3,2,,9,,7.8284,2,25,51.76,2,16.64,2,,9,,9,,9,53.4,2,3.9,0.81,2,16.9418,16.9405,2
33RO20100308, A13.5,105,1,21,11010,2,20100412,2010-04-12 9:24,924,-2.3333,-3.0007,4957,100.2,100.2,16.1365,35.7028,2,35.7029,2,143.7,2,142.5,2,5.23,2,14.25,2,0.02,2,1.04,3,2.218,2,1.288,2,0.861,2,,5,2156.7,2,2344.1,2,623.1,2,20,7.814,2,25,49.52,2,16.77,2,,9,,9,,9,56.5,2,2.9,0.75,2,16.1205,16.1369,2
33RO20100308, A13.5,105,1,20,11715,2,20100412,2010-04-12 9:24,924,-2.3333,-3.0007,4957,150.1,150.1,15.8678,35.6758,2,35.6766,2,129.3,2,130.4,2,5.75,2,16.01,2,0.01,2,1.14,3,2.197,2,1.271,2,0.807,2,,5,2165.8,2,2341.5,2,663.8,2,20,7.7887,2,25,48.34,2,18.39,2,,9,,9,,9,53.4,2,3.9,0.75,2,15.8441,15.8674,2
33RO20100308, A13.5,105,1,19,11007,2,20100412,2010-04-12 9:24,924,-2.3333,-3.0007,4957,200.5,200.5,15.0703,35.5598,2,35.5583,2,84.3,2,83.9,2,7.45,2,22.13,2,0.01,2,1.47,3,2.054,2,1.171,2,0.673,2,,5,2197,2,2329.4,2,864.8,6,20,7.6843,2,25,46.6,2,23.98,2,,9,,9,,9,58.2,2,3,0.39,2,15.0397,15.0689,2
33RO20100308, A13.5,105,1,18,11710,2,20100412,2010-04-12 9:24,924,-2.3333,-3.0007,4957,330.8,330.8,9.9429,34.9296,2,34.9264,2,49.4,2,49.8,2,15.17,2,34.49,2,0,2,2.19,3,0.968,6,0.513,6,0.142,6,,5,2240.5,6,2301.9,2,1421.6,2,20,7.4829,2,25,44.07,2,36.96,2,,9,,9,,9,-3.9,2,3,0.25,2,9.9044,9.944,2
33RO20100308, A13.5,105,1,17,11025,2,20100412,2010-04-12 9:24,924,-2.3333,-3.0007,4957,500.6,500.6,6.7612,34.5888,2,34.5907,2,125.2,2,125.5,2,20.83,2,33.16,2,0,2,2.21,3,0.885,2,0.447,2,0.121,2,,5,2212.2,2,2292.8,3,1200.1,2,20,7.5516,2,25,42.31,2,35.49,2,,9,,9,,9,-55,2,2.5,0.68,2,6.7145,6.7653,2
33RO20100308, A13.5,105,1,16,11709,2,20100412,2010-04-12 9:24,924,-2.3333,-3.0007,4957,650,650,5.4598,34.4965,2,34.4998,2,144.4,2,142.8,2,26.17,2,34.02,2,0,2,2.32,3,0.614,2,0.305,2,0,2,,5,2212.5,2,2295.8,2,1186.4,2,20,7.5535,2,25,41,2,35.7,2,,9,,9,,9,-77.6,2,2.6,0.73,2,5.405,5.4598,2
33RO20100308, A13.5,105,1,15,11006,2,20100412,2010-04-12 9:24,924,-2.3333,-3.0007,4957,750.4,750.4,5.0241,34.4906,2,34.4939,2,145,2,140.9,2,29.33,2,34.89,2,0,2,2.4,3,0.299,2,0.152,2,0,2,,5,2218.6,2,2297.7,2,1223,2,20,7.5427,2,25,40.35,2,36.71,2,,9,,9,,9,-90.1,2,2.8,0.71,2,4.9628,5.0229,2
33RO20100308, A13.5,105,1,14,11708,2,20100412,2010-04-12 9:24,924,-2.3333,-3.0007,4957,899.9,899.9,4.4739,34.542,2,34.5446,2,156.1,2,155.3,2,32.38,2,33.61,2,0,2,2.32,3,0.156,2,0.081,2,0,2,,5,2217.9,2,2303.6,2,,9,,7.5661,2,25,40.24,2,35.83,2,,9,,9,,9,-105.4,2,2.4,0.71,2,4.4031,4.4737,2
33RO20100308, A13.5,105,1,13,11031,2,20100412,2010-04-12 9:24,924,-2.3333,-3.0007,4957,1100.6,1100.6,4.497,34.6408,2,34.6418,2,159.7,2,159.7,2,30.71,2,32.17,2,0,2,2.21,3,0.068,2,0.036,2,0,2,,5,2215.6,2,2306.5,2,1111.2,2,20,7.5835,2,25,40.44,2,34.2,2,,9,,9,,9,-105.4,2,2.4,0.72,2,4.4085,4.4968,2
33RO20100308, A13.5,105,1,12,11027,2,20100412,2010-04-12 9:24,924,-2.3333,-3.0007,4957,1249.7,1249.7,4.4758,34.8248,2,34.8259,2,183.3,2,183,2,25.37,2,27.64,2,0,2,1.88,3,,9,,9,,9,,9,2200.7,2,2311.5,2,969.6,2,20,7.6367,2,25,39.79,2,29.75,2,,9,,9,,9,-88.1,2,3.4,0.83,2,4.3737,4.4768,2
33RO20100308, A13.5,105,1,11,11707,2,20100412,2010-04-12 9:24,924,-2.3333,-3.0007,4957,1400.1,1400.1,4.3735,34.9463,2,34.9473,2,218.6,2,217.8,2,19.48,2,22.75,2,0,2,1.53,3,,9,,9,,9,,9,2180.1,2,2314.3,2,,9,,7.6964,2,25,40.06,2,23.94,2,,9,,9,,9,-79.1,2,2.6,0.92,2,4.2584,4.3755,2
33RO20100308, A13.5,105,1,10,11003,2,20100412,2010-04-12 9:24,924,-2.3333,-3.0007,4957,1600,1600,4.223,34.969,2,34.9705,2,230.8,2,231,2,18.01,6,21.18,6,0,6,1.43,3,0.3,2,0.149,2,0,2,,5,2173.4,2,2313.2,2,,9,,7.7152,2,25,39.84,2,22.14,2,,9,,9,,9,-76.4,2,2.9,0.98,2,4.0909,4.222,2
33RO20100308, A13.5,105,1,9,11706,2,20100412,2010-04-12 9:24,924,-2.3333,-3.0007,4957,1899.7,1899.7,3.7671,34.9697,2,34.972,2,244.5,2,244.4,2,19.54,6,20.14,6,0,6,1.35,3,,9,,9,,9,,9,2168.6,2,2315.6,2,767.2,2,20,7.7294,2,25,40.18,2,20.78,2,,9,,9,,9,-87.7,2,2.6,1.06,2,3.6126,3.7694,2
33RO20100308, A13.5,105,1,8,11033,2,20100412,2010-04-12 9:24,924,-2.3333,-3.0007,4957,2201,2201,3.2831,34.9442,2,34.9457,2,240.6,2,241.2,2,27.68,6,21.1,6,0,6,1.43,3,,9,,9,,9,,9,2178.5,2,2323.3,2,,9,,7.7261,2,25,40.16,2,22.08,2,,9,,9,,9,,9,,,9,3.1073,3.2835,2
33RO20100308, A13.5,105,1,7,11705,2,20100412,2010-04-12 9:24,924,-2.3333,-3.0007,4957,2499.7,2499.7,2.9304,34.9243,2,34.9276,2,237.1,2,238.7,2,34.84,6,21.78,6,0,6,1.47,3,0.008,2,0.005,2,0,2,,5,2187,2,2327.6,2,,9,,7.7227,2,25,39.82,2,23.09,2,,9,,9,,9,,9,,,9,2.7318,2.93,2
33RO20100308, A13.5,105,1,6,11029,2,20100412,2010-04-12 9:24,924,-2.3333,-3.0007,4957,2899.1,2899.1,2.6659,34.9081,2,34.9101,2,237.3,2,238.2,2,40.9,6,22.27,6,0,6,1.51,3,,9,,9,,9,,9,2193.4,2,2336.3,2,792.8,2,20,7.7211,2,25,40.58,2,23.4,2,,9,,9,,9,,9,,,9,2.4328,2.6653,2
33RO20100308, A13.5,105,1,5,11704,2,20100412,2010-04-12 9:24,924,-2.3333,-3.0007,4957,3200.5,3200.5,2.5232,34.8992,2,34.9003,2,239.9,2,240.8,2,43.26,6,22.17,6,0,6,1.52,3,,9,,9,,9,,9,2195.6,2,2339.2,2,,9,,7.7225,2,25,40.44,2,23.92,2,,9,,9,,9,,9,,,9,2.2622,2.5232,2
33RO20100308, A13.5,105,1,4,11030,2,20100412,2010-04-12 9:24,924,-2.3333,-3.0007,4957,3599.5,3599.5,2.4031,34.8901,2,34.8916,2,240.5,2,240.5,2,46.3,6,22.3,6,0,6,1.53,3,0.014,2,0.009,2,0,2,,5,2196.5,2,2341.4,2,,9,,7.721,2,25,40.64,2,23.73,2,,9,,9,,9,,9,,,9,2.1023,2.4029,2
33RO20100308, A13.5,105,1,3,11703,2,20100412,2010-04-12 9:24,924,-2.3333,-3.0007,4957,3999.8,3999.8,2.3359,34.8828,2,34.8843,2,242.8,2,242.5,6,48.09,6,22.34,6,0,6,1.54,3,,9,,9,,9,,9,2197.6,2,2343.9,2,796.3,2,20,7.721,2,25,39.33,2,24.25,2,,9,,9,,9,,9,,,9,1.9923,2.3357,2
33RO20100308, A13.5,105,1,2,11702,2,20100412,2010-04-12 9:24,924,-2.3333,-3.0007,4957,4400.2,4400.2,2.2329,34.8705,2,34.8731,2,242.3,2,242.8,2,52.06,6,22.69,6,0,6,1.57,3,,9,,9,,9,,9,2200.8,2,2346.2,2,,9,,7.7187,2,25,39.68,2,24.37,2,,9,,9,,9,,9,,,9,1.8458,2.2328,2
33RO20100308, A13.5,105,1,1,11701,2,20100412,2010-04-12 9:24,924,-2.3333,-3.0007,4957,5025.6,5025.6,2.1899,34.8594,2,34.862,2,242.9,2,241.2,2,55.84,6,23.05,6,0,6,1.6,3,0.06,2,0.033,2,0,2,,5,2206.2,6,2349.4,2,813,2,20,7.7139,2,25,39.17,2,24.67,2,,9,,9,,9,,9,,,9,1.7278,2.1896,2
33RO20100308, A13.5,106,1,24,11714,2,20100412,2010-04-12 14:49,1449,-1.9998,-3,5041,4.7,4.7,28.8653,35.1682,2,35.1798,2,196.4,2,197.9,2,0.6,6,0.08,6,0,6,0.03,6,1.556,2,0.984,2,0.955,2,1.715,3,1983.3,2,2306.2,2,289.1,2,20,8.0919,2,25,,9,,9,,1,,1,,9,,9,,,9,28.8642,28.8676,2
33RO20100308, A13.5,106,1,23,11716,2,20100412,2010-04-12 14:49,1449,-1.9998,-3,5041,34.8,34.8,26.0522,35.7363,2,35.7566,2,209.3,2,211.4,2,1.03,2,0.29,2,0.01,2,0.13,2,1.781,2,1.087,2,0.945,2,1.118,3,2040.1,2,2348.3,2,331.4,2,20,8.0484,2,25,,9,,9,,1,,1,,9,,9,,,9,26.0444,26.0873,2
33RO20100308, A13.5,106,1,22,11022,2,20100412,2010-04-12 14:49,1449,-1.9998,-3,5041,70.7,70.7,16.338,35.7268,2,35.7246,2,143.4,2,141.2,2,5,2,14.18,2,0.03,2,1,2,2.27,2,1.293,2,0.856,2,0.514,3,2157.5,2,2344.5,6,622.2,2,20,7.8167,2,25,,9,,9,,1,,1,,9,,9,,,9,16.3266,16.3368,2
33RO20100308, A13.5,106,1,21,11010,2,20100412,2010-04-12 14:49,1449,-1.9998,-3,5041,124.3,124.3,15.8791,35.6741,2,35.6722,2,128,2,130.1,2,5.55,2,16.59,2,0.02,2,1.13,2,2.236,2,1.27,2,0.774,2,0.451,3,2168.5,2,2342.1,2,668.9,2,20,7.7871,2,25,,9,,9,,1,,1,,9,,9,,,9,15.8595,15.8801,2
33RO20100308, A13.5,106,1,20,11715,2,20100412,2010-04-12 14:49,1449,-1.9998,-3,5041,225.2,225.2,14.1696,35.4319,2,35.4207,2,73.3,2,72.3,2,8.45,2,24.7,2,0.01,2,1.57,2,1.967,2,1.073,2,0.469,2,0.229,3,2211.4,2,2322.9,2,968.1,2,20,7.6381,2,25,,9,,9,,1,,1,,9,,9,,,9,14.1366,14.1729,2
33RO20100308, A13.5,106,1,19,11007,4,20100412,2010-04-12 14:49,1449,-1.9998,-3,5041,325,325,9.7957,34.9071,4,35.7408,4,65.9,4,145.2,4,4.81,4,13.7,4,0.05,4,0.97,4,2.26,4,1.295,4,0.841,4,0.526,4,2157.9,4,2347.9,4,610,4,20,7.8248,4,25,,9,,9,,1,,1,,9,,9,,,9,9.7583,9.7917,2
33RO20100308, A13.5,106,1,18,11710,2,20100412,2010-04-12 14:49,1449,-1.9998,-3,5041,424.7,424.7,7.9615,34.7079,2,34.7034,2,93.2,2,94.8,2,18.14,2,34.82,2,0.01,2,2.2,2,0.925,2,0.468,2,0.132,2,0.545,3,2226.4,2,2295.2,2,1307.6,2,20,7.5188,2,25,,9,,9,,1,,1,,9,,9,,,9,7.9182,7.9705,2
33RO20100308, A13.5,106,1,17,11025,2,20100412,2010-04-12 14:49,1449,-1.9998,-3,5041,524.6,524.6,6.5568,34.5617,2,34.5646,2,140.7,2,138.5,2,20.89,2,32.82,2,0,2,2.15,2,1.056,2,0.523,2,0.135,2,0.924,3,2210,2,2294.8,2,1146.6,2,20,7.5701,2,25,,9,,9,,1,,1,,9,,9,,,9,6.5086,6.5773,2
33RO20100308, A13.5,106,1,16,11709,2,20100412,2010-04-12 14:49,1449,-1.9998,-3,5041,599.7,599.7,5.9248,34.5154,2,34.5164,2,143.4,2,142.9,2,23.59,2,33.59,2,0,2,2.22,2,0.86,2,0.423,2,0.1,2,0.905,3,2211.8,2,2293.8,2,1166.4,2,20,7.5635,2,25,,9,,9,,1,,1,,9,,9,,,9,5.8723,5.9261,2
33RO20100308, A13.5,106,1,15,11006,2,20100412,2010-04-12 14:49,1449,-1.9998,-3,5041,690.2,690.2,5.253,34.4875,2,34.4864,2,147.1,2,146.5,2,27.44,2,34.74,2,0,2,2.31,2,0.551,2,0.266,2,0,2,0.73,3,2216.2,2,2295.4,2,1187.1,2,20,7.5545,2,25,,9,,9,,1,,1,,9,,9,,,9,5.1957,5.2548,2
33RO20100308, A13.5,106,1,14,11708,2,20100412,2010-04-12 14:49,1449,-1.9998,-3,5041,899.1,899.1,4.5758,34.5604,2,34.5591,2,150.6,2,149.9,2,31.73,2,34.44,2,0,2,2.31,2,0.101,2,0.052,2,0,2,0.239,3,2222.3,2,2302.7,2,1175,2,20,7.5606,2,25,,9,,9,,1,,1,,9,,9,,,9,4.5044,4.5769,2
33RO20100308, A13.5,106,1,13,11031,2,20100412,2010-04-12 14:49,1449,-1.9998,-3,5041,1101.7,1101.7,4.5118,34.6535,2,34.6527,2,160.4,2,159.9,2,30.28,2,32.4,2,0,2,2.17,2,0.066,2,0.034,2,0,2,0.183,3,2216.7,2,2307.3,2,1104.8,2,20,7.5883,2,25,,9,,9,,1,,1,,9,,9,,,9,4.423,4.5117,2
33RO20100308, A13.5,106,1,12,11027,2,20100412,2010-04-12 14:49,1449,-1.9998,-3,5041,1300,1300,4.4672,34.8795,2,34.8811,2,196.6,2,196.9,2,22.74,2,25.76,2,0,2,1.71,2,0.127,2,0.064,2,0,2,0.316,3,2194.3,2,2311.7,2,911.2,2,20,7.6628,2,25,,9,,9,,1,,1,,9,,9,,,9,4.3605,4.4651,2
33RO20100308, A13.5,106,1,11,11707,2,20100412,2010-04-12 14:49,1449,-1.9998,-3,5041,1500,1500,4.2759,34.9617,2,34.9603,2,226.9,2,226.1,2,18.47,2,21.82,2,0,2,1.44,2,0.266,2,0.13,2,0,2,0.624,3,2177.5,2,2313.6,2,814.6,2,20,7.7079,2,25,,9,,9,,1,,1,,9,,9,,,9,4.1526,4.2761,2
33RO20100308, A13.5,106,1,10,11003,2,20100412,2010-04-12 14:49,1449,-1.9998,-3,5041,1799.6,1799.6,3.9344,34.9746,2,34.9742,2,241.8,2,241.6,2,18.26,6,20.08,6,0,6,1.33,6,0.255,2,0.126,2,0,2,0.649,3,2170.5,2,2314.1,2,775.9,2,20,7.7278,2,25,,9,,9,,1,,1,,9,,9,,,9,3.7871,3.9343,2
33RO20100308, A13.5,106,1,9,11706,2,20100412,2010-04-12 14:49,1449,-1.9998,-3,5041,2098.6,2098.6,3.4355,34.9578,2,34.9563,2,246.6,2,245.3,2,23.61,6,20.27,6,0,6,1.35,6,0.087,2,0.045,2,0,2,0.332,3,2173.4,2,2319.7,3,761.6,2,20,7.7325,2,25,,9,,9,,9,,1,,9,,9,,,9,3.267,3.4366,2
33RO20100308, A13.5,106,1,8,11033,2,20100412,2010-04-12 14:49,1449,-1.9998,-3,5041,2399.6,2399.6,3.0838,34.9339,2,34.9329,2,240.4,2,239.5,2,31.45,6,21.32,6,0,6,1.43,6,0.018,2,0.013,2,0,2,0.112,3,2182.8,2,2325.3,2,777.4,2,20,7.7243,2,25,,9,,9,,1,,1,,9,,9,,,9,2.8922,3.0832,2
33RO20100308, A13.5,106,1,7,11705,2,20100412,2010-04-12 14:49,1449,-1.9998,-3,5041,2700.2,2700.2,2.742,34.9139,2,34.9131,2,237.9,2,237.3,2,39.08,6,22.04,6,0,6,1.48,6,0.003,2,0.003,2,0,2,0.039,3,2192,2,2333.8,2,786.8,2,20,7.7208,2,25,,9,,9,,9,,1,,9,,9,,,9,2.5273,2.7419,2
33RO20100308, A13.5,106,1,6,11029,2,20100412,2010-04-12 14:49,1449,-1.9998,-3,5041,2999.2,2999.2,2.5991,34.9051,2,34.9039,2,239,2,238.7,2,41.94,6,22.13,6,0,6,1.49,6,0.006,2,0.004,2,0,2,0.053,3,2194.1,2,2336.8,2,785.4,2,20,7.7222,2,25,,9,,9,,1,,1,,9,,9,,,9,2.3572,2.5987,2
33RO20100308, A13.5,106,1,5,11704,4,20100412,2010-04-12 14:49,1449,-1.9998,-3,5041,3398.7,3398.7,2.4631,34.8958,4,35.1687,4,239.2,2,,9,0.55,4,0.02,4,0,4,0.02,4,1.555,4,0.981,4,1.017,4,1.751,4,,9,,5,,9,,,9,,,9,,9,,9,,1,,9,,9,,,9,2.1825,2.463,2
33RO20100308, A13.5,106,1,4,11030,2,20100412,2010-04-12 14:49,1449,-1.9998,-3,5041,3801.5,3801.5,2.3593,34.8859,2,34.8847,2,240.9,2,241.9,2,47.62,6,22.29,6,0,6,1.51,6,0.02,2,0.013,2,0,2,0.13,3,2199,2,2342.1,3,789.5,2,20,7.7217,2,25,,9,,9,,1,,1,,9,,9,,,9,2.0374,2.3587,2
33RO20100308, A13.5,106,1,3,11703,2,20100412,2010-04-12 14:49,1449,-1.9998,-3,5041,4198.3,4198.3,2.2758,34.8763,2,34.875,2,243.2,2,243,2,50.31,6,22.41,6,0,6,1.53,6,0.035,2,0.02,2,0,2,0.192,3,2200.9,2,2343.4,2,794.1,2,20,7.7194,2,25,,9,,9,,9,,1,,9,,9,,,9,1.9111,2.2757,2
33RO20100308, A13.5,106,1,2,11702,2,20100412,2010-04-12 14:49,1449,-1.9998,-3,5041,4600.2,4600.2,2.2007,34.8657,2,34.8644,2,241.7,2,242.4,2,54.13,6,22.86,6,0,6,1.56,6,0.045,2,0.025,2,0,2,0.228,3,2206.6,2,2347.3,2,802.6,2,20,7.7154,2,25,,9,,9,,1,,1,,9,,9,,,9,1.7907,2.2005,2
33RO20100308, A13.5,106,1,1,11701,2,20100412,2010-04-12 14:49,1449,-1.9998,-3,5041,5116.3,5116.3,2.2032,34.8595,2,34.8575,2,243.2,2,241.6,2,56.08,6,22.97,6,0,6,1.57,6,0.063,2,0.033,2,0,2,0.278,3,2209,2,2346,2,808.8,2,20,7.7125,2,25,,9,,9,,1,,1,,9,,9,,,9,1.7292,2.2029,2
33RO20100308, A13.5,107,1,24,11714,2,20100412,2010-04-12 20:20,2020,-1.666,-3.0018,5086,6,6,28.7741,35.0373,2,35.0494,2,197.5,2,197.3,2,0.58,6,0.07,6,0,6,0.03,6,1.551,2,0.981,2,0.966,2,1.716,3,1973.4,6,2297.6,2,284.8,2,20,8.0959,2,25,69.86,2,4.8,2,,9,,9,,9,,9,,,9,28.7727,28.7729,2
33RO20100308, A13.5,107,1,23,11716,2,20100412,2010-04-12 20:20,2020,-1.666,-3.0018,5086,30.1,30.1,27.7018,35.657,2,35.6586,2,200.8,2,203.4,2,0.86,2,0.28,2,0,2,0.07,2,1.672,2,1.041,2,0.986,2,1.388,3,2021.3,2,2339.3,6,309.4,2,20,8.0686,2,25,66.5,2,5.27,2,,9,,9,,9,,9,,,9,27.6948,27.5343,2
33RO20100308, A13.5,107,1,22,11022,2,20100412,2010-04-12 20:20,2020,-1.666,-3.0018,5086,59.7,59.7,16.2547,35.7049,2,35.7067,2,139.7,2,138.9,6,4.97,2,14.56,2,0.07,2,1.03,2,2.259,2,1.281,2,0.817,2,0.584,3,2160.2,2,2341,6,634.1,2,20,7.8077,2,25,56.84,2,18.25,2,,9,,9,,9,,9,,,9,16.2451,16.2398,2
33RO20100308, A13.5,107,1,21,11010,2,20100412,2010-04-12 20:20,2020,-1.666,-3.0018,5086,100.7,100.7,15.7086,35.6547,2,35.6534,2,117.5,2,116.8,2,6.17,2,17.85,2,0.02,2,1.21,2,2.201,2,1.244,2,0.738,2,0.367,3,,9,,9,,9,,,9,,,9,,9,,9,,9,,9,,9,,,9,15.6928,15.7078,2
33RO20100308, A13.5,107,1,20,11715,2,20100412,2010-04-12 20:20,2020,-1.666,-3.0018,5086,149.7,149.7,15.1356,35.5756,2,35.5752,2,100.9,2,99.9,2,6.77,2,20.57,2,0.01,2,1.35,2,2.189,2,1.224,2,0.661,2,0.311,3,2189.9,2,2334,2,801.1,2,20,7.7141,2,25,48.92,2,23.47,2,,9,,9,,9,,9,,,9,15.1127,15.1448,2
33RO20100308, A13.5,107,1,19,11007,2,20100412,2010-04-12 20:20,2020,-1.666,-3.0018,5086,250.2,250.2,11.9879,35.157,2,35.1508,2,80.6,2,79.4,2,10.63,2,27.53,2,0.01,2,1.74,2,1.703,2,0.912,2,0.348,2,0.316,3,2212.1,2,2310.6,2,1067.4,6,20,7.6,2,25,43.3,2,28.67,2,,9,,9,,9,,9,,,9,11.9551,11.9857,2
33RO20100308, A13.5,107,1,18,11710,2,20100412,2010-04-12 20:20,2020,-1.666,-3.0018,5086,350.1,350.1,9.8366,34.9095,2,34.9068,2,62.5,2,64.6,2,14.66,2,33.15,2,0,2,2.09,2,1.119,2,0.583,2,0.179,2,0.326,3,2232.3,6,2300.3,2,1332.1,2,20,7.511,2,25,42.16,2,35.06,2,,9,,9,,9,,9,,,9,9.7961,9.8369,2
33RO20100308, A13.5,107,1,17,11025,2,20100412,2010-04-12 20:20,2020,-1.666,-3.0018,5086,499.7,499.7,6.7556,34.5724,2,34.5725,2,142.7,2,143.1,2,20.14,2,31.55,2,0,2,2.09,2,,9,,9,,9,,9,2203.7,2,2293.3,2,1116.3,2,20,7.5822,2,25,41.56,2,32.59,2,,9,,9,,9,,9,,,9,6.709,6.7552,2
33RO20100308, A13.5,107,1,16,11709,2,20100412,2010-04-12 20:20,2020,-1.666,-3.0018,5086,649.8,649.8,5.4205,34.488,2,34.4897,2,151,2,150.6,2,26.32,2,33.71,2,0,2,2.25,2,0.712,2,0.343,2,0.065,2,0.901,3,2209.9,2,2295.5,2,1156.5,2,20,7.5662,2,25,40.92,2,35.7,2,,9,,9,,9,,9,,,9,5.3659,5.42,2
33RO20100308, A13.5,107,1,15,11006,2,20100412,2010-04-12 20:20,2020,-1.666,-3.0018,5086,800.1,800.1,4.7363,34.5035,2,34.5026,2,151.3,2,152.4,2,31.1,2,34.36,2,0,2,2.32,2,,9,,9,,9,,9,2216.4,2,2297.3,6,1177.7,2,20,7.5602,2,25,39.36,2,36.26,2,,9,,9,,9,,9,,,9,4.6724,4.7301,2
33RO20100308, A13.5,107,1,14,11708,2,20100412,2010-04-12 20:20,2020,-1.666,-3.0018,5086,1000.8,1000.8,4.4997,34.637,2,34.6367,2,156.4,2,157.4,2,30.85,2,32.61,2,0,2,2.21,2,0.059,2,0.03,2,0,2,0.175,3,2216.5,2,2304.1,2,1123.9,2,20,7.578,2,25,39.48,2,33.77,2,,9,,9,,9,,9,,,9,4.4199,4.9953,3
33RO20100308, A13.5,107,1,13,11031,2,20100412,2010-04-12 20:20,2020,-1.666,-3.0018,5086,1200.6,1200.6,4.4838,34.7478,2,34.7475,2,170.6,2,171.6,2,27.86,2,29.85,2,0,2,2.02,2,,9,,9,,9,,9,2207.8,2,2305.1,2,1036.3,2,20,7.6125,2,25,39.34,2,31.14,2,,9,,9,,9,,9,,,9,4.3862,4.4833,2
33RO20100308, A13.5,107,1,12,11027,2,20100412,2010-04-12 20:20,2020,-1.666,-3.0018,5086,1400.8,1400.8,4.3494,34.9518,2,34.9515,2,219.9,2,220.3,2,19.02,2,22.36,2,0,2,1.49,2,,9,,9,,9,,9,2180.1,2,2312.5,2,,9,,7.7008,2,25,40.59,2,24.13,2,,9,,9,,9,,9,,,9,4.2345,4.35,2
33RO20100308, A13.5,107,1,11,11707,2,20100412,2010-04-12 20:20,2020,-1.666,-3.0018,5086,1599.3,1599.3,4.2152,34.9694,2,34.9688,2,230.7,2,231.7,2,17.96,2,21.04,2,0,2,1.41,2,0.297,2,0.143,2,0,2,0.706,3,2173.7,2,2310.9,2,797.7,2,20,7.7151,2,25,40.98,2,22.32,2,,9,,9,,9,,9,,,9,4.0833,4.2154,2
33RO20100308, A13.5,107,1,10,11003,2,20100412,2010-04-12 20:20,2020,-1.666,-3.0018,5086,1898.7,1898.7,3.8681,34.973,2,34.9722,2,243.8,2,243.9,2,18.47,2,19.94,2,0,2,1.33,2,0.295,2,0.143,2,0,2,0.735,3,2170.1,2,2314.8,2,,9,,7.7287,2,25,40.87,2,21.76,2,,9,,9,,9,,9,,,9,3.7123,3.8695,2
33RO20100308, A13.5,107,1,9,11706,2,20100412,2010-04-12 20:20,2020,-1.666,-3.0018,5086,2201.5,2201.5,3.3218,34.9515,2,34.9512,2,246.4,2,246.2,2,25.6,2,20.43,2,0,2,1.37,2,,9,,9,,9,,9,2174.7,2,2318.8,2,765.2,2,20,7.7334,2,25,40.29,2,22.37,2,,9,,9,,9,,9,,,9,3.1453,3.3219,2
33RO20100308, A13.5,107,1,8,11033,2,20100412,2010-04-12 20:20,2020,-1.666,-3.0018,5086,2501,2501,2.9461,34.9264,2,34.926,2,240.3,2,240.3,2,34.15,2,21.62,2,0,2,1.45,2,,9,,9,,9,,9,2185.5,2,2329.8,6,,9,,7.7248,2,25,40.04,2,23.3,2,,9,,9,,9,,9,,,9,2.7471,2.9451,2
33RO20100308, A13.5,107,1,7,11705,2,20100412,2010-04-12 20:20,2020,-1.666,-3.0018,5086,2799.7,2799.7,2.7106,34.9123,2,34.9124,2,238.4,2,238.5,2,39.55,6,21.89,6,0,6,1.49,2,,9,,9,,9,,9,2193.5,2,,9,793.6,2,20,7.7221,2,25,39.96,2,23.23,2,,9,,9,,9,,9,,,9,2.4866,2.7102,2
33RO20100308, A13.5,107,1,6,11029,2,20100412,2010-04-12 20:20,2020,-1.666,-3.0018,5086,3098.2,3098.2,2.5545,34.9015,2,34.9005,2,241.2,2,240.6,2,42.7,6,22.1,6,0,6,1.49,6,0.012,2,0.007,2,0,2,0.083,3,2194.4,2,2346.6,3,,9,,7.7268,2,25,39.82,2,23.63,2,,9,,9,,9,,9,,,9,2.3034,2.5547,2
33RO20100308, A13.5,107,1,5,11704,2,20100412,2010-04-12 20:20,2020,-1.666,-3.0018,5086,3500.2,3500.2,2.4323,34.8932,2,34.8926,2,240.7,2,240.5,2,45.72,6,22.29,6,0,6,1.5,6,,9,,9,,9,,9,2196.9,2,2340.5,2,798.4,2,20,7.7217,2,25,39.61,2,23.27,2,,9,,9,,9,,9,,,9,2.1416,2.4322,2
33RO20100308, A13.5,107,1,4,11030,2,20100412,2010-04-12 20:20,2020,-1.666,-3.0018,5086,3899.1,3899.1,2.3494,34.885,2,34.8838,2,242.5,2,242.4,2,47.47,6,22.14,6,0,6,1.51,6,,9,,9,,9,,9,2197.4,2,2341.4,2,,9,,7.7211,2,25,39.46,2,23.27,2,,9,,9,,9,,9,,,9,2.0168,2.3493,2
33RO20100308, A13.5,107,1,3,11703,2,20100412,2010-04-12 20:20,2020,-1.666,-3.0018,5086,4299.9,4299.9,2.2514,34.8735,2,34.8729,2,242.7,2,242.9,6,51.04,6,22.48,6,0,6,1.53,6,,9,,9,,9,,9,2201.2,2,2346.1,2,794,2,20,7.7199,2,25,40.31,2,23.9,2,,9,,9,,9,,9,,,9,1.8756,2.2511,2
33RO20100308, A13.5,107,1,2,11702,2,20100412,2010-04-12 20:20,2020,-1.666,-3.0018,5086,4699.8,4699.8,2.1957,34.8639,2,34.8637,2,240.7,2,241.7,2,54.86,6,22.91,6,0,6,1.56,6,,9,,9,,9,,9,2206.3,2,2348.6,2,,9,,7.7161,2,25,39.99,2,24.31,2,,9,,9,,9,,9,,,9,1.7738,2.1954,2
33RO20100308, A13.5,107,1,1,11701,2,20100412,2010-04-12 20:20,2020,-1.666,-3.0018,5086,5150.8,5150.8,2.1972,34.8587,2,34.8582,2,241.8,2,241,2,56.59,6,23.14,6,0,6,1.58,6,0.067,2,0.035,2,0,2,0.27,3,2208.9,6,2352.1,2,809,2,20,7.7155,2,25,40.23,2,24.71,2,,9,,9,,9,,9,,,9,1.719,2.197,2
33RO20100308, A13.5,108,1,24,11714,2,20100413,2010-04-13 1:45,145,-1.3337,-3,5040,5.1,5.1,28.6919,35.0989,2,35.1169,2,197.1,2,197.2,2,0.93,6,0.11,6,0,6,0.04,6,1.557,2,0.987,2,0.982,2,1.696,3,1975.8,6,2301.2,2,284.2,2,20,8.0947,2,25,,9,,9,,9,,9,,9,,9,,,9,28.6907,28.6895,2
33RO20100308, A13.5,108,1,23,11716,2,20100413,2010-04-13 1:45,145,-1.3337,-3,5040,40.5,40.5,24.0392,35.8879,2,35.894,2,212.7,2,211.5,2,1.34,2,0.42,2,0.01,2,0.2,2,1.871,2,1.128,2,0.896,2,0.906,3,2062.4,2,2355.5,6,355.5,6,20,8.0232,2,25,,9,,9,,9,,9,,9,,9,,,9,24.0306,24.174,3
33RO20100308, A13.5,108,1,22,11022,2,20100413,2010-04-13 1:45,145,-1.3337,-3,5040,79.6,79.6,15.8564,35.6594,2,35.6561,2,139.8,2,138.4,2,5.62,2,15.24,2,0.04,2,1.06,2,2.253,2,1.282,2,0.819,2,0.547,3,2161,2,2341.8,2,644.9,2,20,7.8005,2,25,,9,,9,,9,,9,,9,,9,,,9,15.8439,15.8607,2
33RO20100308, A13.5,108,1,21,11010,2,20100413,2010-04-13 1:45,145,-1.3337,-3,5040,119.4,119.4,15.4156,35.6132,2,35.6108,2,126.1,2,127.9,6,6.35,2,17.05,2,0.02,2,1.15,2,2.227,2,1.255,2,0.741,2,0.441,3,2169.3,2,2333.1,2,690.9,2,20,7.7737,2,25,,9,,9,,9,,9,,9,,9,,,9,15.3971,15.418,2
33RO20100308, A13.5,108,1,20,11715,2,20100413,2010-04-13 1:45,145,-1.3337,-3,5040,170,170,14.9453,35.5456,2,35.5419,2,122.4,2,116.3,2,7.03,2,19.11,2,0.01,2,1.26,2,2.182,6,1.221,6,0.679,6,0.387,3,2177.7,2,2314.2,6,748.1,2,20,7.7429,2,25,,9,,9,,9,,9,,9,,9,,,9,14.9195,14.9398,2
33RO20100308, A13.5,108,1,19,11007,2,20100413,2010-04-13 1:45,145,-1.3337,-3,5040,250,250,12.0579,35.1679,2,35.1692,2,79.9,2,79.7,2,10.75,2,27.41,2,0.01,2,1.73,2,1.726,2,0.929,2,0.371,2,0.312,3,2210.8,2,2308.7,2,1060.9,2,20,7.6034,2,25,,9,,9,,9,,9,,9,,9,,,9,12.025,12.0737,2
33RO20100308, A13.5,108,1,18,11710,2,20100413,2010-04-13 1:45,145,-1.3337,-3,5040,299.8,299.8,10.679,35.0068,2,35.0087,2,85.7,2,85.2,2,12.77,2,29.58,2,0,2,1.85,2,1.51,2,0.801,2,0.288,2,0.398,3,2215.2,6,2296.8,2,1133.2,2,20,7.5785,2,25,,9,,9,,9,,9,,9,,9,,,9,10.6425,10.6777,2
33RO20100308, A13.5,108,1,17,11025,2,20100413,2010-04-13 1:45,145,-1.3337,-3,5040,349.7,349.7,9.8224,34.9088,2,34.9057,2,88.1,2,88,2,14.28,2,31.16,2,0.01,2,1.95,2,1.35,2,0.707,2,0.231,2,0.441,3,2216.9,2,2299.5,2,1181.7,2,20,7.5594,2,25,,9,,9,,9,,9,,9,,9,,,9,9.782,9.8226,2
33RO20100308, A13.5,108,1,16,11709,2,20100413,2010-04-13 1:45,145,-1.3337,-3,5040,399.9,399.9,9.081,34.8259,2,34.8142,2,80.1,2,81.7,2,16.23,2,33.5,2,0,2,2.1,2,1.084,2,0.561,2,0.135,2,0.441,3,2225.4,2,2291.1,2,1293,2,20,7.5232,2,25,,9,,9,,9,,9,,9,,9,,,9,9.0369,9.0818,2
33RO20100308, A13.5,108,1,15,11006,2,20100413,2010-04-13 1:45,145,-1.3337,-3,5040,550.4,550.4,6.0424,34.523,2,34.5235,2,146,2,145.9,2,23.22,2,32.89,2,0,2,2.17,2,0.936,2,0.46,2,0.098,2,0.952,3,2207.4,2,2297.4,2,1139,2,20,7.572,2,25,,9,,9,,9,,9,,9,,9,,,9,5.9939,6.0427,2
33RO20100308, A13.5,108,1,14,11708,2,20100413,2010-04-13 1:45,145,-1.3337,-3,5040,699.5,699.5,5.2534,34.4949,2,34.4954,2,148.2,2,148.4,2,27.56,2,34.18,2,0,2,2.28,2,0.542,2,0.263,2,0,2,0.731,3,2213.8,2,2298.5,2,1168.7,2,20,7.5603,2,25,,9,,9,,9,,9,,9,,9,,,9,5.1953,5.2541,2
33RO20100308, A13.5,108,1,13,11031,2,20100413,2010-04-13 1:45,145,-1.3337,-3,5040,899.5,899.5,4.6485,34.5491,2,34.5518,2,146.4,2,147.6,2,31.66,2,34.51,2,0,2,2.32,2,0.098,2,0.05,2,0,2,0.234,3,2222.4,2,2308.9,2,1190.8,2,20,7.5553,2,25,,9,,9,,9,,9,,9,,9,,,9,4.5766,4.6471,2
33RO20100308, A13.5,108,1,12,11027,2,20100413,2010-04-13 1:45,145,-1.3337,-3,5040,1100.8,1100.8,4.5147,34.6737,2,34.6764,2,160.4,2,161.8,2,29.94,2,31.8,2,0,2,2.14,2,0.056,2,0.03,2,0,2,0.165,3,2215.6,2,2309.5,2,1095.8,2,20,7.5895,2,25,,9,,9,,9,,9,,9,,9,,,9,4.4259,4.5146,2
33RO20100308, A13.5,108,1,11,11707,2,20100413,2010-04-13 1:45,145,-1.3337,-3,5040,1300.3,1300.3,4.4237,34.8662,2,34.8685,2,191.8,2,193.9,2,23.76,2,26.25,2,0,2,1.75,2,,9,,9,,9,,9,2197.3,2,2309.5,2,930.5,2,20,7.6559,2,25,,9,,9,,9,,9,,9,,9,,,9,4.3174,4.424,2
33RO20100308, A13.5,108,1,10,11003,2,20100413,2010-04-13 1:45,145,-1.3337,-3,5040,1500.5,1500.5,4.2602,34.9647,2,34.9658,2,227,2,228.4,2,18.39,2,21.62,2,0,2,1.43,2,,9,,9,,9,,9,2175.7,2,2313.9,2,810.5,2,20,7.7106,2,25,,9,,9,,9,,9,,9,,9,,,9,4.137,4.261,2
33RO20100308, A13.5,108,1,9,11706,2,20100413,2010-04-13 1:45,145,-1.3337,-3,5040,1800.1,1800.1,3.9649,34.9744,2,34.9742,2,240.4,2,240.5,2,18.57,2,20.47,2,0,2,1.35,2,0.231,2,0.113,2,0,2,0.619,3,2169.8,2,2311.6,2,771.5,2,20,7.7272,2,25,,9,,9,,9,,9,,9,,9,,,9,3.8171,3.965,2
33RO20100308, A13.5,108,1,8,11033,2,20100413,2010-04-13 1:45,145,-1.3337,-3,5040,2200.2,2200.2,3.3136,34.9502,2,34.9506,2,243.7,2,244.9,2,26.12,6,20.63,6,0,6,1.38,2,0.057,2,0.029,2,0,2,0.25,3,2175,2,2321.2,2,764.9,2,20,7.7307,2,25,,9,,9,,9,,9,,9,,9,,,9,3.1373,3.3159,2
33RO20100308, A13.5,108,1,7,11705,2,20100413,2010-04-13 1:45,145,-1.3337,-3,5040,2600.7,2600.7,2.8284,34.9197,2,34.9214,2,240.1,2,241.6,2,36.25,6,21.75,6,0,6,1.44,6,0.017,2,0.009,2,0,2,0.099,3,2186.2,2,2328.8,2,778.6,2,20,7.7255,2,25,,9,,9,,9,,9,,9,,9,,,9,2.6218,2.8281,2
33RO20100308, A13.5,108,1,6,11029,2,20100413,2010-04-13 1:45,145,-1.3337,-3,5040,3001.4,3001.4,2.5871,34.904,2,34.9056,2,238.9,2,241.6,2,41.84,6,22.27,6,0,6,1.49,6,,9,,9,,9,,9,2192.7,2,2337.5,2,783.8,2,20,7.7228,2,25,,9,,9,,9,,9,,9,,9,,,9,2.3452,2.5868,2
33RO20100308, A13.5,108,1,5,11704,2,20100413,2010-04-13 1:45,145,-1.3337,-3,5040,3400.3,3400.3,2.4711,34.8961,2,34.8992,2,240.2,2,241.5,6,44.23,6,22.35,6,0,6,1.49,6,,9,,9,,9,,9,2195.1,2,2339.8,6,785.2,2,20,7.7237,2,25,,9,,9,,9,,9,,9,,9,,,9,2.1902,2.4709,2
33RO20100308, A13.5,108,1,4,11030,9,20100413,2010-04-13 1:45,145,-1.3337,-3,5040,3799.6,3799.6,2.3784,34.8881,2,,9,242.3,2,,9,-9,9,-9,9,-9,9,-9,9,,9,,9,,9,,9,,9,,9,,9,,,9,,,9,,9,,9,,9,,9,,9,,,9,2.0562,2.3782,2
33RO20100308, A13.5,108,1,3,11703,2,20100413,2010-04-13 1:45,145,-1.3337,-3,5040,4200.7,4200.7,2.3013,34.8788,2,34.8774,2,243.8,2,243.6,2,49.06,6,22.56,6,0,6,1.51,6,,9,,9,,9,,9,2198.9,2,2341.1,2,790.6,2,20,7.7201,2,25,,9,,9,,9,,9,,9,,9,,,9,1.9355,2.3012,2
33RO20100308, A13.5,108,1,2,11702,2,20100413,2010-04-13 1:45,145,-1.3337,-3,5040,4600.8,4600.8,2.2235,34.8678,2,34.8676,2,241.8,2,243.1,2,52.82,6,22.94,6,0,6,1.54,6,,9,,9,,9,,9,2202.8,2,2342.9,2,799.8,2,20,7.7174,2,25,,9,,9,,9,,9,,9,,9,,,9,1.8127,2.2229,2
33RO20100308, A13.5,108,1,1,11701,2,20100413,2010-04-13 1:45,145,-1.3337,-3,5040,5098.4,5098.4,2.1903,34.8584,2,34.8581,2,241.6,2,241.2,2,56.33,6,23.35,6,0,6,1.57,6,,9,,9,,9,,9,2209.4,6,2349.5,2,807.6,2,20,7.7137,2,25,,9,,9,,9,,9,,9,,9,,,9,1.719,2.1898,2
33RO20100308, A13.5,109,1,24,11714,2,20100413,2010-04-13 7:12,712,-0.9992,-3.001,5122,4.8,4.8,28.8437,34.8807,2,34.8874,2,195.7,2,195.7,2,0.65,6,0.14,6,0,6,0.02,6,1.524,2,0.962,2,0.97,2,1.584,3,1961.9,2,2288.3,2,277.1,2,20,8.1029,2,25,71.78,2,4.31,2,,1,,1,,9,39.8,2,3,1.23,2,28.8426,28.8453,2
33RO20100308, A13.5,109,1,23,11716,2,20100413,2010-04-13 7:12,712,-0.9992,-3.001,5122,75.1,75.1,16.8825,35.7578,2,35.7547,2,134.5,2,132.9,2,4.89,2,14.31,2,0.1,2,1.02,2,2.177,2,1.251,2,0.807,2,0.502,3,2164,2,2347,6,636.5,2,20,7.8061,2,25,50.62,2,18.56,2,,1,,1,,9,39.2,2,3.7,0.44,2,16.8701,16.8861,2
33RO20100308, A13.5,109,1,22,11022,2,20100413,2010-04-13 7:12,712,-0.9992,-3.001,5122,150,150,15.025,35.5523,2,35.5541,2,135.6,2,135.1,2,5.99,2,16.39,2,0.01,2,1.13,2,2.243,2,1.266,2,0.757,2,0.459,3,2166.9,6,2333,6,,9,,7.7796,2,25,47.41,2,20.27,2,,1,,1,,9,34.8,2,2.8,0.4,2,15.0022,15.0238,2
33RO20100308, A13.5,109,1,21,11010,2,20100413,2010-04-13 7:12,712,-0.9992,-3.001,5122,199.7,199.7,14.6993,35.5085,2,35.5054,2,113.7,2,110.1,2,6.98,2,19.81,2,0.01,2,1.31,2,2.156,2,1.2,2,0.646,2,0.348,3,2183.9,2,2331.7,2,781,2,20,7.7247,2,25,46.71,2,24.64,2,,1,,1,,9,47,2,3.2,0.27,2,14.6693,14.7079,2
33RO20100308, A13.5,109,1,20,11715,2,20100413,2010-04-13 7:12,712,-0.9992,-3.001,5122,249.1,249.1,12.1819,35.1864,3,35.1617,2,78.3,2,78.3,2,10.65,2,27.66,2,0.01,2,1.75,2,1.689,2,0.901,2,0.368,2,0.287,3,2215.4,2,2312.3,2,1075.3,2,20,7.6001,2,25,45.06,2,30.46,2,,1,,1,,9,15.2,2,3,0.08,2,12.1489,12.1882,2
33RO20100308, A13.5,109,1,19,11007,2,20100413,2010-04-13 7:12,712,-0.9992,-3.001,5122,299.3,299.3,10.6417,35.0049,2,35.0031,2,84.6,2,83.7,2,12.54,2,29.74,2,0.01,2,1.85,2,1.492,2,0.78,2,0.248,2,0.363,3,2217.7,2,2305.3,2,1139,2,20,7.5744,2,25,43.07,2,31.78,2,,1,,1,,9,-5.1,2,3.4,-0.03,2,10.6054,10.6463,2
33RO20100308, A13.5,109,1,18,11710,2,20100413,2010-04-13 7:12,712,-0.9992,-3.001,5122,399.2,399.2,9.0124,34.8187,2,34.8195,2,88.2,2,87.8,2,15.59,2,32.78,2,0.01,2,2.05,2,1.157,2,0.595,2,0.194,2,0.44,3,2224.5,2,2300.6,2,1246.9,2,20,7.5375,2,25,41.22,2,35.56,2,,1,,1,,9,-16,2,2.8,0.21,2,8.9686,9.0124,2
33RO20100308, A13.5,109,1,17,11025,2,20100413,2010-04-13 7:12,712,-0.9992,-3.001,5122,500.2,500.2,6.6833,34.5676,2,34.5709,2,142.6,2,146.6,2,20.21,2,31.86,2,0,2,2.09,2,1.188,2,0.591,2,0.158,2,0.953,3,2206.8,2,2286.1,3,1115.6,2,20,7.5808,2,25,39.79,2,34.44,2,,1,,1,,9,-49.4,2,2.6,0.46,2,6.6369,6.6978,2
33RO20100308, A13.5,109,1,16,11709,2,20100413,2010-04-13 7:12,712,-0.9992,-3.001,5122,599.5,599.5,5.9608,34.5364,2,34.5374,2,134.1,2,134.2,2,24.02,2,34.37,2,0,2,2.27,2,0.62,2,0.307,2,0.045,2,0.638,3,2218.1,2,2294.4,2,1204.4,2,20,7.5504,2,25,39.22,2,37.4,2,,1,,1,,9,-63.5,2,2.8,0.42,2,5.9081,5.9637,2
33RO20100308, A13.5,109,1,15,11006,2,20100413,2010-04-13 7:12,712,-0.9992,-3.001,5122,700.5,700.5,5.3051,34.4986,2,34.4985,2,147.2,2,146.5,2,26.97,2,34.24,2,0,2,2.27,2,0.527,2,0.256,2,0,2,0.66,3,2216.7,2,2298.2,2,1178.1,2,20,7.559,2,25,39.04,2,37.33,2,,1,,1,,9,-87.5,2,2.4,0.46,2,5.2466,5.3062,2
33RO20100308, A13.5,109,1,14,11708,2,20100413,2010-04-13 7:12,712,-0.9992,-3.001,5122,800.2,800.2,4.8543,34.5062,2,34.5051,2,150.7,2,150.3,2,29.81,2,34.36,2,0,2,2.3,2,0.32,2,0.156,2,0,2,0.501,3,2219,2,2299.9,2,1178.8,2,20,7.561,2,25,38.84,2,37.41,2,,1,,1,,9,-99.4,2,2.6,0.47,2,4.7897,4.8543,2
33RO20100308, A13.5,109,1,13,11031,2,20100413,2010-04-13 7:12,712,-0.9992,-3.001,5122,1000.6,1000.6,4.4893,34.5913,2,34.5915,2,155.5,2,155.5,2,31.44,2,33.39,2,0,2,2.24,2,0.085,2,0.043,2,0,2,0.205,3,2220.5,2,2306.1,2,1147.4,2,20,7.571,2,25,39.57,2,35.82,2,,1,,1,,9,-115.6,2,2.9,0.38,2,4.4097,4.489,2
33RO20100308, A13.5,109,1,12,11027,2,20100413,2010-04-13 7:12,712,-0.9992,-3.001,5122,1200,1200,4.5219,34.7104,2,34.7113,2,165.3,2,166.6,2,28.62,2,30.84,2,0,2,2.07,2,0.054,2,0.029,2,0,2,0.152,3,2212.6,2,2307.3,2,1069.7,2,20,7.5999,2,25,39.99,2,32.71,2,,1,,1,,9,-108.9,2,2.9,0.51,2,4.4241,4.5217,2
33RO20100308, A13.5,109,1,11,11707,2,20100413,2010-04-13 7:12,712,-0.9992,-3.001,5122,1399.6,1399.6,4.3728,34.9509,2,34.9501,2,219.9,2,219,2,18.92,2,22.42,2,0,2,1.48,2,0.287,2,0.14,2,0,2,0.59,3,2182.1,2,2314.4,2,827.1,2,20,7.6998,2,25,39.84,2,24.19,2,,1,,1,,9,-69.8,2,2.5,0.93,2,4.2578,4.3745,2
33RO20100308, A13.5,109,1,10,11003,2,20100413,2010-04-13 7:12,712,-0.9992,-3.001,5122,1599.7,1599.7,4.1823,34.9717,2,34.9712,2,232.3,2,233.3,2,17.74,6,20.78,6,0,6,1.38,2,0.312,2,0.153,2,0,2,0.673,3,2174.8,2,2313.2,2,790.6,2,20,7.7165,2,25,39.66,2,23,2,,1,,1,,9,-71.8,2,2.7,1.14,2,4.0507,4.1823,2
33RO20100308, A13.5,109,1,9,11706,2,20100413,2010-04-13 7:12,712,-0.9992,-3.001,5122,1900.9,1900.9,3.6834,34.967,2,34.966,2,242.6,2,243.5,2,20.53,6,20.14,6,0,6,1.34,6,0.122,2,0.062,2,0,2,0.381,3,2171.9,2,2314.8,6,,9,,7.7297,2,25,39.27,2,21.99,2,,9,,1,,9,-77,2,2.5,1.06,2,3.53,3.686,2
33RO20100308, A13.5,109,1,8,11033,2,20100413,2010-04-13 7:12,712,-0.9992,-3.001,5122,2299.6,2299.6,3.1431,34.9384,2,34.9376,2,241,2,240.8,2,29.68,6,21.07,6,0,6,1.41,6,0.019,2,0.01,2,0,2,0.117,3,2181.3,2,2325.4,2,773.6,2,20,7.727,2,25,39.98,2,23.19,2,,1,,1,,9,,9,,,9,2.9601,3.1446,2
33RO20100308, A13.5,109,1,7,11705,2,20100413,2010-04-13 7:12,712,-0.9992,-3.001,5122,2700.4,2700.4,2.7618,34.9157,2,34.9158,2,241.1,2,240.9,2,37.2,6,21.65,6,0,6,1.45,6,0.014,2,0.008,2,0,2,0.091,3,2189.3,2,2332.4,2,,9,,7.7247,2,25,39.63,2,23.63,2,,9,,1,,9,,9,,,9,2.5467,2.7617,2
33RO20100308, A13.5,109,1,6,11029,2,20100413,2010-04-13 7:12,712,-0.9992,-3.001,5122,3101.7,3101.7,2.5583,34.9031,2,34.9005,2,239.7,2,240.8,2,41.66,6,21.97,6,0,6,1.48,6,0.01,2,0.006,2,0,2,0.07,3,2192.7,2,2338,2,,9,,7.7237,2,25,40.14,2,23.89,2,,1,,1,,9,,9,,,9,2.3067,2.5579,2
33RO20100308, A13.5,109,1,5,11704,2,20100413,2010-04-13 7:12,712,-0.9992,-3.001,5122,3499.5,3499.5,2.4256,34.8931,2,34.8918,2,241.4,2,242.2,2,44.48,6,22.08,6,0,6,1.48,6,0.02,2,0.012,2,0,2,0.116,3,2196.3,2,2340.8,2,785.2,2,20,7.7236,2,25,39.39,2,23.9,2,,9,,1,,9,,9,,,9,2.1351,2.4256,2
33RO20100308, A13.5,109,1,4,11030,2,20100413,2010-04-13 7:12,712,-0.9992,-3.001,5122,3799.5,3799.5,2.3665,34.8876,2,34.8872,2,242.3,2,242.6,2,45.9,6,22.13,6,0,6,1.49,6,0.027,2,0.014,2,0,2,0.138,3,2197.3,2,2342.9,2,,9,,7.7227,2,25,39.19,2,23.78,2,,1,,1,,9,,9,,,9,2.0446,2.3662,2
33RO20100308, A13.5,109,1,3,11703,2,20100413,2010-04-13 7:12,712,-0.9992,-3.001,5122,4099.5,4099.5,2.313,34.8811,2,34.8801,2,243.4,2,243.2,2,48.01,6,22.28,6,0,6,1.5,6,0.031,2,0.017,2,0,2,0.168,3,2200.2,6,2345.9,2,,9,,7.7215,2,25,39.85,2,24.11,2,,9,,1,,9,,9,,,9,1.9586,2.3127,2
33RO20100308, A13.5,109,1,2,11702,2,20100413,2010-04-13 7:12,712,-0.9992,-3.001,5122,4500.4,4500.4,2.2341,34.8703,2,34.8691,2,242.2,2,242.8,2,51.88,6,22.7,6,0,6,1.53,6,0.041,2,0.022,2,0.02,3,0.187,3,2201.4,2,2347.3,2,800.9,2,20,7.7184,2,25,39.82,2,24.74,2,,1,,1,,9,,9,,,9,1.835,2.2339,2
33RO20100308, A13.5,109,1,1,11701,2,20100413,2010-04-13 7:12,712,-0.9992,-3.001,5122,5186.8,5186.8,2.1842,34.857,2,34.8564,2,242.7,2,240.4,2,56.45,6,23.2,6,0,6,1.57,6,0.078,2,0.038,2,0,2,0.296,3,2208.1,2,2352.1,2,809.2,2,20,7.7138,2,25,40.08,2,25.72,2,,1,,1,,9,,9,,,9,1.7019,2.1842,2
33RO20100308, A13.5,110,1,24,11714,2,20100413,2010-04-13 12:48,1248,-0.6648,-3.0013,5128,5.1,5.1,29.1031,34.8434,2,34.893,2,195.9,2,197.1,2,0.62,6,0.06,6,0.01,6,0.03,6,1.538,2,0.975,2,0.992,2,1.572,3,1960,6,2288.5,2,279.9,2,20,8.1037,2,25,,9,,9,,9,,9,,9,,9,,,9,29.1019,29.0873,2
33RO20100308, A13.5,110,1,23,11716,2,20100413,2010-04-13 12:48,1248,-0.6648,-3.0013,5128,30.2,30.2,26.1987,35.9922,2,35.9667,2,202.2,2,202.7,2,1.01,2,0.16,2,0.01,2,0.11,2,1.748,2,1.078,2,0.991,2,1.128,3,2044,2,2360.2,6,324.2,2,20,8.0545,2,25,,9,,9,,9,,9,,9,,9,,,9,26.1919,26.2218,2
33RO20100308, A13.5,110,1,22,11022,2,20100413,2010-04-13 12:48,1248,-0.6648,-3.0013,5128,60.7,60.7,17.9436,35.8674,2,35.8646,2,142.4,2,142.3,2,4.16,2,11.67,2,0.45,2,0.91,2,2.136,6,1.241,6,0.85,6,0.525,3,2152.5,2,2351.5,2,584.7,2,20,7.8417,2,25,,9,,9,,9,,9,,9,,9,,,9,17.9332,17.9726,2
33RO20100308, A13.5,110,1,21,11010,2,20100413,2010-04-13 12:48,1248,-0.6648,-3.0013,5128,90.3,90.3,15.858,35.6624,2,35.6634,2,151.3,2,153.6,2,4.95,2,13.68,2,0.03,2,0.99,2,2.278,2,1.304,2,0.842,2,0.554,3,2152.8,2,2343.7,2,613.7,2,20,7.8213,2,25,,9,,9,,9,,9,,9,,9,,,9,15.8438,15.8597,2
33RO20100308, A13.5,110,1,20,11715,2,20100413,2010-04-13 12:48,1248,-0.6648,-3.0013,5128,119.8,119.8,15.2886,35.5844,2,35.5793,2,141.9,2,140.9,6,5.59,2,15.65,2,0.02,2,1.1,2,2.273,2,1.288,2,0.785,2,0.511,3,2160.9,2,2336.3,2,657.8,2,20,7.7933,2,25,,9,,9,,9,,9,,9,,9,,,9,15.2702,15.2873,2
33RO20100308, A13.5,110,1,19,11007,2,20100413,2010-04-13 12:48,1248,-0.6648,-3.0013,5128,153.2,153.2,14.9425,35.5382,2,35.5359,2,142.8,2,141,2,5.91,2,16.08,2,0.01,2,1.12,2,2.275,2,1.283,2,0.805,2,0.488,3,2161.2,2,2333.9,2,668.4,2,20,7.7861,2,25,,9,,9,,9,,9,,9,,9,,,9,14.9193,14.9405,2
33RO20100308, A13.5,110,1,18,11710,2,20100413,2010-04-13 12:48,1248,-0.6648,-3.0013,5128,250.6,250.6,11.1282,35.0614,2,35.0719,2,79.6,2,79.3,2,11.85,2,29.34,2,0,2,1.84,2,1.558,2,0.829,2,0.327,2,0.313,3,2216.2,6,2308.5,2,1122.3,2,20,7.581,2,25,,9,,9,,9,,9,,9,,9,,,9,11.097,11.1395,2
33RO20100308, A13.5,110,1,17,11025,2,20100413,2010-04-13 12:48,1248,-0.6648,-3.0013,5128,350.4,350.4,9.6025,34.8901,2,34.8837,2,76.5,2,78.7,2,14.87,2,32.78,2,0,2,2.05,2,1.181,2,0.602,2,0.195,2,0.36,3,2225.4,2,2300.5,2,1262.9,2,20,7.5342,2,25,,9,,9,,9,,9,,9,,9,,,9,9.5626,9.612,2
33RO20100308, A13.5,110,1,16,11709,2,20100413,2010-04-13 12:48,1248,-0.6648,-3.0013,5128,449.7,449.7,7.2288,34.6273,2,34.6267,2,124.7,2,125.3,2,19.27,2,32.78,2,0,2,2.13,2,1.094,2,0.55,2,0.154,2,0.739,3,2212.5,2,2295.3,2,1168.3,2,20,7.5637,2,25,,9,,9,,9,,9,,9,,9,,,9,7.1854,7.2286,2
33RO20100308, A13.5,110,1,15,11006,2,20100413,2010-04-13 12:48,1248,-0.6648,-3.0013,5128,550.2,550.2,6.2157,34.5548,2,34.5567,2,132,2,130.4,2,23.16,2,34.19,2,0,2,2.25,2,0.674,2,0.335,2,0.087,2,0.614,3,2216.2,2,2296,2,1203.3,2,20,7.5513,2,25,,9,,9,,9,,9,,9,,9,,,9,6.1665,6.2167,2
33RO20100308, A13.5,110,1,14,11708,2,20100413,2010-04-13 12:48,1248,-0.6648,-3.0013,5128,699.9,699.9,5.1498,34.5026,2,34.5044,2,144.2,2,143.9,2,28.44,2,34.71,2,0,2,2.33,2,0.383,2,0.189,2,0.036,2,0.524,3,2218.3,2,,9,1196,2,20,7.554,2,25,,9,,9,,9,,9,,9,,9,,,9,5.0922,5.145,2
33RO20100308, A13.5,110,1,13,11031,2,20100413,2010-04-13 12:48,1248,-0.6648,-3.0013,5128,880.3,880.3,4.685,34.5308,2,34.5312,2,150,2,149.8,2,31.29,2,34.28,2,0,2,2.32,2,0.178,2,0.092,2,0,2,0.329,3,2220,2,2304.7,2,1179.9,2,20,7.5589,2,25,,9,,9,,9,,9,,9,,9,,,9,4.6145,4.686,2
33RO20100308, A13.5,110,1,12,11027,2,20100413,2010-04-13 12:48,1248,-0.6648,-3.0013,5128,1101,1101,4.5139,34.6837,2,34.6849,2,160.6,2,160.7,2,29.71,2,31.44,2,0,2,2.15,2,,9,,9,,9,,9,2215.2,2,2308.3,2,1093.7,2,20,7.5898,2,25,,9,,9,,9,,9,,9,,9,,,9,4.4251,4.5137,2
33RO20100308, A13.5,110,1,11,11707,2,20100413,2010-04-13 12:48,1248,-0.6648,-3.0013,5128,1399.5,1399.5,4.359,34.9506,2,34.9512,2,219.6,2,219,2,19.2,2,22.21,2,0,2,1.5,2,0.243,2,0.122,2,0,2,0.529,3,2180.2,2,2313.9,2,831,2,20,7.6993,2,25,,9,,9,,9,,9,,9,,9,,,9,4.2441,4.359,2
33RO20100308, A13.5,110,1,10,11003,2,20100413,2010-04-13 12:48,1248,-0.6648,-3.0013,5128,1699.9,1699.9,3.985,34.9737,2,34.9754,2,239.3,2,238.9,2,18.46,6,20.35,6,0,6,1.37,6,,9,,9,,9,,9,2170.9,2,2313.3,2,781.4,2,20,7.7252,2,25,,9,,9,,9,,9,,9,,9,,,9,3.8465,3.9851,2
33RO20100308, A13.5,110,1,9,11706,2,20100413,2010-04-13 12:48,1248,-0.6648,-3.0013,5128,2001.1,2001.1,3.5214,34.9639,2,34.9643,2,247.9,2,246.8,2,21.9,6,19.89,6,0,6,1.33,6,0.138,2,0.071,2,0,2,0.411,3,2170.7,2,2317.8,2,763.8,2,20,7.7347,2,25,,9,,9,,9,,9,,9,,9,,,9,3.3609,3.5224,2
33RO20100308, A13.5,110,1,8,11033,2,20100413,2010-04-13 12:48,1248,-0.6648,-3.0013,5128,2300.5,2300.5,3.1202,34.9376,2,34.9391,2,241.5,2,241.1,2,30.32,6,21.13,6,0,6,1.42,6,,9,,9,,9,,9,2180.5,2,2324.8,2,773.8,2,20,7.7262,2,25,,9,,9,,9,,9,,9,,9,,,9,2.9375,3.1202,2
33RO20100308, A13.5,110,1,7,11705,2,20100413,2010-04-13 12:48,1248,-0.6648,-3.0013,5128,2699.4,2699.4,2.8014,34.9196,2,34.9209,2,242.1,2,241.9,2,36.26,6,21.48,6,0,6,1.45,6,,9,,9,,9,,9,2186.8,2,2332,2,775,2,20,7.7272,2,25,,9,,9,,9,,9,,9,,9,,,9,2.5856,2.801,2
33RO20100308, A13.5,110,1,6,11029,2,20100413,2010-04-13 12:48,1248,-0.6648,-3.0013,5128,3101.3,3101.3,2.5747,34.9041,2,34.9062,2,240.6,2,240.4,6,41.88,6,22.01,6,0,6,1.49,6,,9,,9,,9,,9,2193.2,2,2337,2,784.1,2,20,7.7242,2,25,,9,,9,,9,,9,,9,,9,,,9,2.3228,2.5746,2
33RO20100308, A13.5,110,1,5,11704,2,20100413,2010-04-13 12:48,1248,-0.6648,-3.0013,5128,3498.1,3498.1,2.4236,34.8931,2,34.8936,2,241.3,2,242.2,2,44.74,6,22.12,6,0,6,1.5,6,,9,,9,,9,,9,2195.9,2,2340.9,2,784.4,2,20,7.7238,2,25,,9,,9,,9,,9,,9,,9,,,9,2.1333,2.4238,2
33RO20100308, A13.5,110,1,4,11030,2,20100413,2010-04-13 12:48,1248,-0.6648,-3.0013,5128,3900.2,3900.2,2.3447,34.8853,2,34.8902,4,242.9,2,243.4,2,47.23,6,22.22,6,0,6,1.51,6,,9,,9,,9,,9,2197.8,2,2342.2,2,787.7,2,20,7.7227,2,25,,9,,9,,9,,9,,9,,9,,,9,2.0121,2.3466,2
33RO20100308, A13.5,110,1,3,11703,2,20100413,2010-04-13 12:48,1248,-0.6648,-3.0013,5128,4300.3,4300.3,2.2687,34.8757,2,34.876,2,242.2,2,242.3,2,50.87,6,22.58,6,0,6,1.54,6,,9,,9,,9,,9,2201.6,2,2347,2,794.7,2,20,7.7188,2,25,,9,,9,,9,,9,,9,,9,,,9,1.8923,2.2687,2
33RO20100308, A13.5,110,1,2,11702,2,20100413,2010-04-13 12:48,1248,-0.6648,-3.0013,5128,4700,4700,2.2259,34.8669,2,34.8678,2,242.5,2,241.9,2,53.54,6,22.86,6,0,6,1.56,6,,9,,9,,9,,9,2204.3,2,2346.9,2,804.4,2,20,7.7179,2,25,,9,,9,,9,,9,,9,,9,,,9,1.803,2.2257,2
33RO20100308, A13.5,110,1,1,11701,2,20100413,2010-04-13 12:48,1248,-0.6648,-3.0013,5128,5220.7,5220.7,2.1899,34.8568,2,34.8585,2,241.7,2,240.7,2,57.2,6,23.26,6,0.01,6,1.59,6,,9,,9,,9,,9,2211.3,6,2352.4,2,811.7,2,20,7.7137,2,25,,9,,9,,9,,9,,9,,9,,,9,1.7031,2.1896,2
33RO20100308, A13.5,111,1,24,11714,2,20100413,2010-04-13 18:10,1810,-0.3333,-3.0005,5139,5.6,5.6,29.2831,34.6536,2,34.7035,2,196.5,2,196.9,2,0.5,6,0.06,6,0,6,0.02,6,1.524,2,0.972,2,0.953,2,1.609,3,1949.7,6,2275.6,2,274.4,2,20,8.1069,2,25,74.41,2,5.31,2,,9,,9,,9,,9,,,9,29.2817,29.2409,2
33RO20100308, A13.5,111,1,23,11716,2,20100413,2010-04-13 18:10,1810,-0.3333,-3.0005,5139,25.6,25.6,25.672,35.8799,2,35.8633,2,203.8,2,203.1,2,0.88,2,0.23,2,0.01,2,0.1,2,1.77,2,1.087,2,0.936,2,1.068,3,2044.2,2,2352,6,330.1,2,20,8.0499,2,25,68.25,2,5.02,2,,9,,9,,9,,9,,,9,25.6663,25.7124,2
33RO20100308, A13.5,111,1,22,11022,2,20100413,2010-04-13 18:10,1810,-0.3333,-3.0005,5139,57.7,57.7,18.2973,35.9639,2,35.974,2,161.1,2,160.7,2,3.41,2,9.23,2,0.31,2,0.75,2,2.176,2,1.271,2,0.886,2,0.645,3,2139.5,2,2358.2,2,,9,,7.8854,2,25,51.94,2,12.56,2,,9,,9,,9,,9,,,9,18.2872,18.3076,2
33RO20100308, A13.5,111,1,21,11010,2,20100413,2010-04-13 18:10,1810,-0.3333,-3.0005,5139,100.6,100.6,15.8483,35.6562,2,35.6527,2,159.1,2,157.4,2,4.79,2,12.81,2,0.03,2,0.94,2,2.324,2,1.324,2,0.838,2,0.603,3,2148.4,2,2338.6,2,597,2,20,7.8323,2,25,46,2,15.29,2,,9,,9,,9,,9,,,9,15.8324,15.8511,2
33RO20100308, A13.5,111,1,20,11715,2,20100413,2010-04-13 18:10,1810,-0.3333,-3.0005,5139,200.6,200.6,14.1095,35.4212,2,35.4139,2,97.4,2,95.2,2,7.99,2,22.36,2,0.01,2,1.46,2,2.005,2,1.107,2,0.571,2,0.296,3,2195.4,2,2320.6,2,873.2,2,20,7.6822,2,25,43.88,2,24.43,2,,9,,9,,9,,9,,,9,14.0802,14.0218,2
33RO20100308, A13.5,111,1,19,11007,2,20100413,2010-04-13 18:10,1810,-0.3333,-3.0005,5139,300.6,300.6,10.3922,34.9796,2,34.9781,2,80.6,2,77.9,6,13.03,2,30.36,2,0.01,2,1.92,2,1.394,2,0.73,2,0.256,2,0.34,3,2220.1,6,2303.9,2,1194.6,2,20,7.5573,2,25,41.76,2,31.95,2,,9,,9,,9,,9,,,9,10.3563,10.3934,2
33RO20100308, A13.5,111,1,18,11710,2,20100413,2010-04-13 18:10,1810,-0.3333,-3.0005,5139,399.4,399.4,8.9272,34.8118,2,34.813,2,88,2,87.7,2,15.7,2,32.32,2,0,2,2.06,2,1.14,2,0.586,2,0.158,2,0.435,3,2222.1,2,2297.5,2,1260.4,2,20,7.5346,2,25,40.31,2,33.63,2,,9,,9,,9,,9,,,9,8.8836,8.959,2
33RO20100308, A13.5,111,1,17,11025,2,20100413,2010-04-13 18:10,1810,-0.3333,-3.0005,5139,500.6,500.6,6.9745,34.617,2,34.6171,2,121.4,2,120.2,2,20.25,2,33.02,2,0,2,2.17,2,0.86,2,0.431,2,0.105,2,0.618,3,2215.5,2,2295.4,2,1210.7,2,20,7.5473,2,25,40,2,35.4,2,,9,,9,,9,,9,,,9,6.927,6.9755,2
33RO20100308, A13.5,111,1,16,11709,2,20100413,2010-04-13 18:10,1810,-0.3333,-3.0005,5139,601,601,6.0107,34.5426,2,34.5442,2,130.5,2,130.8,2,23.79,2,33.93,2,0,2,2.27,2,0.588,2,0.294,2,0,2,0.57,3,2217,2,2292.3,2,1216.2,2,20,7.5453,2,25,39.61,2,35.71,2,,9,,9,,9,,9,,,9,5.9577,6.0159,2
33RO20100308, A13.5,111,1,15,11006,2,20100413,2010-04-13 18:10,1810,-0.3333,-3.0005,5139,700.5,700.5,5.1283,34.5052,2,34.506,2,145.7,2,145.8,2,28.33,2,33.96,2,0,2,2.31,2,0.381,2,0.189,2,0.068,2,0.515,3,2217.3,2,2294.7,2,1188.6,2,20,7.556,2,25,39.78,2,35.71,2,,9,,9,,9,,9,,,9,5.0708,5.125,2
33RO20100308, A13.5,111,1,14,11708,2,20100413,2010-04-13 18:10,1810,-0.3333,-3.0005,5139,800.3,800.3,4.8474,34.5224,2,34.5222,2,145.3,2,145.5,2,30.15,2,34.16,2,0,2,2.33,2,0.198,2,0.101,2,0,2,0.335,3,2220,2,2298.7,2,1197.8,2,20,7.5528,2,25,39.51,2,35.77,2,,9,,9,,9,,9,,,9,4.7828,4.848,2
33RO20100308, A13.5,111,1,13,11031,2,20100413,2010-04-13 18:10,1810,-0.3333,-3.0005,5139,1000.4,1000.4,4.5035,34.5907,2,34.5931,2,154.1,2,153.4,2,31.51,2,33.11,2,0,2,2.26,2,0.073,2,0.039,2,0,2,0.181,3,2219.3,2,2305.8,6,1150.8,2,20,7.5684,2,25,39.97,2,34.46,2,,9,,9,,9,,9,,,9,4.4238,4.5036,2
33RO20100308, A13.5,111,1,12,11027,2,20100413,2010-04-13 18:10,1810,-0.3333,-3.0005,5139,1200.5,1200.5,4.5336,34.7623,2,34.7632,2,171.7,2,171.5,2,27.08,2,29.33,2,0,2,2,2,,9,,9,,9,,9,2206.9,2,2308.5,2,1027.5,2,20,7.6159,2,25,39.41,2,30.44,2,,9,,9,,9,,9,,,9,4.4356,4.5334,2
33RO20100308, A13.5,111,1,11,11707,2,20100413,2010-04-13 18:10,1810,-0.3333,-3.0005,5139,1500.7,1500.7,4.1893,34.9642,2,34.9636,2,228.8,2,227.4,2,18.7,2,21.51,2,0,2,1.44,2,0.199,6,0.101,6,0,6,0.516,3,2175.3,2,2313.8,2,808.2,2,20,7.7111,2,25,39.68,2,22.04,2,,9,,9,,9,,9,,,9,4.0669,4.1894,2
33RO20100308, A13.5,111,1,10,11003,2,20100413,2010-04-13 18:10,1810,-0.3333,-3.0005,5139,1799.9,1799.9,3.926,34.974,2,34.9745,2,240.3,2,240.9,2,18.39,6,20.13,6,0,6,1.34,2,0.207,2,0.105,2,0,2,0.529,3,2169.6,2,2316,6,,9,,7.7268,2,25,39.83,2,21.78,2,,9,,9,,9,,9,,,9,3.7788,3.9259,2
33RO20100308, A13.5,111,1,9,11706,2,20100413,2010-04-13 18:10,1810,-0.3333,-3.0005,5139,2098.7,2098.7,3.3703,34.9563,2,34.956,2,246.5,2,246.3,2,24.03,6,20.11,6,0,6,1.35,2,0.089,2,0.048,2,0,2,0.303,3,2172.8,2,2321.9,2,765.8,2,20,7.7342,2,25,39.76,2,21.44,2,,9,,9,,9,,9,,,9,3.2028,3.3707,2
33RO20100308, A13.5,111,1,8,11033,2,20100413,2010-04-13 18:10,1810,-0.3333,-3.0005,5139,2400.3,2400.3,3.0364,34.9354,2,34.9357,2,242.2,2,242.1,2,31.15,6,21.03,6,0,6,1.41,6,,9,,9,,9,,9,2181.1,2,2324.2,2,,9,,7.7291,2,25,39.81,2,21.95,2,,9,,9,,9,,9,,,9,2.8455,3.0364,2
33RO20100308, A13.5,111,1,7,11705,2,20100413,2010-04-13 18:10,1810,-0.3333,-3.0005,5139,2798.8,2798.8,2.6929,34.9126,2,34.9129,2,242.1,2,242.2,2,38.14,6,21.69,6,0,6,1.45,6,,9,,9,,9,,9,2188.2,2,2334.7,2,779.4,2,20,7.7257,2,25,39.87,2,22.77,2,,9,,9,,9,,9,,,9,2.4693,2.6928,2
33RO20100308, A13.5,111,1,6,11029,2,20100413,2010-04-13 18:10,1810,-0.3333,-3.0005,5139,3189.3,3189.3,2.5237,34.9015,2,34.901,2,240.4,2,241.6,2,42.19,6,22.02,6,0,6,1.48,6,,9,,9,,9,,9,2192.9,2,2337.4,2,,9,,7.7239,2,25,39.88,2,23.85,2,,9,,9,,9,,9,,,9,2.2638,2.5236,2
33RO20100308, A13.5,111,1,5,11704,2,20100413,2010-04-13 18:10,1810,-0.3333,-3.0005,5139,3597.6,3597.6,2.4051,34.892,2,34.892,2,241.4,2,242.7,2,44.8,6,22.12,6,0,6,1.49,6,,9,,9,,9,,9,2193.6,2,2343.3,2,785.6,2,20,7.7241,2,25,38.97,2,23.12,2,,9,,9,,9,,9,,,9,2.1045,2.4058,2
33RO20100308, A13.5,111,1,4,11030,4,20100413,2010-04-13 18:10,1810,-0.3333,-3.0005,5139,3999.9,3999.9,2.3126,34.8821,4,34.7626,4,242.1,4,172.3,4,27.17,4,29.44,4,0,4,1.99,4,,9,,9,,9,,9,,9,,9,,9,,,9,,,9,,9,,9,,9,,9,,9,,,9,1.9696,2.3125,2
33RO20100308, A13.5,111,1,3,11703,2,20100413,2010-04-13 18:10,1810,-0.3333,-3.0005,5139,4398.9,4398.9,2.2594,34.8739,2,34.8731,2,241.5,2,242.1,2,51.2,6,22.72,6,0,6,1.54,6,,9,,9,,9,,9,2201.5,2,2346.7,3,796.6,2,20,7.7185,2,25,39.86,2,24.55,2,,9,,9,,9,,9,,,9,1.8716,2.2591,2
33RO20100308, A13.5,111,1,2,11702,2,20100413,2010-04-13 18:10,1810,-0.3333,-3.0005,5139,4800.6,4800.6,2.2053,34.864,2,34.8639,2,240.7,2,240.9,2,54.78,6,23.1,6,0,6,1.56,6,,9,,9,,9,,9,2206.2,2,2352.3,2,,9,,7.716,2,25,39.76,2,24.83,2,,9,,9,,9,,9,,,9,1.7707,2.205,2
33RO20100308, A13.5,111,1,1,11701,2,20100413,2010-04-13 18:10,1810,-0.3333,-3.0005,5139,5207.5,5207.5,2.1807,34.8564,2,34.8572,2,242.7,2,240.6,2,56.77,6,23.21,6,0,6,1.58,6,,9,,9,,9,,9,2208.9,6,2351,2,810.9,2,20,7.7144,2,25,39.6,2,25.15,2,,9,,9,,9,,9,,,9,1.6959,2.18,2
33RO20100308, A13.5,112,1,24,11714,2,20100413,2010-04-13 23:45,2345,0.0008,-3.001,5127,5.3,5.3,29.3115,34.5154,4,34.6133,2,196,2,196.9,2,0.56,6,0.05,6,0,6,0.02,6,1.506,2,0.972,2,1.064,4,,5,1945.6,2,2271.5,2,271.7,2,20,8.1043,2,25,74.53,2,5.02,2,,1,,1,,9,55.7,2,2.9,1.55,2,29.3102,29.3117,2
33RO20100308, A13.5,112,1,23,11716,2,20100413,2010-04-13 23:45,2345,0.0008,-3.001,5127,31.3,31.3,24.1577,36.0967,2,36.0751,2,200.8,2,199.7,2,1.08,2,0.18,2,0,2,0.15,2,1.821,2,1.125,2,1.02,2,,5,2071.1,2,2366.6,2,350.3,2,20,8.024,2,25,67.91,2,4.79,2,,1,,1,,9,55,2,4.3,1.37,2,24.1511,24.1597,2
33RO20100308, A13.5,112,1,22,11022,2,20100413,2010-04-13 23:45,2345,0.0008,-3.001,5127,59.6,59.6,18.727,36.0244,2,36.0205,2,168.2,2,168,2,3.13,2,8.14,2,0.28,2,0.66,2,2.155,2,1.282,2,1.023,2,,5,2132.9,2,2361.7,6,495.1,2,20,7.9035,2,25,54.72,2,11.33,2,,1,,1,,9,52.5,2,3.3,0.97,2,18.7164,18.7294,2
33RO20100308, A13.5,112,1,21,11010,2,20100413,2010-04-13 23:45,2345,0.0008,-3.001,5127,100.5,100.5,15.8307,35.6468,2,35.6446,2,146.6,2,144.9,2,5.14,2,14.45,2,0.02,2,1.01,2,2.234,2,1.288,2,0.82,2,,5,2157.3,2,2340.8,2,629.1,2,20,7.8108,2,25,50.88,2,17.44,2,,1,,1,,9,50.4,2,3.1,0.75,2,15.8149,15.8332,2
33RO20100308, A13.5,112,1,20,11715,2,20100413,2010-04-13 23:45,2345,0.0008,-3.001,5127,149.6,149.6,14.8202,35.5221,2,35.5192,2,141.1,2,138.9,2,5.93,2,16.46,2,0.01,2,1.13,2,2.227,2,1.265,2,0.774,2,,5,2164.6,2,2330,2,681.7,2,20,7.7791,2,25,47.85,2,18.42,2,,1,,1,,9,48.2,2,2.9,0.71,2,14.7977,14.8232,2
33RO20100308, A13.5,112,1,19,11007,2,20100413,2010-04-13 23:45,2345,0.0008,-3.001,5127,199.6,199.6,14.6593,35.5009,2,35.498,2,127.7,2,123.7,2,6.5,2,18.44,2,0.01,2,1.23,2,2.155,2,1.225,2,0.748,2,,5,2175.5,2,2330.3,2,736.4,2,20,7.7491,2,25,45.27,2,20.63,2,,1,,1,,9,43.5,2,3.3,0.64,2,14.6294,14.6619,2
33RO20100308, A13.5,112,1,18,11710,2,20100413,2010-04-13 23:45,2345,0.0008,-3.001,5127,275.2,275.2,11.9684,35.1682,3,35.1499,2,82,2,82.7,2,10.78,2,27.66,2,0.01,2,1.74,2,1.609,2,0.877,2,0.406,2,,5,2214.4,2,2310.3,2,1065.7,2,20,7.6027,2,25,42.8,2,28.48,2,,1,,1,,9,17.4,2,3.6,0.59,2,11.9324,11.9653,2
33RO20100308, A13.5,112,1,17,11025,2,20100413,2010-04-13 23:45,2345,0.0008,-3.001,5127,350.6,350.6,9.7984,34.9116,2,34.9057,2,73.9,2,75,2,14.19,2,32.36,2,0.01,2,2.02,2,1.194,2,0.628,2,0.263,2,,5,2228.5,2,2302,2,1270.7,2,20,7.5336,2,25,41.35,2,32.99,2,,1,,1,,9,-4.8,2,3,0.44,2,9.758,9.8021,2
33RO20100308, A13.5,112,1,16,11709,2,20100413,2010-04-13 23:45,2345,0.0008,-3.001,5127,451,451,8.0732,34.7179,2,34.7187,2,107,2,107,2,17.21,2,32.55,2,0.01,2,2.08,2,1.062,2,0.544,2,1.092,4,,5,2219.3,2,2295.6,2,1209.7,2,20,7.5497,2,25,40.14,2,34.21,2,,1,,1,,9,-29.4,6,2.9,0.57,2,8.0267,8.0684,2
33RO20100308, A13.5,112,1,15,11006,2,20100413,2010-04-13 23:45,2345,0.0008,-3.001,5127,600.4,600.4,6.2584,34.5615,2,34.5622,2,130.5,2,129.9,2,22.58,2,33.87,2,0,2,2.23,2,0.662,2,0.333,2,0.062,2,,5,2217.9,2,2295.5,2,1203.4,2,20,7.5496,2,25,39.48,2,35.61,2,,1,,1,,9,-73.8,6,7.3,0.79,2,6.2043,6.2718,2
33RO20100308, A13.5,112,1,14,11708,2,20100413,2010-04-13 23:45,2345,0.0008,-3.001,5127,750.5,750.5,4.9014,34.5123,2,34.5118,2,146.3,2,146.3,2,29.51,2,34.47,2,0,2,2.31,2,0.254,2,0.129,2,0,2,,5,2221.7,2,2298,2,1184.6,2,20,7.5538,2,25,39.53,2,36.38,2,,1,,1,,9,-93.9,2,2.5,0.75,2,4.8408,4.9015,2
33RO20100308, A13.5,112,1,13,11031,2,20100413,2010-04-13 23:45,2345,0.0008,-3.001,5127,900.2,900.2,4.676,34.5548,2,34.5536,2,149.4,2,150,2,30.71,2,33.87,2,0,2,2.29,2,0.137,2,0.07,2,0,2,,5,2220.3,2,2304,2,1172.5,2,20,7.5614,2,25,39.7,2,35.35,2,,1,,1,,9,-103.4,2,2.6,0.79,2,4.6038,4.6769,2
33RO20100308, A13.5,112,1,12,11027,2,20100413,2010-04-13 23:45,2345,0.0008,-3.001,5127,1100.4,1100.4,4.502,34.6886,2,34.6872,2,163.3,2,163.5,2,29.13,2,31.24,2,0,2,2.11,2,0.056,2,0.03,2,0,2,,5,2214.3,2,2304.6,2,1080.7,2,20,7.5933,2,25,39.89,2,32.81,2,,1,,1,,9,-105.5,2,3.2,0.79,2,4.4133,4.502,2
33RO20100308, A13.5,112,1,11,11707,2,20100413,2010-04-13 23:45,2345,0.0008,-3.001,5127,1399.7,1399.7,4.3875,34.934,2,34.9339,2,213.2,2,212.8,2,19.96,2,23.34,2,0,2,1.55,2,0.15,2,0.079,2,0,2,,5,2184.7,2,2312.4,2,851.1,2,20,7.688,2,25,38.54,2,24.78,2,,1,,1,,9,-83,2,2.6,0.93,2,4.2723,4.3876,2
33RO20100308, A13.5,112,1,10,11003,2,20100413,2010-04-13 23:45,2345,0.0008,-3.001,5127,1700,1700,3.9665,34.9738,2,34.9736,2,239.8,2,239.5,2,18.18,6,20.39,6,0,6,1.35,2,0.196,2,0.102,2,0,2,,5,2172.3,2,2314.8,2,780.2,2,20,7.7261,2,25,39.06,2,22.28,2,,1,,1,,9,-78.8,2,2.5,0.97,2,3.8282,3.9663,2
33RO20100308, A13.5,112,1,9,11706,2,20100413,2010-04-13 23:45,2345,0.0008,-3.001,5127,2000.9,2000.9,3.5027,34.9633,2,34.9626,2,247,2,246.9,2,21.69,6,19.99,6,0,6,1.33,2,0.12,2,0.063,2,0,2,,5,2171.5,6,2318.5,6,763.2,2,20,7.7331,2,25,38.85,2,22.47,2,,9,,1,,9,-84.7,2,2.5,1.06,2,3.3425,3.5028,2
33RO20100308, A13.5,112,1,8,11033,2,20100413,2010-04-13 23:45,2345,0.0008,-3.001,5127,2299.6,2299.6,3.1515,34.9429,2,34.9435,2,244.5,2,245.3,2,28.02,6,20.73,6,0,6,1.37,6,0.042,2,0.024,2,0,2,,5,2177.9,2,,9,764.1,2,20,7.73,2,25,39.07,2,22.31,2,,1,,1,,9,-101.2,2,2.6,1.02,2,2.9684,3.1512,2
33RO20100308, A13.5,112,1,7,11705,2,20100413,2010-04-13 23:45,2345,0.0008,-3.001,5127,2699.8,2699.8,2.7458,34.9168,2,34.9175,2,241.8,2,242.6,2,36.59,6,21.6,6,0,6,1.44,6,0.015,2,0.01,2,0,2,,5,2187.7,2,2332.6,2,775.4,2,20,7.7254,2,25,39.15,2,23.5,2,,9,,1,,9,-112.4,2,2.6,0.92,2,2.531,2.7458,2
33RO20100308, A13.5,112,1,6,11029,2,20100413,2010-04-13 23:45,2345,0.0008,-3.001,5127,3099.5,3099.5,2.6182,34.9072,2,34.9069,2,239.5,2,240.7,2,40.55,6,21.99,6,0,6,1.47,6,0.023,2,0.039,4,0.409,4,,5,2193.5,2,2335.9,2,785.6,2,20,7.7233,2,25,39.45,2,24.43,2,,1,,1,,9,-115.5,2,2.7,0.97,2,2.3655,2.6179,2
33RO20100308, A13.5,112,1,5,11704,2,20100413,2010-04-13 23:45,2345,0.0008,-3.001,5127,3500.7,3500.7,2.4376,34.895,2,34.8944,2,243.1,2,243.5,2,43.61,6,22.03,6,0,6,1.48,6,0.02,6,0.013,6,0,6,,5,2195.4,2,2334.3,2,782.9,2,20,7.723,2,25,39.92,2,24.13,2,,9,,1,,9,-119.5,2,2.8,0.95,2,2.1467,2.4374,2
33RO20100308, A13.5,112,1,4,11030,2,20100413,2010-04-13 23:45,2345,0.0008,-3.001,5127,3901.3,3901.3,2.3619,34.8868,2,34.887,2,243.4,2,244.1,2,46.12,6,22.18,6,0,6,1.49,6,0.028,2,0.018,2,0,2,,5,2198.1,2,2341.3,2,785.9,2,20,7.723,2,25,39.27,2,23.4,2,,1,,1,,9,-106.8,3,2.6,0.96,2,2.0287,2.3617,2
33RO20100308, A13.5,112,1,3,11703,2,20100413,2010-04-13 23:45,2345,0.0008,-3.001,5127,4300.3,4300.3,2.2875,34.8774,2,34.8773,2,242.1,2,242.3,2,49.72,6,22.57,6,0,6,1.52,6,0.053,2,0.081,4,0.861,4,,5,2203.1,6,2343.4,2,792.3,2,20,7.7203,2,25,38.67,2,24.41,2,,9,,1,,9,-118.5,2,2.4,0.94,2,1.9105,2.2873,2
33RO20100308, A13.5,112,1,2,11702,2,20100413,2010-04-13 23:45,2345,0.0008,-3.001,5127,4702,4702,2.2184,34.8665,2,34.8655,2,240.9,2,241.6,2,53.7,6,22.98,6,0,6,1.55,6,0.029,2,0.018,2,0,2,,5,2207.7,2,2349,4,801.3,2,20,7.7167,2,25,40.07,2,25.32,2,,1,,1,,9,-116.9,2,1.8,0.92,2,1.7955,2.2182,2
33RO20100308, A13.5,112,1,1,11701,2,20100413,2010-04-13 23:45,2345,0.0008,-3.001,5127,5197.8,5197.8,2.1756,34.8561,2,34.8591,2,242.8,2,241.5,2,56.48,6,23.22,6,0,6,1.57,6,0.078,2,0.042,2,0,2,0,3,2209.1,2,2348.8,2,811,2,20,7.7134,2,25,40.39,2,24.38,2,,1,,1,,9,-116,2,1.7,0.95,2,1.6922,2.1753,2
33RO20100308, A13.5,113,1,24,11714,2,20100414,2010-04-14 5:10,510,0.3343,-3.0005,5127,6.1,6.1,29.6072,34.2849,3,34.3353,2,193.3,2,194.6,2,0.64,6,0.13,6,0,6,0.01,6,1.487,2,0.945,2,0.925,2,1.546,3,1925.9,6,2252.2,2,265.4,2,20,8.1146,2,25,74.03,2,5.25,2,,9,,9,,9,,9,,,9,29.6057,29.6088,2
33RO20100308, A13.5,113,1,23,11716,2,20100414,2010-04-14 5:10,510,0.3343,-3.0005,5127,49.8,49.8,22.1102,36.3674,2,36.3644,2,186.7,2,186.6,2,1.7,2,1.37,2,0.1,2,0.31,2,1.976,2,1.201,2,1.039,2,0.803,3,2108.2,2,2385.8,6,396.7,2,20,7.9859,2,25,60.85,2,6.01,2,,9,,9,,9,,9,,,9,22.1003,22.0938,2
33RO20100308, A13.5,113,1,22,11022,2,20100414,2010-04-14 5:10,510,0.3343,-3.0005,5127,100.1,100.1,16.1328,35.6859,2,35.6882,2,144.7,2,143.3,2,5.11,2,14.49,2,0.03,2,1.01,2,2.24,2,1.271,2,0.814,2,0.524,3,2157.7,2,2344.6,6,622.5,2,20,7.8148,2,25,46.9,2,18.48,2,,9,,9,,9,,9,,,9,16.1168,16.1411,2
33RO20100308, A13.5,113,1,21,11010,2,20100414,2010-04-14 5:10,510,0.3343,-3.0005,5127,149.8,149.8,14.8627,35.5281,2,35.5255,2,139.9,2,139.1,2,5.97,2,16.55,2,0.01,2,1.12,2,2.267,2,1.27,2,0.765,2,0.467,3,2162.9,2,2329.1,2,674.7,2,20,7.7816,2,25,46.43,2,18.99,2,,9,,9,,9,,9,,,9,14.8401,14.8648,2
33RO20100308, A13.5,113,1,20,11715,2,20100414,2010-04-14 5:10,510,0.3343,-3.0005,5127,199.2,199.2,14.6162,35.4966,2,35.4951,2,119.2,2,118,2,6.81,2,19.34,2,0.01,2,1.29,2,2.159,6,1.202,6,0.66,6,0.371,3,2177.4,2,2331.2,2,728.8,2,20,7.7381,2,25,45.83,2,21.44,2,,9,,9,,9,,9,,,9,14.5864,14.6162,2
33RO20100308, A13.5,113,1,19,11007,2,20100414,2010-04-14 5:10,510,0.3343,-3.0005,5127,250,250,13.315,35.3218,3,35.3008,2,85,2,82.8,2,9.34,2,25.58,2,0.01,2,1.62,2,1.818,2,0.986,2,0.435,2,0.269,3,2206.3,2,2316.9,2,976.7,2,20,7.6366,2,25,45.01,2,27.99,2,,9,,9,,9,,9,,,9,13.2799,13.3042,2
33RO20100308, A13.5,113,1,18,11710,2,20100414,2010-04-14 5:10,510,0.3343,-3.0005,5127,349.1,349.1,9.8254,34.9146,2,34.9166,2,76.4,2,76.5,6,14.14,2,32.3,2,0.01,2,2.01,2,1.232,2,0.644,2,0.185,2,0.357,3,2224.3,6,2302.5,2,1252.4,2,20,7.5368,2,25,42.29,2,33.48,2,,9,,9,,9,,9,,,9,9.7851,9.8269,2
33RO20100308, A13.5,113,1,17,11025,2,20100414,2010-04-14 5:10,510,0.3343,-3.0005,5127,448.7,448.7,8.257,34.7395,2,34.7368,2,108.1,2,107.3,2,16.91,2,32.39,2,0,2,2.06,2,1.126,2,0.573,2,0.144,2,0.554,3,2213.9,2,2293,2,1194.7,2,20,7.5568,2,25,41.13,2,33.58,2,,9,,9,,9,,9,,,9,8.2102,8.2492,2
33RO20100308, A13.5,113,1,16,11709,2,20100414,2010-04-14 5:10,510,0.3343,-3.0005,5127,649.6,649.6,5.5753,34.5179,2,34.5191,2,140,2,138.9,2,25.8,2,34.57,2,0,2,2.29,2,0.501,2,0.246,2,0,2,0.606,3,2214.9,2,2297.7,2,1196.9,2,20,7.5522,2,25,39.81,2,36.16,2,,9,,9,,9,,9,,,9,5.5199,5.5785,2
33RO20100308, A13.5,113,1,15,11006,2,20100414,2010-04-14 5:10,510,0.3343,-3.0005,5127,849.4,849.4,4.8321,34.5252,2,34.5269,2,147.9,2,148.2,2,30.15,2,34.55,2,0,2,2.32,2,0.223,2,0.111,2,0,2,0.405,3,2217.5,2,2300.6,2,,9,,7.5581,2,25,38.87,2,36.38,2,,9,,9,,9,,9,,,9,4.7633,4.8319,2
33RO20100308, A13.5,113,1,14,11708,2,20100414,2010-04-14 5:10,510,0.3343,-3.0005,5127,1049.1,1049.1,4.5051,34.6445,2,34.6455,2,157.6,2,157.4,2,30.41,2,32.49,2,0,2,2.19,2,0.053,2,0.028,2,0,2,0.155,3,2216.3,2,2308.2,2,1118.2,2,20,7.5818,2,25,38.89,2,34.38,2,,9,,9,,9,,9,,,9,4.421,4.504,2
33RO20100308, A13.5,113,1,13,11031,2,20100414,2010-04-14 5:10,510,0.3343,-3.0005,5127,1249.8,1249.8,4.5416,34.8094,2,34.8088,2,179.4,2,179,2,25.49,2,28.4,2,0,2,1.91,2,,9,,9,,9,,9,2202.2,2,2311.5,2,,9,,7.6301,2,25,39.8,2,30.73,2,,9,,9,,9,,9,,,9,4.4389,4.5412,2
33RO20100308, A13.5,113,1,12,11027,2,20100414,2010-04-14 5:10,510,0.3343,-3.0005,5127,1500.3,1500.3,4.2111,34.9569,2,34.9553,2,224,2,222.8,2,19.45,2,22.22,2,0,2,1.47,2,0.13,2,0.067,2,0,2,0.415,3,2178.4,2,2315.4,2,816.4,2,20,7.7044,2,25,39.7,2,23.42,2,,9,,9,,9,,9,,,9,4.0885,4.2109,2
33RO20100308, A13.5,113,1,11,11707,2,20100414,2010-04-14 5:10,510,0.3343,-3.0005,5127,1799.5,1799.5,3.9335,34.9731,2,34.9726,2,240.4,2,239.4,2,18.61,2,20.51,2,0,2,1.35,2,0.173,2,0.087,2,0,2,0.491,3,2171.6,2,2314.3,2,,9,,7.7265,2,25,39.87,2,21.6,2,,9,,9,,9,,9,,,9,3.7862,3.9333,2
33RO20100308, A13.5,113,1,10,11003,2,20100414,2010-04-14 5:10,510,0.3343,-3.0005,5127,2099.8,2099.8,3.3886,34.9574,2,34.9584,2,248.1,2,247.2,2,23.53,6,20.06,6,0,6,1.34,2,0.102,2,0.054,2,0,2,0.378,3,2172.3,2,2321.3,2,757.8,2,20,7.7342,2,25,40.45,2,21.81,2,,9,,9,,9,,9,,,9,3.2207,3.3886,2
33RO20100308, A13.5,113,1,9,11706,2,20100414,2010-04-14 5:10,510,0.3343,-3.0005,5127,2399.4,2399.4,3.1062,34.9401,2,34.9394,2,244.3,2,244.2,2,29.44,6,20.9,6,0,6,1.39,6,,9,,9,,9,,9,2177.8,2,2323.9,2,,9,,7.7308,2,25,40.27,2,22.73,2,,9,,9,,9,,9,,,9,2.9142,3.1065,2
33RO20100308, A13.5,113,1,8,11033,2,20100414,2010-04-14 5:10,510,0.3343,-3.0005,5127,2696.7,2696.7,2.7656,34.9184,2,34.9171,2,243.2,2,243.2,6,36.22,6,21.51,6,0,6,1.43,6,,9,,9,,9,,9,2186.5,2,2333.7,2,776.3,2,20,7.7277,2,25,39.44,2,23.52,2,,9,,9,,9,,9,,,9,2.5507,2.7662,2
33RO20100308, A13.5,113,1,7,11705,2,20100414,2010-04-14 5:10,510,0.3343,-3.0005,5127,2999.8,2999.8,2.6344,34.9091,2,34.909,2,240.4,2,240.7,2,39.96,6,21.96,6,0,6,1.47,6,,9,,9,,9,,9,2190.7,2,2335.9,2,,9,,7.7253,2,25,40.48,2,23.55,2,,9,,9,,9,,9,,,9,2.3917,2.6352,2
33RO20100308, A13.5,113,1,6,11029,2,20100414,2010-04-14 5:10,510,0.3343,-3.0005,5127,3300.3,3300.3,2.5248,34.9013,2,34.9007,2,242.4,2,242.9,2,41.66,6,21.94,6,0,6,1.47,6,,9,,9,,9,,9,2192.1,2,2337,2,,9,,7.7251,2,25,40.65,2,23.27,2,,9,,9,,9,,9,,,9,2.2532,2.5248,2
33RO20100308, A13.5,113,1,5,11704,2,20100414,2010-04-14 5:10,510,0.3343,-3.0005,5127,3600.2,3600.2,2.416,34.8932,2,34.8926,2,242.6,2,243,2,44.37,4,22.1,4,0,4,1.48,4,,9,,9,,9,,9,2194.5,2,2341.4,2,785.2,2,20,7.7236,2,25,40.23,2,23.18,2,,9,,9,,9,,9,,,9,2.1148,2.416,2
33RO20100308, A13.5,113,1,4,11030,4,20100414,2010-04-14 5:10,510,0.3343,-3.0005,5127,3899.4,3899.4,2.3564,34.8865,4,34.918,4,243.4,2,241.9,2,36.25,4,21.5,4,0,4,1.44,4,,9,,9,,9,,9,2184.8,4,2332.4,4,,9,,7.727,2,25,39.94,2,22.69,2,,9,,9,,9,,9,,,9,2.0236,2.3561,2
33RO20100308, A13.5,113,1,3,11703,2,20100414,2010-04-14 5:10,510,0.3343,-3.0005,5127,4199.6,4199.6,2.2968,34.8792,2,34.8783,2,242.2,2,242.5,2,49.39,6,22.59,6,0,6,1.52,6,,9,,9,,9,,9,2199,2,2345.1,2,,9,,7.7203,2,25,40.4,2,24.48,2,,9,,9,,9,,9,,,9,1.9313,2.2967,2
33RO20100308, A13.5,113,1,2,11702,2,20100414,2010-04-14 5:10,510,0.3343,-3.0005,5127,4599.3,4599.3,2.2298,34.8688,2,34.8682,2,241.2,2,242.4,2,53.17,6,22.99,6,0,6,1.55,6,,9,,9,,9,,9,2204.6,2,2349.1,2,801.1,2,20,7.718,2,25,40.44,2,24.27,2,,9,,9,,9,,9,,,9,1.819,2.2295,2
33RO20100308, A13.5,113,1,1,11701,2,20100414,2010-04-14 5:10,510,0.3343,-3.0005,5127,5190.4,5190.4,2.1755,34.8561,2,34.8558,2,241.7,2,240.8,2,57.13,6,23.33,6,0,6,1.58,6,,9,,9,,9,,9,2210.1,6,2351.7,2,811.7,2,20,7.7147,2,25,39.95,2,24.45,2,,9,,9,,9,,9,,,9,1.6931,2.1756,2
33RO20100308, A13.5,114,1,24,11714,2,20100414,2010-04-14 10:59,1059,0.6652,-3.001,5125,5.5,5.5,29.8917,34.1975,2,34.1991,2,193.9,2,194.6,2,0.59,6,0.08,6,0,6,0,6,1.465,2,0.936,2,1.005,2,1.624,3,1914.7,6,2244.7,2,261.2,2,20,8.1195,2,25,,9,,9,,9,,9,,9,,9,,,9,29.8903,29.8555,2
33RO20100308, A13.5,114,1,23,11716,2,20100414,2010-04-14 10:59,1059,0.6652,-3.001,5125,41.6,41.6,23.1111,35.9514,2,35.9314,2,194.6,2,196,2,1.39,2,1.13,2,0.08,2,0.21,2,1.912,2,1.15,2,0.909,2,0.776,3,2074.2,2,2357.5,6,373.4,2,20,8.0046,2,25,,9,,9,,9,,9,,9,,9,,,9,23.1025,23.1106,2
33RO20100308, A13.5,114,1,22,11022,2,20100414,2010-04-14 10:59,1059,0.6652,-3.001,5125,74.4,74.4,18.2067,35.8807,2,35.8546,2,147.4,2,140,2,4.18,2,12.62,2,0.23,2,0.89,2,2.148,2,1.244,2,0.807,2,0.511,3,2149.5,2,,5,583.7,2,20,7.8415,2,25,,9,,9,,9,,9,,9,,9,,,9,18.1938,18.1991,2
33RO20100308, A13.5,114,1,21,11010,2,20100414,2010-04-14 10:59,1059,0.6652,-3.001,5125,124,124,15.0963,35.5615,2,35.5607,2,139,2,137,2,5.89,2,16.38,2,0.01,2,1.13,2,2.258,2,1.27,2,0.752,2,0.432,3,2165.1,2,2336,2,676.3,2,20,7.784,2,25,,9,,9,,9,,9,,9,,9,,,9,15.0774,15.0948,2
33RO20100308, A13.5,114,1,20,11715,2,20100414,2010-04-14 10:59,1059,0.6652,-3.001,5125,172.3,172.3,14.6113,35.4988,2,35.4988,2,114.6,2,114.4,2,6.88,2,19.59,2,0.01,2,1.3,2,2.142,2,1.193,2,0.702,2,0.329,3,2181.2,2,2332.4,2,768.4,2,20,7.732,2,25,,9,,9,,9,,9,,9,,9,,,9,14.5856,14.611,2
33RO20100308, A13.5,114,1,19,11007,2,20100414,2010-04-14 10:59,1059,0.6652,-3.001,5125,225.4,225.4,13.2369,35.3139,2,35.3072,2,72,2,72.7,2,9.83,2,26.5,2,0.01,2,1.69,2,1.709,2,0.928,2,0.366,2,0.186,3,2212.5,6,2319.1,2,1021,2,20,7.6199,2,25,,9,,9,,9,,9,,9,,9,,,9,13.2054,13.2047,2
33RO20100308, A13.5,114,1,18,11710,2,20100414,2010-04-14 10:59,1059,0.6652,-3.001,5125,300.2,300.2,10.2551,34.9644,2,34.9659,2,87.6,2,87,2,13.03,2,30.03,2,0.01,2,1.88,2,1.435,6,0.752,6,0.249,6,0.349,3,2217,2,2305.4,2,1147.7,2,20,7.5734,2,25,,9,,9,,9,,9,,9,,9,,,9,10.2195,10.2606,2
33RO20100308, A13.5,114,1,17,11025,2,20100414,2010-04-14 10:59,1059,0.6652,-3.001,5125,400.6,400.6,8.7666,34.794,2,34.7936,2,92.8,2,92.4,6,16.09,2,32.64,2,0,2,2.06,2,1.118,2,0.573,2,0.153,2,0.443,3,2221.8,2,2298.4,2,1245.6,2,20,7.5405,2,25,,9,,9,,9,,9,,9,,9,,,9,8.7234,8.768,2
33RO20100308, A13.5,114,1,16,11709,2,20100414,2010-04-14 10:59,1059,0.6652,-3.001,5125,550.7,550.7,6.4891,34.5859,2,34.5854,2,122.2,2,122.2,2,22.39,2,34.17,2,0,2,2.24,2,0.638,2,0.317,2,0.079,2,0.534,3,2218.4,2,2296.7,2,1222.6,2,20,7.5451,2,25,,9,,9,,9,,9,,9,,9,,,9,6.4387,6.4931,2
33RO20100308, A13.5,114,1,15,11006,2,20100414,2010-04-14 10:59,1059,0.6652,-3.001,5125,700.3,700.3,5.3298,34.509,2,34.5094,2,142,2,141.8,2,27.59,2,34.51,2,0,2,2.31,2,0.409,2,0.201,2,0.035,2,0.518,3,2219,2,2297.2,2,1199.9,2,20,7.5524,2,25,,9,,9,,9,,9,,9,,9,,,9,5.2712,5.3258,2
33RO20100308, A13.5,114,1,14,11708,2,20100414,2010-04-14 10:59,1059,0.6652,-3.001,5125,900.9,900.9,4.6834,34.5513,2,34.553,2,149.7,2,148.9,2,31.13,2,34.11,2,0,2,2.32,2,0.139,2,0.07,2,0,2,0.266,3,2221.3,2,2303.5,2,1177.2,2,20,7.5602,2,25,,9,,9,,9,,9,,9,,9,,,9,4.6111,4.6837,2
33RO20100308, A13.5,114,1,13,11031,2,20100414,2010-04-14 10:59,1059,0.6652,-3.001,5125,1099.3,1099.3,4.5389,34.6949,2,34.6958,2,163,2,162.6,2,29.16,2,31.32,2,0,2,2.12,2,,9,,9,,9,,9,2214.8,2,2307.3,2,1082,2,20,7.5943,2,25,,9,,9,,9,,9,,9,,9,,,9,4.45,4.5389,2
33RO20100308, A13.5,114,1,12,11027,2,20100414,2010-04-14 10:59,1059,0.6652,-3.001,5125,1301.7,1301.7,4.5053,34.8975,2,34.8983,2,200,2,199.1,2,21.89,2,25.09,2,0,2,1.67,2,,9,,9,,9,,9,2192.6,2,2313.6,2,898.3,2,20,7.6684,2,25,,9,,9,,9,,9,,9,,9,,,9,4.398,4.505,2
33RO20100308, A13.5,114,1,11,11707,2,20100414,2010-04-14 10:59,1059,0.6652,-3.001,5125,1496.8,1496.8,4.2294,34.962,2,34.9636,2,227.4,2,226,2,18.71,2,21.73,2,0,2,1.45,2,0.208,2,0.104,2,0,2,0.486,3,2178,2,2313.6,2,810.4,2,20,7.7093,2,25,,9,,9,,9,,9,,9,,9,,,9,4.1069,4.2292,2
33RO20100308, A13.5,114,1,10,11003,2,20100414,2010-04-14 10:59,1059,0.6652,-3.001,5125,1700.9,1700.9,3.9995,34.9753,2,34.9761,2,240.5,2,239.7,2,17.9,6,20.29,6,0,6,1.34,6,0.291,2,0.144,2,0,2,0.675,3,2170.7,2,2315.3,2,779.1,2,20,7.7257,2,25,,9,,9,,9,,9,,9,,9,,,9,3.8607,4,2
33RO20100308, A13.5,114,1,9,11706,2,20100414,2010-04-14 10:59,1059,0.6652,-3.001,5125,2101.1,2101.1,3.4162,34.9592,2,34.9603,2,248.5,2,247.4,6,23.1,6,20.09,6,0,6,1.33,6,0.119,2,0.061,2,0,2,0.372,3,2172.6,2,2318.5,2,763,2,20,7.7363,2,25,,9,,9,,9,,9,,9,,9,,,9,3.2478,3.4165,2
33RO20100308, A13.5,114,1,8,11033,2,20100414,2010-04-14 10:59,1059,0.6652,-3.001,5125,2499.5,2499.5,2.9739,34.9319,4,34.9141,4,243.6,2,243.1,2,32.26,6,21.22,6,0,6,1.41,6,,9,,9,,9,,9,2182.7,2,2329.4,6,770,2,20,7.7296,2,25,,9,,9,,9,,9,,9,,9,,,9,2.7745,2.9741,2
33RO20100308, A13.5,114,1,7,11705,2,20100414,2010-04-14 10:59,1059,0.6652,-3.001,5125,2900.4,2900.4,2.6773,34.9128,2,34.9132,2,242.6,2,242.9,2,38.35,6,21.74,6,0,6,1.45,6,,9,,9,,9,,9,2189.1,2,2333.3,2,775.8,2,20,7.7269,2,25,,9,,9,,9,,9,,9,,9,,,9,2.4438,2.6784,2
33RO20100308, A13.5,114,1,6,11029,2,20100414,2010-04-14 10:59,1059,0.6652,-3.001,5125,3300.5,3300.5,2.4921,34.8996,2,34.9003,2,242.4,2,242.8,2,42.57,6,22.07,6,0,6,1.48,6,,9,,9,,9,,9,2193.6,2,2339.2,2,781.8,2,20,7.7255,2,25,,9,,9,,9,,9,,9,,9,,,9,2.2213,2.492,2
33RO20100308, A13.5,114,1,5,11704,2,20100414,2010-04-14 10:59,1059,0.6652,-3.001,5125,3699.2,3699.2,2.3975,34.8917,2,34.8937,2,242.6,2,242,2,45.46,6,22.21,6,0,6,1.49,6,,9,,9,,9,,9,2197.4,2,2341,2,784.6,2,20,7.7232,2,25,,9,,9,,9,,9,,9,,9,,,9,2.0859,2.3977,2
33RO20100308, A13.5,114,1,4,11030,2,20100414,2010-04-14 10:59,1059,0.6652,-3.001,5125,4100.4,4100.4,2.3156,34.8816,2,34.883,2,242.8,2,243,2,48.49,6,22.51,6,0,6,1.51,6,,9,,9,,9,,9,2200.3,2,2344.9,2,788.6,2,20,7.7223,2,25,,9,,9,,9,,9,,9,,9,,,9,1.961,2.3151,2
33RO20100308, A13.5,114,1,3,11703,2,20100414,2010-04-14 10:59,1059,0.6652,-3.001,5125,4499.3,4499.3,2.2461,34.8714,2,34.8722,2,240.8,2,240.9,2,52.71,6,23.01,6,0,6,1.54,6,,9,,9,,9,,9,2206,2,2347.4,2,796.5,2,20,7.7189,2,25,,9,,9,,9,,9,,9,,9,,,9,1.8468,2.2456,2
33RO20100308, A13.5,114,1,2,11702,2,20100414,2010-04-14 10:59,1059,0.6652,-3.001,5125,4900.9,4900.9,2.1988,34.8624,2,34.8629,2,239.5,2,239.5,2,56.24,6,23.42,6,0,6,1.57,6,,9,,9,,9,,9,2210.5,2,2354.5,2,798.8,2,20,7.715,2,25,,9,,9,,9,,9,,9,,9,,,9,1.752,2.1986,2
33RO20100308, A13.5,114,1,1,11701,2,20100414,2010-04-14 10:59,1059,0.6652,-3.001,5125,5189.3,5189.3,2.184,34.8565,2,34.8568,2,240.7,2,239.1,2,58.08,6,23.6,6,0,6,1.59,6,,9,,9,,9,,9,2213.7,6,2355.3,2,811.3,2,20,7.7142,2,25,,9,,9,,9,,9,,9,,9,,,9,1.7014,2.1838,2
33RO20100308, A13.5,115,1,24,11714,2,20100414,2010-04-14 16:16,1616,0.9997,-3.0003,5126,5.6,5.6,30.2827,34.2099,2,34.2134,2,194.8,2,194.6,2,0.57,6,0.07,6,0,6,0,6,1.454,2,0.93,2,0.976,2,1.652,3,1912.8,2,,9,259.4,2,20,8.1235,2,25,74,2,5.95,2,,1,,1,,9,55.4,2,3.1,1.57,2,30.2813,30.3365,2
33RO20100308, A13.5,115,1,23,11716,2,20100414,2010-04-14 16:16,1616,0.9997,-3.0003,5126,30.5,30.5,26.1306,35.3774,2,35.391,2,206.6,2,206.6,2,1.09,2,0.35,2,0.01,2,0.09,2,1.796,2,1.09,2,0.902,2,0.942,3,2021.9,2,2327,2,327.8,2,20,8.0479,2,25,66.96,2,5.31,2,,1,,1,,9,50,2,2.8,1.51,2,26.1238,26.1582,2
33RO20100308, A13.5,115,1,22,11022,2,20100414,2010-04-14 16:16,1616,0.9997,-3.0003,5126,60.3,60.3,18.1173,35.7891,2,35.7879,2,126.5,2,126.2,2,3.68,2,13.29,2,0.44,2,0.96,2,2.134,2,1.227,2,0.805,2,0.421,3,2160.8,2,2345.9,6,,9,,7.8099,2,25,53.34,2,17.26,2,,1,,1,,9,49.3,2,2.8,0.73,2,18.1069,18.1206,2
33RO20100308, A13.5,115,1,21,11010,2,20100414,2010-04-14 16:16,1616,0.9997,-3.0003,5126,110.2,110.2,15.3683,35.6089,2,35.6047,2,120.8,2,120.1,2,6.24,2,18.01,2,0.02,2,1.21,2,2.076,2,1.161,2,0.692,2,0.36,3,2173.5,2,2337.3,2,721.8,2,20,7.7591,2,25,49.27,2,21.94,2,,1,,1,,9,45.2,2,3.5,0.64,2,15.3513,15.374,2
33RO20100308, A13.5,115,1,20,11715,2,20100414,2010-04-14 16:16,1616,0.9997,-3.0003,5126,174.5,174.5,14.9899,35.5541,2,35.5522,2,123,2,121.6,2,6.53,2,18.35,2,0.01,2,1.23,2,2.191,2,1.226,2,0.692,2,0.387,3,2174.5,2,2334.8,2,728.3,2,20,7.7545,2,25,47.72,2,21.52,2,,1,,1,,9,43.6,2,3,0.62,2,14.9634,14.9874,2
33RO20100308, A13.5,115,1,19,11007,2,20100414,2010-04-14 16:16,1616,0.9997,-3.0003,5126,224.3,224.3,13.6985,35.3738,2,35.3741,2,73.7,2,74.1,2,9.3,2,25.51,2,0.01,2,1.63,2,1.784,2,0.975,2,0.423,2,0.214,3,2207.1,2,2323,2,985.4,2,20,7.6361,2,25,46.01,2,27.83,2,,1,,1,,9,36,2,3,0.38,2,13.6664,13.7028,2
33RO20100308, A13.5,115,1,18,11710,2,20100414,2010-04-14 16:16,1616,0.9997,-3.0003,5126,300.6,300.6,10.5659,34.9993,2,,9,85.4,2,85.3,2,12.6,2,29.71,2,0,2,1.87,2,0.575,4,0.774,2,0.32,2,0.081,4,2214.4,2,2306.1,2,1140.2,2,20,7.5764,2,25,44.02,2,30.99,2,,1,,1,,9,-2.7,2,2.8,0.46,2,10.5296,10.57,2
33RO20100308, A13.5,115,1,17,11025,2,20100414,2010-04-14 16:16,1616,0.9997,-3.0003,5126,399.5,399.5,9.181,34.8402,2,34.8394,2,88.7,2,89.2,2,15.14,2,32.13,2,0,2,2.03,2,1.197,2,0.619,2,0.186,2,0.44,3,2218.7,2,2299.7,2,1223.9,2,20,7.5444,2,25,43.23,2,34.06,2,,1,,1,,9,-26.4,2,2.9,0.54,2,9.1366,9.1969,2
33RO20100308, A13.5,115,1,16,11709,2,20100414,2010-04-14 16:16,1616,0.9997,-3.0003,5126,549.4,549.4,6.3273,34.5748,2,34.5775,2,126.4,2,124.3,2,22.91,2,34.34,2,0,2,2.27,2,0.586,2,0.292,2,0.063,2,0.564,3,2216.2,2,2294.5,2,1228.2,2,20,7.5438,2,25,40.32,2,35.92,2,,1,,1,,9,-78.9,2,2.9,0.71,2,6.2777,6.3348,2
33RO20100308, A13.5,115,1,15,11006,2,20100414,2010-04-14 16:16,1616,0.9997,-3.0003,5126,699.5,699.5,5.3895,34.5084,2,34.51,2,144.6,2,143.8,2,26.94,2,34.25,2,0,2,2.29,2,0.474,2,0.232,2,0.03,2,0.612,3,2215.3,2,2298.2,2,1185.7,2,20,7.556,2,25,39.93,2,35.75,2,,1,,1,,9,-88.6,2,2.7,0.77,2,5.3306,5.3867,2
33RO20100308, A13.5,115,1,14,11708,2,20100414,2010-04-14 16:16,1616,0.9997,-3.0003,5126,851,851,4.7445,34.5484,2,34.5487,2,147.3,2,146.8,2,30.68,2,34.24,2,0,2,2.31,2,0.157,2,0.08,2,0.018,2,0.307,3,2219.5,2,2300.8,6,1182,2,20,7.5586,2,25,39.57,2,36.06,2,,1,,1,,9,-110.7,2,3.3,0.74,2,4.6761,4.7439,2
33RO20100308, A13.5,115,1,13,11031,2,20100414,2010-04-14 16:16,1616,0.9997,-3.0003,5126,999.1,999.1,4.5608,34.6248,2,34.6246,2,150.8,2,151.7,2,30.94,2,33.18,2,0,2,2.24,2,0.037,2,0.021,2,0,2,0.121,3,2221.1,2,2307,6,1149.3,2,20,7.5687,2,25,39.25,2,35.56,2,,1,,1,,9,-118.4,2,1.8,0.7,2,4.4807,4.5656,2
33RO20100308, A13.5,115,1,12,11027,2,20100414,2010-04-14 16:16,1616,0.9997,-3.0003,5126,1200.3,1200.3,4.5793,34.7687,2,34.7669,2,169.2,2,169.3,2,27.06,2,29.78,2,0,2,2,2,0.045,2,0.025,2,0.03,2,0.139,3,2209.6,2,2308.3,2,1033.8,2,20,7.6126,2,25,39.94,2,31.29,2,,1,,1,,9,-104.9,2,2.1,0.79,2,4.4809,4.5795,2
33RO20100308, A13.5,115,1,11,11707,2,20100414,2010-04-14 16:16,1616,0.9997,-3.0003,5126,1396.9,1396.9,4.3878,34.9375,2,34.9375,2,213.1,2,212.5,2,20.1,2,23.46,2,0,2,1.56,2,0.15,2,0.077,2,0.053,2,0.397,3,2184.4,2,2314.3,2,852.7,2,20,7.6903,2,25,40.46,2,25.12,2,,1,,1,,9,-85.8,2,2.1,0.93,2,4.2729,4.3879,2
33RO20100308, A13.5,115,1,10,11003,2,20100414,2010-04-14 16:16,1616,0.9997,-3.0003,5126,1599,1599,4.1715,34.9728,2,34.9733,2,233.8,2,233.7,2,17.7,6,20.94,6,0,6,1.38,2,0.32,2,0.157,2,0.043,2,0.719,3,2173.7,2,2313.9,2,795.6,2,20,7.7181,2,25,39.44,2,22.7,2,,1,,1,,9,-76,2,2.2,1.06,2,4.0401,4.1713,2
33RO20100308, A13.5,115,1,9,11706,2,20100414,2010-04-14 16:16,1616,0.9997,-3.0003,5126,1799.4,1799.4,3.9434,34.974,2,34.9742,2,240.2,2,240.1,2,18.46,6,20.43,6,0,6,1.35,6,0.2,2,0.101,2,0,2,0.544,3,2171.3,2,2315.5,2,,9,,7.7254,2,25,39.37,2,21.59,2,,9,,1,,9,-80.3,2,2.1,1.02,2,3.796,3.9434,2
33RO20100308, A13.5,115,1,8,11033,2,20100414,2010-04-14 16:16,1616,0.9997,-3.0003,5126,2199.4,2199.4,3.4026,34.9574,2,34.9575,2,246.6,2,246,2,23.81,6,20.3,6,0,6,1.34,6,0.087,2,0.046,2,0,2,0.303,3,2173.1,2,2318.5,2,759.1,2,20,7.7344,2,25,39.98,2,21.82,2,,1,,1,,9,,9,,,9,3.2249,3.402,2
33RO20100308, A13.5,115,1,7,11705,2,20100414,2010-04-14 16:16,1616,0.9997,-3.0003,5126,2600.4,2600.4,2.8726,34.9264,2,34.9271,2,243.3,2,242.4,2,33.85,6,21.38,6,0,6,1.42,6,0.015,2,0.012,2,0,2,0.075,3,2184.8,2,2325.8,2,,9,,7.729,2,25,39.98,2,23.54,2,,9,,1,,9,,9,,,9,2.6652,2.8731,2
33RO20100308, A13.5,115,1,6,11029,2,20100414,2010-04-14 16:16,1616,0.9997,-3.0003,5126,2999.5,2999.5,2.6011,34.9073,2,34.9074,2,241.6,2,241.7,2,40.4,6,21.99,6,0,6,1.47,6,0.01,2,0.006,2,0,2,0.059,3,2191.2,2,2335.1,2,781.8,2,20,7.7253,2,25,39.53,2,23.12,2,,1,,1,,9,,9,,,9,2.3591,2.6008,2
33RO20100308, A13.5,115,1,5,11704,2,20100414,2010-04-14 16:16,1616,0.9997,-3.0003,5126,3399.6,3399.6,2.4773,34.8984,2,34.898,2,243.2,2,243.3,2,42.51,6,22,6,0,6,1.48,6,0.025,2,0.015,2,0,2,0.106,3,2192.6,2,2338.9,2,,9,,7.7251,2,25,40.54,2,23.89,2,,9,,1,,9,,9,,,9,2.1963,2.4772,2
33RO20100308, A13.5,115,1,4,11030,2,20100414,2010-04-14 16:16,1616,0.9997,-3.0003,5126,3800.5,3800.5,2.3863,34.89,2,34.8903,2,242.4,2,241.8,2,46.01,6,22.26,6,0,6,1.5,6,0.018,2,0.011,2,0.01,2,0.077,3,2196.2,2,2339.3,2,,9,,7.7235,2,25,39.81,2,24.18,2,,1,,1,,9,,9,,,9,2.0638,2.3864,2
33RO20100308, A13.5,115,1,3,11703,2,20100414,2010-04-14 16:16,1616,0.9997,-3.0003,5126,4200.2,4200.2,2.3147,34.8812,2,34.8813,2,242.6,2,242,2,48.91,6,22.52,6,0,6,1.52,6,0.027,6,0.015,6,0,6,0.1,3,2198.4,2,2344.3,6,792.1,2,20,7.7206,2,25,39.83,2,24.19,2,,9,,1,,9,,9,,,9,1.9486,2.3146,2
33RO20100308, A13.5,115,1,2,11702,2,20100414,2010-04-14 16:16,1616,0.9997,-3.0003,5126,4600.9,4600.9,2.2445,34.8704,2,34.8705,2,241.6,2,241.4,2,52.51,6,22.91,6,0,6,1.55,6,0.033,2,0.019,2,0,2,0.127,3,2202.3,2,2347.3,2,,9,,7.7179,2,25,39.51,2,24.71,2,,1,,1,,9,,9,,,9,1.833,2.2441,2
33RO20100308, A13.5,115,1,1,11701,2,20100414,2010-04-14 16:16,1616,0.9997,-3.0003,5126,5192.3,5192.3,2.198,34.8578,2,34.8578,2,238.1,2,237.9,2,57.88,6,23.55,6,0,6,1.59,6,0.052,2,0.029,2,0,2,0.184,3,2212.2,2,2356,2,812.2,2,20,7.7158,2,25,40.74,2,24.92,2,,1,,1,,9,,9,,,9,1.7145,2.1978,2
33RO20100308, A13.5,116,1,20,11715,2,20100414,2010-04-14 21:40,2140,1.334,-3.001,5121,5.3,5.3,30.2195,34.2677,2,34.2794,2,193.5,2,194.4,2,0.42,6,0.09,6,0,6,0,6,1.446,6,0.928,6,1.014,6,1.639,3,1915.5,2,2248.3,2,257.1,2,20,8.126,2,25,,9,,9,,9,,9,,9,,9,,,9,30.2182,30.22,2
33RO20100308, A13.5,116,1,19,11007,2,20100414,2010-04-14 21:40,2140,1.334,-3.001,5121,49.5,49.5,20.6814,35.8345,2,35.8316,2,200.6,2,196.6,2,1.78,2,0.6,2,0.01,2,0.29,2,2.089,2,1.222,2,0.852,2,0.496,3,2106.2,6,2358.2,2,438.4,2,20,7.9495,2,25,,9,,9,,9,,9,,9,,9,,,9,20.672,20.6816,2
33RO20100308, A13.5,116,1,18,11710,2,20100414,2010-04-14 21:40,2140,1.334,-3.001,5121,99.8,99.8,15.7641,35.6524,2,35.6521,2,132.3,2,130.7,2,5.51,2,16.28,2,0.04,2,1.11,2,2.229,2,1.263,2,0.753,2,0.453,3,2167.9,2,2340.9,2,670.7,2,20,7.7876,2,25,,9,,9,,9,,9,,9,,9,,,9,15.7484,15.7487,2
33RO20100308, A13.5,116,1,17,11025,2,20100414,2010-04-14 21:40,2140,1.334,-3.001,5121,150.6,150.6,15.1761,35.5768,2,35.5779,2,93.8,2,97.6,2,6.87,2,20.77,2,0.01,2,1.36,2,2.077,2,1.155,2,0.562,2,0.257,3,2191.3,2,2330,2,803.5,2,20,7.7154,2,25,,9,,9,,9,,9,,9,,9,,,9,15.153,15.1808,2
33RO20100308, A13.5,116,1,16,11709,2,20100414,2010-04-14 21:40,2140,1.334,-3.001,5121,198.4,198.4,14.1756,35.4384,2,35.4351,2,81.1,2,83,6,8.15,2,23.8,2,0.01,2,1.53,2,1.919,2,1.055,2,0.543,2,0.23,3,2203.8,2,2325.7,2,912.2,2,20,7.6634,2,25,,9,,9,,9,,9,,9,,9,,,9,14.1466,14.184,2
33RO20100308, A13.5,116,1,15,11006,2,20100414,2010-04-14 21:40,2140,1.334,-3.001,5121,299.6,299.6,10.375,34.977,2,34.975,2,85.8,2,85.1,2,12.68,2,30.11,2,0,2,1.89,2,1.444,2,0.759,2,0.273,2,0.382,3,2219,2,2304,2,1149.6,2,20,7.5727,2,25,,9,,9,,9,,9,,9,,9,,,9,10.3392,10.3764,2
33RO20100308, A13.5,116,1,14,11708,2,20100414,2010-04-14 21:40,2140,1.334,-3.001,5121,450.7,450.7,8.2543,34.754,2,34.7487,2,82.7,2,84.1,2,17.94,6,34.58,6,0,6,2.19,6,0.749,2,0.384,2,0.072,2,0.361,3,2231.5,2,2296.4,2,1339.6,2,20,7.5125,2,25,,9,,9,,9,,9,,9,,9,,,9,8.2072,8.2647,2
33RO20100308, A13.5,116,1,13,11031,2,20100414,2010-04-14 21:40,2140,1.334,-3.001,5121,600.1,600.1,5.7973,34.5297,2,34.5293,2,138.2,2,138.3,2,24.54,6,33.96,6,0,6,2.26,6,0.59,2,0.292,2,0,2,0.671,3,2217.1,2,2292.9,2,1192.2,2,20,7.5568,2,25,,9,,9,,9,,9,,9,,9,,,9,5.7453,5.7974,2
33RO20100308, A13.5,116,1,12,11027,2,20100414,2010-04-14 21:40,2140,1.334,-3.001,5121,748.9,748.9,5.0304,34.5146,2,34.5146,2,146.2,2,146.5,2,28.63,2,34.36,2,0,2,2.3,2,0.324,2,0.162,2,0.057,2,0.5,3,2218.9,2,2297.9,2,1189.9,2,20,7.5574,2,25,,9,,9,,9,,9,,9,,9,,,9,4.9692,5.0302,2
33RO20100308, A13.5,116,1,11,11707,2,20100414,2010-04-14 21:40,2140,1.334,-3.001,5121,900.4,900.4,4.6669,34.5621,2,34.5616,2,147.6,2,147.6,2,30.81,2,34.2,2,0,2,2.3,2,0.096,2,0.05,2,0,2,0.227,3,2222.4,2,2302.6,2,1183.3,2,20,7.5592,2,25,,9,,9,,9,,9,,9,,9,,,9,4.5947,4.6667,2
33RO20100308, A13.5,116,1,10,11003,2,20100414,2010-04-14 21:40,2140,1.334,-3.001,5121,1199.1,1199.1,4.5549,34.7761,2,34.7758,2,168.4,2,170.6,6,26.74,6,29.6,6,0,6,1.99,2,0.037,2,0.021,2,0,2,0.119,3,2210,2,2310.8,2,1032.8,2,20,7.6136,2,25,,9,,9,,9,,9,,9,,9,,,9,4.4568,4.5547,2
33RO20100308, A13.5,116,1,9,11706,2,20100414,2010-04-14 21:40,2140,1.334,-3.001,5121,1600.2,1600.2,4.2091,34.9702,2,34.9701,2,230.6,2,231.6,2,17.67,6,21.25,6,0,6,1.4,6,0.305,4,0.151,4,0,2,0.704,4,2174.4,2,2312.4,2,797.3,2,20,7.7158,2,25,,9,,9,,9,,9,,9,,9,,,9,4.0772,4.2091,2
33RO20100308, A13.5,116,1,8,11033,2,20100414,2010-04-14 21:40,2140,1.334,-3.001,5121,1999.5,1999.5,3.537,34.9637,2,34.9654,2,244.9,2,246,2,21.67,6,20.29,6,0,6,1.34,6,0.093,4,0.049,4,0,2,0.353,4,2171.3,2,2318.9,2,765.7,2,20,7.7351,2,25,,9,,9,,9,,9,,9,,9,,,9,3.3764,3.5362,2
33RO20100308, A13.5,116,1,7,11705,2,20100414,2010-04-14 21:40,2140,1.334,-3.001,5121,2399.6,2399.6,3.1246,34.9413,2,34.9415,2,241.4,2,242.1,2,29.36,6,21.13,6,0,6,1.41,6,0.04,2,0.026,2,0,2,0.119,3,2180.4,2,2321.8,2,777.1,2,20,7.7295,2,25,,9,,9,,9,,9,,9,,9,,,9,2.9322,3.126,2
33RO20100308, A13.5,116,1,6,11029,2,20100414,2010-04-14 21:40,2140,1.334,-3.001,5121,2801,2801,2.7126,34.916,2,34.9162,2,238.9,2,240.4,2,37.55,6,21.84,6,0,6,1.45,6,,9,,9,,9,,9,2188.8,2,2333,2,780.1,2,20,7.7258,2,25,,9,,9,,9,,9,,9,,9,,,9,2.4884,2.7128,2
33RO20100308, A13.5,116,1,5,11704,2,20100414,2010-04-14 21:40,2140,1.334,-3.001,5121,3199.9,3199.9,2.546,34.9039,2,34.9028,2,241.1,2,241.9,2,41.04,6,22.01,6,0,6,1.46,6,,9,,9,,9,,9,2192.8,2,2333.3,2,781.1,2,20,7.7265,2,25,,9,,9,,9,,9,,9,,9,,,9,2.2845,2.5478,2
33RO20100308, A13.5,116,1,4,11030,2,20100414,2010-04-14 21:40,2140,1.334,-3.001,5121,3599.3,3599.3,2.4261,34.8938,2,34.8937,2,241.2,2,242.4,2,44.11,6,22.2,6,0,6,1.48,6,,9,,9,,9,,9,2195.6,2,2340.9,2,785,2,20,7.7243,2,25,,9,,9,,9,,9,,9,,9,,,9,2.1248,2.4257,2
33RO20100308, A13.5,116,1,3,11703,2,20100414,2010-04-14 21:40,2140,1.334,-3.001,5121,3998.5,3998.5,2.3373,34.8847,2,34.884,2,241.9,2,242.7,2,47.25,6,22.42,6,0,6,1.5,6,0.023,2,0.014,2,0,2,0.128,3,2199.5,2,2340.6,6,790.2,2,20,7.7227,2,25,,9,,9,,9,,9,,9,,9,,,9,1.9938,2.3371,2
33RO20100308, A13.5,116,1,2,11702,2,20100414,2010-04-14 21:40,2140,1.334,-3.001,5121,4400.3,4400.3,2.2553,34.8738,2,34.8738,2,240.7,2,242.1,2,51.02,6,22.77,6,0,6,1.53,6,,9,,9,,9,,9,2203.6,2,2346.6,2,796.4,2,20,7.7197,2,25,,9,,9,,9,,9,,9,,9,,,9,1.8675,2.2552,2
33RO20100308, A13.5,116,1,1,11701,2,20100414,2010-04-14 21:40,2140,1.334,-3.001,5121,4798.1,4798.1,2.2134,34.8653,2,34.8646,2,238.9,2,237.7,2,55.56,6,23.39,6,0,6,1.58,6,0.026,2,0.016,2,0,2,0.135,3,2212.7,6,2354.4,2,807.1,2,20,7.7157,2,25,,9,,9,,9,,9,,9,,9,,,9,1.7788,2.2131,2
33RO20100308, A13.5,117,1,24,11714,2,20100415,2010-04-15 3:00,300,1.6672,-3,5119,5.3,5.3,30.3188,34.6098,2,34.613,2,191.2,2,191.9,2,0.6,6,0.18,6,0,6,0.01,6,1.437,2,0.923,2,0.964,2,1.741,3,1928.3,6,2271.9,2,253.4,2,20,8.1292,2,25,73.77,2,5.15,2,,9,,9,,9,,9,,,9,30.3175,30.3193,2
33RO20100308, A13.5,117,1,23,11716,2,20100415,2010-04-15 3:00,300,1.6672,-3,5119,69.9,69.9,17.3437,35.8282,2,35.8212,2,122.5,2,122,2,4.08,2,15.31,2,0.2,2,1.06,2,2.178,2,1.239,2,0.823,2,0.414,3,2169.7,2,2345.6,6,650.3,2,20,7.8001,2,25,52.15,2,18.56,2,,9,,9,,9,,9,,,9,17.332,17.3476,2
33RO20100308, A13.5,117,1,22,11022,2,20100415,2010-04-15 3:00,300,1.6672,-3,5119,99.3,99.3,16.109,35.703,2,35.6971,2,118,2,117.1,2,5.78,2,17.46,2,0.03,2,1.19,2,2.178,2,1.237,2,0.707,2,0.362,3,2176.1,2,2340.5,2,705.1,2,20,7.7691,2,25,50.4,2,19.69,2,,9,,9,,9,,9,,,9,16.0932,16.1076,2
33RO20100308, A13.5,117,1,21,11010,2,20100415,2010-04-15 3:00,300,1.6672,-3,5119,149.9,149.9,15.0957,35.5613,2,35.5554,2,87.4,2,87.7,2,7.48,2,21.99,2,0.01,2,1.44,2,2.015,2,1.118,2,0.605,2,0.235,3,2197,2,2330,2,849.1,2,20,7.6947,2,25,48.38,2,24.76,2,,9,,9,,9,,9,,,9,15.0728,15.0972,2
33RO20100308, A13.5,117,1,20,11715,2,20100415,2010-04-15 3:00,300,1.6672,-3,5119,199.1,199.1,13.7918,35.387,2,35.3839,2,76.4,2,78.4,2,8.81,2,24.82,2,0.01,2,1.6,2,1.852,6,1.014,6,0.452,6,0.231,3,2206.2,6,2323,2,954.1,2,20,7.6468,2,25,45.14,2,27.9,2,,9,,9,,9,,9,,,9,13.7632,13.7829,2
33RO20100308, A13.5,117,1,19,11007,2,20100415,2010-04-15 3:00,300,1.6672,-3,5119,249.5,249.5,11.7408,35.1386,3,35.125,2,86.7,2,87.4,2,10.95,2,27.49,2,0,2,1.75,2,1.676,2,0.891,2,0.353,2,0.363,3,2209.2,2,2307.9,2,1043.8,2,20,7.611,2,25,42.67,2,31.9,2,,9,,9,,9,,9,,,9,11.7086,11.734,2
33RO20100308, A13.5,117,1,18,11710,2,20100415,2010-04-15 3:00,300,1.6672,-3,5119,299.8,299.8,10.318,34.9703,2,34.9677,2,85.2,2,84.9,2,13.01,2,30.23,2,0,2,1.91,2,1.424,2,0.749,2,0.267,2,0.377,3,2217.2,2,2305.4,2,1153.6,2,20,7.5708,2,25,42.27,2,32.61,2,,9,,9,,9,,9,,,9,10.2823,10.3603,2
33RO20100308, A13.5,117,1,17,11025,2,20100415,2010-04-15 3:00,300,1.6672,-3,5119,399.3,399.3,9.16,34.8466,2,34.8456,2,80.2,2,80.7,2,15.52,2,33.09,2,0,2,2.08,2,1.055,2,0.547,2,0.192,2,0.358,3,2224.4,2,2298.3,2,1274.9,2,20,7.5316,2,25,40.57,2,34.43,2,,9,,9,,9,,9,,,9,9.1157,9.1754,2
33RO20100308, A13.5,117,1,16,11709,2,20100415,2010-04-15 3:00,300,1.6672,-3,5119,498.4,498.4,7.0976,34.6435,2,34.6423,2,108.9,2,108.2,2,20.62,2,34.53,2,0,2,2.24,2,0.648,2,0.331,2,0.093,2,0.476,3,2220.2,2,2293.4,2,1270,2,20,7.531,2,25,38.96,2,36.49,2,,9,,9,,9,,9,,,9,7.0498,7.1013,2
33RO20100308, A13.5,117,1,15,11006,2,20100415,2010-04-15 3:00,300,1.6672,-3,5119,599.5,599.5,5.9569,34.562,2,34.5605,2,119.8,2,118.9,6,25.02,2,35.6,2,0,2,2.37,2,0.3,2,0.153,2,0,2,0.369,3,2222.3,2,2292.3,2,1287.3,2,20,7.5272,2,25,37.91,2,38.12,2,,9,,9,,9,,9,,,9,5.9042,5.957,2
33RO20100308, A13.5,117,1,14,11708,2,20100415,2010-04-15 3:00,300,1.6672,-3,5119,800.2,800.2,4.8652,34.5357,2,34.5352,2,147,2,147.2,2,29.88,2,34.27,2,0,2,2.32,2,0.224,2,0.112,2,0,2,0.388,3,2218.3,2,2301.5,2,1189.2,2,20,7.5587,2,25,37.84,2,36.11,2,,9,,9,,9,,9,,,9,4.8005,4.8647,2
33RO20100308, A13.5,117,1,13,11031,2,20100415,2010-04-15 3:00,300,1.6672,-3,5119,1000.1,1000.1,4.5636,34.6282,2,34.6288,2,153.1,2,153.4,2,30.57,2,33.03,2,0,2,2.24,2,0.048,2,0.026,2,0,2,0.139,3,2217.8,2,,9,1139.6,2,20,7.5753,2,25,38.73,2,34.57,2,,9,,9,,9,,9,,,9,4.4834,4.5634,2
33RO20100308, A13.5,117,1,12,11027,2,20100415,2010-04-15 3:00,300,1.6672,-3,5119,1198.8,1198.8,4.5263,34.7764,2,34.7787,2,169,2,169.9,2,27.16,2,29.58,2,0,2,2,2,,9,,9,,9,,9,2208.2,2,2311.6,2,1031.7,2,20,7.6143,2,25,39.24,2,31.55,2,,9,,9,,9,,9,,,9,4.4285,4.5256,2
33RO20100308, A13.5,117,1,11,11707,2,20100415,2010-04-15 3:00,300,1.6672,-3,5119,1399,1399,4.359,34.9461,2,34.9454,2,216.9,2,216.7,6,19.41,2,22.92,2,0,2,1.52,2,0.19,2,0.097,2,0,2,0.462,3,2181.4,2,2314.1,2,836.9,2,20,7.6969,2,25,39.91,2,23.82,2,,9,,9,,9,,9,,,9,4.2442,4.3591,2
33RO20100308, A13.5,117,1,10,11003,2,20100415,2010-04-15 3:00,300,1.6672,-3,5119,1699.9,1699.9,3.9623,34.9673,2,34.967,2,232.9,2,233.8,2,19.46,6,21.16,6,0,6,1.4,6,0.093,2,0.051,2,0,2,0.321,3,2173.1,2,2315.7,6,789.6,2,20,7.7194,2,25,38.83,2,22.49,2,,9,,9,,9,,9,,,9,3.8241,3.9631,2
33RO20100308, A13.5,117,1,9,11706,2,20100415,2010-04-15 3:00,300,1.6672,-3,5119,1999.3,1999.3,3.5664,34.9641,2,34.9639,2,243.8,2,244.2,2,21.77,6,20.4,6,0,6,1.35,6,0.072,2,0.039,2,0,2,0.287,3,2170.9,2,2320.5,2,763.8,2,20,7.7323,2,25,39.52,2,21.84,2,,9,,9,,9,,9,,,9,3.4054,3.5656,2
33RO20100308, A13.5,117,1,8,11033,2,20100415,2010-04-15 3:00,300,1.6672,-3,5119,2398.3,2398.3,3.0589,34.9381,2,34.9381,2,241.5,2,241.8,2,30.48,6,21.22,6,0,6,1.42,6,,9,,9,,9,,9,2180,2,2323.4,2,777.6,2,20,7.7289,2,25,39.22,2,23.22,2,,9,,9,,9,,9,,,9,2.8678,3.0599,2
33RO20100308, A13.5,117,1,7,11705,2,20100415,2010-04-15 3:00,300,1.6672,-3,5119,2799.2,2799.2,2.7309,34.917,2,34.9165,2,239.2,2,239.9,2,37.84,6,21.94,6,0,6,1.47,6,,9,,9,,9,,9,2187.9,2,2334.1,2,788.5,2,20,7.7249,2,25,39.45,2,23.69,2,,9,,9,,9,,9,,,9,2.5065,2.731,2
33RO20100308, A13.5,117,1,6,11029,2,20100415,2010-04-15 3:00,300,1.6672,-3,5119,3199,3199,2.5507,34.9043,2,34.9042,2,239.7,2,240.8,2,41.67,6,22.16,6,0,6,1.49,6,,9,,9,,9,,9,2192,2,2339.1,2,783.8,2,20,7.7253,2,25,39.62,2,23.43,2,,9,,9,,9,,9,,,9,2.2892,2.5503,2
33RO20100308, A13.5,117,1,5,11704,2,20100415,2010-04-15 3:00,300,1.6672,-3,5119,3599.6,3599.6,2.4348,34.8947,2,34.8938,2,241.3,2,242.4,2,44.1,6,22.18,6,0,6,1.49,6,,9,,9,,9,,9,2195.4,2,2339.6,2,783.4,2,20,7.7246,2,25,39.61,2,23.65,2,,9,,9,,9,,9,,,9,2.1332,2.4347,2
33RO20100308, A13.5,117,1,4,11030,2,20100415,2010-04-15 3:00,300,1.6672,-3,5119,3999.8,3999.8,2.3559,34.8867,2,34.8862,2,239.4,2,239.2,2,47.97,6,22.57,6,0,6,1.52,6,,9,,9,,9,,9,2201.4,2,2347,6,792.9,2,20,7.7214,2,25,39.81,2,24.39,2,,9,,9,,9,,9,,,9,2.0117,2.3553,2
33RO20100308, A13.5,117,1,3,11703,2,20100415,2010-04-15 3:00,300,1.6672,-3,5119,4400.8,4400.8,2.2541,34.8737,2,34.8725,2,240.8,2,241.9,2,51.08,6,22.83,6,0,6,1.54,6,,9,,9,,9,,9,2203.5,2,2345.1,2,797.9,2,20,7.7197,2,25,39.57,2,24.31,2,,9,,9,,9,,9,,,9,1.8663,2.2538,2
33RO20100308, A13.5,117,1,2,11702,2,20100415,2010-04-15 3:00,300,1.6672,-3,5119,4800.4,4800.4,2.2017,34.8643,2,34.8629,2,240.9,2,241.9,2,54.45,6,23.2,6,0,6,1.57,6,,9,,9,,9,,9,2206.1,2,2357.1,2,804,2,20,7.7169,2,25,39.81,2,24.34,2,,9,,9,,9,,9,,,9,1.7673,2.2015,2
33RO20100308, A13.5,117,1,1,11701,2,20100415,2010-04-15 3:00,300,1.6672,-3,5119,5185.3,5185.3,2.1932,34.8575,2,34.8584,2,239.5,2,238.2,2,57.18,6,23.52,6,0,6,1.59,6,,9,,9,,9,,9,2212.2,6,2352.2,2,809.1,2,20,7.7151,2,25,39.88,2,24.93,2,,9,,9,,9,,9,,,9,1.7108,2.1929,2
33RO20100308, A13.5,118,1,24,11714,2,20100415,2010-04-15 8:33,833,2.002,-3.001,5107,4.9,4.9,30.4036,34.7789,2,34.7796,2,191.3,2,191.7,2,0.96,6,0.06,6,0.01,6,0,6,1.436,2,0.917,2,0.959,2,1.801,3,1926,2,2276.5,6,249.9,2,20,8.1395,2,25,79.99,2,5.14,2,,1,,1,,9,51.5,2,3.4,1.21,2,30.4024,30.3953,2
33RO20100308, A13.5,118,1,23,11716,2,20100415,2010-04-15 8:33,833,2.002,-3.001,5107,39.4,39.4,24.6327,35.7113,2,35.6842,2,211.4,2,209.8,2,1.21,2,0.27,2,0.01,2,0.09,2,1.906,2,1.142,2,0.888,2,0.803,3,2046.9,2,2342.7,2,349.1,2,20,8.0255,2,25,68.2,2,5.13,2,,1,,1,,9,46.7,2,3.5,1.22,2,24.6242,24.7015,2
33RO20100308, A13.5,118,1,22,11022,2,20100415,2010-04-15 8:33,833,2.002,-3.001,5107,59.6,59.6,18.7181,35.9137,2,35.8913,2,124.8,2,121.2,2,4.18,2,13.54,2,0.32,2,0.98,2,2.143,2,1.23,2,0.744,2,0.391,3,2165.3,2,2353.4,6,631.6,2,20,7.8119,2,25,54,2,17.59,2,,1,,1,,9,55,2,2.8,0.41,2,18.7075,18.7428,2
33RO20100308, A13.5,118,1,21,11010,2,20100415,2010-04-15 8:33,833,2.002,-3.001,5107,79.8,79.8,17.0856,35.8092,2,35.8029,2,135.6,2,136.1,2,3.36,2,14.12,2,0.12,2,1.01,2,2.206,2,1.25,2,0.769,2,0.428,3,2158.5,2,2346.4,2,617.8,2,20,7.8197,2,25,51.53,2,17,2,,1,,1,,9,44.4,2,3,0.41,2,17.0723,17.0867,2
33RO20100308, A13.5,118,1,20,11715,2,20100415,2010-04-15 8:33,833,2.002,-3.001,5107,149.9,149.9,15.0919,35.5602,2,35.5536,2,85.5,2,84.6,2,7.64,2,22.23,2,0.01,2,1.46,2,2.008,2,1.109,2,0.542,2,0.219,3,2198.4,2,2330.4,2,862.2,2,20,7.6901,2,25,48.7,2,24.41,2,,1,,1,,9,42.2,2,3.4,0.07,2,15.069,15.0951,2
33RO20100308, A13.5,118,1,19,11007,2,20100415,2010-04-15 8:33,833,2.002,-3.001,5107,220.3,220.3,12.8874,35.2755,3,35.2592,2,75.6,2,73.6,2,10.03,2,26.91,2,0,2,1.71,2,1.705,2,0.912,2,0.363,2,0.252,3,2212.9,2,2316.5,2,1044.6,2,20,7.6136,2,25,45.96,2,29.43,2,,1,,1,,9,25.4,2,2.9,0.13,2,12.8572,12.882,2
33RO20100308, A13.5,118,1,18,11710,2,20100415,2010-04-15 8:33,833,2.002,-3.001,5107,349.4,349.4,9.668,34.9034,2,34.8958,2,77.2,2,78.9,2,14.47,2,32.27,2,0,2,2.02,2,,5,,5,,5,,5,2224.3,2,2301.8,2,1241.6,2,20,7.5413,2,25,41.55,2,33.42,2,,1,,1,,9,-15.4,2,2.6,0.14,2,9.628,9.6739,2
33RO20100308, A13.5,118,1,17,11025,2,20100415,2010-04-15 8:33,833,2.002,-3.001,5107,499.9,499.9,7.1097,34.6514,2,34.6489,2,100.4,2,100.8,2,20.73,2,35.13,2,0,2,2.28,2,0.548,2,0.272,2,0.062,2,0.446,3,2226.5,2,2295.6,2,1303.2,2,20,7.5214,2,25,40.34,2,36.91,2,,1,,1,,9,-64.2,2,3.2,0.3,2,7.0617,7.114,2
33RO20100308, A13.5,118,1,16,11709,2,20100415,2010-04-15 8:33,833,2.002,-3.001,5107,650.2,650.2,5.7084,34.5489,2,34.5485,2,122.9,2,122.1,2,25.74,2,35.63,2,0,2,2.38,2,0.257,2,0.127,2,0,2,0.365,3,2225.7,2,2297.3,2,1271.5,2,20,7.5299,2,25,39.6,2,37.41,2,,1,,1,,9,-94,2,2.4,0.33,2,5.6523,5.702,2
33RO20100308, A13.5,118,1,15,11006,2,20100415,2010-04-15 8:33,833,2.002,-3.001,5107,800.4,800.4,4.899,34.5392,2,34.537,2,141.9,2,141.2,2,29.63,2,34.74,2,0,2,2.35,2,,5,,5,,5,,5,2223.1,2,2300.7,2,1209.5,2,20,7.5498,2,25,39.02,2,36.57,2,,1,,1,,9,-108.3,2,2.4,0.61,2,4.834,4.899,2
33RO20100308, A13.5,118,1,14,11708,2,20100415,2010-04-15 8:33,833,2.002,-3.001,5107,949.9,949.9,4.5903,34.5922,2,34.5934,2,149.9,2,149.2,2,30.57,2,33.69,2,0,2,2.29,2,0.065,2,0.033,2,0,2,0.182,3,2221.5,2,2305.4,2,1165,2,20,7.5651,2,25,38.81,2,35.31,2,,1,,1,,9,-113.4,2,2.4,0.49,2,4.5143,4.5907,2
33RO20100308, A13.5,118,1,13,11031,2,20100415,2010-04-15 8:33,833,2.002,-3.001,5107,1099.9,1099.9,4.5664,34.6901,2,34.6921,2,156.8,2,156,2,29.04,2,31.9,2,0,2,2.16,2,0.026,2,0.014,2,0,2,0.099,3,2218,2,2307,2,1110.4,2,20,7.5849,2,25,38.49,2,33.5,2,,1,,1,,9,-116.7,2,2.6,0.37,2,4.4772,4.5665,2
33RO20100308, A13.5,118,1,12,11027,2,20100415,2010-04-15 8:33,833,2.002,-3.001,5107,1250.1,1250.1,4.5096,34.8612,2,34.8622,2,187.4,4,194.8,2,23.5,2,26.71,2,0,2,1.8,2,0.062,2,0.031,2,0,2,0.196,3,2200.1,2,2312.2,2,,9,,7.6501,2,25,39.16,2,28.3,2,,1,,1,,9,-103.8,2,2.6,0.51,2,4.4071,4.5102,2
33RO20100308, A13.5,118,1,11,11707,2,20100415,2010-04-15 8:33,833,2.002,-3.001,5107,1400,1400,4.4268,34.9415,2,34.9409,2,213.2,2,213.3,2,19.41,2,23.18,2,0,2,1.54,2,0.211,2,0.103,2,0,2,0.531,3,2184.6,2,2313.7,2,849.9,2,20,7.6919,2,25,38.76,2,24.73,2,,1,,1,,9,-90.6,2,2.6,0.66,2,4.3112,4.4267,2
33RO20100308, A13.5,118,1,10,11003,2,20100415,2010-04-15 8:33,833,2.002,-3.001,5107,1599.7,1599.7,4.0793,34.9615,2,34.9606,2,226.5,2,226.7,2,19.42,6,21.76,6,0,6,1.44,6,0.082,2,0.043,2,0,2,0.332,3,2177.7,2,2313.1,2,811.2,2,20,7.712,2,25,38.95,2,23.08,2,,1,,1,,9,-88.6,2,2.6,0.73,2,3.949,4.0815,2
33RO20100308, A13.5,118,1,9,11706,2,20100415,2010-04-15 8:33,833,2.002,-3.001,5107,1800,1800,3.8103,34.9684,2,34.9676,2,238,2,236.6,2,19.98,6,20.76,6,0,6,1.37,6,0.07,2,0.036,2,0,2,0.332,3,2173.1,6,2313.6,2,,9,,7.7259,2,25,38.94,2,22.7,2,,9,,1,,9,-98.1,2,2.6,0.81,2,3.6647,3.8108,2
33RO20100308, A13.5,118,1,8,11033,2,20100415,2010-04-15 8:33,833,2.002,-3.001,5107,2099.4,2099.4,3.4072,34.9554,2,34.9543,2,239,2,240.1,2,24.8,6,20.9,6,0,6,1.39,6,0.011,2,0.007,2,0,2,0.106,3,2176.4,2,2319,2,773.7,2,20,7.7298,2,25,39.06,2,22.27,2,,1,,1,,9,,9,,,9,3.2391,3.4074,2
33RO20100308, A13.5,118,1,7,11705,2,20100415,2010-04-15 8:33,833,2.002,-3.001,5107,2400.6,2400.6,3.0806,34.9393,2,34.9401,2,240.9,2,241.3,2,29.69,6,21.21,6,0,6,1.41,6,0.01,2,0.006,2,0,2,0.087,3,2180.1,2,2324.3,2,772.7,2,20,7.7289,2,25,39.57,2,22.5,2,,9,,1,,9,,9,,,9,2.8889,3.082,2
33RO20100308, A13.5,118,1,6,11029,2,20100415,2010-04-15 8:33,833,2.002,-3.001,5107,2700.6,2700.6,2.805,34.9222,2,34.9216,2,240,2,240.6,2,35.16,6,21.69,6,0,6,1.44,6,0.007,2,0.005,2,0,2,0.066,3,2186.1,2,2332.3,2,,9,,7.7255,2,25,40.18,2,23.31,2,,1,,1,,9,,9,,,9,2.589,2.8047,2
33RO20100308, A13.5,118,1,5,11704,2,20100415,2010-04-15 8:33,833,2.002,-3.001,5107,3100.7,3100.7,2.5943,34.907,2,34.9054,2,241.4,2,241.7,2,39.15,6,21.91,6,0,6,1.46,6,0.016,6,0.01,6,0,6,0.115,3,2190,2,2335.6,2,,9,,7.7255,2,25,39.81,2,23.2,2,,9,,1,,9,,9,,,9,2.342,2.5954,2
33RO20100308, A13.5,118,1,4,11030,2,20100415,2010-04-15 8:33,833,2.002,-3.001,5107,3500.6,3500.6,2.4504,34.8965,2,34.8953,2,242.2,2,242.7,2,42.29,6,22.1,6,0,6,1.47,6,0.02,2,0.012,2,0,2,0.14,3,2193.3,2,2338.5,2,784.9,2,20,7.7265,2,25,38.95,2,24.09,2,,1,,1,,9,,9,,,9,2.1592,2.4507,2
33RO20100308, A13.5,118,1,3,11703,2,20100415,2010-04-15 8:33,833,2.002,-3.001,5107,3898.3,3898.3,2.3771,34.8893,2,34.888,2,240.4,2,240,2,45.77,6,22.42,6,0,6,1.51,6,0.012,2,0.008,2,0,2,0.097,3,2199.2,6,2342.4,2,,9,,7.7221,2,25,39.3,2,24.82,2,,9,,1,,9,,9,,,9,2.0438,2.3768,2
33RO20100308, A13.5,118,1,2,11702,2,20100415,2010-04-15 8:33,833,2.002,-3.001,5107,4298.3,4298.3,2.2856,34.8784,3,34.869,4,239.5,2,239.2,2,49.57,6,22.81,6,0,6,1.54,6,0.013,2,0.009,2,0,2,0.114,3,2203.4,2,2349.7,2,,9,,7.7198,2,25,40.18,2,24.54,2,,1,,1,,9,,9,,,9,1.9089,2.2854,2
33RO20100308, A13.5,118,1,1,11701,2,20100415,2010-04-15 8:33,833,2.002,-3.001,5107,4701.9,4701.9,2.2068,34.866,2,34.8652,2,241.1,2,240.9,2,52.49,6,23.06,6,0.01,6,1.56,6,0.031,2,0.018,2,0,2,0.21,3,2203,2,,9,796.8,2,20,7.7177,2,25,40.47,2,25.3,2,,1,,1,,9,,9,,,9,1.7843,2.2066,2
33RO20100308, A13.5,119,1,24,11714,2,20100415,2010-04-15 13:55,1355,2.3335,-2.9997,5064,5.3,5.3,30.7341,34.7417,2,34.7463,2,191.8,2,191.5,2,0.72,6,0.08,6,0,6,0,6,1.434,2,0.912,2,0.909,2,1.82,3,1927.5,6,2275.3,2,247.1,2,20,8.1388,2,25,72.77,2,5.3,2,,9,,9,,9,,9,,,9,30.7328,,9
33RO20100308, A13.5,119,1,23,11716,2,20100415,2010-04-15 13:55,1355,2.3335,-2.9997,5064,50.4,50.4,23.4519,35.8079,2,35.8311,2,203.4,2,200.5,2,1.09,2,0.51,2,0.01,2,0.19,2,1.979,2,1.179,2,0.891,2,0.721,3,2079.5,2,2353.5,6,388.8,2,20,7.9896,2,25,63.09,2,5.07,2,,9,,9,,9,,9,,,9,23.4414,,9
33RO20100308, A13.5,119,1,22,11022,2,20100415,2010-04-15 13:55,1355,2.3335,-2.9997,5064,99.9,99.9,16.1691,35.7073,2,35.6993,2,102.8,2,105.6,2,5.87,2,18.77,2,0.02,2,1.26,2,2.161,2,1.214,2,0.656,2,0.312,3,2181.8,2,2353.5,2,731.2,2,20,7.7498,2,25,47.06,2,21.56,2,,9,,9,,9,,9,,,9,16.1531,,9
33RO20100308, A13.5,119,1,21,11010,2,20100415,2010-04-15 13:55,1355,2.3335,-2.9997,5064,151,151,15.2638,35.591,2,35.5905,2,105.8,2,104.5,2,6.62,2,20,2,0.01,2,1.32,2,,9,,9,,9,,9,2184.3,2,2333.7,2,767.4,2,20,7.7304,2,25,45.22,2,21.42,2,,9,,9,,9,,9,,,9,15.2406,,9
33RO20100308, A13.5,119,1,20,11715,2,20100415,2010-04-15 13:55,1355,2.3335,-2.9997,5064,225,225,13.1711,35.3104,2,35.3119,2,72.7,2,69.8,2,9.67,2,27.04,2,0.01,2,1.71,2,1.71,2,0.924,2,0.381,2,0.24,3,2214.5,2,2318.4,2,1026.8,2,20,7.6139,2,25,42.68,2,28.98,2,,9,,9,,9,,9,,,9,13.1398,13.1589,2
33RO20100308, A13.5,119,1,19,11007,2,20100415,2010-04-15 13:55,1355,2.3335,-2.9997,5064,299.4,299.4,10.6124,35.0101,2,35.0115,2,88.2,2,83.1,2,12.56,2,30.06,2,0.01,2,1.89,2,1.454,2,0.766,2,0.251,2,0.39,3,2215.9,2,2305.5,2,1123.5,2,20,7.5766,2,25,42.09,2,31.37,2,,9,,9,,9,,9,,,9,10.5761,10.6403,2
33RO20100308, A13.5,119,1,18,11710,2,20100415,2010-04-15 13:55,1355,2.3335,-2.9997,5064,449.4,449.4,7.9087,34.7198,2,34.7175,2,97.5,2,96.5,2,18.27,2,34.34,2,0,2,2.2,2,0.809,2,0.409,2,0.11,2,0.491,3,2221.9,2,2297.4,2,1269.4,2,20,7.5296,2,25,39.9,2,36.1,2,,9,,9,,9,,9,,,9,7.863,7.9109,2
33RO20100308, A13.5,119,1,17,11025,2,20100415,2010-04-15 13:55,1355,2.3335,-2.9997,5064,599.5,599.5,6.2259,34.5718,2,34.5704,2,121.5,2,121,2,23.19,2,35.21,2,0,2,2.31,2,0.473,2,0.233,2,0.069,2,0.524,3,2220.2,2,2293.4,2,1253.8,2,20,7.5375,2,25,39.29,2,36.84,2,,9,,9,,9,,9,,,9,6.172,6.2257,2
33RO20100308, A13.5,119,1,16,11709,2,20100415,2010-04-15 13:55,1355,2.3335,-2.9997,5064,750.3,750.3,5.1924,34.5489,2,34.5525,2,128.7,2,127.3,2,28.82,2,35.94,2,0,2,2.41,2,0.119,2,0.057,2,0,2,0.236,3,2226.9,2,2299.7,2,1264.3,2,20,7.5329,2,25,38.72,2,38.04,2,,9,,9,,9,,9,,,9,5.1301,5.196,2
33RO20100308, A13.5,119,1,15,11006,2,20100415,2010-04-15 13:55,1355,2.3335,-2.9997,5064,899.3,899.3,4.6992,34.5841,2,34.5839,2,147.6,2,147.8,2,30.26,2,34.13,2,0,2,2.29,2,0.097,2,0.049,2,0,2,0.241,3,2220.6,2,2301.4,2,1173.2,2,20,7.5637,2,25,39.02,2,35.66,2,,9,,9,,9,,9,,,9,4.6269,4.6995,2
33RO20100308, A13.5,119,1,14,11708,2,20100415,2010-04-15 13:55,1355,2.3335,-2.9997,5064,1050.4,1050.4,4.5769,34.6637,2,34.6639,2,154.1,2,154.3,6,29.57,2,32.66,2,0,2,2.2,2,0.037,2,0.02,2,0,2,0.129,3,2218.6,2,2305.6,2,1126.8,2,20,7.5813,2,25,38.61,2,34.31,2,,9,,9,,9,,9,,,9,4.4921,4.5769,2
33RO20100308, A13.5,119,1,13,11031,2,20100415,2010-04-15 13:55,1355,2.3335,-2.9997,5064,1200.1,1200.1,4.4854,34.7992,2,34.7982,2,173.2,2,173.6,2,26.58,2,29.04,2,0,2,1.96,2,0.028,2,0.014,2,0,2,0.098,3,2207.7,2,2309.3,2,1020.1,2,20,7.622,2,25,39.16,2,31.13,2,,9,,9,,9,,9,,,9,4.3878,4.4853,2
33RO20100308, A13.5,119,1,12,11027,2,20100415,2010-04-15 13:55,1355,2.3335,-2.9997,5064,1350.1,1350.1,4.4428,34.9138,2,34.9138,2,203.7,4,142.7,4,21.21,2,24.69,2,0,2,1.65,2,0.111,2,0.056,2,0,2,0.328,3,2188.9,2,2313.6,2,879.3,2,20,7.6767,2,25,39.37,2,26.97,2,,9,,9,,9,,9,,,9,4.3317,4.4428,2
33RO20100308, A13.5,119,1,11,11707,2,20100415,2010-04-15 13:55,1355,2.3335,-2.9997,5064,1500.2,1500.2,4.1818,34.9453,2,34.9444,2,217.9,2,217.4,2,20.52,2,22.9,2,0,2,1.53,2,0.059,2,0.032,2,0,2,0.243,3,2181.7,2,2311.8,2,827.4,2,20,7.6978,2,25,39.23,2,24.8,2,,9,,9,,9,,9,,,9,4.0596,4.1813,2
33RO20100308, A13.5,119,1,10,11003,2,20100415,2010-04-15 13:55,1355,2.3335,-2.9997,5064,1648.9,1648.9,3.9956,34.9661,2,34.9655,2,232,2,232.1,6,19.46,6,21.34,6,0,6,1.42,6,0.073,2,0.038,2,0,2,0.322,3,2174.5,2,2314.4,2,792,2,20,7.7177,2,25,39.15,2,23.83,2,,9,,9,,9,,9,,,9,3.8617,3.9948,2
33RO20100308, A13.5,119,1,9,11706,2,20100415,2010-04-15 13:55,1355,2.3335,-2.9997,5064,1800,1800,3.8622,34.9731,2,34.9722,2,241.4,2,241.3,2,18.59,6,20.32,6,0,6,1.35,6,0.178,3,0.089,3,0,2,0.547,3,2169.8,2,2317.7,2,769.3,2,20,7.7285,2,25,39.67,2,22.07,2,,9,,9,,9,,9,,,9,3.7158,3.8615,2
33RO20100308, A13.5,119,1,8,11033,2,20100415,2010-04-15 13:55,1355,2.3335,-2.9997,5064,2198.7,2198.7,3.3159,34.9517,2,34.9513,2,241.4,2,241.2,2,26.05,6,20.83,6,0,6,1.39,6,0.019,2,0.01,2,0,2,0.122,3,2175.1,2,2320.9,2,768.5,2,20,7.7304,2,25,39.64,2,21.93,2,,9,,9,,9,,9,,,9,3.1397,3.3158,2
33RO20100308, A13.5,119,1,7,11705,2,20100415,2010-04-15 13:55,1355,2.3335,-2.9997,5064,2600.4,2600.4,2.888,34.9276,2,34.9274,2,240.3,2,240,2,34.06,6,21.47,6,0,6,1.44,6,,9,,9,,9,,9,2183.7,2,2329.2,2,778.2,2,20,7.7266,2,25,39.28,2,23.39,2,,9,,9,,9,,9,,,9,2.6803,2.8901,2
33RO20100308, A13.5,119,1,6,11029,2,20100415,2010-04-15 13:55,1355,2.3335,-2.9997,5064,2999.9,2999.9,2.6362,34.911,2,34.9108,2,239.4,2,239.4,2,39.67,6,22.01,6,0,6,1.48,6,,9,,9,,9,,9,2191,2,2335.7,2,790.3,2,20,7.7249,2,25,39.09,2,23.61,2,,9,,9,,9,,9,,,9,2.3934,2.6361,2
33RO20100308, A13.5,119,1,5,11704,2,20100415,2010-04-15 13:55,1355,2.3335,-2.9997,5064,3400.5,3400.5,2.494,34.9009,2,34.9001,2,238.4,2,237.9,2,43.68,6,22.37,6,0,6,1.53,3,,9,,9,,9,,9,2196.6,2,2340,2,794,2,20,7.7234,2,25,39.56,2,23.46,2,,9,,9,,9,,9,,,9,2.2125,2.4938,2
33RO20100308, A13.5,119,1,4,11030,2,20100415,2010-04-15 13:55,1355,2.3335,-2.9997,5064,3800.6,3800.6,2.4026,34.8919,2,34.891,2,239.6,2,240,2,45.34,6,22.35,6,0,6,1.5,6,,9,,9,,9,,9,2195.8,2,2343.9,2,788.5,2,20,7.7228,2,25,39.79,2,23.75,2,,9,,9,,9,,9,,,9,2.0796,2.4025,2
33RO20100308, A13.5,119,1,3,11703,2,20100415,2010-04-15 13:55,1355,2.3335,-2.9997,5064,4199.8,4199.8,2.3103,34.8812,2,34.8807,2,239.6,2,239.5,2,49.5,6,22.75,6,0,6,1.53,6,,9,,9,,9,,9,2202.6,2,2347.2,2,795.7,2,20,7.7212,2,25,38.93,2,23.65,2,,9,,9,,9,,9,,,9,1.9444,2.31,2
33RO20100308, A13.5,119,1,2,11702,2,20100415,2010-04-15 13:55,1355,2.3335,-2.9997,5064,4601.3,4601.3,2.2337,34.87,3,34.8775,4,235.9,2,232.2,3,54.48,6,23.3,6,0,6,1.58,6,,9,,9,,9,,9,2211.3,2,2351.3,2,805.6,2,20,7.7177,2,25,40.16,2,24.48,2,,9,,9,,9,,9,,,9,1.8225,2.2337,2
33RO20100308, A13.5,119,1,1,11701,2,20100415,2010-04-15 13:55,1355,2.3335,-2.9997,5064,5120.8,5120.8,2.1858,34.8574,2,34.8567,2,240.7,2,237.8,2,56.88,6,23.47,6,0.01,6,1.59,6,,9,,9,,9,,9,2213,6,2356.3,2,811.4,2,20,7.7159,2,25,40.7,2,25.41,2,,9,,9,,9,,9,,,9,1.7118,2.1845,2
33RO20100308, A13.5,120,1,24,11714,2,20100415,2010-04-15 19:13,1913,2.6673,-2.9998,5008,5.3,5.3,30.4384,34.7508,2,34.7644,2,192.4,2,192.3,2,1.19,3,0.13,6,0,6,0,6,1.448,2,0.915,2,0.962,2,1.823,3,1926.3,6,2275.9,2,248.2,2,20,8.1388,2,25,,9,,9,,9,,9,,9,,9,,,9,30.4371,30.4435,2
33RO20100308, A13.5,120,1,23,11716,2,20100415,2010-04-15 19:13,1913,2.6673,-2.9998,5008,60.2,60.2,19.6577,35.8888,2,35.883,2,135.3,2,135.6,2,3.55,3,9.45,2,0.31,2,0.78,2,2.125,2,1.22,2,0.819,2,0.477,3,2149.2,2,2352.4,6,571,2,20,7.8491,2,25,,9,,9,,9,,9,,9,,9,,,9,19.6467,19.651,2
33RO20100308, A13.5,120,1,22,11022,2,20100415,2010-04-15 19:13,1913,2.6673,-2.9998,5008,100.6,100.6,16.255,35.7175,2,35.7042,2,115.3,2,113.1,2,6.33,3,17.82,2,0.03,2,1.19,2,2.188,2,1.229,2,0.759,2,0.356,3,2176.5,2,2342.4,6,,9,,7.7637,2,25,,9,,9,,9,,9,,9,,9,,,9,16.2388,16.2568,2
33RO20100308, A13.5,120,1,21,11010,2,20100415,2010-04-15 19:13,1913,2.6673,-2.9998,5008,174.5,174.5,14.9787,35.5503,2,35.549,2,106.5,2,105.8,2,7.42,3,20.25,2,0.01,2,1.35,2,2.131,2,1.181,2,0.641,2,0.326,3,2185.9,2,2330.5,2,781.9,2,20,7.7253,2,25,,9,,9,,9,,9,,9,,9,,,9,14.9522,14.9789,2
33RO20100308, A13.5,120,1,20,11715,2,20100415,2010-04-15 19:13,1913,2.6673,-2.9998,5008,249.5,249.5,12.4413,35.2215,2,35.2152,2,67.4,2,69.8,2,11.26,3,28.14,2,0.01,2,1.77,2,1.593,2,0.853,2,0.359,2,0.249,3,2219.1,2,2316.5,2,1089.9,2,20,7.5927,2,25,,9,,9,,9,,9,,9,,9,,,9,12.4078,12.4319,2
33RO20100308, A13.5,120,1,19,11007,2,20100415,2010-04-15 19:13,1913,2.6673,-2.9998,5008,324.9,324.9,9.9032,34.9436,2,34.944,2,59.8,2,59.8,2,15.61,3,33.61,2,0,2,2.1,2,0.991,2,0.514,2,0.124,2,0.239,3,2236.1,2,2298.2,2,1337.2,2,20,7.5115,2,25,,9,,9,,9,,9,,9,,9,,,9,9.8655,9.9133,2
33RO20100308, A13.5,120,1,18,11710,2,20100415,2010-04-15 19:13,1913,2.6673,-2.9998,5008,400.2,400.2,8.5321,34.7747,2,34.777,2,106.7,2,106,2,16.55,3,31.6,2,0,2,2.01,2,1.201,4,0.608,4,0.179,4,0.583,4,2214.1,2,2296.7,2,1170.1,2,20,7.5641,2,25,,9,,9,,9,,9,,9,,9,,,9,8.4896,8.5436,2
33RO20100308, A13.5,120,1,17,11025,2,20100415,2010-04-15 19:13,1913,2.6673,-2.9998,5008,500,500,7.2162,34.6544,2,34.6527,2,103.8,2,103.5,2,20.9,3,34.74,2,0,2,2.25,2,0.622,2,0.31,2,0,2,0.467,3,2224.8,2,2289,3,1282.3,2,20,7.5267,2,25,,9,,9,,9,,9,,9,,9,,,9,7.1678,7.2195,2
33RO20100308, A13.5,120,1,16,11709,2,20100415,2010-04-15 19:13,1913,2.6673,-2.9998,5008,649.6,649.6,5.8524,34.5559,2,34.5553,2,119.7,2,120.2,2,26.1,3,35.71,2,0,2,2.37,2,0.272,2,0.14,2,0,2,0.367,3,2225.5,2,2297.6,2,1288.7,2,20,7.5267,2,25,,9,,9,,9,,9,,9,,9,,,9,5.7956,5.8482,2
33RO20100308, A13.5,120,1,15,11006,2,20100415,2010-04-15 19:13,1913,2.6673,-2.9998,5008,800.5,800.5,4.9206,34.5584,2,34.5582,2,135.6,2,134.1,2,30.84,3,35.06,2,0,2,2.37,2,0.082,2,0.041,2,0,2,0.183,3,2225.8,2,2299.6,2,,9,,7.5427,2,25,,9,,9,,9,,9,,9,,9,,,9,4.8555,4.9207,2
33RO20100308, A13.5,120,1,14,11708,2,20100415,2010-04-15 19:13,1913,2.6673,-2.9998,5008,949.7,949.7,4.609,34.6047,2,34.6048,2,148.8,2,148.9,2,31.38,3,33.63,2,0,2,2.28,2,0.054,2,0.03,2,0,2,0.159,3,2220.7,2,2304.7,2,1163.8,2,20,7.5652,2,25,,9,,9,,9,,9,,9,,9,,,9,4.5329,4.6089,2
33RO20100308, A13.5,120,1,13,11031,2,20100415,2010-04-15 19:13,1913,2.6673,-2.9998,5008,1099.5,1099.5,4.5667,34.6833,2,34.6834,2,154.3,2,155,6,30.34,3,32.13,2,0,2,2.18,2,0.021,2,0.014,2,0,2,0.086,3,2218,2,2310.3,2,1120.3,2,20,7.5807,2,25,,9,,9,,9,,9,,9,,9,,,9,4.4776,4.5671,2
33RO20100308, A13.5,120,1,12,11027,2,20100415,2010-04-15 19:13,1913,2.6673,-2.9998,5008,1299.9,1299.9,4.5,34.8683,2,34.8687,2,189.4,2,189.6,6,24.15,3,26.59,2,0,2,1.77,2,0.067,2,0.033,2,0,2,0.209,3,2196.9,2,2314.6,2,933.8,2,20,7.6522,2,25,,9,,9,,9,,9,,9,,9,,,9,4.393,4.4998,2
33RO20100308, A13.5,120,1,11,11707,2,20100415,2010-04-15 19:13,1913,2.6673,-2.9998,5008,1500.5,1500.5,4.1693,34.9418,2,34.9417,2,216.8,2,216,2,21.58,3,23.17,2,0,2,1.54,2,0.058,2,0.03,2,0,2,0.229,3,2182.4,2,2314.3,2,,9,,7.6945,2,25,,9,,9,,9,,9,,9,,9,,,9,4.0472,4.1691,2
33RO20100308, A13.5,120,1,10,11003,2,20100415,2010-04-15 19:13,1913,2.6673,-2.9998,5008,1700,1700,3.9357,34.9624,2,34.9624,2,230.3,2,230.4,2,20.96,3,21.6,6,0,6,1.43,6,0.057,2,0.031,2,0,2,0.252,3,2174.9,2,2315,2,796.2,2,20,7.7148,2,25,,9,,9,,9,,9,,9,,9,,,9,3.7978,3.9357,2
33RO20100308, A13.5,120,1,9,11706,2,20100415,2010-04-15 19:13,1913,2.6673,-2.9998,5008,1899.2,1899.2,3.6462,34.962,2,34.9622,2,236.8,2,237,2,23.03,3,21.07,6,0,6,1.4,6,0.032,2,0.018,2,0,2,0.176,3,2174.2,2,2317.5,3,,9,,7.7245,2,25,,9,,9,,9,,9,,9,,9,,,9,3.4935,3.6464,2
33RO20100308, A13.5,120,1,8,11033,2,20100415,2010-04-15 19:13,1913,2.6673,-2.9998,5008,2300.4,2300.4,3.2103,34.9461,2,34.9459,2,241.3,2,241.4,2,28.68,3,21.13,6,0,6,1.4,6,0.017,2,0.011,2,0,2,0.109,3,2178,2,2325.4,2,771.9,2,20,7.7281,2,25,,9,,9,,9,,9,,9,,9,,,9,3.0261,3.2113,2
33RO20100308, A13.5,120,1,7,11705,2,20100415,2010-04-15 19:13,1913,2.6673,-2.9998,5008,2702.2,2702.2,2.8214,34.9234,2,34.9233,2,237.8,2,238.1,2,36.99,3,21.88,6,0,6,1.46,6,0.004,2,0.003,2,0,2,0.035,3,2188.7,2,2333.2,2,,9,,7.7242,2,25,,9,,9,,9,,9,,9,,9,,,9,2.6049,2.8218,2
33RO20100308, A13.5,120,1,6,11029,2,20100415,2010-04-15 19:13,1913,2.6673,-2.9998,5008,3099.9,3099.9,2.6087,34.9094,2,34.909,2,236.3,2,237.2,2,42,3,22.26,6,0,6,1.49,6,0.003,2,0.003,2,0,2,0.03,3,2194.7,2,2339.3,2,792.9,2,20,7.7221,2,25,,9,,9,,9,,9,,9,,9,,,9,2.3562,2.6082,2
33RO20100308, A13.5,120,1,5,11704,2,20100415,2010-04-15 19:13,1913,2.6673,-2.9998,5008,3499.5,3499.5,2.4634,34.8986,2,34.8982,2,234.3,2,235.2,2,46.52,3,22.59,6,0,6,1.52,6,0.005,2,0.005,2,0,2,0.032,3,2201.7,2,2344.3,2,,9,,7.7208,2,25,,9,,9,,9,,9,,9,,9,,,9,2.172,2.4632,2
33RO20100308, A13.5,120,1,4,11030,2,20100415,2010-04-15 19:13,1913,2.6673,-2.9998,5008,3900.2,3900.2,2.3705,34.889,2,34.8883,2,237.7,2,238.5,2,48.35,3,22.67,6,0,6,1.52,6,0.008,2,0.007,2,0,2,0.061,3,2202,2,2347.6,2,,9,,7.721,2,25,,9,,9,,9,,9,,9,,9,,,9,2.0372,2.3704,2
33RO20100308, A13.5,120,1,3,11703,2,20100415,2010-04-15 19:13,1913,2.6673,-2.9998,5008,4300.7,4300.7,2.2948,34.8789,2,34.8785,2,238,2,238.3,2,51.55,3,23.01,6,0,6,1.55,6,0.016,2,0.011,2,0,2,0.089,3,2205.7,2,2346.4,2,801.2,2,20,7.72,2,25,,9,,9,,9,,9,,9,,9,,,9,1.9175,2.2948,2
33RO20100308, A13.5,120,1,2,11702,2,20100415,2010-04-15 19:13,1913,2.6673,-2.9998,5008,4699.8,4699.8,2.2323,34.868,2,34.8675,2,231.6,2,231.8,2,57.69,3,23.8,6,0,6,1.6,6,0.018,6,0.007,3,0,6,0.072,3,2220.2,2,2363.5,2,,9,,7.7158,2,25,,9,,9,,9,,9,,9,,9,,,9,1.8092,2.2321,2
33RO20100308, A13.5,120,1,1,11701,2,20100415,2010-04-15 19:13,1913,2.6673,-2.9998,5008,5068.2,5068.2,2.1989,34.8591,2,34.8591,2,237.9,2,236.3,2,58.31,3,23.7,6,0.01,6,1.59,6,0.045,2,0.024,2,0,2,0.208,3,2216.6,6,2355.9,2,813.9,2,20,7.7153,2,25,,9,,9,,9,,9,,9,,9,,,9,1.7312,2.1983,2
33RO20100308, A13.5,121,1,24,11714,2,20100416,2010-04-16 1:02,102,3.0002,-2.9995,4978,5.3,5.3,30.4861,34.8826,2,34.8834,2,191.3,2,192,6,0.64,6,0.05,6,0,6,0,6,1.435,2,0.916,2,0.961,2,1.859,3,1934.1,6,2283.5,2,249.4,2,20,8.1389,2,25,78.33,2,5.56,2,,9,,9,,9,,9,,,9,30.4848,30.4905,2
33RO20100308, A13.5,121,1,23,11716,2,20100416,2010-04-16 1:02,102,3.0002,-2.9995,4978,30.1,30.1,30.4562,35.0528,2,35.0694,2,192.4,2,192.7,2,0.66,2,0.21,2,0,2,0.01,2,1.448,2,0.916,2,1.033,2,1.812,3,1944.8,2,2292.1,6,252,2,20,8.1376,2,25,73.2,2,4.98,2,,9,,9,,9,,9,,,9,30.4487,30.465,2
33RO20100308, A13.5,121,1,22,11022,2,20100416,2010-04-16 1:02,102,3.0002,-2.9995,4978,75.6,75.6,18.6326,35.8566,2,35.8376,2,140.2,2,131.6,2,3.81,2,13.32,2,0.14,2,0.94,2,2.175,2,1.237,2,0.752,2,0.554,3,2157,2,2348.7,6,600.9,2,20,7.8284,2,25,54.98,2,16.46,2,,9,,9,,9,,9,,,9,18.6193,18.6629,2
33RO20100308, A13.5,121,1,21,11010,2,20100416,2010-04-16 1:02,102,3.0002,-2.9995,4978,125.1,125.1,15.9171,35.677,2,35.6713,2,116.1,2,116.2,2,5.78,2,17.85,2,0.02,2,1.2,2,2.185,6,1.212,6,0.686,6,0.404,3,2176.9,2,2337.9,2,710.7,2,20,7.763,2,25,48.1,2,20.41,2,,9,,9,,9,,9,,,9,15.8973,15.9221,2
33RO20100308, A13.5,121,1,20,11715,2,20100416,2010-04-16 1:02,102,3.0002,-2.9995,4978,175.2,175.2,15.1642,35.5768,2,35.5723,2,104.5,2,103.4,2,6.72,2,20.13,2,0.01,2,1.33,2,2.141,2,1.183,2,0.643,2,0.312,3,2186.6,2,2335.3,2,784.2,2,20,7.7267,2,25,46.71,2,22.94,2,,9,,9,,9,,9,,,9,15.1374,15.1643,2
33RO20100308, A13.5,121,1,19,11007,2,20100416,2010-04-16 1:02,102,3.0002,-2.9995,4978,225.5,225.5,13.9825,35.4132,2,35.4126,2,88.3,2,87.9,2,8.11,2,23.46,2,0.01,2,1.51,2,1.969,2,1.065,2,0.463,2,0.285,3,2200.1,2,2320.5,2,904,2,20,7.6694,2,25,43.6,2,24.98,2,,9,,9,,9,,9,,,9,13.9498,13.9913,2
33RO20100308, A13.5,121,1,18,11710,2,20100416,2010-04-16 1:02,102,3.0002,-2.9995,4978,349.7,349.7,9.8061,34.9324,2,34.9259,2,62.1,2,62,2,15.08,2,33.61,2,0,2,2.1,2,0.967,2,0.501,2,0.117,2,0.251,3,2234.3,2,2303.5,2,1347.7,2,20,7.5112,2,25,41.95,2,35.19,2,,9,,9,,9,,9,,,9,9.7657,9.8046,2
33RO20100308, A13.5,121,1,17,11025,2,20100416,2010-04-16 1:02,102,3.0002,-2.9995,4978,474.5,474.5,7.6792,34.7078,2,34.7064,2,87.3,2,88,2,19.72,2,35.27,2,0,2,2.27,2,0.567,2,0.285,2,0.058,2,0.364,3,2231,2,2293.8,3,1360.5,2,20,7.5078,2,25,41.22,2,36.8,2,,9,,9,,9,,9,,,9,7.6317,7.696,2
33RO20100308, A13.5,121,1,16,11709,2,20100416,2010-04-16 1:02,102,3.0002,-2.9995,4978,599.7,599.7,6.3928,34.6059,2,34.6026,2,100.2,2,101.6,2,24.16,2,36.39,2,0,2,2.4,2,0.246,2,0.125,2,0,2,0.285,3,2232.3,2,2296.7,2,1358,2,20,7.504,2,25,40.73,2,38.37,2,,9,,9,,9,,9,,,9,6.3381,6.3973,2
33RO20100308, A13.5,121,1,15,11006,2,20100416,2010-04-16 1:02,102,3.0002,-2.9995,4978,747.1,747.1,5.2121,34.5428,2,34.5414,2,130.2,2,129.8,2,28.75,2,35.32,2,0,2,2.38,2,0.14,2,0.068,2,0,2,0.273,3,2225.9,2,2297.5,2,1257.3,2,20,7.5346,2,25,39.93,2,36.85,2,,9,,9,,9,,9,,,9,5.15,5.2171,2
33RO20100308, A13.5,121,1,14,11708,2,20100416,2010-04-16 1:02,102,3.0002,-2.9995,4978,900,900,4.6846,34.5727,2,34.5717,2,145,2,143.4,2,30.99,2,34.27,2,0,2,2.32,2,0.052,2,0.028,2,0,2,0.111,3,2223.3,2,2304.3,2,1194.5,2,20,7.5545,2,25,39.58,2,35.56,2,,9,,9,,9,,9,,,9,4.6123,4.6843,2
33RO20100308, A13.5,121,1,13,11031,2,20100416,2010-04-16 1:02,102,3.0002,-2.9995,4978,1000.5,1000.5,4.5773,34.6363,2,34.6343,2,153.6,2,153.1,2,30.22,2,32.77,2,0,2,2.21,2,0.049,2,0.028,2,0,2,0.157,3,2219.2,2,2303.4,2,1137.1,6,20,7.5751,2,25,39.66,2,34.39,2,,9,,9,,9,,9,,,9,4.4969,4.5768,2
33RO20100308, A13.5,121,1,12,11027,2,20100416,2010-04-16 1:02,102,3.0002,-2.9995,4978,1199.8,1199.8,4.519,34.789,2,34.7872,2,171.6,2,171.2,2,26.73,2,29.18,2,0,2,1.96,2,0.026,2,0.014,2,0,2,0.067,3,2208.6,2,2309.5,2,1022.5,2,20,7.6187,2,25,40.03,2,30.48,2,,9,,9,,9,,9,,,9,4.4211,4.5186,2
33RO20100308, A13.5,121,1,11,11707,2,20100416,2010-04-16 1:02,102,3.0002,-2.9995,4978,1400.2,1400.2,4.3466,34.9066,2,34.9042,2,201,2,200.8,2,22.42,2,24.88,2,0,2,1.65,2,0.048,2,0.024,2,0,2,0.182,3,2192.3,2,2302.9,3,895.1,2,20,7.6714,2,25,40.33,2,26.62,2,,9,,9,,9,,9,,,9,4.2319,4.3477,2
33RO20100308, A13.5,121,1,10,11003,2,20100416,2010-04-16 1:02,102,3.0002,-2.9995,4978,1600.1,1600.1,4.0087,34.9523,2,34.9509,2,222.7,2,222.8,2,21.27,6,22.26,6,0,6,1.48,6,0.028,2,0.017,2,0,2,0.112,3,2182.8,2,2315.7,2,822.9,2,20,7.7048,2,25,39.84,2,23.7,2,,9,,9,,9,,9,,,9,3.8792,4.0088,2
33RO20100308, A13.5,121,1,9,11706,2,20100416,2010-04-16 1:02,102,3.0002,-2.9995,4978,1799.8,1799.8,3.7746,34.9611,2,34.9595,2,232.3,2,232.5,2,21.8,6,21.39,6,0,6,1.42,6,0.02,2,0.014,2,0,2,0.144,3,2177.5,2,2317.1,2,789.1,2,20,7.7176,2,25,40.28,2,23.75,2,,9,,9,,9,,9,,,9,3.6295,3.7745,2
33RO20100308, A13.5,121,1,8,11033,2,20100416,2010-04-16 1:02,102,3.0002,-2.9995,4978,2199.8,2199.8,3.3351,34.9529,2,34.9506,2,242.4,2,242,2,25.51,6,20.76,6,0,6,1.38,6,0.025,2,0.014,2,0,2,0.106,3,2175.8,2,2321.4,2,764,2,20,7.7302,2,25,40.28,2,22.44,2,,9,,9,,9,,9,,,9,3.1585,3.3354,2
33RO20100308, A13.5,121,1,7,11705,2,20100416,2010-04-16 1:02,102,3.0002,-2.9995,4978,2599.9,2599.9,2.9097,34.9287,2,34.9276,2,237.7,2,237.9,2,34.5,6,21.56,6,0,6,1.44,6,0.005,2,0.005,2,0,2,0.041,3,2187.5,2,2330.7,6,781.4,2,20,7.7249,2,25,40.87,2,23.66,2,,9,,9,,9,,9,,,9,2.7016,2.9096,2
33RO20100308, A13.5,121,1,6,11029,2,20100416,2010-04-16 1:02,102,3.0002,-2.9995,4978,3000.2,3000.2,2.6521,34.9121,2,34.9096,2,238.1,2,238.4,2,39.88,6,22.01,6,0,6,1.47,6,0.003,2,0.002,2,0,2,0.025,3,2192.7,2,2339.1,2,784.1,2,20,7.7238,2,25,40.71,2,23.95,2,,9,,9,,9,,9,,,9,2.4089,2.6518,2
33RO20100308, A13.5,121,1,5,11704,2,20100416,2010-04-16 1:02,102,3.0002,-2.9995,4978,3400.5,3400.5,2.4891,34.9009,2,34.8978,2,235.7,2,235.5,2,44.98,6,22.42,6,0,6,1.51,6,0.003,6,0.004,6,0,6,0.025,3,2200.2,2,2343.5,2,795.2,2,20,7.7197,2,25,39.51,2,24.08,2,,9,,9,,9,,9,,,9,2.2077,2.4889,2
33RO20100308, A13.5,121,1,4,11030,2,20100416,2010-04-16 1:02,102,3.0002,-2.9995,4978,3800.6,3800.6,2.3936,34.8915,2,34.8891,2,236.6,2,236.5,2,47.2,6,22.56,6,0,6,1.52,6,0.005,2,0.004,2,0,2,0.029,3,2202,2,2347.2,2,794.1,2,20,7.7197,2,25,39.94,2,24.31,2,,9,,9,,9,,9,,,9,2.0709,2.3936,2
33RO20100308, A13.5,121,1,3,11703,2,20100416,2010-04-16 1:02,102,3.0002,-2.9995,4978,4200.7,4200.7,2.3192,34.882,2,34.8788,2,236.2,2,236.4,2,50.79,6,22.94,6,0,6,1.54,6,0.007,2,0.008,2,0,2,0.052,3,2207.3,2,2347.9,2,801.9,2,20,7.7191,2,25,40.02,2,24.22,2,,9,,9,,9,,9,,,9,1.9529,2.319,2
33RO20100308, A13.5,121,1,2,11702,4,20100416,2010-04-16 1:02,102,3.0002,-2.9995,4978,4599.4,4599.4,2.253,34.8715,4,34.9235,4,234.3,4,61.7,4,-9,9,-9,9,-9,9,-9,9,0.956,4,0.504,4,0.141,4,0.171,4,,9,,9,,9,,7.5051,4,25,,9,,9,,9,,9,,9,,9,,,9,1.8414,2.2527,2
33RO20100308, A13.5,121,1,1,11701,2,20100416,2010-04-16 1:02,102,3.0002,-2.9995,4978,5017,5017,2.2062,34.8607,2,34.8609,2,233,2,231.3,6,59.22,6,23.92,6,0,6,1.61,6,0.028,2,0.018,2,0,2,0.141,3,2223.1,6,2363.3,2,818.7,2,20,7.7132,2,25,40.12,2,25.01,2,,9,,9,,9,,9,,,9,1.7447,2.206,2
33RO20100308, A13.5,122,1,24,11714,2,20100416,2010-04-16 6:53,653,3.3103,-2.9995,4739,5.2,5.2,30.2789,34.9709,2,34.974,2,192.8,2,192.5,2,0.63,6,0.07,6,0,6,0.01,6,1.409,2,0.923,2,0.987,2,,5,1936.3,6,2289.9,6,250.8,2,20,8.1397,2,25,,9,,9,,9,,9,,9,,9,,,9,30.2776,,9
33RO20100308, A13.5,122,1,23,11716,2,20100416,2010-04-16 6:53,653,3.3103,-2.9995,4739,49.7,49.7,22.164,35.7919,2,35.8212,2,202,2,187.3,6,1.04,2,0.4,2,0.01,2,0.28,2,1.958,2,1.188,2,0.977,2,,5,2098.3,2,2356.6,6,428.4,2,20,7.9564,2,25,,9,,9,,9,,9,,9,,9,,,9,22.1541,,9
33RO20100308, A13.5,122,1,22,11022,2,20100416,2010-04-16 6:53,653,3.3103,-2.9995,4739,100,100,16.4449,35.7425,2,35.7399,2,105.3,2,104.1,2,5.41,2,18.38,2,0.02,2,1.23,2,2.123,2,1.226,2,0.705,2,,5,2181.8,2,2343.6,2,731.9,2,20,7.7522,2,25,,9,,9,,9,,9,,9,,9,,,9,16.4287,16.4373,2
33RO20100308, A13.5,122,1,21,11010,2,20100416,2010-04-16 6:53,653,3.3103,-2.9995,4739,199.9,199.9,14.5543,35.4862,2,35.4852,2,76.2,2,74.8,2,8.01,2,23.99,2,0.01,2,1.55,2,1.868,2,1.052,2,0.52,2,,5,2205.4,2,2327,2,924.7,2,20,7.659,2,25,,9,,9,,9,,9,,9,,9,,,9,14.5245,14.5569,2
33RO20100308, A13.5,122,1,20,11715,2,20100416,2010-04-16 6:53,653,3.3103,-2.9995,4739,299.7,299.7,10.929,35.0591,2,35.0536,2,51.9,2,52.1,2,13.31,2,32.45,2,0,2,2.03,2,1.107,6,0.598,6,0.178,6,,5,2233.6,2,2307.4,2,1297.6,2,20,7.523,2,25,,9,,9,,9,,9,,9,,9,,,9,10.892,10.9364,2
33RO20100308, A13.5,122,1,19,11007,2,20100416,2010-04-16 6:53,653,3.3103,-2.9995,4739,399.9,399.9,8.5821,34.8007,2,34.7936,2,73.1,2,73.6,2,17.35,2,34.84,2,0,2,2.21,2,0.71,2,0.372,2,0.078,2,,5,2233.2,2,2298.6,2,1366.5,6,20,7.5024,2,25,,9,,9,,9,,9,,9,,9,,,9,8.5395,8.575,2
33RO20100308, A13.5,122,1,18,11710,2,20100416,2010-04-16 6:53,653,3.3103,-2.9995,4739,499.7,499.7,7.4117,34.6873,2,34.6755,2,84,2,83.8,2,20.55,2,36,2,0,2,2.33,2,,9,,9,,9,,9,2235.2,2,2295.9,2,1383.8,2,20,7.4948,2,25,,9,,9,,9,,9,,9,,9,,,9,7.3626,7.4135,2
33RO20100308, A13.5,122,1,17,11025,2,20100416,2010-04-16 6:53,653,3.3103,-2.9995,4739,600.2,600.2,6.3976,34.6043,2,34.6005,2,100.8,2,102,2,23.74,2,36.15,2,0,2,2.39,2,0.235,2,0.124,2,0,2,,5,2231,2,2296.2,2,1345,2,20,7.5059,2,25,,9,,9,,9,,9,,9,,9,,,9,6.3428,6.3983,2
33RO20100308, A13.5,122,1,16,11709,2,20100416,2010-04-16 6:53,653,3.3103,-2.9995,4739,700.2,700.2,5.5786,34.5504,2,34.5504,2,121.8,2,120.5,2,26.68,2,35.8,2,0,2,2.39,2,,9,,9,,9,,9,2227.5,2,2297.8,2,1291.7,2,20,7.5248,2,25,,9,,9,,9,,9,,9,,9,,,9,5.5186,5.5779,2
33RO20100308, A13.5,122,1,15,11006,2,20100416,2010-04-16 6:53,653,3.3103,-2.9995,4739,799.1,799.1,4.9779,34.5476,2,34.5462,2,135.8,2,133.9,2,29.45,2,35.1,2,0,2,2.37,2,0.093,2,0.047,2,0,2,,5,2224.7,2,2300.5,2,1239.3,2,20,7.5405,2,25,,9,,9,,9,,9,,9,,9,,,9,4.9126,4.977,2
33RO20100308, A13.5,122,1,14,11708,2,20100416,2010-04-16 6:53,653,3.3103,-2.9995,4739,1000.2,1000.2,4.6122,34.6434,2,34.6389,2,148.3,2,146.8,2,29.91,2,32.99,2,0,2,2.24,2,,9,,9,,9,,9,2222.1,2,2306.4,2,1159,2,20,7.5668,2,25,,9,,9,,9,,9,,9,,9,,,9,4.5316,4.612,2
33RO20100308, A13.5,122,1,13,11031,2,20100416,2010-04-16 6:53,653,3.3103,-2.9995,4739,1200.2,1200.2,4.5205,34.7946,2,34.7946,2,171.5,2,172.1,2,26.07,2,29.02,2,0,2,1.96,2,0.026,2,0.014,2,0,2,,5,2207.9,2,2310.3,2,1018.4,2,20,7.6201,2,25,,9,,9,,9,,9,,9,,9,,,9,4.4226,4.5204,2
33RO20100308, A13.5,122,1,12,11027,2,20100416,2010-04-16 6:53,653,3.3103,-2.9995,4739,1400,1400,4.3384,34.901,2,34.8983,2,199.6,2,200.8,2,22.33,2,25.06,2,0,2,1.67,2,,9,,9,,9,,9,2191.1,2,2313.7,2,899.4,2,20,7.6705,2,25,,9,,9,,9,,9,,9,,9,,,9,4.2238,4.338,2
33RO20100308, A13.5,122,1,11,11707,2,20100416,2010-04-16 6:53,653,3.3103,-2.9995,4739,1600.3,1600.3,4.0133,34.9523,4,34.9397,4,222.5,2,219.6,2,20.85,6,22.27,6,0,6,1.49,2,,9,,9,,9,,9,2180.4,2,2314.4,2,820,2,20,7.705,2,25,,9,,9,,9,,9,,9,,9,,,9,3.8838,4.0135,2
33RO20100308, A13.5,122,1,10,11003,2,20100416,2010-04-16 6:53,653,3.3103,-2.9995,4739,1799.8,1799.8,3.7641,34.9612,2,34.96,2,232,2,232.7,2,21.55,6,21.33,6,0,6,1.42,6,0.019,6,0.013,6,0,6,,5,2175.3,2,2318.2,2,793.8,2,20,,5,,,9,,9,,9,,9,,9,,9,,,9,3.6191,3.7643,2
33RO20100308, A13.5,122,1,9,11706,2,20100416,2010-04-16 6:53,653,3.3103,-2.9995,4739,2000.1,2000.1,3.5115,34.9587,2,34.9578,2,238.5,2,239.4,2,23.36,6,20.88,6,0,6,1.39,6,,9,,9,,9,,9,2174.4,2,2318.7,2,780,2,20,7.7264,2,25,,9,,9,,9,,9,,9,,9,,,9,3.3512,3.5102,2
33RO20100308, A13.5,122,1,8,11033,2,20100416,2010-04-16 6:53,653,3.3103,-2.9995,4739,2200.4,2200.4,3.2987,34.95,2,34.9485,2,239.2,2,239.8,2,26.59,6,21,6,0,6,1.4,6,,9,,9,,9,,9,2177.2,2,2323.8,2,779.5,2,20,7.7266,2,25,,9,,9,,9,,9,,9,,9,,,9,3.1226,3.2983,2
33RO20100308, A13.5,122,1,7,11705,2,20100416,2010-04-16 6:53,653,3.3103,-2.9995,4739,2500.4,2500.4,2.995,34.934,2,34.9321,2,239.1,2,239.5,2,31.97,6,21.39,6,0,6,1.43,6,0.006,2,0.005,2,0,2,,5,2183.1,2,2328.7,2,778,2,20,7.7261,2,25,,9,,9,,9,,9,,9,,9,,,9,2.7951,2.9955,2
33RO20100308, A13.5,122,1,6,11029,2,20100416,2010-04-16 6:53,653,3.3103,-2.9995,4739,2799.5,2799.5,2.7618,34.9195,2,34.9179,2,236,2,237.1,2,37.58,6,21.91,6,0,6,1.47,6,,9,,9,,9,,9,2190.1,2,2334.9,2,785.2,2,20,7.7223,2,25,,9,,9,,9,,9,,9,,9,,,9,2.5367,2.762,2
33RO20100308, A13.5,122,1,5,11704,2,20100416,2010-04-16 6:53,653,3.3103,-2.9995,4739,3199,3199,2.5514,34.9059,2,34.9031,2,236.3,2,236.8,2,42.26,6,22.24,6,0,6,1.5,6,0.001,2,0.003,2,0,2,,5,2196.3,2,2340.8,2,791.1,2,20,7.7219,2,25,,9,,9,,9,,9,,9,,9,,,9,2.2898,2.5512,2
33RO20100308, A13.5,122,1,4,11030,9,20100416,2010-04-16 6:53,653,3.3103,-2.9995,4739,3599.4,3599.4,2.4276,34.8956,2,,9,236.2,2,,9,-9,9,-9,9,-9,9,-9,9,,9,,9,,9,,9,,9,,9,,9,,,9,,,9,,9,,9,,9,,9,,9,,,9,2.1262,2.4273,2
33RO20100308, A13.5,122,1,3,11703,2,20100416,2010-04-16 6:53,653,3.3103,-2.9995,4739,3999.3,3999.3,2.3571,34.8871,2,34.8846,2,237,2,236.9,2,48.3,6,22.73,6,0,6,1.53,6,0.004,2,0.004,2,0,2,,5,2203.8,2,2358.4,2,797.2,2,20,7.7195,2,25,,9,,9,,9,,9,,9,,9,,,9,2.0129,2.3564,2
33RO20100308, A13.5,122,1,2,11702,2,20100416,2010-04-16 6:53,653,3.3103,-2.9995,4739,4399.4,4399.4,2.2897,34.8773,2,34.8754,2,235.5,2,236.3,6,51.53,6,23.08,6,0,6,1.55,6,,9,,9,,9,,9,2208.5,2,2353,2,800.9,2,20,7.7186,2,25,,9,,9,,9,,9,,9,,9,,,9,1.9009,2.2893,2
33RO20100308, A13.5,122,1,1,11701,2,20100416,2010-04-16 6:53,653,3.3103,-2.9995,4739,4791.2,4791.2,2.2389,34.8673,2,34.8687,2,233.1,2,232.8,2,55.95,6,23.63,6,0,6,1.59,6,0.016,2,0.011,2,0,2,,5,2217.9,6,2365.4,2,811.2,2,20,7.7144,2,25,,9,,9,,9,,9,,9,,9,,,9,1.8044,2.2384,2
33RO20100308, A13.5,123,1,24,11714,2,20100416,2010-04-16 12:10,1210,3.4032,-3.0005,3914,5.6,5.6,30.4576,34.9687,2,34.9737,2,191.7,2,192.2,2,0.98,6,0.21,6,0,6,0.01,6,1.406,2,0.923,2,1.035,2,,5,1938.3,6,2289.6,6,252,2,20,8.1399,2,25,71.09,2,5.58,2,,9,,9,,9,51.4,2,3,1.61,2,30.4562,30.4588,2
33RO20100308, A13.5,123,1,23,11716,2,20100416,2010-04-16 12:10,1210,3.4032,-3.0005,3914,75.3,75.3,18.572,35.8929,2,35.8899,2,106.6,2,108.4,2,4.53,2,14.89,2,0.31,2,1.06,2,2.071,6,1.222,6,0.818,6,,5,2174.7,2,2350.6,6,672.6,2,20,7.7911,2,25,51.07,2,19.13,2,,9,,9,,9,46.8,2,2.6,0.62,2,18.5587,18.5744,2
33RO20100308, A13.5,123,1,22,11022,2,20100416,2010-04-16 12:10,1210,3.4032,-3.0005,3914,149.7,149.7,15.6696,35.6433,2,35.6403,2,95.2,2,95.1,6,6.84,2,20.49,2,0.01,2,1.35,2,2.076,2,1.188,2,0.612,2,,5,2190.7,2,2337.1,6,801.2,2,20,7.7213,2,25,46.61,2,22.75,2,,9,,9,,9,42.8,2,2,0.48,2,15.6462,15.67,2
33RO20100308, A13.5,123,1,21,11010,2,20100416,2010-04-16 12:10,1210,3.4032,-3.0005,3914,224.9,224.9,13.8429,35.3922,2,35.3874,2,65.9,2,64.2,2,9.56,2,26.6,2,0.01,2,1.69,2,1.693,2,0.945,2,0.373,2,,5,2214.4,2,2321.5,2,1038,2,20,7.6181,2,25,44.59,2,28.42,2,,9,,9,,9,28.4,2,2.4,0.3,2,13.8105,13.8414,2
33RO20100308, A13.5,123,1,20,11715,2,20100416,2010-04-16 12:10,1210,3.4032,-3.0005,3914,300,300,10.6774,35.0286,2,35.0248,2,52.7,2,53.6,2,13.92,2,33.16,2,0,2,2.06,2,1.069,2,0.575,2,0.184,2,,5,2235.1,2,2306.1,2,1310.4,6,20,7.5197,2,25,42.29,2,35.22,2,,9,,9,,9,-12.3,2,2.3,0.33,2,10.6409,10.6532,2
33RO20100308, A13.5,123,1,19,11007,2,20100416,2010-04-16 12:10,1210,3.4032,-3.0005,3914,372.2,372.2,8.9033,34.832,2,34.8306,2,70,2,69.9,2,16.76,2,35.12,2,0,2,2.19,2,0.782,2,0.409,2,0.136,2,,5,2233.6,2,2298.7,2,1350.6,2,20,7.5042,2,25,41.54,2,37.45,2,,9,,9,,9,-34.7,2,2.1,0.42,2,8.8628,8.9041,2
33RO20100308, A13.5,123,1,18,11710,2,20100416,2010-04-16 12:10,1210,3.4032,-3.0005,3914,450.2,450.2,7.7918,34.7188,2,34.7164,2,84.8,2,84.1,2,19.38,2,36.17,2,0,2,2.28,2,0.561,2,0.293,2,0.062,2,,5,2230.8,2,,9,1349.7,2,20,7.5046,2,25,40.92,2,37.8,2,,9,,9,,9,-54.4,2,2.2,0.51,2,7.7464,7.795,2
33RO20100308, A13.5,123,1,17,11025,2,20100416,2010-04-16 12:10,1210,3.4032,-3.0005,3914,526.3,526.3,7.0457,34.6561,2,34.6548,2,89.3,2,89.4,2,21.81,2,37.08,2,0,2,2.38,2,0.318,2,0.168,2,0,2,,5,2230.8,2,2295.9,2,1378.3,2,20,7.4956,2,25,40.16,2,39.24,2,,9,,9,,9,-70.5,2,1.9,0.49,2,6.9953,7.0452,2
33RO20100308, A13.5,123,1,16,11709,2,20100416,2010-04-16 12:10,1210,3.4032,-3.0005,3914,600.2,600.2,6.4057,34.6051,2,34.6032,2,101.9,2,102.3,2,23.73,2,36.99,2,0,2,2.41,2,0.252,2,0.133,2,0,2,,5,2228.5,2,2295.7,2,1343,2,20,7.5066,2,25,39.71,2,38.89,2,,9,,9,,9,-83.6,2,2,0.56,2,6.3509,6.4097,2
33RO20100308, A13.5,123,1,15,11006,2,20100416,2010-04-16 12:10,1210,3.4032,-3.0005,3914,700.2,700.2,5.6137,34.5496,2,34.5495,2,121.1,2,121.2,2,26.61,2,36.56,2,0,2,2.42,2,0.184,2,0.096,2,0,2,,5,2223.9,2,2297.5,2,1289.9,2,20,7.5239,2,25,39.12,2,38.64,2,,9,,9,,9,-93.2,2,1.8,0.63,2,5.5535,5.6142,2
33RO20100308, A13.5,123,1,14,11708,2,20100416,2010-04-16 12:10,1210,3.4032,-3.0005,3914,800.9,800.9,4.9863,34.5432,2,34.545,2,136.6,2,135.9,2,29.41,2,35.72,2,0,2,2.39,2,,9,,9,,9,,9,2222.1,2,2300.2,2,1237.1,2,20,7.5436,2,25,38.61,2,37.5,2,,9,,9,,9,-105.4,2,2.6,0.65,2,4.9207,4.9862,2
33RO20100308, A13.5,123,1,13,11031,2,20100416,2010-04-16 12:10,1210,3.4032,-3.0005,3914,899.3,899.3,4.7106,34.5836,2,34.5845,2,142.8,2,144,2,30.36,2,34.78,2,0,2,2.34,2,0.058,2,0.032,2,0,2,,5,2221.5,2,2303.3,2,1194.1,2,20,7.5561,2,25,39.07,2,36.56,2,,9,,9,,9,-106.1,2,2.5,0.69,2,4.6382,4.7105,2
33RO20100308, A13.5,123,1,12,11027,2,20100416,2010-04-16 12:10,1210,3.4032,-3.0005,3914,1000.2,1000.2,4.6004,34.6439,2,34.6449,2,148.7,2,148.7,2,30.01,2,33.63,2,0,2,2.25,2,,9,,9,,9,,9,2220.9,2,2306.2,2,1157.2,2,20,7.5695,2,25,38.46,2,35.66,2,,9,,9,,9,-106.8,2,2.5,0.72,2,4.5199,4.6004,2
33RO20100308, A13.5,123,1,11,11707,2,20100416,2010-04-16 12:10,1210,3.4032,-3.0005,3914,1100.1,1100.1,4.5386,34.7146,2,34.7182,2,161,2,160.5,2,28.24,2,31.54,2,0,2,2.11,2,,9,,9,,9,,9,2213.2,2,2308.8,2,1085.9,2,20,7.595,2,25,39.18,2,33.8,2,,9,,9,,9,-106.8,2,2.9,0.71,2,4.4496,4.5385,2
33RO20100308, A13.5,123,1,10,11003,2,20100416,2010-04-16 12:10,1210,3.4032,-3.0005,3914,1199.3,1199.3,4.5378,34.7915,2,34.7931,2,170.9,2,171.6,2,26.15,6,29.27,6,0,6,1.97,2,0.029,2,0.016,2,0,2,,5,2205.8,2,2310.9,2,1025.4,2,20,7.6191,2,25,40.11,2,31.2,2,,9,,9,,9,-100.1,2,3.2,0.78,2,4.4398,4.537,2
33RO20100308, A13.5,123,1,9,11706,2,20100416,2010-04-16 12:10,1210,3.4032,-3.0005,3914,1400.5,1400.5,4.3423,34.8989,2,34.8997,2,199.5,2,198.9,2,22.61,6,25.31,6,0,6,1.69,6,,9,,9,,9,,9,2191,2,2314.9,2,896.7,2,20,7.669,2,25,39.68,2,27.07,2,,9,,9,,9,-88.9,2,2.5,0.88,2,4.2276,4.3426,2
33RO20100308, A13.5,123,1,8,11033,2,20100416,2010-04-16 12:10,1210,3.4032,-3.0005,3914,1701.3,1701.3,3.9215,34.9575,2,34.9583,2,227.4,2,226.6,2,21.04,6,22.03,6,0,6,1.47,6,0.025,2,0.016,2,0,2,,5,2176.5,2,2315.4,2,807.3,2,20,7.711,2,25,40.5,2,24.16,2,,9,,9,,9,-88.2,2,3.6,1,2,3.7837,3.921,2
33RO20100308, A13.5,123,1,7,11705,2,20100416,2010-04-16 12:10,1210,3.4032,-3.0005,3914,2000.7,2000.7,3.532,34.9583,2,34.9593,2,237.1,2,237.3,2,23.67,6,21.2,6,0,6,1.4,6,,9,,9,,9,,9,2174.6,2,2319.9,2,776.8,2,20,7.7249,2,25,40.79,2,22.93,2,,9,,9,,9,-88.9,2,2.7,1.01,2,3.3714,3.5331,2
33RO20100308, A13.5,123,1,6,11029,2,20100416,2010-04-16 12:10,1210,3.4032,-3.0005,3914,2300.3,2300.3,3.2218,34.9458,2,34.947,2,238.7,2,239,2,28.15,6,21.35,6,0,6,1.45,6,0.008,2,0.006,2,0,2,,5,2178.4,2,2323.1,2,775.2,2,20,7.7258,2,25,39.05,2,22.48,2,,9,,9,,9,-99.7,2,2.6,1.03,2,3.0374,3.2217,2
33RO20100308, A13.5,123,1,5,11704,2,20100416,2010-04-16 12:10,1210,3.4032,-3.0005,3914,2600.4,2600.4,2.8911,34.9275,2,34.9279,2,238.3,2,238.3,6,34.1,6,21.73,6,0,6,1.45,6,,9,,9,,9,,9,2184.5,2,2331.9,2,781.1,2,20,7.7242,2,25,40.86,2,23.65,2,,9,,9,,9,-112,2,2.6,0.99,2,2.6833,2.8913,2
33RO20100308, A13.5,123,1,4,11030,4,20100416,2010-04-16 12:10,1210,3.4032,-3.0005,3914,2899.8,2899.8,2.6941,34.915,2,,9,237.7,4,70.2,4,-9,9,-9,9,-9,9,-9,9,,5,,5,,5,,5,,9,,9,,9,,,9,,,9,,9,,9,,9,,9,,9,,,9,2.4603,2.6938,2
33RO20100308, A13.5,123,1,3,11703,2,20100416,2010-04-16 12:10,1210,3.4032,-3.0005,3914,3200.2,3200.2,2.5627,34.906,2,34.9065,2,235.5,2,236.4,2,41.86,6,22.37,6,0,6,1.5,6,,9,,9,,9,,9,2194.6,2,2339.3,2,791,2,20,7.7218,2,25,40.77,2,24.4,2,,9,,9,,9,-115.4,2,2.9,0.93,2,2.3008,2.5636,2
33RO20100308, A13.5,123,1,2,11702,2,20100416,2010-04-16 12:10,1210,3.4032,-3.0005,3914,3500,3500,2.4631,34.8983,2,34.8982,2,237.1,2,237.6,2,44.15,6,22.51,6,0,6,1.51,6,0.002,2,0.004,2,0,2,,5,2197,2,2344,2,792.6,2,20,7.721,2,25,39.7,2,24.45,2,,9,,9,,9,-116.9,2,2.6,1.01,2,2.1716,2.4628,2
33RO20100308, A13.5,123,1,1,11701,2,20100416,2010-04-16 12:10,1210,3.4032,-3.0005,3914,3956.1,3956.1,2.3575,34.8868,2,34.8888,2,237.9,2,237.3,2,47.36,6,22.75,6,0,6,1.53,6,0.019,2,0.013,2,0,2,,5,2202.9,6,2345.8,2,795.9,2,20,7.7197,2,25,40.96,2,25.02,2,,9,,9,,9,-114.1,2,2.6,0.94,2,2.0182,2.357,2
33RO20100308, A13.5,124,1,24,11714,2,20100416,2010-04-16 16:33,1633,3.4748,-2.9998,3230,5.5,5.5,30.4058,34.8591,2,34.862,2,193.4,2,194.1,2,0.88,6,0.07,6,0,6,0.01,6,1.408,6,0.922,6,0.94,6,,5,1928.1,6,2279,2,249.9,2,20,8.1441,2,25,,9,,9,,9,,9,,9,,9,,,9,30.4044,30.3887,2
33RO20100308, A13.5,124,1,23,11716,2,20100416,2010-04-16 16:33,1633,3.4748,-2.9998,3230,30.1,30.1,30.1762,34.8967,3,34.9677,2,196.1,2,196.3,2,0.89,2,0.26,2,0,2,0.02,2,,5,,5,,5,,5,1936.7,2,2290.7,6,253.9,2,20,8.1361,2,25,,9,,9,,9,,9,,9,,9,,,9,30.1687,30.1765,2
33RO20100308, A13.5,124,1,22,11022,2,20100416,2010-04-16 16:33,1633,3.4748,-2.9998,3230,60.3,60.3,19.4277,35.8883,2,35.8935,2,150.6,2,138.7,2,3.23,2,9.8,2,0.46,2,0.79,2,2.064,2,1.226,2,0.865,2,,5,2145.4,2,2353.3,6,,9,,7.8529,2,25,,9,,9,,9,,9,,9,,9,,,9,19.4167,19.4579,2
33RO20100308, A13.5,124,1,21,11010,2,20100416,2010-04-16 16:33,1633,3.4748,-2.9998,3230,100.5,100.5,16.5747,35.7542,2,35.7495,2,109,2,106.1,6,5.57,2,18.08,2,0.02,2,1.22,2,2.128,2,1.231,2,0.659,2,,5,2178.3,2,2342,2,723.6,2,20,7.7584,2,25,,9,,9,,9,,9,,9,,9,,,9,16.5584,16.5723,2
33RO20100308, A13.5,124,1,20,11715,2,20100416,2010-04-16 16:33,1633,3.4748,-2.9998,3230,149.5,149.5,15.646,35.6417,2,35.6378,2,98.7,2,98.1,2,6.74,2,20.09,2,0.01,2,1.34,2,2.094,2,1.201,2,0.702,2,,5,2185.2,2,2336,2,782.6,2,20,7.726,2,25,,9,,9,,9,,9,,9,,9,,,9,15.6226,15.6446,2
33RO20100308, A13.5,124,1,19,11007,2,20100416,2010-04-16 16:33,1633,3.4748,-2.9998,3230,199.9,199.9,14.7323,35.5129,2,35.5062,2,82.6,2,81.6,2,8.13,2,23.04,2,0.01,2,1.5,2,1.942,2,1.092,2,0.513,2,,5,2198.7,2,2329.1,2,885.3,2,20,7.6738,2,25,,9,,9,,9,,9,,9,,9,,,9,14.7023,14.7336,2
33RO20100308, A13.5,124,1,18,11710,2,20100416,2010-04-16 16:33,1633,3.4748,-2.9998,3230,274.6,274.6,11.6123,35.1347,2,35.1253,2,49.4,2,49.9,2,13.04,2,31.61,2,0,2,1.99,2,1.214,2,0.659,2,0.19,2,,5,2232.2,2,2308.4,2,1255.7,2,20,7.5337,2,25,,9,,9,,9,,9,,9,,9,,,9,11.5771,11.6181,2
33RO20100308, A13.5,124,1,17,11025,2,20100416,2010-04-16 16:33,1633,3.4748,-2.9998,3230,349.5,349.5,9.532,34.9015,2,34.8955,2,64.6,2,65.5,2,15.85,2,33.83,2,0,2,2.13,2,0.915,2,0.487,2,0.094,2,,5,2232.1,2,2301.4,2,1324.2,2,20,7.5112,2,25,,9,,9,,9,,9,,9,,9,,,9,9.4924,9.5682,2
33RO20100308, A13.5,124,1,16,11709,2,20100416,2010-04-16 16:33,1633,3.4748,-2.9998,3230,449.8,449.8,7.9065,34.734,2,34.734,2,75.9,2,76.5,2,20.01,2,35.86,2,0,2,2.31,2,,9,,9,,9,,9,2235.5,2,2296.1,2,1386.1,2,20,7.4929,2,25,,9,,9,,9,,9,,9,,9,,,9,7.8607,7.9162,2
33RO20100308, A13.5,124,1,15,11006,2,20100416,2010-04-16 16:33,1633,3.4748,-2.9998,3230,549.6,549.6,6.7655,34.6329,2,34.6324,2,94.5,2,93.8,2,23.22,2,36.45,2,0,2,2.39,2,0.281,2,0.147,2,0,2,,5,2233.5,2,2295.9,2,1365.7,2,20,7.4998,2,25,,9,,9,,9,,9,,9,,9,,,9,6.714,6.7704,2
33RO20100308, A13.5,124,1,14,11708,2,20100416,2010-04-16 16:33,1633,3.4748,-2.9998,3230,649.7,649.7,5.936,34.5668,2,34.5669,2,115.4,2,113.7,2,25.61,2,35.97,2,0,2,2.41,2,,9,,9,,9,,9,2226.9,2,2292.3,2,1301.9,2,20,7.5181,2,25,,9,,9,,9,,9,,9,,9,,,9,5.8788,5.9371,2
33RO20100308, A13.5,124,1,13,11031,2,20100416,2010-04-16 16:33,1633,3.4748,-2.9998,3230,749.9,749.9,5.2987,34.5474,2,34.5487,2,127.5,2,126.2,2,28.84,2,35.44,2,0,2,2.4,2,,9,,9,,9,,9,2226.8,2,2298.7,2,1268.8,2,20,7.531,2,25,,9,,9,,9,,9,,9,,9,,,9,5.2358,5.2987,2
33RO20100308, A13.5,124,1,12,11027,2,20100416,2010-04-16 16:33,1633,3.4748,-2.9998,3230,849.6,849.6,4.7787,34.5573,2,34.5579,2,143,2,143.2,2,30.86,2,34.23,2,0,2,2.33,2,0.091,2,0.048,2,0,2,,5,2222.7,2,2301,2,1204.6,2,20,7.5532,2,25,,9,,9,,9,,9,,9,,9,,,9,4.7102,4.7836,2
33RO20100308, A13.5,124,1,11,11707,2,20100416,2010-04-16 16:33,1633,3.4748,-2.9998,3230,950.5,950.5,4.6445,34.6064,2,34.6071,2,147.3,2,147.9,2,31.03,2,33.49,2,0,2,2.29,2,,9,,9,,9,,9,2220.7,2,2305.9,2,,9,,7.563,2,25,,9,,9,,9,,9,,9,,9,,,9,4.5681,4.6445,2
33RO20100308, A13.5,124,1,10,11003,2,20100416,2010-04-16 16:33,1633,3.4748,-2.9998,3230,1048.8,1048.8,4.5608,34.6921,2,34.6926,2,155.3,2,155.6,2,29.83,6,31.78,6,0,6,2.17,2,,9,,9,,9,,9,2215.9,2,2307.4,2,1114.9,2,20,7.5838,2,25,,9,,9,,9,,9,,9,,9,,,9,4.4762,4.5608,2
33RO20100308, A13.5,124,1,9,11706,2,20100416,2010-04-16 16:33,1633,3.4748,-2.9998,3230,1199.4,1199.4,4.5263,34.7899,2,34.7904,2,170.9,4,155.5,4,27.02,6,29.17,6,0,6,1.98,6,0.029,2,0.015,2,0,2,,5,2206.6,2,2311.6,2,1027.4,2,20,7.6178,2,25,,9,,9,,9,,9,,9,,9,,,9,4.4284,4.5258,2
33RO20100308, A13.5,124,1,8,11033,2,20100416,2010-04-16 16:33,1633,3.4748,-2.9998,3230,1399.7,1399.7,4.3687,34.9031,2,34.9032,2,200.1,4,171,4,22.82,6,25.05,6,0,6,1.68,6,,9,,9,,9,,9,2190.4,2,2311.5,2,,9,,7.6689,2,25,,9,,9,,9,,9,,9,,9,,,9,4.2538,4.3687,2
33RO20100308, A13.5,124,1,7,11705,2,20100416,2010-04-16 16:33,1633,3.4748,-2.9998,3230,1599.6,1599.6,4.0365,34.9533,2,34.9558,2,223.5,2,222.9,2,21.2,6,22.27,6,0,6,1.49,6,0.031,2,0.018,2,0,2,,5,2177.2,2,2316.6,2,817.9,2,20,7.7056,2,25,,9,,9,,9,,9,,9,,9,,,9,3.9067,4.0361,2
33RO20100308, A13.5,124,1,6,11029,2,20100416,2010-04-16 16:33,1633,3.4748,-2.9998,3230,1789.1,1789.1,3.7863,34.9612,2,34.9625,2,232.8,2,232.5,2,22.03,6,21.32,6,0,6,1.43,6,,9,,9,,9,,9,2174.2,2,2315.9,2,,9,,7.7185,2,25,,9,,9,,9,,9,,9,,9,,,9,3.642,3.7868,2
33RO20100308, A13.5,124,1,5,11704,2,20100416,2010-04-16 16:33,1633,3.4748,-2.9998,3230,2099.1,2099.1,3.3849,34.9534,2,34.9543,2,238.9,2,238.4,2,26.02,6,21.05,6,0,6,1.41,6,0.012,2,0.008,2,0,2,,5,2174,2,2321.5,2,778.1,2,20,7.7255,2,25,,9,,9,,9,,9,,9,,9,,,9,3.2171,3.3851,2
33RO20100308, A13.5,124,1,4,11030,2,20100416,2010-04-16 16:33,1633,3.4748,-2.9998,3230,2400.2,2400.2,3.0245,34.9356,2,34.9371,2,237.7,2,239,2,32.23,6,21.43,6,0,6,1.44,6,,9,,9,,9,,9,2180,2,2325.6,2,,9,,7.7262,2,25,,9,,9,,9,,9,,9,,9,,,9,2.8339,3.0236,2
33RO20100308, A13.5,124,1,3,11703,2,20100416,2010-04-16 16:33,1633,3.4748,-2.9998,3230,2699.9,2699.9,2.7972,34.9216,2,34.922,2,236.9,2,237.4,2,37.49,6,21.93,6,0,6,1.48,6,0.003,2,0.004,2,0,2,,5,2187.4,2,2335.1,2,792.9,2,20,7.7222,2,25,,9,,9,,9,,9,,9,,9,,,9,2.5814,2.7968,2
33RO20100308, A13.5,124,1,2,11702,2,20100416,2010-04-16 16:33,1633,3.4748,-2.9998,3230,3000.1,3000.1,2.6839,34.9138,2,34.9145,2,236,2,236.5,2,40.27,6,22.12,6,0,6,1.49,6,0.004,2,0.004,2,0,2,,5,2192.1,2,2335.7,2,,9,,7.7215,2,25,,9,,9,,9,,9,,9,,9,,,9,2.44,2.6841,2
33RO20100308, A13.5,124,1,1,11701,2,20100416,2010-04-16 16:33,1633,3.4748,-2.9998,3230,3263.7,3263.7,2.5509,34.9045,2,34.9054,2,237.3,2,237,2,43.14,6,22.25,6,0,6,1.51,6,0.006,2,0.005,2,0,2,,5,2196.2,6,2341.4,2,795.3,2,20,7.7216,2,25,,9,,9,,9,,9,,9,,9,,,9,2.2826,2.5506,2
33RO20100308, A13.5,125,1,24,11714,2,20100416,2010-04-16 21:17,2117,3.8233,-3.0003,2524,5.8,5.8,30.2765,34.7648,2,34.7755,2,193.8,2,194.1,2,0.71,6,0.07,6,0,6,0.01,6,1.421,2,0.927,2,0.987,2,,5,1921.6,6,2276.7,3,237.9,2,20,8.1481,2,25,73.94,2,5,2,,9,,9,,9,,9,,,9,30.2751,30.2758,2
33RO20100308, A13.5,125,1,23,11716,2,20100416,2010-04-16 21:17,2117,3.8233,-3.0003,2524,50,50,22.0891,35.8513,2,35.8686,2,190.3,2,186.3,2,1.64,2,1.17,2,0.03,2,0.3,2,2.015,2,1.207,2,0.961,2,,5,2107,2,2358.5,6,436.6,2,20,7.9481,2,25,57.54,2,5.72,2,,9,,9,,9,,9,,,9,22.0792,22.0994,2
33RO20100308, A13.5,125,1,22,11022,2,20100416,2010-04-16 21:17,2117,3.8233,-3.0003,2524,100.6,100.6,17.0602,35.796,2,35.7895,2,99.4,2,100.9,2,5.54,2,18.34,2,0.04,2,1.24,2,2.109,2,1.226,2,0.768,2,,5,2184.5,2,2344.1,6,720.5,2,20,7.7558,2,25,53,2,21.68,2,,9,,9,,9,,9,,,9,17.0435,17.0601,2
33RO20100308, A13.5,125,1,21,11010,2,20100416,2010-04-16 21:17,2117,3.8233,-3.0003,2524,200.8,200.8,14.389,35.4658,2,35.4575,2,79.9,2,77.8,2,8.34,2,24.23,2,0,2,1.57,2,1.878,2,1.051,2,0.557,2,,5,2207.9,2,2327.3,2,919,2,20,7.6584,2,25,45.02,2,26.66,2,,9,,9,,9,,9,,,9,14.3593,14.3869,2
33RO20100308, A13.5,125,1,20,11715,2,20100416,2010-04-16 21:17,2117,3.8233,-3.0003,2524,299.9,299.9,10.7829,35.0432,2,35.0302,2,52.2,2,53.3,6,13.9,2,32.91,2,0,2,2.07,2,1.066,2,0.574,2,0.206,2,,5,2237.4,2,2301.3,2,1301.3,2,20,7.5193,2,25,43.71,2,34.67,2,,9,,9,,9,,9,,,9,10.7462,10.7685,2
33RO20100308, A13.5,125,1,19,11007,2,20100416,2010-04-16 21:17,2117,3.8233,-3.0003,2524,401,401,8.7644,34.8191,2,34.8163,2,71.3,2,71.1,2,17.4,2,34.73,2,0,2,2.22,2,0.751,6,0.397,6,0.175,6,,5,2236.7,2,2300.4,2,1350.2,2,20,7.5022,2,25,42.14,2,37.05,2,,9,,9,,9,,9,,,9,8.7211,8.7647,2
33RO20100308, A13.5,125,1,18,11710,2,20100416,2010-04-16 21:17,2117,3.8233,-3.0003,2524,499.8,499.8,7.34,34.6795,2,34.6793,2,86.3,2,89.1,2,20.79,2,35.89,2,0,2,2.34,2,0.446,2,0.234,2,0,2,,5,2234.3,2,2295.1,2,1359,2,20,7.5022,2,25,40.72,2,37.4,2,,9,,9,,9,,9,,,9,7.2911,7.3426,2
33RO20100308, A13.5,125,1,17,11025,2,20100416,2010-04-16 21:17,2117,3.8233,-3.0003,2524,599.6,599.6,6.3433,34.6025,2,34.6019,2,99.8,2,100.7,2,24.46,2,36.5,2,0,2,2.43,2,0.21,2,0.112,2,0,2,,5,2234.3,2,2294.5,2,1358.1,2,20,7.5024,2,25,39.81,2,37.66,2,,9,,9,,9,,9,,,9,6.2888,6.359,2
33RO20100308, A13.5,125,1,16,11709,2,20100416,2010-04-16 21:17,2117,3.8233,-3.0003,2524,699.8,699.8,5.4587,34.5469,2,34.5468,2,124.2,2,124.4,2,27.57,2,35.78,2,0,2,2.41,2,0.167,2,0.087,2,0,2,,5,2226.7,2,2296.9,2,1281.1,2,20,7.5298,2,25,39,2,37.06,2,,9,,9,,9,,9,,,9,5.3994,5.4573,2
33RO20100308, A13.5,125,1,15,11006,2,20100416,2010-04-16 21:17,2117,3.8233,-3.0003,2524,800.5,800.5,5.048,34.5607,2,34.5596,2,131.6,2,132.3,2,29.89,2,35.3,2,0,2,2.41,2,,9,,9,,9,,9,2227,2,2298.3,2,1259.1,2,20,7.537,2,25,38.11,2,36.72,2,,9,,9,,9,,9,,,9,4.9821,5.0487,2
33RO20100308, A13.5,125,1,14,11708,2,20100416,2010-04-16 21:17,2117,3.8233,-3.0003,2524,900.2,900.2,4.8208,34.5836,2,34.5846,2,137.8,2,139.1,2,30.57,2,34.6,2,0,2,2.36,2,0.046,2,0.027,2,0,2,,5,2224.9,2,2301.4,2,1225.7,2,20,7.5469,2,25,37.8,2,36.08,2,,9,,9,,9,,9,,,9,4.7476,4.8215,2
33RO20100308, A13.5,125,1,13,11031,2,20100416,2010-04-16 21:17,2117,3.8233,-3.0003,2524,999.5,999.5,4.6432,34.6483,2,34.6491,2,146.5,2,147.3,2,30.31,2,33.21,2,0,2,2.27,2,,9,,9,,9,,9,2222.2,2,2303.9,6,1174.2,2,20,7.5656,2,25,38.14,2,34.25,2,,9,,9,,9,,9,,,9,4.5624,4.6438,2
33RO20100308, A13.5,125,1,12,11027,2,20100416,2010-04-16 21:17,2117,3.8233,-3.0003,2524,1100.4,1100.4,4.5579,34.7306,2,34.7299,2,160.4,2,160.6,2,28.42,2,30.96,2,0,2,2.1,2,0.083,4,0.14,4,1.695,4,,5,2215,2,2306,2,1080.6,2,20,7.5945,2,25,38.72,2,32.58,2,,9,,9,,9,,9,,,9,4.4687,4.5578,2
33RO20100308, A13.5,125,1,11,11707,2,20100416,2010-04-16 21:17,2117,3.8233,-3.0003,2524,1199.5,1199.5,4.4985,34.8054,2,34.8062,2,174.5,2,174.8,2,26.13,2,28.61,2,0,2,1.94,2,,9,,9,,9,,9,2208.5,2,2311.9,2,1005.3,2,20,7.6249,2,25,39.11,2,30.47,2,,9,,9,,9,,9,,,9,4.4008,4.4989,2
33RO20100308, A13.5,125,1,10,11003,2,20100416,2010-04-16 21:17,2117,3.8233,-3.0003,2524,1299.9,1299.9,4.4575,34.8717,2,34.8711,2,190.1,2,190.7,2,23.65,6,26.38,6,0,6,1.78,2,,5,,5,,5,,5,2198,2,2310.8,2,934.9,2,20,7.6541,2,25,39.52,2,27.92,2,,9,,9,,9,,9,,,9,4.3509,4.4575,2
33RO20100308, A13.5,125,1,9,11706,2,20100416,2010-04-16 21:17,2117,3.8233,-3.0003,2524,1400,1400,4.333,34.9057,2,34.9054,2,201.6,2,201.9,2,22.61,6,24.9,6,0,6,1.68,6,,9,,9,,9,,9,2192.8,2,2314.2,2,891.8,2,20,7.6718,2,25,39.77,2,27.31,2,,9,,9,,9,,9,,,9,4.2184,4.3329,2
33RO20100308, A13.5,125,1,8,11033,2,20100416,2010-04-16 21:17,2117,3.8233,-3.0003,2524,1498.8,1498.8,4.1893,34.9308,2,34.9307,2,211.4,2,211.5,2,21.94,6,23.65,6,0,6,1.61,6,0.032,2,0.019,2,0,2,,5,2188,2,2311.4,2,,9,,7.6875,2,25,40.17,2,25.36,2,,9,,9,,9,,9,,,9,4.0671,4.1892,2
33RO20100308, A13.5,125,1,7,11705,2,20100416,2010-04-16 21:17,2117,3.8233,-3.0003,2524,1599.9,1599.9,4.0572,34.9506,2,34.9507,2,221.8,2,221.8,6,21.08,6,22.46,6,0,6,1.51,6,,9,,9,,9,,9,2181.7,2,2312.5,2,825,2,20,7.7027,2,25,39.63,2,24.32,2,,9,,9,,9,,9,,,9,3.9272,4.0583,2
33RO20100308, A13.5,125,1,6,11029,2,20100416,2010-04-16 21:17,2117,3.8233,-3.0003,2524,1700.7,1700.7,3.9228,34.9579,2,34.9568,2,227.2,2,228.3,2,21.33,6,21.85,6,0,6,1.47,6,0.021,2,0.014,2,0,2,,5,2179.4,2,2312.3,2,,9,,7.7113,2,25,40.43,2,23.46,2,,9,,9,,9,,9,,,9,3.785,3.9239,2
33RO20100308, A13.5,125,1,5,11704,2,20100416,2010-04-16 21:17,2117,3.8233,-3.0003,2524,1799.8,1799.8,3.8113,34.9605,2,34.9593,2,231.5,2,232.1,2,21.78,6,21.42,6,0,6,1.44,6,,9,,9,,9,,9,2177.4,2,2315.4,2,797.8,2,20,7.7163,2,25,40.37,2,23.4,2,,9,,9,,9,,9,,,9,3.6657,3.8113,2
33RO20100308, A13.5,125,1,4,11030,2,20100416,2010-04-16 21:17,2117,3.8233,-3.0003,2524,1899.8,1899.8,3.7092,34.9608,2,34.9601,2,234.1,2,233.9,2,22.45,6,21.21,6,0,6,1.43,6,0.019,2,0.013,2,0,2,,5,2176.9,2,2317.2,2,,9,,7.7208,2,25,39.88,2,23.01,2,,9,,9,,9,,9,,,9,3.5555,3.7096,2
33RO20100308, A13.5,125,1,3,11703,2,20100416,2010-04-16 21:17,2117,3.8233,-3.0003,2524,2099.9,2099.9,3.4255,34.9544,2,34.9542,2,237.4,2,238.8,2,25.6,6,21.04,6,0,6,1.42,6,,9,,9,,9,,9,2176.9,2,2321,2,781.8,2,20,7.7256,2,25,40.1,2,23.09,2,,9,,9,,9,,9,,,9,3.257,3.4251,2
33RO20100308, A13.5,125,1,2,11702,4,20100416,2010-04-16 21:17,2117,3.8233,-3.0003,2524,2300.6,2300.6,3.2177,34.945,4,34.9541,4,239.2,2,238.7,2,25.66,4,20.98,4,0,4,1.42,4,0.017,4,0.011,4,-0.115,4,,5,2177.1,4,2318,4,,9,,7.7257,2,25,39.89,2,23.22,2,,9,,9,,9,,9,,,9,3.0333,3.2186,2
33RO20100308, A13.5,125,1,1,11701,2,20100416,2010-04-16 21:17,2117,3.8233,-3.0003,2524,2537.8,2537.8,2.9226,34.929,2,34.9291,2,238.3,2,238.3,2,34.2,6,21.51,6,0,6,1.46,6,0.005,2,0.005,2,0,2,,5,2186.4,6,2327.6,2,785.8,2,20,7.7245,2,25,40.07,2,23.29,2,,9,,9,,9,,9,,,9,2.7204,2.9222,2
33RO20100308, A13.5,126,1,24,11714,2,20100417,2010-04-17 1:56,156,4.1715,-2.9995,2508,5.1,5.1,30.1383,34.8121,2,34.8122,2,193.1,2,194.4,2,0.8,6,0.06,6,0,6,0.01,6,1.442,2,0.933,2,1.013,2,1.364,3,1926.1,6,2275.5,2,246.1,2,20,8.1427,2,25,,9,,9,,9,,9,,9,,9,,,9,30.137,30.1422,2
33RO20100308, A13.5,126,1,23,11716,2,20100417,2010-04-17 1:56,156,4.1715,-2.9995,2508,29.2,29.2,28.5775,35.3264,3,35.381,2,207.1,2,205.3,2,1,2,0.22,2,0,2,0.06,2,1.706,2,1.053,2,0.934,2,0.844,3,2002.8,2,2321,6,302.8,2,20,8.0719,2,25,,9,,9,,9,,9,,9,,9,,,9,28.5705,28.5852,2
33RO20100308, A13.5,126,1,22,11022,2,20100417,2010-04-17 1:56,156,4.1715,-2.9995,2508,70.4,70.4,18.1069,35.8399,2,35.8392,2,130.5,2,118.6,2,4.27,2,14.6,2,0.37,2,1.03,2,2.136,2,1.237,2,0.802,2,0.333,3,2166.5,2,2347.3,6,,9,,7.8032,2,25,,9,,9,,9,,9,,9,,9,,,9,18.0947,18.112,2
33RO20100308, A13.5,126,1,21,11010,2,20100417,2010-04-17 1:56,156,4.1715,-2.9995,2508,100.6,100.6,16.9151,35.7873,2,35.7811,2,106.4,2,108.9,2,5.15,2,17.47,2,0.04,2,1.17,2,2.18,2,1.245,2,0.791,2,0.303,3,2178.6,2,2344,2,,9,,7.7677,2,25,,9,,9,,9,,9,,9,,9,,,9,16.8985,16.9142,2
33RO20100308, A13.5,126,1,20,11715,2,20100417,2010-04-17 1:56,156,4.1715,-2.9995,2508,150.5,150.5,15.5475,35.6239,2,35.6085,2,94.4,2,91.7,2,6.97,2,21.13,2,0.01,2,1.38,2,2.062,6,1.163,6,0.662,6,0.186,3,2192.5,2,2329.4,2,809.3,2,20,7.7096,2,25,,9,,9,,9,,9,,9,,9,,,9,15.5241,15.5463,2
33RO20100308, A13.5,126,1,19,11007,2,20100417,2010-04-17 1:56,156,4.1715,-2.9995,2508,200.3,200.3,14.4728,35.4762,2,35.4664,2,73.6,2,73.6,6,8.53,2,24.54,2,0.01,2,1.58,2,1.89,2,1.049,2,0.57,2,0.165,3,2207.6,2,2323,2,934.1,2,20,7.6514,2,25,,9,,9,,9,,9,,9,,9,,,9,14.4431,14.4725,2
33RO20100308, A13.5,126,1,18,11710,2,20100417,2010-04-17 1:56,156,4.1715,-2.9995,2508,249.8,249.8,12.9232,35.2791,2,35.2744,2,59.1,2,58,2,10.69,2,28.65,2,0,2,1.8,2,1.537,2,0.836,2,0.387,2,0.14,3,2223.5,2,2314.2,2,,9,,7.5816,2,25,,9,,9,,9,,9,,9,,9,,,9,12.8888,12.9244,2
33RO20100308, A13.5,126,1,17,11025,2,20100417,2010-04-17 1:56,156,4.1715,-2.9995,2508,300.4,300.4,11.2846,35.1,2,35.0967,2,50.5,2,51.6,2,13.27,6,31.9,6,0.01,6,1.99,6,1.177,2,0.636,2,0.232,2,0.135,3,2233.7,2,2307.7,2,,9,,7.5299,2,25,,9,,9,,9,,9,,9,,9,,,9,11.2467,11.2942,2
33RO20100308, A13.5,126,1,16,11709,2,20100417,2010-04-17 1:56,156,4.1715,-2.9995,2508,350,350,10.0372,34.9597,2,34.9531,2,57.1,2,58,2,15.05,6,33.43,6,0,6,2.09,6,0.978,2,0.516,2,0.235,2,0.178,3,2235.6,2,2297.2,2,1332.6,2,20,7.5105,2,25,,9,,9,,9,,9,,9,,9,,,9,9.9962,10.017,2
33RO20100308, A13.5,126,1,15,11006,2,20100417,2010-04-17 1:56,156,4.1715,-2.9995,2508,399.5,399.5,8.436,34.7883,2,34.7857,2,73.5,2,73.9,2,18.27,2,35.19,2,0,2,2.23,2,0.681,2,0.351,2,0.187,2,0.22,3,2234.8,2,2298.2,2,1371.2,2,20,7.4992,2,25,,9,,9,,9,,9,,9,,9,,,9,8.3939,8.4475,2
33RO20100308, A13.5,126,1,14,11708,2,20100417,2010-04-17 1:56,156,4.1715,-2.9995,2508,449.8,449.8,7.8232,34.7287,2,34.7282,2,76,3,56.9,4,19.88,2,36.09,2,0.01,2,2.3,2,,9,,9,,9,,9,2235.9,2,2292.4,2,,9,,7.4892,2,25,,9,,9,,9,,9,,9,,9,,,9,7.7777,7.8316,2
33RO20100308, A13.5,126,1,13,11031,2,20100417,2010-04-17 1:56,156,4.1715,-2.9995,2508,500.1,500.1,7.3505,34.6832,2,34.6828,2,84.3,2,83.9,2,21.14,2,36.37,2,0,2,2.34,2,0.387,2,0.2,2,0,2,0.204,3,2234.7,2,2298.6,2,,9,,7.4933,2,25,,9,,9,,9,,9,,9,,9,,,9,7.3015,7.3488,2
33RO20100308, A13.5,126,1,12,11027,2,20100417,2010-04-17 1:56,156,4.1715,-2.9995,2508,599.4,599.4,6.2565,34.5985,2,34.5971,2,101.9,2,101.8,2,24.63,2,36.54,2,0,2,2.4,2,,9,,9,,9,,9,2231.4,2,2294.7,2,1357.7,2,20,7.5016,2,25,,9,,9,,9,,9,,9,,9,,,9,6.2024,6.2639,2
33RO20100308, A13.5,126,1,11,11707,2,20100417,2010-04-17 1:56,156,4.1715,-2.9995,2508,700,700,5.461,34.5572,2,34.5568,2,123.1,2,122.7,2,27.64,2,35.83,2,0,2,2.39,2,0.154,2,0.079,2,0,2,0.197,3,2227.1,2,2296.8,2,1280.4,2,20,7.5265,2,25,,9,,9,,9,,9,,9,,9,,,9,5.4017,5.4599,2
33RO20100308, A13.5,126,1,10,11003,2,20100417,2010-04-17 1:56,156,4.1715,-2.9995,2508,900.4,900.4,4.7739,34.5922,2,34.593,2,138.5,2,139.5,2,30.76,6,34.48,6,0,6,2.33,2,,9,,9,,9,,9,2225.6,2,2302.6,2,,9,,7.5492,2,25,,9,,9,,9,,9,,9,,9,,,9,4.701,4.7739,2
33RO20100308, A13.5,126,1,9,11706,2,20100417,2010-04-17 1:56,156,4.1715,-2.9995,2508,1100.1,1100.1,4.5396,34.7188,2,34.72,2,158.3,2,159.8,2,29.05,6,31.28,6,0,6,2.11,6,0.02,2,0.012,2,0,2,0.055,3,2215.2,2,2305.7,2,,9,,7.5908,2,25,,9,,9,,9,,9,,9,,9,,,9,4.4506,4.539,2
33RO20100308, A13.5,126,1,8,11033,2,20100417,2010-04-17 1:56,156,4.1715,-2.9995,2508,1300,1300,4.5112,34.8556,2,34.8543,2,186.9,2,186.6,6,24.04,6,26.99,6,0,6,1.8,6,,9,,9,,9,,9,2199.7,2,2309.8,2,,9,,7.6471,2,25,,9,,9,,9,,9,,9,,9,,,9,4.4041,4.5111,2
33RO20100308, A13.5,126,1,7,11705,2,20100417,2010-04-17 1:56,156,4.1715,-2.9995,2508,1500,1500,4.1479,34.9372,2,34.9363,2,215.4,2,215,2,21.71,6,23.38,6,0,6,1.56,6,0.03,2,0.017,2,0,2,0.122,3,2183.5,2,2315.2,2,848.2,2,20,7.6917,2,25,,9,,9,,9,,9,,9,,9,,,9,4.0261,4.1486,2
33RO20100308, A13.5,126,1,6,11029,2,20100417,2010-04-17 1:56,156,4.1715,-2.9995,2508,1699.7,1699.7,3.9342,34.9558,2,34.9536,2,226.3,2,226.3,2,21.52,6,22.06,6,0,6,1.47,6,,9,,9,,9,,9,2176.8,2,2314.7,2,813.5,2,20,7.7092,2,25,,9,,9,,9,,9,,9,,9,,,9,3.7964,3.9349,2
33RO20100308, A13.5,126,1,4,11030,4,20100417,2010-04-17 1:56,156,4.1715,-2.9995,2508,1899.9,1899.9,3.6686,34.96,3,34.9531,4,234.3,4,225.4,4,21.33,4,22.2,4,0,4,1.47,4,,9,,9,,9,,9,,9,2316.3,2,,9,,7.7075,2,25,,9,,9,,9,,9,,9,,9,,,9,3.5155,3.6684,2
33RO20100308, A13.5,126,1,5,11704,2,20100417,2010-04-17 1:56,156,4.1715,-2.9995,2508,1899.7,1899.7,3.6698,34.9602,2,34.9584,2,234.4,2,235.4,2,22.83,6,21.28,6,0,6,1.41,6,0.018,2,0.012,2,0,2,0.098,3,2174.2,2,2317.7,2,,9,,7.7227,2,25,,9,,9,,9,,9,,9,,9,,,9,3.5167,3.6692,2
33RO20100308, A13.5,126,1,3,11703,2,20100417,2010-04-17 1:56,156,4.1715,-2.9995,2508,2100,2100,3.3949,34.9531,2,34.952,2,237.9,2,238.9,2,26.06,6,21.17,6,0,6,1.41,6,0.012,2,0.007,2,0,2,0.067,3,2176,2,2320.6,2,,9,,7.7248,2,25,,9,,9,,9,,9,,9,,9,,,9,3.2269,3.3948,2
33RO20100308, A13.5,126,1,2,11702,2,20100417,2010-04-17 1:56,156,4.1715,-2.9995,2508,2300.2,2300.2,3.1003,34.9395,2,34.9384,2,238.7,2,239.5,2,30.75,6,21.3,6,0,6,1.42,6,0.008,2,0.005,2,0,2,0.044,3,2180.3,2,2325.5,2,782.1,2,20,7.7255,2,25,,9,,9,,9,,9,,9,,9,,,9,2.918,3.1,2
33RO20100308, A13.5,126,1,1,11701,2,20100417,2010-04-17 1:56,156,4.1715,-2.9995,2508,2519.1,2519.1,2.9099,34.9285,2,34.9281,2,237.4,2,238.6,2,34.84,6,21.63,6,0,6,1.45,6,0.005,2,0.005,2,0,2,0.032,3,2186.4,6,2330.8,2,789.6,2,20,7.7237,2,25,,9,,9,,9,,9,,9,,9,,,9,2.7098,2.9092,2
33RO20100308, A13.5,127,1,24,11714,2,20100417,2010-04-17 5:53,553,4.432,-3,1821,4.9,4.9,29.9199,34.7884,2,34.7894,2,193.2,2,194.3,2,0.9,6,0.06,6,0,6,0.01,6,1.447,2,0.937,2,1.004,2,,5,1932.3,6,2273.9,6,249,2,20,8.1355,2,25,74.58,2,4.99,2,,9,,9,,9,55.4,2,4.2,1.55,2,29.9187,29.9176,2
33RO20100308, A13.5,127,1,23,11716,2,20100417,2010-04-17 5:53,553,4.432,-3,1821,30.1,30.1,29.2523,34.8615,4,35.1206,2,196.2,2,200.3,2,1.24,2,0.23,2,0,2,0.08,2,1.631,2,1.026,2,0.979,2,,5,1989.2,2,2300.6,2,295.3,2,20,8.0808,2,25,72.45,2,4.19,2,,9,,9,,9,49.1,2,3,1.52,2,29.245,29.2545,2
33RO20100308, A13.5,127,1,22,11022,2,20100417,2010-04-17 5:53,553,4.432,-3,1821,60.2,60.2,18.5295,35.8761,2,35.862,2,113.1,2,112.7,2,4.42,2,14.85,2,0.12,2,1.05,2,2.091,2,1.223,2,0.782,2,,5,2174.1,2,2348.8,6,659.8,2,20,7.7935,2,25,54.37,2,19,2,,9,,9,,9,53.1,2,3,0.61,2,18.5189,18.531,2
33RO20100308, A13.5,127,1,21,11010,2,20100417,2010-04-17 5:53,553,4.432,-3,1821,100.1,100.1,16.6327,35.7613,2,35.7573,2,106.5,2,105.9,2,5.49,2,18.09,2,0.02,2,1.22,2,2.128,2,1.237,2,0.807,2,,5,2184,2,2341.3,2,717.5,2,20,7.758,2,25,51.81,2,21.17,2,,9,,9,,9,46.5,2,3.2,0.52,2,16.6164,16.6318,2
33RO20100308, A13.5,127,1,20,11715,2,20100417,2010-04-17 5:53,553,4.432,-3,1821,149.9,149.9,15.5785,35.6291,2,35.6275,2,92.5,2,92,2,6.91,2,20.78,2,0.01,2,1.37,2,2.054,2,1.176,2,0.753,2,,5,2194.9,2,2333.6,2,805.2,2,20,7.7136,2,25,50.24,2,23.13,2,,9,,9,,9,38,2,3,0.48,2,15.5551,15.5793,2
33RO20100308, A13.5,127,1,19,11007,2,20100417,2010-04-17 5:53,553,4.432,-3,1821,199.8,199.8,14.3668,35.4637,2,35.4619,2,73,2,73,2,8.62,2,24.49,2,0.01,2,1.58,2,1.854,2,1.046,2,0.484,2,,5,2210.5,2,2322.7,2,942.8,2,20,7.6497,2,25,47.61,2,27.15,2,,9,,9,,9,37.1,2,2.8,0.38,2,14.3373,14.3659,2
33RO20100308, A13.5,127,1,18,11710,2,20100417,2010-04-17 5:53,553,4.432,-3,1821,250.1,250.1,12.0293,35.1844,3,35.164,2,50.9,2,51.4,6,12.57,2,30.75,2,0,2,1.94,2,1.264,2,0.688,2,0.228,2,,5,2232.6,2,2309.2,2,1236.5,2,20,7.546,2,25,45.48,2,32.25,2,,9,,9,,9,17.6,2,2.9,0.29,2,11.9965,11.9207,3
33RO20100308, A13.5,127,1,17,11025,2,20100417,2010-04-17 5:53,553,4.432,-3,1821,299.7,299.7,10.7055,35.036,2,35.0332,2,52.9,2,53.4,2,14,2,32.86,2,0,2,2.04,2,1.074,2,0.576,2,0.207,2,,5,2237,2,2303.2,2,1301.2,2,20,7.5205,2,25,43.5,2,33.96,2,,9,,9,,9,5.4,2,4.2,0.34,2,10.669,10.6953,2
33RO20100308, A13.5,127,1,16,11709,2,20100417,2010-04-17 5:53,553,4.432,-3,1821,349.8,349.8,9.6431,34.9132,2,34.9082,2,61.8,2,64.7,2,15.53,2,33.84,2,0.01,2,2.11,2,0.93,2,0.493,2,0.155,2,,5,2235.4,2,2300.7,2,1332.2,2,20,7.5105,2,25,41.53,2,36.25,2,,9,,9,,9,-9.9,2,2.8,0.4,2,9.6031,9.6467,2
33RO20100308, A13.5,127,1,15,11006,2,20100417,2010-04-17 5:53,553,4.432,-3,1821,449.9,449.9,7.9713,34.7387,2,34.736,2,77.7,2,78.5,2,19.5,2,35.66,2,0.01,2,2.28,2,0.543,2,0.284,2,0.089,2,,5,2236.1,2,2295.3,2,1381.6,2,20,7.496,2,25,40.24,2,37.04,2,,9,,9,,9,-50.2,2,3.2,0.31,2,7.9253,7.9736,2
33RO20100308, A13.5,127,1,14,11708,2,20100417,2010-04-17 5:53,553,4.432,-3,1821,549.8,549.8,6.7352,34.6302,2,34.6296,2,95.4,2,95.9,2,22.89,2,36.4,2,0,2,2.37,2,,9,,9,,9,,9,2232.8,2,2293.2,2,1373,6,20,7.5015,2,25,39.1,2,38.86,2,,9,,9,,9,-73,2,2.5,0.56,2,6.6838,6.7358,2
33RO20100308, A13.5,127,1,13,11031,2,20100417,2010-04-17 5:53,553,4.432,-3,1821,649.9,649.9,5.8702,34.5753,2,34.5741,2,110.3,2,107.8,2,26.39,2,36.26,2,0,2,2.41,2,,9,,9,,9,,9,2231.1,2,2293.3,2,1332.3,2,20,7.5123,2,25,39.78,2,38.08,2,,9,,9,,9,-92.2,2,2.5,0.54,2,5.8133,5.8698,2
33RO20100308, A13.5,127,1,12,11027,2,20100417,2010-04-17 5:53,553,4.432,-3,1821,749.7,749.7,5.2137,34.5578,2,34.5572,2,126.6,2,126.6,2,29.02,2,35.66,2,0,2,2.39,2,,9,,9,,9,,9,2227.7,2,2299.1,2,1277.1,2,20,7.5305,2,25,39.05,2,36.63,2,,9,,9,,9,-107,2,2.4,0.64,2,5.1513,5.2174,2
33RO20100308, A13.5,127,1,11,11707,2,20100417,2010-04-17 5:53,553,4.432,-3,1821,849.9,849.9,4.8781,34.571,2,34.5704,2,135.5,2,136.3,2,30.5,2,34.81,2,0,2,2.35,2,0.056,2,0.029,2,0,2,,5,2228,2,2299.5,2,1235.9,2,20,7.5429,2,25,40.2,2,35.86,2,,9,,9,,9,-108,2,2.5,0.46,2,4.8089,4.8783,2
33RO20100308, A13.5,127,1,10,11003,2,20100417,2010-04-17 5:53,553,4.432,-3,1821,950.1,950.1,4.7336,34.6159,2,34.6185,2,142.2,2,143.2,2,30.57,6,33.73,6,0,6,2.29,2,,9,,9,,9,,9,2225.6,2,2302.4,2,1194.7,2,20,7.5569,2,25,40.26,2,34.87,2,,9,,9,,9,-108.3,2,2.5,0.69,2,4.6565,4.7347,2
33RO20100308, A13.5,127,1,9,11706,2,20100417,2010-04-17 5:53,553,4.432,-3,1821,1050.5,1050.5,4.5661,34.6848,2,34.6847,2,153.9,2,154.1,6,29.83,6,32.12,6,0,6,2.18,2,,9,,9,,9,,9,2219.8,2,2304.8,2,1125.7,2,20,7.5799,2,25,40.1,2,33.24,2,,9,,9,,9,-111.2,2,2.5,0.73,2,4.4813,4.5658,2
33RO20100308, A13.5,127,1,8,11033,2,20100417,2010-04-17 5:53,553,4.432,-3,1821,1149.5,1149.5,4.5246,34.7455,2,34.7465,2,163,2,163.5,2,28.28,6,30.46,6,0,6,2.06,6,,9,,9,,9,,9,2213.4,2,2307.1,2,1068.2,2,20,7.6017,2,25,39.52,2,31.9,2,,9,,9,,9,,9,,,9,4.4313,4.5247,2
33RO20100308, A13.5,127,1,7,11705,2,20100417,2010-04-17 5:53,553,4.432,-3,1821,1249.9,1249.9,4.4844,34.8137,2,34.8131,2,176.5,2,176.7,2,26.1,6,28.39,6,0,6,1.91,6,0.037,2,0.017,2,0,2,,5,2206,2,2309.2,6,1001.1,2,20,7.6268,2,25,40.24,2,29.75,2,,9,,9,,9,,9,,,9,4.3823,4.4838,2
33RO20100308, A13.5,127,1,6,11029,2,20100417,2010-04-17 5:53,553,4.432,-3,1821,1349.9,1349.9,4.4111,34.8749,2,34.8748,2,192.6,2,192.9,2,23.78,6,26.18,6,0,6,1.75,6,,9,,9,,9,,9,2195.4,2,2309.7,2,933.5,2,20,7.6565,2,25,39.84,2,28.53,2,,9,,9,,9,,9,,,9,4.3004,4.4107,2
33RO20100308, A13.5,127,1,5,11704,2,20100417,2010-04-17 5:53,553,4.432,-3,1821,1449.6,1449.6,4.2071,34.9271,2,34.9275,2,210.4,2,210.7,2,22.04,6,23.82,6,0,6,1.59,6,,9,,9,,9,,9,2185.7,2,2311.2,2,860.9,2,20,7.6849,2,25,39.62,2,25.46,2,,9,,9,,9,,9,,,9,4.0893,4.2097,2
33RO20100308, A13.5,127,1,4,11030,2,20100417,2010-04-17 5:53,553,4.432,-3,1821,1549.9,1549.9,4.1044,34.9426,2,34.9433,2,216.9,2,217.5,2,21.59,6,23.01,6,0,6,1.53,6,,9,,9,,9,,9,2182.5,2,2311.8,2,836.2,2,20,7.6974,2,25,39.97,2,25.01,2,,9,,9,,9,,9,,,9,3.9785,4.1045,2
33RO20100308, A13.5,127,1,3,11703,2,20100417,2010-04-17 5:53,553,4.432,-3,1821,1649.5,1649.5,3.9852,34.9537,2,34.9536,2,224.3,2,224.5,2,21.41,6,22.19,6,0,6,1.48,6,0.025,2,0.015,2,0,2,,5,2179.1,2,2310.8,2,810.9,2,20,7.7071,2,25,39.23,2,24.14,2,,9,,9,,9,,9,,,9,3.8514,3.9849,2
33RO20100308, A13.5,127,1,1,11701,2,20100417,2010-04-17 5:53,553,4.432,-3,1821,1822.5,1822.5,3.7806,34.9604,2,34.9651,2,232.2,2,232.4,2,22.05,6,21.39,6,0,6,1.43,6,0.02,2,0.013,2,0,2,,5,2176.8,6,2313.4,2,,9,,7.7167,2,25,40.05,2,22.76,2,,9,,9,,9,,9,,,9,3.6333,3.7799,2
33RO20100308, A13.5,127,1,2,11702,2,20100417,2010-04-17 5:53,553,4.432,-3,1821,1822.5,1822.5,3.7806,34.9604,2,34.9604,2,232.2,2,232.6,2,22.08,6,21.39,6,0,6,1.43,6,0.019,2,0.012,2,0.036,4,,5,,9,2313.1,2,790,2,20,7.7174,2,25,40.03,2,23.22,2,,9,,9,,9,,9,,,9,3.6333,3.7803,2
33RO20100308, A13.5,128,1,24,11714,2,20100417,2010-04-17 9:59,959,4.622,-2.9997,1041,5.2,5.2,29.6196,34.7526,2,34.7559,2,193.6,2,194.1,2,1.08,6,0.06,6,0,6,0.03,6,1.467,2,0.943,2,0.857,2,,5,1939.9,6,2274.4,2,265.3,2,20,8.1221,2,25,73.46,2,4.54,2,,9,,9,,9,,9,,,9,29.6183,29.6125,2
33RO20100308, A13.5,128,1,23,11716,2,20100417,2010-04-17 9:59,959,4.622,-2.9997,1041,40.4,40.4,21.5659,35.8647,2,35.8787,2,188.3,2,181.2,2,1.7,2,0.6,2,0.03,2,0.31,2,2.018,2,1.206,2,0.766,2,,5,2116,2,2355.8,2,459.8,2,20,7.9333,2,25,59.26,2,4.9,2,,9,,9,,9,,9,,,9,21.558,21.3693,2
33RO20100308, A13.5,128,1,22,11022,2,20100417,2010-04-17 9:59,959,4.622,-2.9997,1041,74.8,74.8,17.6702,35.8243,2,35.8253,2,115.2,2,113.1,2,4.37,2,15.54,2,0.06,2,1.08,2,2.105,2,1.227,2,0.698,2,,5,2171.2,2,2343.5,2,673.8,2,20,7.7874,2,25,51.99,2,19.59,2,,9,,9,,9,,9,,,9,17.6575,17.6702,2
33RO20100308, A13.5,128,1,21,11010,2,20100417,2010-04-17 9:59,959,4.622,-2.9997,1041,125.2,125.2,16.4396,35.7288,2,35.7265,2,99.6,2,101.1,2,5.71,2,18.46,2,0.02,2,1.25,2,2.106,2,1.215,2,0.699,2,,5,2184.9,2,2336.3,2,747.5,2,20,7.7468,2,25,47.49,2,22.1,2,,9,,9,,9,,9,,,9,16.4193,16.4282,2
33RO20100308, A13.5,128,1,20,11715,2,20100417,2010-04-17 9:59,959,4.622,-2.9997,1041,174.9,174.9,15.4708,35.613,2,35.6149,2,91.4,2,91.6,2,6.85,2,20.66,2,0.01,2,1.38,2,2.027,2,1.158,2,0.657,2,,5,2195.1,2,2332.2,2,823.2,2,20,7.7112,2,25,45.93,2,24.32,2,,9,,9,,9,,9,,,9,15.4436,15.4954,2
33RO20100308, A13.5,128,1,19,11007,2,20100417,2010-04-17 9:59,959,4.622,-2.9997,1041,224.7,224.7,13.2566,35.3286,2,35.3229,2,58.9,2,58.7,2,10.47,2,27.46,2,0,2,1.77,2,1.545,2,0.858,2,0.338,2,,5,2224.1,2,2314.7,2,1101.5,2,20,7.5953,2,25,44.97,2,30.15,2,,9,,9,,9,,9,,,9,13.2252,13.3091,2
33RO20100308, A13.5,128,1,18,11710,2,20100417,2010-04-17 9:59,959,4.622,-2.9997,1041,275.2,275.2,11.2083,35.0919,2,35.0903,2,53,2,53.4,2,13.25,2,31.39,2,0,2,1.99,2,1.156,2,0.632,2,0.187,2,,5,2236.2,2,2304.6,2,1270.9,2,20,7.532,2,25,44.14,2,33.15,2,,9,,9,,9,,9,,,9,11.1738,11.21,2
33RO20100308, A13.5,128,1,17,11025,2,20100417,2010-04-17 9:59,959,4.622,-2.9997,1041,324.8,324.8,10.0013,34.9561,2,34.9525,2,56.8,2,58.3,6,15.14,2,33.21,2,0,2,2.1,2,0.949,2,0.507,2,0.151,2,,5,2238.4,2,2298.8,2,1339.1,2,20,7.5092,2,25,42.73,2,34.33,2,,9,,9,,9,,9,,,9,9.9634,10.0207,2
33RO20100308, A13.5,128,1,16,11709,2,20100417,2010-04-17 9:59,959,4.622,-2.9997,1041,374.7,374.7,9.2327,34.8701,2,34.8655,2,65.4,2,66.8,2,16.41,6,33.51,6,0,6,2.14,6,0.844,2,0.449,2,0.097,2,,5,2235.5,2,2296.9,2,1341.2,2,20,7.5061,2,25,42.12,2,35.35,2,,9,,9,,9,,9,,,9,9.191,9.2273,2
33RO20100308, A13.5,128,1,15,11006,2,20100417,2010-04-17 9:59,959,4.622,-2.9997,1041,474.8,474.8,7.9755,34.741,2,34.7388,2,77.6,2,79.1,2,19.56,6,35.03,6,0,6,2.27,6,0.538,2,0.282,2,0.077,2,,5,2236.8,2,2291.9,2,1382.6,2,20,7.497,2,25,40.45,2,36.92,2,,9,,9,,9,,9,,,9,7.9268,7.9768,2
33RO20100308, A13.5,128,1,14,11708,2,20100417,2010-04-17 9:59,959,4.622,-2.9997,1041,574.9,574.9,6.5824,34.6217,2,34.6224,2,97.4,2,98,2,23.53,6,35.48,6,0,6,2.39,6,0.282,2,0.147,2,0,2,,5,2232.7,2,2291.7,2,1356.2,2,20,7.5035,2,25,39.07,2,37.43,2,,9,,9,,9,,9,,,9,6.5292,6.5859,2
33RO20100308, A13.5,128,1,13,11031,2,20100417,2010-04-17 9:59,959,4.622,-2.9997,1041,675.1,675.1,5.7903,34.5736,2,34.5746,2,112.8,2,113.1,2,26.74,6,35.38,6,0,6,2.39,6,0.162,2,0.084,2,0,2,,5,2231.2,2,2291.9,2,1318.4,2,20,7.5154,2,25,39.5,2,37.36,2,,9,,9,,9,,9,,,9,5.7315,5.7844,2
33RO20100308, A13.5,128,1,12,11027,2,20100417,2010-04-17 9:59,959,4.622,-2.9997,1041,775,775,5.2817,34.5671,2,34.5683,2,125.3,2,125.2,2,28.8,6,34.79,6,0,6,2.37,6,0.108,2,0.054,2,0,2,,5,2228.3,2,2294.9,2,1274.9,2,20,7.5289,2,25,38.92,2,36.31,2,,9,,9,,9,,9,,,9,5.2166,5.2815,2
33RO20100308, A13.5,128,1,11,11707,2,20100417,2010-04-17 9:59,959,4.622,-2.9997,1041,874.8,874.8,4.8941,34.5906,2,34.5915,2,136.2,2,136.8,2,30.4,6,33.99,6,0,6,2.33,6,0.057,2,0.029,2,0,2,,5,2226,2,2297.2,2,1224.8,2,20,7.5462,2,25,39.63,2,36.27,2,,9,,9,,9,,9,,,9,4.8226,4.9012,2
33RO20100308, A13.5,128,1,10,11003,2,20100417,2010-04-17 9:59,959,4.622,-2.9997,1041,974.7,974.7,4.6532,34.6446,2,34.6455,2,146.8,2,147.2,6,30.46,6,32.72,6,0,6,2.24,6,0.024,2,0.014,2,0,2,,5,2221.6,2,2307.2,3,1162.2,2,20,7.5651,2,25,38.45,2,34.07,2,,9,,9,,9,,9,,,9,4.5745,4.6533,2
33RO20100308, A13.5,128,1,9,11706,2,20100417,2010-04-17 9:59,959,4.622,-2.9997,1041,1027.5,1027.5,4.6247,34.6595,2,34.6592,2,148.9,2,149.4,2,30.33,6,32.49,6,0,6,2.22,6,0.024,6,0.014,6,-0.005,6,,5,2221.5,6,2304.5,2,1148.7,2,20,7.5698,2,25,39.78,2,34.5,2,,9,,9,,9,,9,,,9,4.5416,4.6263,2
33RO20100308, A13.5,129,1,24,11714,2,20100417,2010-04-17 12:43,1243,4.7108,-3,292,5.6,5.6,29.6275,34.8033,2,34.8048,2,195.3,2,195.9,2,1.52,2,0.01,2,0,2,0.03,2,1.499,2,0.958,2,0.891,2,,5,1953.6,6,2281.5,2,277.1,2,20,8.1034,2,25,72.27,2,5.31,2,,9,,9,,9,,9,,,9,29.6261,29.6285,2
33RO20100308, A13.5,129,1,23,11716,2,20100417,2010-04-17 12:43,1243,4.7108,-3,292,15.4,15.4,29.524,34.8106,3,34.8651,2,195.7,2,199,2,1.58,2,0,2,0,2,0.03,2,,9,,9,,9,,9,1967.3,2,2289.9,2,289.2,2,20,8.0864,2,25,72.1,2,5.59,2,,9,,9,,9,,9,,,9,29.5202,29.5234,2
33RO20100308, A13.5,129,1,22,11022,2,20100417,2010-04-17 12:43,1243,4.7108,-3,292,40.4,40.4,19.8225,35.8411,2,35.8545,2,173.2,3,155.5,4,2.56,2,6.14,2,0.39,2,0.61,2,2.036,2,1.196,2,0.74,2,,5,2139.5,2,2355.6,2,531.3,2,20,7.878,2,25,56.12,2,11.41,2,,9,,9,,9,,9,,,9,19.8151,19.8319,2
33RO20100308, A13.5,129,1,21,11010,2,20100417,2010-04-17 12:43,1243,4.7108,-3,292,60.4,60.4,18.4419,35.842,2,35.8373,2,127.3,2,124.2,2,3.95,2,13.37,2,0.14,2,0.94,2,2.103,2,1.227,2,0.79,2,,5,2163.7,2,2349.9,2,627.7,2,20,7.8135,2,25,51.09,2,17.8,2,,9,,9,,9,,9,,,9,18.4313,18.4308,2
33RO20100308, A13.5,129,1,20,11715,2,20100417,2010-04-17 12:43,1243,4.7108,-3,292,100.2,100.2,16.598,35.7353,2,35.7341,2,95.6,2,95.6,2,6.3,2,18.44,2,0.03,2,1.27,2,2.063,2,1.19,2,0.62,2,,5,2189.4,2,2342.4,2,760.8,2,20,7.7384,2,25,50.63,2,23.05,2,,9,,9,,9,,9,,,9,16.5817,16.6109,2
33RO20100308, A13.5,129,1,19,11007,2,20100417,2010-04-17 12:43,1243,4.7108,-3,292,150.7,150.7,15.6185,35.6257,2,35.6221,2,86.6,2,86.7,2,7.37,2,20.62,2,0.02,2,1.39,2,,9,,9,,9,,9,2197.8,2,2336.9,2,833.3,2,20,7.7035,2,25,48.05,2,24.05,2,,9,,9,,9,,9,,,9,15.595,15.2288,3
33RO20100308, A13.5,129,1,18,11710,2,20100417,2010-04-17 12:43,1243,4.7108,-3,292,225.3,225.3,13.87,35.4091,2,35.4031,2,66.3,2,67,2,9.71,2,25.25,2,0.01,2,1.65,2,1.682,2,0.941,2,0.455,2,,5,2216.5,2,2323.6,2,1003.1,2,20,7.6251,2,25,44.96,2,28.85,2,,9,,9,,9,,9,,,9,13.8375,13.8974,2
33RO20100308, A13.5,129,1,17,11025,2,20100417,2010-04-17 12:43,1243,4.7108,-3,292,272.1,272.1,11.4594,35.1185,2,35.1285,2,55.4,2,53.8,2,13.13,2,30.35,2,0.01,2,1.94,2,1.213,6,0.659,6,0.159,6,,5,2232.9,2,2312.6,2,1244.3,2,20,7.5419,2,25,42.27,2,31.96,2,,9,,9,,9,,9,,,9,11.4248,11.4245,2
END_DATA,,,,,,,,,,,,,,,,,,,,,,,,,,,,,,,,,,,,,,,,,,,,,,,,,,,,,,,,,,,,,,,,,,,
