//ODV Spreadsheet file : /media/irdcampagnes/PIRATA/PIRATA-FR32/data-final/CHIMIE/PIRATA-FR32_CHIMIE_odv.txt
//Data treated : 2025-01-14T11:24:17
//<InstrumentType>Chemical bottle analysis</InstrumentType>
//<Source>/media/irdcampagnes/PIRATA/PIRATA-FR32/data-final/CHIMIE/PIRATA-FR32_CHIMIE.xlsx</Sources>
//<DataType>Bottles</DataType>
//<Creator>Pierre.Rousselot@ird.fr</Creator>
//
Cruise	Station	Type	yyyy-mm-ddThh:mm:ss	Longitude [degrees_east]	Latitude [degrees_north]	Bot. Depth [m]	DEPTH [m]	Bottle nb	PSAL [Psu]	DOX1 [ml/l]	DOX2 [micromole/kg]	NTIW [micromole/kg]	NTAW+NTIW [micromole/kg]	NTAW [micromole/kg]	PHOW [micromole/kg]	SLCW [micromole/kg]	CHC3 [microgramme/l]	CHCZ [microgramme/l]	PERP [microgramme/l]	BFUP [microgramme/l]	FUCP [microgramme/l]	NEXW [microgramme/l]	PXAP [microgramme/l]	VIOW [microgramme/l]	HFUP [microgramme/l]	ATXA [microgramme/l]	DXAP [microgramme/l]	AXAP [microgramme/l]	TXAP [microgramme/l]	ZXAP [microgramme/l]	LUTW [microgramme/l]	CHBD [microgramme/l]	CH2P [microgramme/l]	CHLB [microgramme/l]	AACP [microgramme/l]	BBCP [microgramme/l]	PHEP [microgramme/l]	CHAD [microgramme/l]	CH1P [microgramme/l]	CPHL [microgramme/l]	PHEA [microgramme/l]	CXAP [microgramme/l]	TEMP [°C]	PHPH [pH unit]	PHTP [°C]	ALKY [micromole/kg]
PIRATA-FR32	st001c01	B	2022-03-04T10:33:46z	 -20.111	+10.194		1974.0	21	34.9563	5.420	235.82	 0.01	 21.790	21.775	  1.48	23.56																											3.5323	7.7061	25.0000		
PIRATA-FR32	st001c01	B	2022-03-04T10:33:46z	 -20.111	+10.194		1973.0	20	34.9548	5.419	235.75	 0.01	 21.970	21.960	  1.47	23.55																											3.5322	7.7099	25.0000		
PIRATA-FR32	st001c01	B	2022-03-04T10:33:46z	 -20.111	+10.194		1974.0	19	34.9554	5.420	235.78	 0.01	 21.717	21.705	  1.48	23.54																											3.5318	7.7100	25.0000		
PIRATA-FR32	st001c01	B	2022-03-04T10:33:46z	 -20.111	+10.194		1973.0	18	34.9535	5.482	238.48	 0.01	 21.832	21.820	  1.47	23.57																											3.5326	7.7110	25.0000		
PIRATA-FR32	st001c01	B	2022-03-04T10:33:46z	 -20.111	+10.194		1973.0	17	34.9553	5.419	235.72	 0.02	 22.048	22.032	  1.47	23.55																											3.5330	7.7100	25.0000		
PIRATA-FR32	st001c01	B	2022-03-04T10:33:46z	 -20.111	+10.194		1973.0	16	34.9536	5.426	236.02	 0.01	 21.912	21.902	  1.46	23.49																											3.5325	7.7081	25.0000		
PIRATA-FR32	st001c01	B	2022-03-04T10:33:46z	 -20.111	+10.194		1973.0	15	34.9549	5.420	235.78	 0.01	 21.801	21.788	  1.45	23.48																											3.5339	7.7088	25.0000		
PIRATA-FR32	st001c01	B	2022-03-04T10:33:46z	 -20.111	+10.194		1973.0	14	34.9550	5.422	235.83	 0.01	 21.536	21.524	  1.46	23.60																											3.5336	7.7096	25.0000		
PIRATA-FR32	st001c01	B	2022-03-04T10:33:46z	 -20.111	+10.194		1973.0	13	34.9548	5.423	235.87	 0.01	 21.661	21.650	  1.47	23.64																											3.5334	7.7163	25.0000		
PIRATA-FR32	st001c01	B	2022-03-04T10:33:46z	 -20.111	+10.194		1973.0	12	34.9556	5.417	235.58	 0.02	 21.731	21.715	  1.50	23.65																											3.5325	7.7168	25.0000		
PIRATA-FR32	st001c01	B	2022-03-04T10:33:46z	 -20.111	+10.194		1973.0	11	34.9553	5.419	235.67	 0.01	 21.813	21.803	  1.47	23.64																											3.5327	7.7156	25.0000		
PIRATA-FR32	st001c01	B	2022-03-04T10:33:46z	 -20.111	+10.194		1973.0	10	34.9553	5.424	235.87	 0.01	 21.964	21.953	  1.49	23.64																											3.5334	7.7118	25.0000		
PIRATA-FR32	st001c01	B	2022-03-04T10:33:46z	 -20.111	+10.194		1972.0	 9	34.9548	5.419	235.63	 0.01	 21.862	21.850	  1.47	23.54																											3.5344	7.7176	25.0000		
PIRATA-FR32	st001c01	B	2022-03-04T10:33:46z	 -20.111	+10.194		1972.0	 8	34.9549	5.498	239.08	 0.01	 21.768	21.760	  1.47	23.48																											3.5354	7.7103	25.0000		
PIRATA-FR32	st001c01	B	2022-03-04T10:33:46z	 -20.111	+10.194		1972.0	 7	34.9556	5.517	239.89	-0.00	 21.794	21.796	  1.46	23.60																											3.5357	7.7152	25.0000		
PIRATA-FR32	st001c01	B	2022-03-04T10:33:46z	 -20.111	+10.194		1972.0	 6	34.9552	5.623	244.46	-0.00	 22.062	22.065	  1.46	23.56																											3.5367	7.7132	25.0000		
PIRATA-FR32	st001c01	B	2022-03-04T10:33:46z	 -20.111	+10.194		1972.0	 5	34.9547	5.580	242.56	-0.00	 21.801	21.806	  1.49	23.59																											3.5364		25.0000		
PIRATA-FR32	st001c01	B	2022-03-04T10:33:46z	 -20.111	+10.194		1972.0	 4	34.9548	5.537	240.68	 0.00	 21.814	21.811	  1.47	23.58																											3.5373		25.0000		
PIRATA-FR32	st001c01	B	2022-03-04T10:33:46z	 -20.111	+10.194		1972.0	 3	34.9539	5.557	241.54	 0.00	 21.693	21.689	  1.46	23.50																											3.5365		25.0000		
PIRATA-FR32	st001c01	B	2022-03-04T10:33:46z	 -20.111	+10.194		1972.0	 2	34.9554	5.618	244.19	 0.01	 21.766	21.758	  1.46	23.41																											3.5368		25.0000		
PIRATA-FR32	st001c01	B	2022-03-04T10:33:46z	 -20.111	+10.194		1972.0	 1	34.9538	5.568	242.03	 0.00	 21.703	21.698	  1.45	23.53																											3.5362		25.0000		
PIRATA-FR32	st002c01	B	2022-03-04T18:17:55z	 -20.050	 +8.999		   3.0	19									0.0090	0.0112	0.0110	0.0104	0.0107			0.0025	0.0287	0.0019	0.0065	0.0018		0.1327		0.0084	0.0119	0.0203	0.0288			0.0854	0.1265	0.2119	0.0025		25.6962		25.0000		
PIRATA-FR32	st002c01	B	2022-03-04T18:17:55z	 -20.050	 +8.999		   3.0	18	35.8738	4.658	203.19	 0.01	 -0.002	-0.009	  0.03	 1.04																											25.6992	8.0573	25.0000		
PIRATA-FR32	st002c01	B	2022-03-04T18:17:55z	 -20.050	 +8.999		   8.0	17				 0.01	  0.044	0.038	  0.03	 1.04	0.0094	0.0127	0.0132	0.0111	0.0114			0.0028	0.0314	0.0036	0.0072	0.0021		0.1462		0.0064	0.0100	0.0164	0.0313			0.0920	0.1454	0.2374	0.0032		25.7019		25.0000		
PIRATA-FR32	st002c01	B	2022-03-04T18:17:55z	 -20.050	 +8.999		  13.0	16	35.8756	4.659	203.22	 0.00	 -0.058	-0.059	  0.03	 1.02	0.0089	0.0115	0.0115	0.0103	0.0108			0.0026	0.0277	0.0016	0.0067	0.0019		0.1377		0.0071	0.0176	0.0247	0.0291			0.0884	0.1287	0.2171	0.0028		25.7066	8.0570	25.0000		
PIRATA-FR32	st002c01	B	2022-03-04T18:17:55z	 -20.050	 +8.999		  23.0	15	35.8736	4.650	202.82	 0.01	 -0.082	-0.088	  0.03	 1.07	0.0107	0.0137	0.0127	0.0123	0.0119			0.0027	0.0354	0.0018	0.0074	0.0023		0.1473		0.0080	0.0215	0.0295	0.0315			0.0989	0.1511	0.2500	0.0030		25.7004		25.0000		
PIRATA-FR32	st002c01	B	2022-03-04T18:17:55z	 -20.050	 +8.999		  32.0	14				 0.21	  5.941	5.726	  0.40	 3.04	0.0588	0.0578	0.0366	0.0814	0.0400	0.0199	0.0255	0.0072	0.1490	0.0090	0.0164	0.0095	0.0039	0.0943		0.0347	0.1851	0.2198		0.0477		0.1069	0.5557	0.6626	0.0063		20.0475		25.0000		
PIRATA-FR32	st002c01	B	2022-03-04T18:17:55z	 -20.050	 +8.999		  42.0	13	35.8064	2.792	121.62	 0.44	 12.358	11.920	  0.77	 3.83	0.0367	0.0313	0.0155	0.0521	0.0309	0.0126	0.0254	0.0051	0.0647	0.0081	0.0081	0.0058		0.0443		0.0440	0.1582	0.2022	0.0326			0.0693	0.3367	0.4060	0.0043		18.7091	7.7829	25.0000		
PIRATA-FR32	st002c01	B	2022-03-04T18:17:55z	 -20.050	 +8.999		  52.0	12				 0.49	 17.927	17.432	  1.10	 4.61	0.0275	0.0225	0.0115	0.0406	0.0286	0.0100	0.0222	0.0041	0.0398	0.0074	0.0063	0.0033		0.0303		0.0388	0.1153	0.1541	0.0270			0.0478	0.2349	0.2827	0.0046		17.3459		25.0000		
PIRATA-FR32	st002c01	B	2022-03-04T18:17:55z	 -20.050	 +8.999		  62.0	11	35.6883	1.942	 84.56	 0.21	 20.525	20.316	  1.30	 5.49	0.0220	0.0121	0.0099	0.0344	0.0256	0.0042	0.0059		0.0427	0.0024	0.0053	0.0018		0.0250		0.0763	0.0381	0.1144	0.0242			0.0504	0.1491	0.1995	0.0035		16.4756	7.6810	25.0000		
PIRATA-FR32	st002c01	B	2022-03-04T18:17:55z	 -20.050	 +8.999		  72.0	10				 0.15	 22.584	22.430	  1.46	 6.07	0.0135	0.0069	0.0088	0.0222	0.0165	0.0028	0.0035		0.0298	0.0016	0.0040	0.0013		0.0168		0.0577	0.0254	0.0831	0.0190			0.0378	0.0923	0.1301	0.0028		16.1761		25.0000		
PIRATA-FR32	st002c01	B	2022-03-04T18:17:55z	 -20.050	 +8.999		  82.0	 9	35.6379	1.558	 67.83	 0.14	 23.489	23.346	  1.50	 6.38	0.0140	0.0078	0.0082	0.0216	0.0157		0.0036		0.0294		0.0038	0.0025	0.0034	0.0162		0.0597	0.0235	0.0832	0.0196			0.0362	0.0891	0.1253	0.0031		15.9603		25.0000		
PIRATA-FR32	st002c01	B	2022-03-04T18:17:55z	 -20.050	 +8.999		  92.0	 8				 0.08	 24.291	24.208	  1.57	 6.87	0.0175	0.0083	0.0078	0.0255	0.0184	0.0011	0.0024		0.0353		0.0042			0.0105		0.0559	0.0170	0.0729	0.0170			0.0314	0.0890	0.1204	0.0029		15.6405		25.0000		
PIRATA-FR32	st002c01	B	2022-03-04T18:17:55z	 -20.050	 +8.999		 102.0	 7									0.0147	0.0066	0.0068	0.0222	0.0130				0.0313		0.0035			0.0057		0.0454	0.0110	0.0564	0.0144			0.0232	0.0706	0.0938	0.0027		15.2413	7.6235	25.0000		
PIRATA-FR32	st002c01	B	2022-03-04T18:17:55z	 -20.050	 +8.999		 103.0	 6	35.5738	1.550	 67.47	 0.04	 24.296	24.258	  1.58	 7.16																											15.2395		25.0000		
PIRATA-FR32	st002c01	B	2022-03-04T18:17:55z	 -20.050	 +8.999		 200.0	 5	35.2823	2.012	 87.55	 0.01	 25.425	25.412	  1.65	 9.18																											12.7954	7.6146	25.0000		
PIRATA-FR32	st002c01	B	2022-03-04T18:17:55z	 -20.050	 +8.999		 300.0	 4	35.1280	2.402	104.54	 0.01	 25.584	25.574	  1.67	10.35																											11.5649	7.6187	25.0000		
PIRATA-FR32	st002c01	B	2022-03-04T18:17:55z	 -20.050	 +8.999		 400.0	 3	35.1476	0.860	 37.40	 0.01	 34.938	34.928	  2.17	14.15																											10.5085	7.4770	25.0000		
PIRATA-FR32	st002c01	B	2022-03-04T18:17:55z	 -20.050	 +8.999		 497.0	 2	34.9958	0.991	 43.13	 0.01	 37.262	37.253	  2.32	17.12																											9.1715	7.4554	25.0000		
PIRATA-FR32	st002c01	B	2022-03-04T18:17:55z	 -20.050	 +8.999		 497.0	 1	34.9969	0.983	 42.77	 0.01	 37.206	37.200	  2.34	17.08																											9.1780	7.4586	25.0000		
PIRATA-FR32	st003c01	B	2022-03-04T23:37:49z	 -19.451	 +8.499		   1.0	19																																			25.7193		25.0000		
PIRATA-FR32	st003c01	B	2022-03-04T23:37:49z	 -19.451	 +8.499		   1.0	18	35.9027	4.650	202.83	 0.01	 -0.007	-0.021	  0.02	 1.07																											25.7154	8.0485	25.0000		
PIRATA-FR32	st003c01	B	2022-03-04T23:37:49z	 -19.451	 +8.499		   5.0	17				 0.02	 -0.120	-0.137	  0.03	 1.09																											25.7257		25.0000		
PIRATA-FR32	st003c01	B	2022-03-04T23:37:49z	 -19.451	 +8.499		  13.0	16	35.9014	4.653	202.95	 0.00	 -0.052	-0.057	  0.02	 1.04																											25.7275	8.0413	25.0000		
PIRATA-FR32	st003c01	B	2022-03-04T23:37:49z	 -19.451	 +8.499		  23.0	15	35.9074	4.569	199.27	 0.01	  0.078	0.067	  0.04	 1.25																											25.7250		25.0000		
PIRATA-FR32	st003c01	B	2022-03-04T23:37:49z	 -19.451	 +8.499		  33.0	14				 0.09	  2.598	2.510	  0.23	 2.49																											21.7625		25.0000		
PIRATA-FR32	st003c01	B	2022-03-04T23:37:49z	 -19.451	 +8.499		  42.0	13																																			20.0825		25.0000		
PIRATA-FR32	st003c01	B	2022-03-04T23:37:49z	 -19.451	 +8.499		  42.0	12	35.9071	3.007	131.02	 0.32	  8.942	8.625	  0.59	 3.22																											20.0885	7.8240	25.0000		
PIRATA-FR32	st003c01	B	2022-03-04T23:37:49z	 -19.451	 +8.499		  52.0	11				 0.51	 17.352	16.840	  1.09	 4.33																											18.3972		25.0000		
PIRATA-FR32	st003c01	B	2022-03-04T23:37:49z	 -19.451	 +8.499		  62.0	10	35.7413	1.609	 70.05	 0.19	 21.631	21.438	  1.39	 5.37																											17.1293	7.6575	25.0000		
PIRATA-FR32	st003c01	B	2022-03-04T23:37:49z	 -19.451	 +8.499		  72.0	 9				 0.10	 22.731	22.630	  1.46	 6.06																											16.5687		25.0000		
PIRATA-FR32	st003c01	B	2022-03-04T23:37:49z	 -19.451	 +8.499		  81.0	 8	35.6684	1.523	 66.32	 0.06	 23.338	23.281	  1.51	 6.54																											16.1803		25.0000		
PIRATA-FR32	st003c01	B	2022-03-04T23:37:49z	 -19.451	 +8.499		  91.0	 7				 0.04	 23.498	23.453	  1.53	 6.71																											16.0195		25.0000		
PIRATA-FR32	st003c01	B	2022-03-04T23:37:49z	 -19.451	 +8.499		  99.0	 6	35.6372	1.572	 68.45	 0.04	 23.513	23.472	  1.53	 6.75																											15.8346	7.6348	25.0000		
PIRATA-FR32	st003c01	B	2022-03-04T23:37:49z	 -19.451	 +8.499		 198.0	 5	35.4095	2.639	114.86	 0.02	 20.787	20.770	  1.37	 6.99																											13.8973	7.6900	25.0000		
PIRATA-FR32	st003c01	B	2022-03-04T23:37:49z	 -19.451	 +8.499		 297.0	 4	35.2523	1.508	 65.64	 0.02	 28.519	28.503	  1.80	10.48																											12.4208	7.5653	25.0000		
PIRATA-FR32	st003c01	B	2022-03-04T23:37:49z	 -19.451	 +8.499		 396.0	 3	35.1032	0.993	 43.22	 0.01	 34.082	34.069	  2.12	13.62																											10.7325	7.4848	25.0000		
PIRATA-FR32	st003c01	B	2022-03-04T23:37:49z	 -19.451	 +8.499		 396.0	 2	35.1033	0.986	 42.90	 0.01	 34.463	34.451	  2.12	13.57																											10.7002	7.4833	25.0000		
PIRATA-FR32	st003c01	B	2022-03-04T23:37:49z	 -19.451	 +8.499		 497.0	 1	35.0037	0.981	 42.67	 0.01	 36.760	36.752	  2.30	16.41																											9.3723	7.4568	25.0000		
PIRATA-FR32	st004c01	B	2022-03-05T04:57:11z	 -18.852	 +8.001		   3.0	18									0.0036	0.0098	0.0129	0.0073	0.0086			0.0035	0.0240	0.0070	0.0062			0.1052		0.0075	0.0121	0.0196	0.0222			0.0889	0.1185	0.2074	0.0031		25.8681		25.0000		
PIRATA-FR32	st004c01	B	2022-03-05T04:57:11z	 -18.852	 +8.001		   3.0	17	35.7679	4.620	201.53	 0.01	  0.094	0.088	  0.03	 0.95																											25.8756	8.0518	25.0000		
PIRATA-FR32	st004c01	B	2022-03-05T04:57:11z	 -18.852	 +8.001		   8.0	16				 0.00	  0.027	0.023	  0.02	 0.93	0.0038	0.0097	0.0113	0.0075	0.0046			0.0022	0.0257	0.0040	0.0052			0.1223		0.0086	0.0108	0.0194	0.0252			0.1059	0.1230	0.2289	0.0027		25.8733		25.0000		
PIRATA-FR32	st004c01	B	2022-03-05T04:57:11z	 -18.852	 +8.001		  12.0	15	35.7678	4.626	201.82	 0.00	  0.109	0.105	  0.03	 0.96	0.0039	0.0102	0.0152	0.0093	0.0093			0.0027	0.0266	0.0050	0.0060			0.1190		0.0086	0.0126	0.0212	0.0252			0.1011	0.1337	0.2348	0.0029		25.8697	8.0475	25.0000		
PIRATA-FR32	st004c01	B	2022-03-05T04:57:11z	 -18.852	 +8.001		  22.0	14	35.7684	4.618	201.46	 0.00	 -0.002	-0.004	  0.02	 0.97	0.0037	0.0140	0.0135	0.0088	0.0091			0.0021	0.0259	0.0066	0.0098			0.1157		0.0086	0.0106	0.0192	0.0240			0.0987	0.1268	0.2255	0.0025		25.8811		25.0000		
PIRATA-FR32	st004c01	B	2022-03-05T04:57:11z	 -18.852	 +8.001		  32.0	13				 0.01	  0.067	0.055	  0.05	 1.72	0.0195	0.0302	0.0252	0.0244	0.0168	0.0029		0.0083	0.0742	0.0070	0.0166	0.0035		0.2109		0.0241	0.0417	0.0658	0.0517			0.1742	0.2940	0.4682	0.0050		23.6230		25.0000		
PIRATA-FR32	st004c01	B	2022-03-05T04:57:11z	 -18.852	 +8.001		  42.0	12	35.8740	3.145	137.01	 0.23	  7.305	7.072	  0.49	 2.96	0.0523	0.0488	0.0360	0.0500	0.0389	0.0163	0.0116	0.0068	0.1137	0.0073	0.0180	0.0087		0.0967		0.0548	0.1674	0.2222	0.0530			0.1353	0.4391	0.5744	0.0074		20.1021	7.8265	25.0000		
PIRATA-FR32	st004c01	B	2022-03-05T04:57:11z	 -18.852	 +8.001		  51.0	11				 0.39	 15.185	14.797	  0.95	 3.78	0.0594	0.0513	0.0412	0.0561	0.0570	0.0181	0.0227	0.0071	0.0867	0.0153	0.0167	0.0118		0.0594		0.0666	0.1908	0.2574	0.0443			0.0964	0.4603	0.5567	0.0065		18.7185		25.0000		
PIRATA-FR32	st004c01	B	2022-03-05T04:57:11z	 -18.852	 +8.001		  62.0	10	35.7961	2.069	 90.10	 0.27	 17.484	17.219	  1.07	 4.26	0.0449	0.0345	0.0154	0.0426	0.0397	0.0105	0.0131	0.0034	0.0607	0.0085	0.0105	0.0089		0.0445		0.0681	0.1103	0.1784	0.0328			0.0747	0.2789	0.3536	0.0042		18.0952	7.7139	25.0000		
PIRATA-FR32	st004c01	B	2022-03-05T04:57:11z	 -18.852	 +8.001		  71.0	 9				 0.15	 18.867	18.721	  1.18	 5.02	0.0484	0.0338	0.0128	0.0434	0.0449	0.0066	0.0066	0.0022	0.0686	0.0036	0.0102	0.0071		0.0408		0.1163	0.0508	0.1671	0.0367			0.0818	0.2416	0.3234	0.0043		17.1201		25.0000		
PIRATA-FR32	st004c01	B	2022-03-05T04:57:11z	 -18.852	 +8.001		  81.0	 8	35.7024	2.551	111.07	 0.09	 17.896	17.809	  1.17	 5.39	0.0360	0.0217	0.0054	0.0349	0.0316	0.0051	0.0033	0.0014	0.0535		0.0080	0.0021		0.0243		0.1006	0.0341	0.1347	0.0301			0.0654	0.1554	0.2208	0.0031		16.5435		25.0000		
PIRATA-FR32	st004c01	B	2022-03-05T04:57:11z	 -18.852	 +8.001		  91.0	 7				 0.05	 19.878	19.829	  1.29	 5.80	0.0282	0.0176	0.0046	0.0300	0.0237	0.0046	0.0022		0.0436		0.0068	0.0012		0.0177		0.0945	0.0289	0.1234	0.0276			0.0562	0.1214	0.1776	0.0033		16.0536		25.0000		
PIRATA-FR32	st004c01	B	2022-03-05T04:57:11z	 -18.852	 +8.001		  99.0	 6	35.6111	2.112	 91.93	 0.04	 21.379	21.343	  1.38	 6.15	0.0180	0.0117	0.0023	0.0219	0.0137	0.0046	0.0011	0.0009	0.0308		0.0055			0.0100		0.0708	0.0268	0.0976	0.0196			0.0377	0.0798	0.1175	0.0023		15.6382	7.6795	25.0000		
PIRATA-FR32	st004c01	B	2022-03-05T04:57:11z	 -18.852	 +8.001		 197.0	 5	35.3842	2.525	109.88	 0.02	 21.554	21.537	  1.41	 7.39																											13.7027	7.6740	25.0000		
PIRATA-FR32	st004c01	B	2022-03-05T04:57:11z	 -18.852	 +8.001		 298.0	 4	35.2126	1.305	 56.79	 0.01	 30.041	30.029	  1.88	11.19																											11.9656	7.5370	25.0000		
PIRATA-FR32	st004c01	B	2022-03-05T04:57:11z	 -18.852	 +8.001		 298.0	 3	35.2121	1.319	 57.37	 0.01	 30.174	30.163	  1.89	11.16																											11.9684	7.5360	25.0000		
PIRATA-FR32	st004c01	B	2022-03-05T04:57:11z	 -18.852	 +8.001		 398.0	 2	35.0536	0.961	 41.80	 0.01	 35.539	35.529	  2.19	14.82																											10.0474	7.4707	25.0000		
PIRATA-FR32	st004c01	B	2022-03-05T04:57:11z	 -18.852	 +8.001		 498.0	 1	34.8728	1.363	 59.28	 0.01	 36.820	36.811	  2.33	17.90																											8.4713	7.4656	25.0000		
PIRATA-FR32	st005c01	B	2022-03-07T16:17:21z	 -10.000	 +1.500		   3.0	14				-0.00	  0.016	0.019	  0.02	 0.76																											29.6675		25.0000		
PIRATA-FR32	st005c01	B	2022-03-07T16:17:21z	 -10.000	 +1.500		   3.0	13	34.5010	4.473	195.55																																29.6011	8.0852	25.0000		
PIRATA-FR32	st005c01	B	2022-03-07T16:17:21z	 -10.000	 +1.500		  22.0	12	35.2160	4.619	201.75	-0.00	  0.077	0.081	  0.04	 0.80																											28.3918		25.0000		
PIRATA-FR32	st005c01	B	2022-03-07T16:17:21z	 -10.000	 +1.500		  42.0	11	35.8242	4.082	178.00	 0.04	  0.721	0.678	  0.22	 1.65																											23.2094	7.9350	25.0000		
PIRATA-FR32	st005c01	B	2022-03-07T16:17:21z	 -10.000	 +1.500		  42.0	10																																			23.1937		25.0000		
PIRATA-FR32	st005c01	B	2022-03-07T16:17:21z	 -10.000	 +1.500		  62.0	 9	35.8163	2.962	128.99	 0.38	 13.797	13.413	  0.95	 3.81																											17.6312	7.7832	25.0000		
PIRATA-FR32	st005c01	B	2022-03-07T16:17:21z	 -10.000	 +1.500		  82.0	 8	35.7498	2.947	128.33	 0.07	 15.720	15.646	  1.07	 5.13																											16.6736		25.0000		
PIRATA-FR32	st005c01	B	2022-03-07T16:17:21z	 -10.000	 +1.500		 100.0	 7	35.6960	2.818	122.69	 0.05	 16.864	16.817	  1.14	 5.52																											16.2341	7.7452	25.0000		
PIRATA-FR32	st005c01	B	2022-03-07T16:17:21z	 -10.000	 +1.500		 149.0	 6	35.5159	2.494	108.56	 0.01	 20.362	20.352	  1.35	 7.06																											14.7530	7.6981	25.0000		
PIRATA-FR32	st005c01	B	2022-03-07T16:17:21z	 -10.000	 +1.500		 200.0	 5	35.4434	1.938	 84.36	 0.00	 23.735	23.732	  1.53	 8.30																											14.1735	7.6366	25.0000		
PIRATA-FR32	st005c01	B	2022-03-07T16:17:21z	 -10.000	 +1.500		 199.0	 4	35.4437	1.950	 84.87	 0.00	 23.850	23.846	  1.53	 8.29																											14.1733	7.6372	25.0000		
PIRATA-FR32	st005c01	B	2022-03-07T16:17:21z	 -10.000	 +1.500		 299.0	 3	35.0076	2.296	 99.90	 0.01	 28.408	28.399	  1.80	12.33																											10.6322	7.5834	25.0000		
PIRATA-FR32	st005c01	B	2022-03-07T16:17:21z	 -10.000	 +1.500		 398.0	 2	34.7836	2.346	102.06	 0.01	 32.075	32.068	  2.02	15.92																											8.7411	7.5400	25.0000		
PIRATA-FR32	st005c01	B	2022-03-07T16:17:21z	 -10.000	 +1.500		 499.0	 1	34.6540	2.763	120.20	 0.00	 33.089	33.087	  2.10	18.90																											7.4707	7.5493	25.0000		
PIRATA-FR32	st006c01	B	2022-03-07T20:42:06z	 -10.001	 +1.001		   2.0	13									0.0054	0.0066	0.0036	0.0044	0.0042			0.0009	0.0191		0.0101			0.1411		0.0067	0.0077	0.0144	0.0174			0.0593	0.0609	0.1202	0.0013		29.6444		25.0000		
PIRATA-FR32	st006c01	B	2022-03-07T20:42:06z	 -10.001	 +1.001		   1.0	12	34.3516	4.473	195.59	 0.00	  0.002	0.002	  0.03	 0.78																											29.6281	8.0747	25.0000		
PIRATA-FR32	st006c01	B	2022-03-07T20:42:06z	 -10.001	 +1.001		  20.0	11	35.3757	4.604	201.09	-0.00	 -0.029	-0.027	  0.06	 0.80	0.0066	0.0083	0.0058	0.0049	0.0055				0.0220		0.0088			0.1494		0.0091	0.0096	0.0187	0.0203			0.0811	0.0619	0.1430	0.0016		28.5294		25.0000		
PIRATA-FR32	st006c01	B	2022-03-07T20:42:06z	 -10.001	 +1.001		  40.0	10	36.0585	3.659	159.47	 0.14	  5.041	4.901	  0.44	 2.48	0.0760	0.0578	0.0141	0.0792	0.0448	0.0131	0.0118	0.0072	0.2007		0.0186	0.0037		0.1001		0.0613	0.1191	0.1804	0.0466			0.1289	0.4407	0.5696	0.0076		22.4663	7.9058	25.0000		
PIRATA-FR32	st006c01	B	2022-03-07T20:42:06z	 -10.001	 +1.001		  60.0	 9	35.9126	3.080	134.20	 0.22	 11.059	10.841	  0.77	 3.60	0.0742	0.0449	0.0092	0.0785	0.0501	0.0204	0.0270	0.0078	0.1387	0.0125	0.0145	0.0041		0.0374		0.0607	0.1713	0.2320	0.0343			0.0671	0.4479	0.5150	0.0069		19.8507	7.8297	25.0000		
PIRATA-FR32	st006c01	B	2022-03-07T20:42:06z	 -10.001	 +1.001		  80.0	 8	35.7261	2.794	121.65	 0.14	 15.820	15.683	  1.08	 4.25	0.0376	0.0184	0.0055	0.0534	0.0214	0.0075	0.0061	0.0021	0.0601	0.0048	0.0083	0.0018		0.0242		0.0818	0.0589	0.1407	0.0276			0.0616	0.1844	0.2460	0.0035		17.0054		25.0000		
PIRATA-FR32	st006c01	B	2022-03-07T20:42:06z	 -10.001	 +1.001		 100.0	 7	35.5849	2.900	126.23	 0.03	 17.371	17.346	  1.17	 6.03	0.0233	0.0130	0.0019	0.0312	0.0120		0.0025		0.0371		0.0057			0.0103	0.0043	0.0587	0.0227	0.0814	0.0168			0.0345	0.0866	0.1211	0.0023		15.3866	7.7354	25.0000		
PIRATA-FR32	st006c01	B	2022-03-07T20:42:06z	 -10.001	 +1.001		 150.0	 6	35.4616	2.672	116.30	 0.01	 19.614	19.605	  1.31	 7.10																											14.3374	7.7022	25.0000		
PIRATA-FR32	st006c01	B	2022-03-07T20:42:06z	 -10.001	 +1.001		 149.0	 5	35.4618	2.690	117.11	 0.00	 19.618	19.613	  1.31	 7.10																											14.3364	7.7009	25.0000		
PIRATA-FR32	st006c01	B	2022-03-07T20:42:06z	 -10.001	 +1.001		 200.0	 4	35.3346	2.036	 88.60	 0.01	 24.503	24.496	  1.56	 9.04																											13.3367	7.6275	25.0000		
PIRATA-FR32	st006c01	B	2022-03-07T20:42:06z	 -10.001	 +1.001		 298.0	 3	34.9705	1.908	 83.00	 0.00	 30.586	30.585	  1.90	13.28																											10.2978	7.5469	25.0000		
PIRATA-FR32	st006c01	B	2022-03-07T20:42:06z	 -10.001	 +1.001		 397.0	 2	34.7948	2.426	105.54	 0.00	 31.031	31.031	  1.97	15.62																											8.8304	7.5516	25.0000		
PIRATA-FR32	st006c01	B	2022-03-07T20:42:06z	 -10.001	 +1.001		 500.0	 1	34.6343	2.818	122.57	-0.00	 32.608	32.611	  2.12	19.46																											7.2834	7.5463	25.0000		
PIRATA-FR32	st007c01	B	2022-03-08T01:11:37z	 -10.001	 +0.500		   3.0	14																																			29.3077		25.0000		
PIRATA-FR32	st007c01	B	2022-03-08T01:11:37z	 -10.001	 +0.500		   3.0	13	34.5188	4.474	195.51	 0.00	 -0.040	-0.041	  0.02	 0.67																											29.3042	8.0672	25.0000		
PIRATA-FR32	st007c01	B	2022-03-08T01:11:37z	 -10.001	 +0.500		  20.0	12	35.2865	4.584	200.34	 0.00	  0.002	0.001	  0.07	 0.74																											28.6876		25.0000		
PIRATA-FR32	st007c01	B	2022-03-08T01:11:37z	 -10.001	 +0.500		  40.0	11																																			26.4536		25.0000		
PIRATA-FR32	st007c01	B	2022-03-08T01:11:37z	 -10.001	 +0.500		  40.0	10	35.8214	4.531	197.75	 0.00	 -0.008	-0.008	  0.09	 0.95																											26.5865	8.0202	25.0000		
PIRATA-FR32	st007c01	B	2022-03-08T01:11:37z	 -10.001	 +0.500		  58.0	 9	36.3450	4.027	175.48	 0.27	  4.790	4.523	  0.45	 2.24																											21.2727	7.9381	25.0000		
PIRATA-FR32	st007c01	B	2022-03-08T01:11:37z	 -10.001	 +0.500		  80.0	 8	35.9247	3.479	151.52	 0.20	 11.152	10.953	  0.82	 3.94																											18.0119		25.0000		
PIRATA-FR32	st007c01	B	2022-03-08T01:11:37z	 -10.001	 +0.500		 100.0	 7	35.6804	3.334	145.19	 0.04	 14.313	14.269	  1.00	 5.08																											15.9973	7.7836	25.0000		
PIRATA-FR32	st007c01	B	2022-03-08T01:11:37z	 -10.001	 +0.500		 100.0	 6	35.6823	3.325	144.78	 0.04	 14.499	14.459	  1.01	 5.10																											15.9909	7.7842	25.0000		
PIRATA-FR32	st007c01	B	2022-03-08T01:11:37z	 -10.001	 +0.500		 149.0	 5	35.5181	3.219	140.15	 0.02	 16.680	16.663	  1.13	 6.11																											14.8158	7.7509	25.0000		
PIRATA-FR32	st007c01	B	2022-03-08T01:11:37z	 -10.001	 +0.500		 199.0	 4	35.4371	2.669	116.18	 0.01	 20.849	20.839	  1.34	 7.36																											14.1923	7.6946	25.0000		
PIRATA-FR32	st007c01	B	2022-03-08T01:11:37z	 -10.001	 +0.500		 299.0	 3	34.9985	1.823	 79.31	 0.01	 30.972	30.966	  1.92	13.09																											10.5447	7.5409	25.0000		
PIRATA-FR32	st007c01	B	2022-03-08T01:11:37z	 -10.001	 +0.500		 398.0	 2	34.8132	2.054	 89.35	 0.01	 33.001	32.993	  2.06	15.81																											8.9543	7.5214	25.0000		
PIRATA-FR32	st007c01	B	2022-03-08T01:11:37z	 -10.001	 +0.500		 498.0	 1	34.6672	2.621	114.01	 0.01	 33.307	33.301	  2.14	18.73																											7.5849	7.5384	25.0000		
PIRATA-FR32	st008c01	B	2022-03-08T12:23:49z	  -9.867	 +0.014		   2.0	17	34.8141	4.517	197.40	 0.01	  0.047	0.038	  0.04	 0.74	0.0062	0.0073	0.0031	0.0044	0.0053			0.0023	0.0204	0.0019	0.0151			0.1525		0.0056	0.0076	0.0132	0.0175			0.0639	0.0790	0.1429	0.0017		29.3939	8.0684	25.0000		
PIRATA-FR32	st008c01	B	2022-03-08T12:23:49z	  -9.867	 +0.014		  23.0	16	35.7821	4.558	199.14	 0.00	  0.061	0.058	  0.07	 0.86	0.0072	0.0091	0.0063	0.0071	0.0057			0.0014	0.0255		0.0116		0.0019	0.1239		0.0060	0.0080	0.0140	0.0151			0.0449	0.0774	0.1223	0.0014		28.7811	8.0339	25.0000		
PIRATA-FR32	st008c01	B	2022-03-08T12:23:49z	  -9.867	 +0.014		  42.0	15	36.1915	4.409	192.50	 0.00	  0.016	0.013	  0.21	 1.20	0.0311	0.0273	0.0086	0.0249	0.0126			0.0017	0.1191	0.0048	0.0180		0.0022	0.1661		0.0177	0.0287	0.0464	0.0359			0.1570	0.2190	0.3760	0.0034		24.9745	7.9914	25.0000		
PIRATA-FR32	st008c01	B	2022-03-08T12:23:49z	  -9.867	 +0.014		  61.0	14	36.3244	4.013	175.06	 0.21	  4.581	4.371	  0.47	 2.20	0.0842	0.0705	0.0083	0.1219	0.0370	0.0125	0.0174	0.0070	0.2069	0.0038	0.0163	0.0031	0.0022	0.0996		0.0876	0.1453	0.2329	0.0524			0.1660	0.4500	0.6160	0.0079		21.3352	7.9133	25.0000		
PIRATA-FR32	st008c01	B	2022-03-08T12:23:49z	  -9.867	 +0.014		  82.0	13	35.9729	3.758	163.71	 0.21	  9.447	9.238	  0.73	 3.61	0.0646	0.0419	0.0052	0.0857	0.0275	0.0087	0.0089	0.0037	0.1233	0.0019	0.0115	0.0036	0.0013	0.0314		0.0486	0.0577	0.1063	0.0244			0.0588	0.2942	0.3530	0.0043		17.9745	7.8497	25.0000		
PIRATA-FR32	st008c01	B	2022-03-08T12:23:49z	  -9.867	 +0.014		 100.0	12	35.7278	3.438	149.66	 0.07	 13.390	13.320	  0.96	 4.78	0.0401	0.0227	0.0022	0.0573	0.0152				0.0716		0.0079			0.0215		0.0545	0.0181	0.0726	0.0201			0.0457	0.1496	0.1953			16.3285	7.7930	25.0000		
PIRATA-FR32	st008c01	B	2022-03-08T12:23:49z	  -9.867	 +0.014		 150.0	11				 0.02	 15.707	15.684	  1.09	 5.74																											14.9901		25.0000		
PIRATA-FR32	st008c01	B	2022-03-08T12:23:49z	  -9.867	 +0.014		 199.0	10	35.4362	3.185	138.65	 0.01	 17.537	17.522	  1.19	 6.57																											14.2178	7.7348	25.0000		
PIRATA-FR32	st008c01	B	2022-03-08T12:23:49z	  -9.867	 +0.014		 300.0	 9	35.0393	1.749	 76.08	 0.01	 30.326	30.315	  1.90	12.55																											10.8971	7.5428	25.0000		
PIRATA-FR32	st008c01	B	2022-03-08T12:23:49z	  -9.867	 +0.014		 498.0	 8	34.6667	2.589	112.60	 0.01	 33.338	33.329	  2.15	18.90																											7.6071	7.5375	25.0000		
PIRATA-FR32	st008c01	B	2022-03-08T12:23:49z	  -9.867	 +0.014		 498.0	 7	34.6709	2.609	113.49	 0.01	 33.030	33.022	  2.14	18.86																											7.6035	7.5336	25.0000		
PIRATA-FR32	st008c01	B	2022-03-08T12:23:49z	  -9.867	 +0.014		 794.0	 6	34.5208	3.366	146.43	 0.01	 34.656	34.647	  2.34	30.17																											4.9151	7.5489	25.0000		
PIRATA-FR32	st008c01	B	2022-03-08T12:23:49z	  -9.867	 +0.014		 993.0	 5	34.6655	3.659	159.15	 0.01	 32.126	32.121	  2.18	29.63																											4.6186	7.5800	25.0000		
PIRATA-FR32	st008c01	B	2022-03-08T12:23:49z	  -9.867	 +0.014		1239.0	 4				 0.01	 28.345	28.337	  1.90	25.36																											4.5614		25.0000		
PIRATA-FR32	st008c01	B	2022-03-08T12:23:49z	  -9.867	 +0.014		1486.0	 3	34.9559	5.155	224.19	-0.00	 22.337	22.338	  1.48	18.70																											4.3419	7.6885	25.0000		
PIRATA-FR32	st008c01	B	2022-03-08T12:23:49z	  -9.867	 +0.014		1734.0	 2				 0.01	 20.323	20.314	  1.35	18.06																											3.9430		25.0000		
PIRATA-FR32	st008c01	B	2022-03-08T12:23:49z	  -9.867	 +0.014		1980.0	 1	34.9628	5.712	248.29	 0.01	 20.112	20.107	  1.34	21.60																											3.5067	7.7272	25.0000		
PIRATA-FR32	st009c01	B	2022-03-08T23:06:55z	 -10.000	 -0.500		   2.0	14																																			29.2583		25.0000		
PIRATA-FR32	st009c01	B	2022-03-08T23:06:55z	 -10.000	 -0.500		   2.0	13	34.9977	4.494	196.35	 0.00	  0.025	0.023	  0.04	 0.74																											29.2581	8.0507	25.0000		
PIRATA-FR32	st009c01	B	2022-03-08T23:06:55z	 -10.000	 -0.500		  20.0	12	35.8207	4.551	198.82	-0.00	  0.014	0.019	  0.09	 0.81																											28.4925		25.0000		
PIRATA-FR32	st009c01	B	2022-03-08T23:06:55z	 -10.000	 -0.500		  41.0	11																																			27.4609		25.0000		
PIRATA-FR32	st009c01	B	2022-03-08T23:06:55z	 -10.000	 -0.500		  42.0	10	36.0868	4.606	201.02	-0.00	  0.048	0.049	  0.10	 0.89																											27.4354	8.0262	25.0000		
PIRATA-FR32	st009c01	B	2022-03-08T23:06:55z	 -10.000	 -0.500		  61.0	 9	35.9539	3.360	146.37	 0.18	 11.074	10.898	  0.85	 3.70																											18.3816	7.8280	25.0000		
PIRATA-FR32	st009c01	B	2022-03-08T23:06:55z	 -10.000	 -0.500		  61.0	 8	35.9562	3.358	146.29	 0.19	 11.085	10.900	  0.84	 3.69																											18.3606	7.8247	25.0000		
PIRATA-FR32	st009c01	B	2022-03-08T23:06:55z	 -10.000	 -0.500		  79.0	 7	35.8059	3.801	165.54	 0.10	 10.704	10.606	  0.79	 3.87																											16.8179		25.0000		
PIRATA-FR32	st009c01	B	2022-03-08T23:06:55z	 -10.000	 -0.500		 100.0	 6	35.5199	3.249	141.47	 0.02	 16.266	16.242	  1.12	 5.89																											14.8150	7.7537	25.0000		
PIRATA-FR32	st009c01	B	2022-03-08T23:06:55z	 -10.000	 -0.500		 151.0	 5	35.4295	2.894	126.02	 0.01	 19.241	19.229	  1.29	 7.04																											14.1459	7.7092	25.0000		
PIRATA-FR32	st009c01	B	2022-03-08T23:06:55z	 -10.000	 -0.500		 200.0	 4	35.4052	2.557	111.32	 0.01	 21.177	21.170	  1.38	 7.71																											13.9826	7.6786	25.0000		
PIRATA-FR32	st009c01	B	2022-03-08T23:06:55z	 -10.000	 -0.500		 300.0	 3	35.0090	1.685	 73.33	 0.01	 31.129	31.122	  1.95	13.00																											10.6393	7.5308	25.0000		
PIRATA-FR32	st009c01	B	2022-03-08T23:06:55z	 -10.000	 -0.500		 398.0	 2	34.7978	2.180	 94.86	 0.00	 32.661	32.657	  2.08	16.07																											8.8185	7.5272	25.0000		
PIRATA-FR32	st009c01	B	2022-03-08T23:06:55z	 -10.000	 -0.500		 496.0	 1	34.6109	2.856	124.23	 0.01	 33.344	33.337	  2.19	20.63																											6.9724	7.5388	25.0000		
PIRATA-FR32	st010c01	B	2022-03-09T02:49:24z	 -10.001	 -0.998		   3.0	13									0.0014	0.0029	0.0015	0.0036	0.0040				0.0085	0.0021	0.0057			0.0535		0.0030	0.0065	0.0095	0.0081			0.0210	0.0337	0.0547			28.6739		25.0000		
PIRATA-FR32	st010c01	B	2022-03-09T02:49:24z	 -10.001	 -0.998		   3.0	12	35.7664	4.513	197.03	-0.00	 -0.019	-0.017	  0.10	 0.80																											28.6734	8.0269	25.0000		
PIRATA-FR32	st010c01	B	2022-03-09T02:49:24z	 -10.001	 -0.998		  21.0	11	35.7659	4.548	198.53	-0.00	  0.007	0.008	  0.09	 0.83	0.0029	0.0063	0.0033	0.0073	0.0062				0.0231	0.0022	0.0087			0.1037		0.0042	0.0099	0.0141	0.0146			0.0404	0.0735	0.1139			28.3883		25.0000		
PIRATA-FR32	st010c01	B	2022-03-09T02:49:24z	 -10.001	 -0.998		  41.0	10	35.8619	3.829	166.88	 0.28	  6.165	5.890	  0.57	 2.60																											21.7225	7.8974	25.0000		
PIRATA-FR32	st010c01	B	2022-03-09T02:49:24z	 -10.001	 -0.998		  41.0	 9	35.8611	3.773	164.40	 0.29	  6.449	6.156	  0.59	 2.68	0.0625	0.0570	0.0179	0.0845	0.0268	0.0048	0.0074	0.0117	0.2083		0.0182	0.0042	0.0031	0.1625		0.0250	0.1247	0.1497	0.0413			0.1329	0.4064	0.5393	0.0046		21.6590	7.8958	25.0000		
PIRATA-FR32	st010c01	B	2022-03-09T02:49:24z	 -10.001	 -0.998		  61.0	 8	35.7922	2.866	124.84	 0.48	 14.762	14.287	  1.03	 4.34	0.0578	0.0460	0.0129	0.0850	0.0180	0.0063	0.0127	0.0104	0.1512		0.0107	0.0026		0.0973		0.0579	0.1269	0.1848	0.0358			0.1159	0.3331	0.4490	0.0035		18.5573	7.7836	25.0000		
PIRATA-FR32	st010c01	B	2022-03-09T02:49:24z	 -10.001	 -0.998		  82.0	 7	35.6520	2.550	111.03	 0.21	 18.545	18.339	  1.26	 5.67	0.0557	0.0333	0.0071	0.0795	0.0188	0.0095	0.0143		0.1093	0.0076	0.0094	0.0026		0.0437		0.0648	0.1029	0.1677	0.0289			0.0637	0.2784	0.3421	0.0036		16.2589		25.0000		
PIRATA-FR32	st010c01	B	2022-03-09T02:49:24z	 -10.001	 -0.998		 101.0	 6	35.5688	2.838	123.54	 0.15	 20.149	19.997	  1.34	 6.42	0.0338	0.0219	0.0020	0.0499	0.0134	0.0018	0.0045		0.0719	0.0037	0.0046	0.0020		0.0189		0.0712	0.0301	0.1013	0.0227			0.0467	0.1550	0.2017	0.0025		15.2215	7.6927	25.0000		
PIRATA-FR32	st010c01	B	2022-03-09T02:49:24z	 -10.001	 -0.998		 150.0	 5	35.4493	2.385	103.83	 0.02	 19.357	19.339	  1.30	 6.98																											14.3041	7.7036	25.0000		
PIRATA-FR32	st010c01	B	2022-03-09T02:49:24z	 -10.001	 -0.998		 199.0	 4	35.3736	2.167	 94.31	 0.01	 23.282	23.267	  1.51	 8.21																											13.6733	7.6436	25.0000		
PIRATA-FR32	st010c01	B	2022-03-09T02:49:24z	 -10.001	 -0.998		 300.0	 3	35.0251	1.749	 76.12	 0.01	 30.347	30.338	  1.90	12.50																											10.7827	7.5426	25.0000		
PIRATA-FR32	st010c01	B	2022-03-09T02:49:24z	 -10.001	 -0.998		 397.0	 2	34.8216	2.044	 88.94	 0.01	 32.857	32.849	  2.06	15.62																											9.0459	7.5232	25.0000		
PIRATA-FR32	st010c01	B	2022-03-09T02:49:24z	 -10.001	 -0.998		 498.0	 1	34.6937	2.594	112.84	 0.00	 32.765	32.762	  2.10	17.93																											7.8873	7.5408	25.0000		
PIRATA-FR32	st011c01	B	2022-03-09T06:37:36z	 -10.000	 -1.501		   3.0	14																																			28.6967		25.0000		
PIRATA-FR32	st011c01	B	2022-03-09T06:37:36z	 -10.000	 -1.501		   3.0	13	35.5572	4.528	197.81	 0.01	  0.014	0.008	  0.06	 0.71																											28.6975	8.0382	25.0000		
PIRATA-FR32	st011c01	B	2022-03-09T06:37:36z	 -10.000	 -1.501		  22.0	12	35.6719	4.629	202.10	 0.00	  0.037	0.033	  0.08	 0.76																											28.0174		25.0000		
PIRATA-FR32	st011c01	B	2022-03-09T06:37:36z	 -10.000	 -1.501		  42.0	11	35.7264	3.795	165.35	 0.21	  8.027	7.814	  0.65	 3.14																											20.3529	7.8655	25.0000		
PIRATA-FR32	st011c01	B	2022-03-09T06:37:36z	 -10.000	 -1.501		  42.0	10	35.7248	3.840	167.33	 0.22	  8.177	7.958	  0.65	 3.11																											20.3344	7.8720	25.0000		
PIRATA-FR32	st011c01	B	2022-03-09T06:37:36z	 -10.000	 -1.501		  42.0	 9																																			20.3874		25.0000		
PIRATA-FR32	st011c01	B	2022-03-09T06:37:36z	 -10.000	 -1.501		  61.0	 8	35.6766	2.886	125.63	 0.52	 16.366	15.847	  1.12	 4.84																											16.5664	7.7492	25.0000		
PIRATA-FR32	st011c01	B	2022-03-09T06:37:36z	 -10.000	 -1.501		  80.0	 7	35.5843	2.367	103.04	 0.04	 20.298	20.259	  1.32	 6.52																											15.2988		25.0000		
PIRATA-FR32	st011c01	B	2022-03-09T06:37:36z	 -10.000	 -1.501		  99.0	 6	35.5297	2.367	103.02	 0.01	 21.044	21.033	  1.36	 6.76																											14.8759	7.6816	25.0000		
PIRATA-FR32	st011c01	B	2022-03-09T06:37:36z	 -10.000	 -1.501		 149.0	 5	35.4468	2.226	 96.89	 0.00	 22.487	22.486	  1.44	 7.57																											14.2716	7.6575	25.0000		
PIRATA-FR32	st011c01	B	2022-03-09T06:37:36z	 -10.000	 -1.501		 199.0	 4	35.3103	2.155	 93.77	-0.00	 24.562	24.565	  1.55	 8.66																											13.1978	7.6297	25.0000		
PIRATA-FR32	st011c01	B	2022-03-09T06:37:36z	 -10.000	 -1.501		 299.0	 3	34.9806	1.715	 74.64	-0.00	 31.677	31.679	  1.95	13.29																											10.3926	7.5290	25.0000		
PIRATA-FR32	st011c01	B	2022-03-09T06:37:36z	 -10.000	 -1.501		 398.0	 2	34.8053	2.424	105.45	 0.00	 31.469	31.467	  1.98	15.25																											9.0122	7.5211	25.0000		
PIRATA-FR32	st011c01	B	2022-03-09T06:37:36z	 -10.000	 -1.501		 497.0	 1	34.6037	3.329	144.78	-0.00	 30.986	30.990	  2.03	18.76																											7.1705	7.5817	25.0000		
PIRATA-FR32	st012c01	B	2022-03-09T10:14:35z	 -10.000	 -1.999		   2.0	13									0.0061	0.0134	0.0031	0.0110	0.0093			0.0030	0.0326	0.0048	0.0149		0.0012	0.1529		0.0121	0.0111	0.0232	0.0248			0.1084	0.1084	0.2168	0.0019		28.7139		25.0000		
PIRATA-FR32	st012c01	B	2022-03-09T10:14:35z	 -10.000	 -1.999		   2.0	12	35.3161	4.554	198.89	 0.00	  0.052	0.050	  0.06	 0.73																											28.7156	8.0333	25.0000		
PIRATA-FR32	st012c01	B	2022-03-09T10:14:35z	 -10.000	 -1.999		   2.0	11	35.3116	4.552	198.81	-0.00	  0.032	0.036	  0.08	 0.70																											28.7133	8.0292	25.0000		
PIRATA-FR32	st012c01	B	2022-03-09T10:14:35z	 -10.000	 -1.999		  24.0	10	35.6247	4.311	187.85	 0.10	  5.532	5.433	  0.52	 2.62	0.0614	0.0756	0.0364	0.0900	0.0401	0.0100		0.0075	0.2094	0.0076	0.0291		0.0047	0.1056	0.0083		0.1217	0.1217		0.0289		0.0570	0.5245	0.5815	0.0040		21.1484		25.0000		
PIRATA-FR32	st012c01	B	2022-03-09T10:14:35z	 -10.000	 -1.999		  43.0	 9	35.7040	3.621	157.75	 0.20	 10.676	10.478	  0.84	 3.70	0.0628	0.0606	0.0307	0.0983	0.0316	0.0131	0.0042	0.0067	0.1586	0.0038	0.0116	0.0027		0.0536	0.0030	0.0280	0.1401	0.1681	0.0264			0.0647	0.4113	0.4760	0.0031		18.6635	7.8326	25.0000		
PIRATA-FR32	st012c01	B	2022-03-09T10:14:35z	 -10.000	 -1.999		  63.0	 8	35.6281	2.741	119.34	 0.54	 17.785	17.245	  1.24	 5.28	0.0464	0.0367	0.0118	0.0598	0.0270	0.0105	0.0091		0.0854	0.0045	0.0061	0.0019		0.0446		0.1022	0.1100	0.2122	0.0357			0.0961	0.2558	0.3519	0.0030		15.9253	7.7379	25.0000		
PIRATA-FR32	st012c01	B	2022-03-09T10:14:35z	 -10.000	 -1.999		  82.0	 7	35.5857	2.586	112.58	 0.05	 19.167	19.116	  1.30	 6.17	0.0356	0.0244	0.0104	0.0467	0.0238	0.0020	0.0039	0.0018	0.0591		0.0043	0.0021		0.0225		0.1145	0.0323	0.1468	0.0315			0.0706	0.1625	0.2331	0.0027		15.3508		25.0000		
PIRATA-FR32	st012c01	B	2022-03-09T10:14:35z	 -10.000	 -1.999		 101.0	 6	35.5379	2.296	 99.96	 0.02	 21.125	21.108	  1.40	 6.91	0.0118	0.0075	0.0074	0.0148	0.0084	0.0013			0.0236		0.0016	0.0016		0.0045		0.0253	0.0088	0.0341	0.0082			0.0123	0.0549	0.0672	0.0015		14.9362	7.6755	25.0000		
PIRATA-FR32	st012c01	B	2022-03-09T10:14:35z	 -10.000	 -1.999		 150.0	 5	35.4190	2.117	 92.13	 0.00	 23.264	23.259	  1.53	 7.95																											14.0281	7.6465	25.0000		
PIRATA-FR32	st012c01	B	2022-03-09T10:14:35z	 -10.000	 -1.999		 202.0	 4	35.2857	2.195	 95.52	-0.00	 24.390	24.393	  1.58	 8.91																											13.0247	7.6301	25.0000		
PIRATA-FR32	st012c01	B	2022-03-09T10:14:35z	 -10.000	 -1.999		 300.0	 3	34.9948	1.832	 79.69	 0.00	 30.357	30.354	  1.93	12.74																											10.6263	7.5453	25.0000		
PIRATA-FR32	st012c01	B	2022-03-09T10:14:35z	 -10.000	 -1.999		 401.0	 2	34.8439	2.434	105.89	 0.00	 30.102	30.099	  1.94	14.48																											9.3830	7.5610	25.0000		
PIRATA-FR32	st012c01	B	2022-03-09T10:14:35z	 -10.000	 -1.999		 500.0	 1	34.5827	3.168	137.80	 0.00	 31.905	31.902	  2.12	19.96																											6.9514	7.5670	25.0000		
PIRATA-FR32	st013c01	B	2022-03-09T14:04:26z	 -10.002	 -2.500		   4.0	14																																			28.8989		25.0000		
PIRATA-FR32	st013c01	B	2022-03-09T14:04:26z	 -10.002	 -2.500		   4.0	13	35.3363	4.541	198.41																																28.8877	8.0329	25.0000		
PIRATA-FR32	st013c01	B	2022-03-09T14:04:26z	 -10.002	 -2.500		   4.0	12	35.3358	4.532	197.96																																28.9315	8.0292	25.0000		
PIRATA-FR32	st013c01	B	2022-03-09T14:04:26z	 -10.002	 -2.500		  21.0	11	35.6487	4.681	204.16																																21.5342		25.0000		
PIRATA-FR32	st013c01	B	2022-03-09T14:04:26z	 -10.002	 -2.500		  40.0	10	35.6885	3.017	131.41																																16.9664	7.7699	25.0000		
PIRATA-FR32	st013c01	B	2022-03-09T14:04:26z	 -10.002	 -2.500		  40.0	 9																																			16.9499		25.0000		
PIRATA-FR32	st013c01	B	2022-03-09T14:04:26z	 -10.002	 -2.500		  61.0	 8	35.5646	2.357	102.63																																15.1434	7.6937	25.0000		
PIRATA-FR32	st013c01	B	2022-03-09T14:04:26z	 -10.002	 -2.500		  80.0	 7	35.5309	2.355	102.55																																14.8722		25.0000		
PIRATA-FR32	st013c01	B	2022-03-09T14:04:26z	 -10.002	 -2.500		  99.0	 6	35.4802	2.227	 96.95																																14.4854	7.6653	25.0000		
PIRATA-FR32	st013c01	B	2022-03-09T14:04:26z	 -10.002	 -2.500		 148.0	 5	35.4022	2.116	 92.09																																13.9116	7.6451	25.0000		
PIRATA-FR32	st013c01	B	2022-03-09T14:04:26z	 -10.002	 -2.500		 198.0	 4	35.2574	2.175	 94.64																																12.7995	7.6228	25.0000		
PIRATA-FR32	st013c01	B	2022-03-09T14:04:26z	 -10.002	 -2.500		 299.0	 3	35.0270	1.763	 76.73																																10.9150	7.5438	25.0000		
PIRATA-FR32	st013c01	B	2022-03-09T14:04:26z	 -10.002	 -2.500		 397.0	 2	34.8535	1.914	 83.28																																9.4370	7.5633	25.0000		
PIRATA-FR32	st013c01	B	2022-03-09T14:04:26z	 -10.002	 -2.500		 497.0	 1	34.5825	3.003	130.63																																6.8486	7.5538	25.0000		
PIRATA-FR32	st014c01	B	2022-03-09T17:57:56z	 -10.003	 -2.999		   3.0	13																																			28.7405		25.0000		
PIRATA-FR32	st014c01	B	2022-03-09T17:57:56z	 -10.003	 -2.999		   3.0	12	35.3503	4.520	197.44	 0.00	 -0.044	-0.045	  0.08	 0.82																											28.7404	8.0305	25.0000		
PIRATA-FR32	st014c01	B	2022-03-09T17:57:56z	 -10.003	 -2.999		  22.0	11	35.6476	4.595	200.35	 0.04	  1.844	1.803	  0.34	 2.06																											22.9266		25.0000		
PIRATA-FR32	st014c01	B	2022-03-09T17:57:56z	 -10.003	 -2.999		  42.0	10	35.6493	2.659	115.77	 0.24	 17.682	17.446	  1.19	 5.62																											15.9829	7.7155	25.0000		
PIRATA-FR32	st014c01	B	2022-03-09T17:57:56z	 -10.003	 -2.999		  62.0	 9	35.6225	2.488	108.32	 0.16	 18.908	18.748	  1.25	 5.96																											15.7208	7.7080	25.0000		
PIRATA-FR32	st014c01	B	2022-03-09T17:57:56z	 -10.003	 -2.999		  82.0	 8	35.5670	2.836	123.46	 0.08	 17.877	17.800	  1.20	 6.05																											15.2155		25.0000		
PIRATA-FR32	st014c01	B	2022-03-09T17:57:56z	 -10.003	 -2.999		  99.0	 7	35.5597	2.468	107.42	 0.06	 19.859	19.795	  1.32	 6.55																											15.1247	7.6972	25.0000		
PIRATA-FR32	st014c01	B	2022-03-09T17:57:56z	 -10.003	 -2.999		 149.0	 6	35.4770	2.727	118.67	 0.01	 19.373	19.359	  1.27	 7.00																											14.4936	7.7052	25.0000		
PIRATA-FR32	st014c01	B	2022-03-09T17:57:56z	 -10.003	 -2.999		 200.0	 5	35.3264	2.142	 93.20	 0.01	 23.889	23.884	  1.52	 8.73																											13.3215	7.6306	25.0000		
PIRATA-FR32	st014c01	B	2022-03-09T17:57:56z	 -10.003	 -2.999		 299.0	 4	35.1151	1.734	 75.46	 0.01	 28.916	28.904	  1.78	11.35																											11.6432	7.5595	25.0000		
PIRATA-FR32	st014c01	B	2022-03-09T17:57:56z	 -10.003	 -2.999		 398.0	 3	34.8309	1.619	 70.43	 0.00	 34.367	34.364	  2.12	15.94																											9.1983	7.4912	25.0000		
PIRATA-FR32	st014c01	B	2022-03-09T17:57:56z	 -10.003	 -2.999		 498.0	 2	34.6288	2.350	102.19	 0.00	 35.475	35.474	  2.23	20.63																											7.1640	7.5040	25.0000		
PIRATA-FR32	st014c01	B	2022-03-09T17:57:56z	 -10.003	 -2.999		 498.0	 1	34.6306	2.366	102.92	 0.01	 35.255	35.245	  2.24	20.62																											7.1640	7.5042	25.0000		
PIRATA-FR32	st015c01	B	2022-03-09T21:40:32z	 -10.001	 -3.499		   3.0	14																																			28.4087		25.0000		
PIRATA-FR32	st015c01	B	2022-03-09T21:40:32z	 -10.001	 -3.499		   3.0	13	35.1589	4.564	199.38																																28.4098	8.0314	25.0000		
PIRATA-FR32	st015c01	B	2022-03-09T21:40:32z	 -10.001	 -3.499		  20.0	12	35.8674	4.965	216.76																																25.9984		25.0000		
PIRATA-FR32	st015c01	B	2022-03-09T21:40:32z	 -10.001	 -3.499		  40.0	11																																			16.2826		25.0000		
PIRATA-FR32	st015c01	B	2022-03-09T21:40:32z	 -10.001	 -3.499		  40.0	10	35.6487	2.591	112.85																																16.2551	7.7173	25.0000		
PIRATA-FR32	st015c01	B	2022-03-09T21:40:32z	 -10.001	 -3.499		  61.0	 9	35.5861	2.428	105.70																																15.3570	7.6974	25.0000		
PIRATA-FR32	st015c01	B	2022-03-09T21:40:32z	 -10.001	 -3.499		  80.0	 8	35.5518	2.643	115.06																																15.0287		25.0000		
PIRATA-FR32	st015c01	B	2022-03-09T21:40:32z	 -10.001	 -3.499		  99.0	 7	35.5181	2.700	117.55																																14.8021	7.7084	25.0000		
PIRATA-FR32	st015c01	B	2022-03-09T21:40:32z	 -10.001	 -3.499		 151.0	 6	35.4317	2.139	 93.09																																14.1230	7.6497	25.0000		
PIRATA-FR32	st015c01	B	2022-03-09T21:40:32z	 -10.001	 -3.499		 199.0	 5	35.3212	2.226	 96.86																																13.2670	7.6314	25.0000		
PIRATA-FR32	st015c01	B	2022-03-09T21:40:32z	 -10.001	 -3.499		 299.0	 4	35.1071	2.274	 98.95																																11.6433	7.6010	25.0000		
PIRATA-FR32	st015c01	B	2022-03-09T21:40:32z	 -10.001	 -3.499		 401.0	 3	34.8706	1.643	 71.46																																9.5506	7.5048	25.0000		
PIRATA-FR32	st015c01	B	2022-03-09T21:40:32z	 -10.001	 -3.499		 400.0	 2	34.8726	1.644	 71.51																																9.5526	7.5030	25.0000		
PIRATA-FR32	st015c01	B	2022-03-09T21:40:32z	 -10.001	 -3.499		 501.0	 1	34.6187	2.497	108.62																																7.0773	7.5147	25.0000		
PIRATA-FR32	st016c01	B	2022-03-10T01:27:57z	 -10.002	 -3.998		   3.0	13									0.0046	0.0066	0.0080	0.0055	0.0109			0.0012	0.0202	0.0022	0.0077			0.1202		0.0066	0.0054	0.0120	0.0188			0.0723	0.0805	0.1528	0.0008		28.7437		25.0000		
PIRATA-FR32	st016c01	B	2022-03-10T01:27:57z	 -10.002	 -3.998		   3.0	12	35.4946	4.539	198.24	 0.00	  0.012	0.012	  0.06	 1.35																											28.7442	8.0362	25.0000		
PIRATA-FR32	st016c01	B	2022-03-10T01:27:57z	 -10.002	 -3.998		  20.0	11	35.9937	4.785	208.82	-0.00	 -0.007	-0.005	  0.09	 0.94	0.0102	0.0117	0.0089	0.0100	0.0075				0.0416	0.0034	0.0078			0.0793		0.0099	0.0077	0.0176	0.0182			0.0799	0.0925	0.1724	0.0017		27.2758		25.0000		
PIRATA-FR32	st016c01	B	2022-03-10T01:27:57z	 -10.002	 -3.998		  41.0	10	36.0587	4.822	210.29	 0.00	  0.084	0.083	  0.17	 1.32	0.0191	0.0202	0.0101	0.0243	0.0065			0.0020	0.0762	0.0012	0.0095			0.0686		0.0072	0.0172	0.0244	0.0162			0.0655	0.1389	0.2044	0.0015		24.4942	8.0029	25.0000		
PIRATA-FR32	st016c01	B	2022-03-10T01:27:57z	 -10.002	 -3.998		  60.0	 9	35.6164	2.591	112.80	 0.42	 18.428	18.005	  1.20	 5.58	0.0487	0.0357	0.0150	0.0701	0.0300	0.0064	0.0078	0.0044	0.0851	0.0022	0.0081	0.0021		0.0464		0.0652	0.1034	0.1686		0.0309		0.0800	0.2772	0.3572	0.0046		16.0840	7.7168	25.0000		
PIRATA-FR32	st016c01	B	2022-03-10T01:27:57z	 -10.002	 -3.998		  80.0	 8	35.5460	2.356	102.56	 0.04	 20.687	20.647	  1.33	 6.62	0.0329	0.0226	0.0122	0.0414	0.0235	0.0032	0.0041	0.0015	0.0480	0.0016	0.0048	0.0029	0.0013	0.0235		0.1091		0.1091	0.0307			0.0652	0.1604	0.2256	0.0032		15.0547		25.0000		
PIRATA-FR32	st016c01	B	2022-03-10T01:27:57z	 -10.002	 -3.998		  99.0	 7	35.4417	2.925	127.33	 0.01	 18.914	18.904	  1.24	 6.98	0.0042	0.0038	0.0046	0.0029	0.0022				0.0056	0.0012				0.0022		0.0025		0.0025	0.0027			0.0036	0.0138	0.0174	0.0009		14.2219	7.7152	25.0000		
PIRATA-FR32	st016c01	B	2022-03-10T01:27:57z	 -10.002	 -3.998		 148.0	 6	35.4209	2.712	118.04	 0.01	 20.319	20.311	  1.35	 7.45																											14.0779	7.6952	25.0000		
PIRATA-FR32	st016c01	B	2022-03-10T01:27:57z	 -10.002	 -3.998		 199.0	 5	35.3295	2.152	 93.66	 0.01	 23.923	23.915	  1.51	 8.61																											13.3537	7.6337	25.0000		
PIRATA-FR32	st016c01	B	2022-03-10T01:27:57z	 -10.002	 -3.998		 295.0	 4	35.1190	1.980	 86.19	 0.01	 27.870	27.864	  1.71	10.75																											11.6932	7.5790	25.0000		
PIRATA-FR32	st016c01	B	2022-03-10T01:27:57z	 -10.002	 -3.998		 295.0	 3	35.1190	1.958	 85.18	 0.00	 27.817	27.812	  1.72	10.77																											11.6931	7.5777	25.0000		
PIRATA-FR32	st016c01	B	2022-03-10T01:27:57z	 -10.002	 -3.998		 396.0	 2	34.8552	1.757	 76.44	 0.00	 33.232	33.229	  2.08	15.04																											9.4641	7.5090	25.0000		
PIRATA-FR32	st016c01	B	2022-03-10T01:27:57z	 -10.002	 -3.998		 499.0	 1	34.6907	2.028	 88.21	 0.01	 35.725	35.715	  2.21	18.97																											7.8086	7.4931	25.0000		
PIRATA-FR32	st017c01	B	2022-03-10T05:28:46z	 -10.001	 -4.498		   2.0	14																																			28.5970		25.0000		
PIRATA-FR32	st017c01	B	2022-03-10T05:28:46z	 -10.001	 -4.498		   3.0	13	36.0653	4.495	196.38																																28.5958	8.0680	25.0000		
PIRATA-FR32	st017c01	B	2022-03-10T05:28:46z	 -10.001	 -4.498		  21.0	12	36.0597	4.728	206.42																																27.3504		25.0000		
PIRATA-FR32	st017c01	B	2022-03-10T05:28:46z	 -10.001	 -4.498		  40.0	11																																			24.4150		25.0000		
PIRATA-FR32	st017c01	B	2022-03-10T05:28:46z	 -10.001	 -4.498		  40.0	10	36.0489	4.770	208.01																																24.2180	7.9929	25.0000		
PIRATA-FR32	st017c01	B	2022-03-10T05:28:46z	 -10.001	 -4.498		  61.0	 9	35.7033	3.157	137.51																																17.8437	7.7886	25.0000		
PIRATA-FR32	st017c01	B	2022-03-10T05:28:46z	 -10.001	 -4.498		  80.0	 8	35.5700	2.257	 98.25																																15.4447		25.0000		
PIRATA-FR32	st017c01	B	2022-03-10T05:28:46z	 -10.001	 -4.498		  99.0	 7	35.5016	2.345	102.06																																14.7410	7.6822	25.0000		
PIRATA-FR32	st017c01	B	2022-03-10T05:28:46z	 -10.001	 -4.498		 149.0	 6	35.3961	2.137	 93.02																																13.8436	7.6444	25.0000		
PIRATA-FR32	st017c01	B	2022-03-10T05:28:46z	 -10.001	 -4.498		 199.0	 5	35.3071	2.139	 93.08																																13.1605	7.6263	25.0000		
PIRATA-FR32	st017c01	B	2022-03-10T05:28:46z	 -10.001	 -4.498		 199.0	 4	35.3072	2.144	 93.32																																13.1464	7.6319	25.0000		
PIRATA-FR32	st017c01	B	2022-03-10T05:28:46z	 -10.001	 -4.498		 299.0	 3	35.0615	1.736	 75.53																																11.1903	7.5479	25.0000		
PIRATA-FR32	st017c01	B	2022-03-10T05:28:46z	 -10.001	 -4.498		 398.0	 2	34.8473	1.659	 72.18																																9.3086	7.4975	25.0000		
PIRATA-FR32	st017c01	B	2022-03-10T05:28:46z	 -10.001	 -4.498		 497.0	 1	34.6902	2.032	 88.39																																7.8131	7.4875	25.0000		
PIRATA-FR32	st018c01	B	2022-03-10T09:06:29z	 -10.001	 -5.000		   3.0	12	35.9635	4.520	197.28	 0.00	  0.020	0.016	  0.08	 0.91																											28.2566	8.0448	25.0000		
PIRATA-FR32	st018c01	B	2022-03-10T09:06:29z	 -10.001	 -5.000		  21.0	11	36.0100	4.519	197.22	 0.00	  0.019	0.015	  0.08	 0.94																											28.2971		25.0000		
PIRATA-FR32	st018c01	B	2022-03-10T09:06:29z	 -10.001	 -5.000		  40.0	10	36.0851	4.773	208.20	 0.00	  0.129	0.126	  0.12	 0.91																											26.5327	8.0197	25.0000		
PIRATA-FR32	st018c01	B	2022-03-10T09:06:29z	 -10.001	 -5.000		  61.0	 9	35.8424	3.816	166.25	 0.19	  7.108	6.915	  0.62	 2.75																											19.8797	7.8713	25.0000		
PIRATA-FR32	st018c01	B	2022-03-10T09:06:29z	 -10.001	 -5.000		  81.0	 8	35.6566	2.391	104.09	 0.11	 19.236	19.124	  1.25	 5.43																											15.9680		25.0000		
PIRATA-FR32	st018c01	B	2022-03-10T09:06:29z	 -10.001	 -5.000		  96.0	 7	35.5056	2.221	 96.67	 0.05	 21.842	21.794	  1.40	 6.79																											14.6565	7.6605	25.0000		
PIRATA-FR32	st018c01	B	2022-03-10T09:06:29z	 -10.001	 -5.000		  96.0	 6	35.4945	2.223	 96.77	 0.04	 21.941	21.900	  1.39	 7.11																											14.6051	7.6661	25.0000		
PIRATA-FR32	st018c01	B	2022-03-10T09:06:29z	 -10.001	 -5.000		 149.0	 5	35.2763	2.745	119.48	 0.01	 21.678	21.663	  1.39	 7.83																											12.9859	7.6716	25.0000		
PIRATA-FR32	st018c01	B	2022-03-10T09:06:29z	 -10.001	 -5.000		 199.0	 4	35.1352	2.130	 92.72	 0.01	 26.763	26.749	  1.66	10.33																											11.8489	7.5921	25.0000		
PIRATA-FR32	st018c01	B	2022-03-10T09:06:29z	 -10.001	 -5.000		 299.0	 3	35.0134	2.298	 99.99	 0.01	 27.772	27.757	  1.77	11.54																											10.8868	7.5859	25.0000		
PIRATA-FR32	st018c01	B	2022-03-10T09:06:29z	 -10.001	 -5.000		 400.0	 2	34.8041	1.800	 78.32	 0.01	 33.895	33.885	  2.13	16.17																											8.9397	7.5005	25.0000		
PIRATA-FR32	st018c01	B	2022-03-10T09:06:29z	 -10.001	 -5.000		 502.0	 1	34.7054	2.015	 87.68	 0.00	 35.168	35.164	  2.23	18.63																											7.9616	7.4954	25.0000		
PIRATA-FR32	st019c01	B	2022-03-10T12:46:46z	 -10.000	 -5.498		   3.0	14																																			28.5244		25.0000		
PIRATA-FR32	st019c01	B	2022-03-10T12:46:46z	 -10.000	 -5.498		   3.0	13	36.0726	4.891	213.67																																28.4982	8.0448	25.0000		
PIRATA-FR32	st019c01	B	2022-03-10T12:46:46z	 -10.000	 -5.498		  20.0	12	36.0718	4.499	196.39																																28.4473		25.0000		
PIRATA-FR32	st019c01	B	2022-03-10T12:46:46z	 -10.000	 -5.498		  40.0	11																																			28.4116		25.0000		
PIRATA-FR32	st019c01	B	2022-03-10T12:46:46z	 -10.000	 -5.498		  40.0	10	36.0716	4.499	196.39																																28.4059	8.0464	25.0000		
PIRATA-FR32	st019c01	B	2022-03-10T12:46:46z	 -10.000	 -5.498		  60.0	 9	35.9853	4.621	201.46																																23.3918	7.9740	25.0000		
PIRATA-FR32	st019c01	B	2022-03-10T12:46:46z	 -10.000	 -5.498		  81.0	 8	35.8837	2.822	122.91																																17.8577		25.0000		
PIRATA-FR32	st019c01	B	2022-03-10T12:46:46z	 -10.000	 -5.498		  81.0	 7	35.8864	2.819	122.78																																17.8333	7.7784	25.0000		
PIRATA-FR32	st019c01	B	2022-03-10T12:46:46z	 -10.000	 -5.498		 101.0	 6	35.6086	2.472	107.68																																15.5108	7.7078	25.0000		
PIRATA-FR32	st019c01	B	2022-03-10T12:46:46z	 -10.000	 -5.498		 150.0	 5	35.3013	2.216	 96.45																																13.0906	7.6345	25.0000		
PIRATA-FR32	st019c01	B	2022-03-10T12:46:46z	 -10.000	 -5.498		 200.0	 4	35.3016	2.450	106.63																																11.5013	7.6143	25.0000		
PIRATA-FR32	st019c01	B	2022-03-10T12:46:46z	 -10.000	 -5.498		 299.0	 3	35.0935	2.159	 93.95																																10.0477	7.5567	25.0000		
PIRATA-FR32	st019c01	B	2022-03-10T12:46:46z	 -10.000	 -5.498		 399.0	 2	34.9199	1.918	 83.42																																8.5929		25.0000		
PIRATA-FR32	st019c01	B	2022-03-10T12:46:46z	 -10.000	 -5.498		 496.0	 1	34.6715	2.234	 97.19																																7.6214		25.0000		
PIRATA-FR32	st020c01	B	2022-03-11T01:24:22z	 -10.010	 -6.026		   3.0	18									0.0052	0.0064	0.0063	0.0033	0.0032			0.0009	0.0158	0.0014	0.0043			0.1016		0.0041	0.0051	0.0092	0.0141			0.0519	0.0442	0.0961	0.0012		28.3584		25.0000		
PIRATA-FR32	st020c01	B	2022-03-11T01:24:22z	 -10.010	 -6.026		   3.0	17	36.1319	4.498	196.48	-0.00	  0.010	0.013	  0.10	 0.88																											28.3574	8.0394	25.0000		
PIRATA-FR32	st020c01	B	2022-03-11T01:24:22z	 -10.010	 -6.026		  19.0	16	36.1396	4.501	196.61	-0.00	  0.003	0.004	  0.10	 0.86	0.0047	0.0060	0.0060	0.0031	0.0031			0.0008	0.0148	0.0022	0.0039			0.0910		0.0041	0.0051	0.0092	0.0128			0.0455	0.0400	0.0855	0.0011		28.3624	8.0369	25.0000		
PIRATA-FR32	st020c01	B	2022-03-11T01:24:22z	 -10.010	 -6.026		  40.0	15	36.1112	4.756	207.65	 0.00	  0.048	0.048	  0.10	 0.97	0.0160	0.0177	0.0111	0.0167	0.0063			0.0013	0.0575	0.0014	0.0079			0.1464		0.0159	0.0201	0.0360	0.0292			0.1233	0.1283	0.2516	0.0022		27.0453	8.0295	25.0000		
PIRATA-FR32	st020c01	B	2022-03-11T01:24:22z	 -10.010	 -6.026		  60.0	14	36.1645	4.590	200.09	 0.03	  0.797	0.769	  0.24	 1.55	0.0609	0.0555	0.0228	0.0874	0.0152	0.0087		0.0079	0.1688	0.0022	0.0125	0.0042		0.1371	0.0027	0.0570	0.1955	0.2525	0.0559			0.2235	0.4022	0.6257	0.0051		23.0459	7.9754	25.0000		
PIRATA-FR32	st020c01	B	2022-03-11T01:24:22z	 -10.010	 -6.026		  80.0	13	35.9297	3.208	139.70	 0.38	 11.994	11.609	  0.86	 3.74	0.0409	0.0305	0.0085	0.0763	0.0144	0.0052	0.0034	0.0036	0.0666	0.0016	0.0057	0.0029		0.0452		0.0891	0.1071	0.1962	0.0377			0.1150	0.2293	0.3443	0.0035		19.8438	7.8199	25.0000		
PIRATA-FR32	st020c01	B	2022-03-11T01:24:22z	 -10.010	 -6.026		 100.0	12	35.6369	2.259	 98.32	 0.07	 19.901	19.829	  1.29	 5.89	0.0250	0.0170	0.0055	0.0439	0.0102	0.0018	0.0020		0.0412		0.0033	0.0025		0.0199		0.0765	0.0422	0.1187	0.0267			0.0653	0.1251	0.1904	0.0021		16.2572	7.6959	25.0000		
PIRATA-FR32	st020c01	B	2022-03-11T01:24:22z	 -10.010	 -6.026		 150.0	11				 0.02	 24.949	24.934	  1.56	 8.60																											13.1006		25.0000		
PIRATA-FR32	st020c01	B	2022-03-11T01:24:22z	 -10.010	 -6.026		 199.0	10	35.0781	2.045	 88.93	 0.01	 27.802	27.795	  1.75	11.08																											11.3071	7.5780	25.0000		
PIRATA-FR32	st020c01	B	2022-03-11T01:24:22z	 -10.010	 -6.026		 299.0	 9	34.9099	1.754	 76.28	 0.00	 31.847	31.846	  1.98	13.87																											9.9145	7.5250	25.0000		
PIRATA-FR32	st020c01	B	2022-03-11T01:24:22z	 -10.010	 -6.026		 299.0	 8	34.9078	1.766	 76.81	 0.00	 31.860	31.859	  1.98	13.99																											9.9102	7.5225	25.0000		
PIRATA-FR32	st020c01	B	2022-03-11T01:24:22z	 -10.010	 -6.026		 498.0	 7	34.6401	1.943	 84.49	 0.00	 36.861	36.861	  2.35	21.18																											7.1703	7.4704	25.0000		
PIRATA-FR32	st020c01	B	2022-03-11T01:24:22z	 -10.010	 -6.026		 795.0	 6	34.5050	2.923	127.09	-0.00	 36.630	36.631	  2.44	31.01																											4.9382	7.5102	25.0000		
PIRATA-FR32	st020c01	B	2022-03-11T01:24:22z	 -10.010	 -6.026		 993.0	 5	34.5889	3.646	158.53	-0.00	 33.386	33.388	  2.24	33.56																											4.2837	7.5650	25.0000		
PIRATA-FR32	st020c01	B	2022-03-11T01:24:22z	 -10.010	 -6.026		1239.0	 4				 0.00	 27.142	27.138	  1.81	25.55																											4.3555		25.0000		
PIRATA-FR32	st020c01	B	2022-03-11T01:24:22z	 -10.010	 -6.026		1486.0	 3	34.9347	5.084	221.11	-0.00	 22.796	22.798	  1.50	20.81																											4.1851	7.6918	25.0000		
PIRATA-FR32	st020c01	B	2022-03-11T01:24:22z	 -10.010	 -6.026		1733.0	 2				-0.00	 20.931	20.932	  1.38	20.32																											3.9102		25.0000		
PIRATA-FR32	st020c01	B	2022-03-11T01:24:22z	 -10.010	 -6.026		1980.0	 1	34.9507	5.530	240.35	-0.00	 20.800	20.803	  1.37	24.09																											3.5613	7.7141	25.0000		
PIRATA-FR32	st021c01	B	2022-03-11T06:14:29z	  -9.998	 -6.497		   3.0	14																																			28.3466		25.0000		
PIRATA-FR32	st021c01	B	2022-03-11T06:14:29z	  -9.998	 -6.497		   2.0	13	35.8980	4.548	198.67																																28.3480	8.0458	25.0000		
PIRATA-FR32	st021c01	B	2022-03-11T06:14:29z	  -9.998	 -6.497		  22.0	12	35.8999	4.497	196.29																																28.3426		25.0000		
PIRATA-FR32	st021c01	B	2022-03-11T06:14:29z	  -9.998	 -6.497		  42.0	11																																			27.2530		25.0000		
PIRATA-FR32	st021c01	B	2022-03-11T06:14:29z	  -9.998	 -6.497		  42.0	10	36.3158	4.680	204.17																																27.2357	8.0303	25.0000		
PIRATA-FR32	st021c01	B	2022-03-11T06:14:29z	  -9.998	 -6.497		  42.0	 9	36.3085	4.689	204.58																																27.2188	8.0377	25.0000		
PIRATA-FR32	st021c01	B	2022-03-11T06:14:29z	  -9.998	 -6.497		  61.0	 8	36.3418	4.856	211.63																																22.9160	7.9945	25.0000		
PIRATA-FR32	st021c01	B	2022-03-11T06:14:29z	  -9.998	 -6.497		  81.0	 7	35.9823	3.312	144.21																																18.3084		25.0000		
PIRATA-FR32	st021c01	B	2022-03-11T06:14:29z	  -9.998	 -6.497		  99.0	 6	35.4993	2.218	 96.55																																14.7541	7.6696	25.0000		
PIRATA-FR32	st021c01	B	2022-03-11T06:14:29z	  -9.998	 -6.497		 150.0	 5	35.2223	2.093	 91.07																																12.5159	7.5908	25.0000		
PIRATA-FR32	st021c01	B	2022-03-11T06:14:29z	  -9.998	 -6.497		 199.0	 4	35.0663	2.090	 90.91																																11.2547	7.5713	25.0000		
PIRATA-FR32	st021c01	B	2022-03-11T06:14:29z	  -9.998	 -6.497		 298.0	 3	34.9068	1.925	 83.76																																9.9265	7.5255	25.0000		
PIRATA-FR32	st021c01	B	2022-03-11T06:14:29z	  -9.998	 -6.497		 397.0	 2	34.8020	1.648	 71.70																																8.9367	7.4711	25.0000		
PIRATA-FR32	st021c01	B	2022-03-11T06:14:29z	  -9.998	 -6.497		 498.0	 1	34.6621	1.957	 85.11																																7.4562	7.4757	25.0000		
PIRATA-FR32	st022c01	B	2022-03-11T09:53:50z	 -10.000	 -6.998		   2.0	12	36.0344	4.485	195.76	-0.00	  0.029	0.032	  0.07	 0.99																											28.1349	8.0420	25.0000		
PIRATA-FR32	st022c01	B	2022-03-11T09:53:50z	 -10.000	 -6.998		  20.0	11	36.3392	4.523	197.37	-0.01	  0.042	0.048	  0.09	 0.77																											27.9151		25.0000		
PIRATA-FR32	st022c01	B	2022-03-11T09:53:50z	 -10.000	 -6.998		  19.0	10	36.3388	4.531	197.73	-0.00	  0.044	0.048	  0.09	 0.75																											27.9019	8.0348	25.0000		
PIRATA-FR32	st022c01	B	2022-03-11T09:53:50z	 -10.000	 -6.998		  40.0	 9	36.4793	4.992	217.62	-0.00	  0.019	0.020	  0.11	 0.91																											24.7227	8.0242	25.0000		
PIRATA-FR32	st022c01	B	2022-03-11T09:53:50z	 -10.000	 -6.998		  60.0	 8	36.4442	4.545	197.95	 0.04	  2.092	2.051	  0.35	 1.76																											21.2640	7.9519	25.0000		
PIRATA-FR32	st022c01	B	2022-03-11T09:53:50z	 -10.000	 -6.998		  80.0	 7	36.0406	3.336	145.26	 0.28	 11.201	10.921	  0.84	 3.51																											18.5912		25.0000		
PIRATA-FR32	st022c01	B	2022-03-11T09:53:50z	 -10.000	 -6.998		 100.0	 6	35.7437	2.557	111.33	 0.30	 17.561	17.261	  1.18	 5.07																											16.7752	7.7331	25.0000		
PIRATA-FR32	st022c01	B	2022-03-11T09:53:50z	 -10.000	 -6.998		 149.0	 5	35.2873	2.089	 90.92	 0.01	 24.591	24.579	  1.58	 8.55																											13.0140	7.6166	25.0000		
PIRATA-FR32	st022c01	B	2022-03-11T09:53:50z	 -10.000	 -6.998		 200.0	 4	35.0713	2.131	 92.71	 0.01	 27.426	27.419	  1.75	10.86																											11.3024	7.5830	25.0000		
PIRATA-FR32	st022c01	B	2022-03-11T09:53:50z	 -10.000	 -6.998		 300.0	 3	34.9025	1.881	 81.84	 0.00	 31.504	31.500	  1.98	13.84																											9.8753	7.5273	25.0000		
PIRATA-FR32	st022c01	B	2022-03-11T09:53:50z	 -10.000	 -6.998		 399.0	 2	34.7801	1.500	 65.26	 0.00	 35.868	35.864	  2.25	17.16																											8.6591	7.4709	25.0000		
PIRATA-FR32	st022c01	B	2022-03-11T09:53:50z	 -10.000	 -6.998		 503.0	 1	34.6561	2.211	 96.17	 0.01	 35.062	35.055	  2.25	19.73																											7.4775	7.4998	25.0000		
PIRATA-FR32	st023c01	B	2022-03-11T13:38:43z	  -9.999	 -7.499		   4.0	14																																			27.9910		25.0000		
PIRATA-FR32	st023c01	B	2022-03-11T13:38:43z	  -9.999	 -7.499		   4.0	13	36.3599	4.664	203.75																																27.9966	8.0329	25.0000		
PIRATA-FR32	st023c01	B	2022-03-11T13:38:43z	  -9.999	 -7.499		  20.0	12	36.3556	4.529	197.65																																27.7782		25.0000		
PIRATA-FR32	st023c01	B	2022-03-11T13:38:43z	  -9.999	 -7.499		  20.0	11	36.4267	4.526	197.51																																27.7761	8.0202	25.0000		
PIRATA-FR32	st023c01	B	2022-03-11T13:38:43z	  -9.999	 -7.499		  40.0	10																																			24.9990		25.0000		
PIRATA-FR32	st023c01	B	2022-03-11T13:38:43z	  -9.999	 -7.499		  40.0	 9	36.4298	4.986	217.40																																24.9857	8.0398	25.0000		
PIRATA-FR32	st023c01	B	2022-03-11T13:38:43z	  -9.999	 -7.499		  60.0	 8	36.1576	3.867	168.45																																20.0197	7.8865	25.0000		
PIRATA-FR32	st023c01	B	2022-03-11T13:38:43z	  -9.999	 -7.499		  80.0	 7	35.7006	2.509	109.25																																16.8313		25.0000		
PIRATA-FR32	st023c01	B	2022-03-11T13:38:43z	  -9.999	 -7.499		 100.0	 6	35.3836	2.002	 87.13																																13.8166	7.6253	25.0000		
PIRATA-FR32	st023c01	B	2022-03-11T13:38:43z	  -9.999	 -7.499		 150.0	 5	35.1358	2.068	 90.00																																11.8349	7.5944	25.0000		
PIRATA-FR32	st023c01	B	2022-03-11T13:38:43z	  -9.999	 -7.499		 199.0	 4	35.0247	2.108	 91.73																																10.9286	7.5748	25.0000		
PIRATA-FR32	st023c01	B	2022-03-11T13:38:43z	  -9.999	 -7.499		 299.0	 3	34.8785	1.788	 77.78																																9.6618	7.5149	25.0000		
PIRATA-FR32	st023c01	B	2022-03-11T13:38:43z	  -9.999	 -7.499		 397.0	 2	34.7760	1.692	 73.60																																8.6822	7.4845	25.0000		
PIRATA-FR32	st023c01	B	2022-03-11T13:38:43z	  -9.999	 -7.499		 497.0	 1	34.6609	1.820	 79.17																																7.4498	7.4670	25.0000		
PIRATA-FR32	st024c01	B	2022-03-11T17:31:14z	  -9.999	 -8.000		   3.0	13									0.0043	0.0055	0.0057	0.0031	0.0022			0.0012	0.0159	0.0014	0.0052			0.1035		0.0022	0.0050	0.0072	0.0109			0.0455	0.0518	0.0973	0.0007		27.9403		25.0000		
PIRATA-FR32	st024c01	B	2022-03-11T17:31:14z	  -9.999	 -8.000		   3.0	12	36.3684	4.534	197.84	 0.01	  0.039	0.033	  0.12	 0.86																											27.9437	8.0309	25.0000		
PIRATA-FR32	st024c01	B	2022-03-11T17:31:14z	  -9.999	 -8.000		  22.0	11	36.3718	4.530	197.66	 0.00	  0.066	0.063	  0.12	 0.82	0.0039	0.0052	0.0052	0.0026	0.0020			0.0008	0.0128	0.0011	0.0038			0.0916		0.0031	0.0052	0.0083	0.0101			0.0434	0.0435	0.0869			27.8574		25.0000		
PIRATA-FR32	st024c01	B	2022-03-11T17:31:14z	  -9.999	 -8.000		  41.0	10	36.3568	4.880	212.84	 0.00	  0.070	0.065	  0.13	 0.91	0.0071	0.0097	0.0069	0.0077	0.0039			0.0011	0.0307	0.0012	0.0055			0.1335		0.0066	0.0087	0.0153	0.0150			0.0698	0.0775	0.1473			25.8701	8.0288	25.0000		
PIRATA-FR32	st024c01	B	2022-03-11T17:31:14z	  -9.999	 -8.000		  61.0	 9	36.4173	5.031	219.24	 0.01	  0.130	0.120	  0.17	 1.20	0.0170	0.0222	0.0132	0.0227	0.0053	0.0016		0.0016	0.0684	0.0016	0.0062			0.1502		0.0151	0.0336	0.0487	0.0288			0.1550	0.1572	0.3122	0.0042		23.2536	8.0148	25.0000		
PIRATA-FR32	st024c01	B	2022-03-11T17:31:14z	  -9.999	 -8.000		  81.0	 8	35.9219	3.152	137.25	 0.32	 12.913	12.591	  0.94	 3.95	0.0526	0.0432	0.0111	0.0889	0.0195	0.0077	0.0039	0.0052	0.1049	0.0016	0.0063			0.0760		0.1254	0.1277	0.2531	0.0454			0.1453	0.2787	0.4240	0.0057		18.1946		25.0000		
PIRATA-FR32	st024c01	B	2022-03-11T17:31:14z	  -9.999	 -8.000		 100.0	 7	35.6330	2.520	109.69	 0.13	 19.017	18.889	  1.27	 5.82	0.0373	0.0253	0.0074	0.0628	0.0141	0.0034	0.0031	0.0022	0.0575	0.0011	0.0045			0.0315		0.1036	0.0540	0.1576	0.0311			0.0811	0.1917	0.2728	0.0045		15.9219	7.6768	25.0000		
PIRATA-FR32	st024c01	B	2022-03-11T17:31:14z	  -9.999	 -8.000		 149.0	 6	35.2319	2.102	 91.46	 0.01	 25.421	25.409	  1.62	 9.18																											12.6106	7.5702	25.0000		
PIRATA-FR32	st024c01	B	2022-03-11T17:31:14z	  -9.999	 -8.000		 199.0	 5	35.0571	2.161	 94.04	 0.00	 27.687	27.682	  1.74	11.06																											11.1979	7.5336	25.0000		
PIRATA-FR32	st024c01	B	2022-03-11T17:31:14z	  -9.999	 -8.000		 299.0	 4	34.8846	1.844	 80.20	 0.00	 31.972	31.967	  2.00	14.22																											9.6971	7.4871	25.0000		
PIRATA-FR32	st024c01	B	2022-03-11T17:31:14z	  -9.999	 -8.000		 398.0	 3	34.7433	1.717	 74.69	 0.01	 35.458	35.451	  2.24	17.82																											8.3255	7.4672	25.0000		
PIRATA-FR32	st024c01	B	2022-03-11T17:31:14z	  -9.999	 -8.000		 498.0	 2	34.6517			 0.01	 37.508	37.501	  2.38	20.86																											7.2967	7.4621	25.0000		
PIRATA-FR32	st024c01	B	2022-03-11T17:31:14z	  -9.999	 -8.000		 499.0	 1	34.6517	1.831	 79.64	 0.01	 37.163	37.157	  2.38	20.84																											7.2957	7.4494	25.0000		
PIRATA-FR32	st025c01	B	2022-03-11T21:12:52z	 -10.001	 -8.498		   2.0	14																																			27.7650		25.0000		
PIRATA-FR32	st025c01	B	2022-03-11T21:12:52z	 -10.001	 -8.498		   2.0	13		4.407	192.47																																27.7640	8.0231	25.0000		
PIRATA-FR32	st025c01	B	2022-03-11T21:12:52z	 -10.001	 -8.498		  20.0	12	36.4220																																		27.7667		25.0000		
PIRATA-FR32	st025c01	B	2022-03-11T21:12:52z	 -10.001	 -8.498		  40.0	11																																			25.2459		25.0000		
PIRATA-FR32	st025c01	B	2022-03-11T21:12:52z	 -10.001	 -8.498		  40.0	10	36.3829	4.953	215.97																																25.1821	8.0268	25.0000		
PIRATA-FR32	st025c01	B	2022-03-11T21:12:52z	 -10.001	 -8.498		  60.0	 9	36.6965	5.023	218.87																																23.6657	8.0212	25.0000		
PIRATA-FR32	st025c01	B	2022-03-11T21:12:52z	 -10.001	 -8.498		  80.0	 8	36.3442	4.250	185.09																																20.5447		25.0000		
PIRATA-FR32	st025c01	B	2022-03-11T21:12:52z	 -10.001	 -8.498		 101.0	 7	35.2407	2.878	125.33																																15.9058	7.7148	25.0000		
PIRATA-FR32	st025c01	B	2022-03-11T21:12:52z	 -10.001	 -8.498		 150.0	 6	35.2410	2.061	 89.69																																12.5963	7.6103	25.0000		
PIRATA-FR32	st025c01	B	2022-03-11T21:12:52z	 -10.001	 -8.498		 201.0	 5	35.0358	2.055	 89.43																																11.0405	7.5706	25.0000		
PIRATA-FR32	st025c01	B	2022-03-11T21:12:52z	 -10.001	 -8.498		 300.0	 4	34.8860	1.853	 80.60																																9.7022	7.5129	25.0000		
PIRATA-FR32	st025c01	B	2022-03-11T21:12:52z	 -10.001	 -8.498		 403.0	 3	34.7758	1.539	 66.97																																8.6227	7.4726	25.0000		
PIRATA-FR32	st025c01	B	2022-03-11T21:12:52z	 -10.001	 -8.498		 402.0	 2	34.7768	1.548	 67.33																																8.6327	7.4722	25.0000		
PIRATA-FR32	st025c01	B	2022-03-11T21:12:52z	 -10.001	 -8.498		 501.0	 1	34.6692	1.939	 84.33																																7.5088	7.4845	25.0000		
PIRATA-FR32	st026c01	B	2022-03-12T00:54:03z	  -9.999	 -8.999		   3.0	12	36.4410	4.522	197.50	 0.00	  0.027	0.024	  0.14	 0.87																											27.5763	8.0274	25.0000		
PIRATA-FR32	st026c01	B	2022-03-12T00:54:03z	  -9.999	 -8.999		  20.0	11	36.4437	4.525	197.43	 0.00	  0.034	0.033	  0.14	 0.89																											27.5808		25.0000		
PIRATA-FR32	st026c01	B	2022-03-12T00:54:03z	  -9.999	 -8.999		  40.0	10	36.4500	4.654	202.98	 0.00	  0.027	0.024	  0.15	 0.96																											26.8694	8.0196	25.0000		
PIRATA-FR32	st026c01	B	2022-03-12T00:54:03z	  -9.999	 -8.999		  60.0	 9	36.5832	4.962	216.25	 0.00	  0.029	0.027	  0.14	 1.09																											23.3710	8.0189	25.0000		
PIRATA-FR32	st026c01	B	2022-03-12T00:54:03z	  -9.999	 -8.999		  80.0	 8	36.5746	4.880	212.59	 0.01	  0.425	0.412	  0.22	 1.25																											22.1748		25.0000		
PIRATA-FR32	st026c01	B	2022-03-12T00:54:03z	  -9.999	 -8.999		 100.0	 7	36.0591	3.695	160.82	 0.27	  9.719	9.447	  0.76	 3.03																											18.4721	7.8495	25.0000		
PIRATA-FR32	st026c01	B	2022-03-12T00:54:03z	  -9.999	 -8.999		 149.0	 6	35.3498	2.097	 91.23	 0.02	 24.354	24.333	  1.55	 8.10																											13.4900	7.6316	25.0000		
PIRATA-FR32	st026c01	B	2022-03-12T00:54:03z	  -9.999	 -8.999		 200.0	 5	35.1066	2.100	 91.36	 0.01	 27.155	27.143	  1.73	10.53																											11.5417	7.5835	25.0000		
PIRATA-FR32	st026c01	B	2022-03-12T00:54:03z	  -9.999	 -8.999		 299.0	 4	34.9028	1.869	 81.33	 0.01	 31.503	31.495	  1.99	13.79																											9.8635	7.5353	25.0000		
PIRATA-FR32	st026c01	B	2022-03-12T00:54:03z	  -9.999	 -8.999		 299.0	 3	34.9038	1.863	 81.06	 0.00	 31.389	31.384	  2.00	13.78																											9.8640	7.5272	25.0000		
PIRATA-FR32	st026c01	B	2022-03-12T00:54:03z	  -9.999	 -8.999		 397.0	 2	34.7957	1.714	 74.56	 0.01	 34.303	34.292	  2.16	16.37																											8.8710	7.4935	25.0000		
PIRATA-FR32	st026c01	B	2022-03-12T00:54:03z	  -9.999	 -8.999		 503.0	 1	34.6868	1.849	 80.41	 0.01	 36.023	36.018	  2.32	19.34																											7.7304	7.4787	25.0000		
PIRATA-FR32	st027c01	B	2022-03-12T04:49:08z	  -9.999	 -9.498		   3.0	14																																			27.3481		25.0000		
PIRATA-FR32	st027c01	B	2022-03-12T04:49:08z	  -9.999	 -9.498		   3.0	13	36.5023	4.557	198.76																																27.3496	8.0314	25.0000		
PIRATA-FR32	st027c01	B	2022-03-12T04:49:08z	  -9.999	 -9.498		  23.0	12	36.4994	4.551	198.53																																27.3632		25.0000		
PIRATA-FR32	st027c01	B	2022-03-12T04:49:08z	  -9.999	 -9.498		  43.0	11	36.4790																																		27.0303		25.0000		
PIRATA-FR32	st027c01	B	2022-03-12T04:49:08z	  -9.999	 -9.498		  43.0	10	36.4634	4.713	205.54																																27.0529	8.0266	25.0000		
PIRATA-FR32	st027c01	B	2022-03-12T04:49:08z	  -9.999	 -9.498		  62.0	 9	36.5533	5.013	218.49																																24.5198	8.0444	25.0000		
PIRATA-FR32	st027c01	B	2022-03-12T04:49:08z	  -9.999	 -9.498		  82.0	 8	36.6848	4.994	217.59																																23.5695		25.0000		
PIRATA-FR32	st027c01	B	2022-03-12T04:49:08z	  -9.999	 -9.498		 100.0	 7	35.8685	2.958	128.78																																17.8274	7.7779	25.0000		
PIRATA-FR32	st027c01	B	2022-03-12T04:49:08z	  -9.999	 -9.498		 149.0	 6	35.2544	2.094	 91.13																																12.6513	7.6163	25.0000		
PIRATA-FR32	st027c01	B	2022-03-12T04:49:08z	  -9.999	 -9.498		 199.0	 5	35.0290	1.931	 84.04																																10.9092	7.5623	25.0000		
PIRATA-FR32	st027c01	B	2022-03-12T04:49:08z	  -9.999	 -9.498		 199.0	 4	35.0271	1.938	 84.33																																10.8662	7.5584	25.0000		
PIRATA-FR32	st027c01	B	2022-03-12T04:49:08z	  -9.999	 -9.498		 298.0	 3	34.8704	1.776	 77.28																																9.5450	7.5123	25.0000		
PIRATA-FR32	st027c01	B	2022-03-12T04:49:08z	  -9.999	 -9.498		 397.0	 2	34.7629	1.697	 73.83																																8.5205	7.4849	25.0000		
PIRATA-FR32	st027c01	B	2022-03-12T04:49:08z	  -9.999	 -9.498		 497.0	 1	34.6760	1.900	 82.64																																7.6148	7.4782	25.0000		
PIRATA-FR32	st028c01	B	2022-03-12T10:52:09z	  -9.968	 -9.902		   3.0	18									0.0041	0.0051	0.0052	0.0027	0.0018			0.0017	0.0127	0.0013	0.0076		0.0034	0.0762		0.0039	0.0077	0.0116	0.0081			0.0287	0.0404	0.0691	0.0023		27.3424		25.0000		
PIRATA-FR32	st028c01	B	2022-03-12T10:52:09z	  -9.968	 -9.902		   2.0	17	36.5187	4.545	198.47	 0.02	  0.121	0.100	  0.10	 0.92																											27.3482	8.0348	25.0000		
PIRATA-FR32	st028c01	B	2022-03-12T10:52:09z	  -9.968	 -9.902		  20.0	16	36.5165	4.548	198.60	 0.02	  0.082	0.064	  0.10	 0.92	0.0039	0.0051	0.0056	0.0027	0.0021			0.0019	0.0126	0.0012	0.0078		0.0019	0.0723		0.0043	0.0070	0.0113	0.0079			0.0250	0.0341	0.0591			27.3048	8.0380	25.0000		
PIRATA-FR32	st028c01	B	2022-03-12T10:52:09z	  -9.968	 -9.902		  40.0	15	36.5192	4.550	198.70	 0.02	  0.072	0.055	  0.11	 0.91	0.0041	0.0059	0.0060	0.0034	0.0026			0.0022	0.0152	0.0012	0.0067		0.0011	0.0771		0.0026	0.0078	0.0104	0.0092			0.0290	0.0460	0.0750			27.2777	8.0341	25.0000		
PIRATA-FR32	st028c01	B	2022-03-12T10:52:09z	  -9.968	 -9.902		  60.0	14	36.7050	5.024	218.97	 0.02	  0.070	0.049	  0.11	 0.91	0.0064	0.0089	0.0078	0.0067	0.0037			0.0022	0.0252	0.0013	0.0056		0.0010	0.0953		0.0054	0.0086	0.0140	0.0109			0.0484	0.0660	0.1144			24.3087	8.0278	25.0000		
PIRATA-FR32	st028c01	B	2022-03-12T10:52:09z	  -9.968	 -9.902		  80.0	13	36.6758	5.017	218.59	 0.02	  0.182	0.159	  0.15	 0.93	0.0171	0.0214	0.0126	0.0214	0.0061	0.0016		0.0031	0.0647	0.0016	0.0059			0.1271		0.0104	0.0434	0.0538	0.0241			0.1251	0.1418	0.2669	0.0042		22.3017	8.0125	25.0000		
PIRATA-FR32	st028c01	B	2022-03-12T10:52:09z	  -9.968	 -9.902		  99.0	12	36.0412	3.395	147.78	 0.33	 11.352	11.020	  0.84	 3.38	0.0392	0.0338	0.0095	0.0646	0.0117	0.0078	0.0031	0.0059	0.0836	0.0017	0.0047			0.0829		0.1186	0.1154	0.2340	0.0412			0.1497	0.2120	0.3617	0.0061		19.1073	7.8308	25.0000		
PIRATA-FR32	st028c01	B	2022-03-12T10:52:09z	  -9.968	 -9.902		 150.0	11				 0.04	 24.416	24.381	  1.57	 7.77																											13.8078		25.0000		
PIRATA-FR32	st028c01	B	2022-03-12T10:52:09z	  -9.968	 -9.902		 199.0	10	35.1163	1.897	 82.44	 0.02	 28.770	28.747	  1.82	10.73																											11.5713	7.5750	25.0000		
PIRATA-FR32	st028c01	B	2022-03-12T10:52:09z	  -9.968	 -9.902		 298.0	 9	34.8958	1.827	 79.41	 0.02	 32.794	32.776	  2.05	14.21																											9.8086	7.5223	25.0000		
PIRATA-FR32	st028c01	B	2022-03-12T10:52:09z	  -9.968	 -9.902		 500.0	 8	34.6773	1.815	 78.93	 0.02	 37.622	37.604	  2.38	19.93																											7.6572	7.4766	25.0000		
PIRATA-FR32	st028c01	B	2022-03-12T10:52:09z	  -9.968	 -9.902		 799.0	 7	34.5112	2.872	124.87	 0.02	 39.346	39.330	  2.53	32.42																											4.8213	7.5082	25.0000		
PIRATA-FR32	st028c01	B	2022-03-12T10:52:09z	  -9.968	 -9.902		1001.0	 6	34.5902	3.524	153.24	 0.02	 35.258	35.241	  2.35	34.92																											4.2162	7.5571	25.0000		
PIRATA-FR32	st028c01	B	2022-03-12T10:52:09z	  -9.968	 -9.902		1001.0	 5	34.5936	3.528	153.42	 0.01	 35.200	35.190	  2.35	34.84																											4.2163	7.5539	25.0000		
PIRATA-FR32	st028c01	B	2022-03-12T10:52:09z	  -9.968	 -9.902		1249.0	 4				 0.02	 28.989	28.967	  1.92	28.47																											4.1157		25.0000		
PIRATA-FR32	st028c01	B	2022-03-12T10:52:09z	  -9.968	 -9.902		1500.0	 3	34.9246	5.026	218.54	 0.01	 24.370	24.357	  1.61	22.34																											4.1151	7.6808	25.0000		
PIRATA-FR32	st028c01	B	2022-03-12T10:52:09z	  -9.968	 -9.902		1751.0	 2				 0.01	 23.260	23.251	  1.53	23.35																											3.8348	7.7052	25.0000		
PIRATA-FR32	st028c01	B	2022-03-12T10:52:09z	  -9.968	 -9.902		2001.0	 1	34.9381	5.410	235.15	 0.02	 22.451	22.435	  1.51	27.08																											3.5114		25.0000		
PIRATA-FR32	st029c01	B	2022-03-14T23:28:48z	  -9.972	-19.925		   4.0	17										0.0051	0.0054	0.0033	0.0020			0.0026	0.0107	0.0016	0.0036			0.0769			0.0059		0.0067			0.0312	0.0359	0.0671			25.4968		25.0000		
PIRATA-FR32	st029c01	B	2022-03-14T23:28:48z	  -9.972	-19.925		   3.0	16	36.7103	4.707	205.44	 0.01	  0.029	0.019	  0.21	 0.78																											25.4954	8.0082	25.0000		
PIRATA-FR32	st029c01	B	2022-03-14T23:28:48z	  -9.972	-19.925		  21.0	15	36.7092	4.714	205.72	 0.00	  0.026	0.022	  0.21	 0.68		0.0046	0.0049	0.0032	0.0020			0.0024	0.0096		0.0033			0.0716			0.0054		0.0068			0.0290	0.0323	0.0613			25.4967	8.0204	25.0000		
PIRATA-FR32	st029c01	B	2022-03-14T23:28:48z	  -9.972	-19.925		  39.0	14	36.3542	5.248	228.92	-0.00	  0.033	0.035	  0.25	 0.82	0.0045	0.0062	0.0065	0.0049	0.0024			0.0027	0.0141		0.0036			0.0959		0.0030	0.0056	0.0086	0.0092			0.0440	0.0444	0.0884	0.0027		22.8664	7.9906	25.0000		
PIRATA-FR32	st029c01	B	2022-03-14T23:28:48z	  -9.972	-19.925		  60.0	13	36.3137	5.335	232.33	 0.01	  0.043	0.036	  0.24	 0.84	0.0054	0.0071	0.0063	0.0059	0.0023			0.0024	0.0184	0.0010	0.0031			0.0849		0.0029	0.0082	0.0111	0.0095			0.0479	0.0488	0.0967	0.0026		21.6640	7.9790	25.0000		
PIRATA-FR32	st029c01	B	2022-03-14T23:28:48z	  -9.972	-19.925		  81.0	12	36.2690	5.304	230.94	 0.01	 -0.013	-0.019	  0.23	 1.00	0.0082	0.0103	0.0071	0.0113	0.0027			0.0025	0.0294		0.0034			0.0864		0.0060	0.0186	0.0246	0.0138			0.0717	0.0683	0.1400	0.0029		20.8740	7.9789	25.0000		
PIRATA-FR32	st029c01	B	2022-03-14T23:28:48z	  -9.972	-19.925		 106.0	11	36.1722	5.190	226.00	 0.02	  0.083	0.060	  0.23	 1.21	0.0190	0.0196	0.0077	0.0290	0.0045			0.0028	0.0587		0.0039			0.0807		0.0156	0.0686	0.0842	0.0240			0.1087	0.1098	0.2185	0.0038		19.8818	7.9383	25.0000		
PIRATA-FR32	st029c01	B	2022-03-14T23:28:48z	  -9.972	-19.925		 199.0	10	35.4929	4.695	204.27	 0.02	  6.590	6.570	  0.57	 2.76																											15.6304	7.8626	25.0000		
PIRATA-FR32	st029c01	B	2022-03-14T23:28:48z	  -9.972	-19.925		 298.0	 9	35.0485	4.489	195.18	-0.00	 14.299	14.302	  1.00	 5.30																											12.1361	7.7663	25.0000		
PIRATA-FR32	st029c01	B	2022-03-14T23:28:48z	  -9.972	-19.925		 497.0	 8	34.5823	3.171	137.84	-0.00	 31.691	31.693	  2.07	17.63																											7.4712	7.5619	25.0000		
PIRATA-FR32	st029c01	B	2022-03-14T23:28:48z	  -9.972	-19.925		 793.0	 7	34.4606	3.632	157.91	-0.00	 35.334	35.338	  2.36	34.33																											4.4230	7.5521	25.0000		
PIRATA-FR32	st029c01	B	2022-03-14T23:28:48z	  -9.972	-19.925		 793.0	 6	34.4594	3.649	158.67	 0.00	 35.543	35.542	  2.36	34.38																											4.4191	7.5512	25.0000		
PIRATA-FR32	st029c01	B	2022-03-14T23:28:48z	  -9.972	-19.925		 991.0	 5	34.5375	3.904	169.78	 0.00	 34.183	34.183	  2.29	37.62																											3.9775	7.5718	25.0000		
PIRATA-FR32	st029c01	B	2022-03-14T23:28:48z	  -9.972	-19.925		1236.0	 4				 0.00	 31.465	31.464	  2.11	35.40																											3.8748		25.0000		
PIRATA-FR32	st029c01	B	2022-03-14T23:28:48z	  -9.972	-19.925		1486.0	 3	34.8204	4.658	202.52	 0.01	 27.445	27.437	  1.82	30.58																											3.8088	7.6602	25.0000		
PIRATA-FR32	st029c01	B	2022-03-14T23:28:48z	  -9.972	-19.925		1732.0	 2				 0.01	 24.934	24.926	  1.66	31.86																											3.5057		25.0000		
PIRATA-FR32	st029c01	B	2022-03-14T23:28:48z	  -9.972	-19.925		1978.0	 1	34.8709	5.298	230.31	 0.01	 24.308	24.302	  1.63	38.65																											3.0335	7.6942	25.0000		
PIRATA-FR32	st030c01	B	2022-03-16T09:25:32z	  -5.783	-16.097		   4.0	10	36.6908	5.130	223.90	 0.01	  0.037	0.029	  0.17	 0.79	0.0077	0.0097	0.0063	0.0086	0.0088	0.0015	0.0017	0.0027	0.0237	0.0037	0.0133		0.0027	0.0961		0.0040	0.0114	0.0154	0.0151			0.0674	0.0943	0.1617	0.0033		25.3732	8.0151	25.0000		
PIRATA-FR32	st030c01	B	2022-03-16T09:25:32z	  -5.783	-16.097		  20.0	 9				 0.01	  0.028	0.018	  0.18	 0.74	0.0075	0.0103	0.0071	0.0089	0.0099	0.0015	0.0017	0.0029	0.0227	0.0018	0.0106		0.0015	0.0902		0.0049	0.0114	0.0163	0.0150			0.0680	0.0938	0.1618	0.0031		25.2528		25.0000		
PIRATA-FR32	st030c01	B	2022-03-16T09:25:32z	  -5.783	-16.097		  40.0	 8	36.2979	5.498	239.45	 0.01	  0.049	0.038	  0.23	 0.89																											22.3966		25.0000		
PIRATA-FR32	st030c01	B	2022-03-16T09:25:32z	  -5.783	-16.097		  40.0	 7	36.3007	5.516	240.55	 0.00	  0.049	0.046	  0.23	 0.90	0.0151	0.0192	0.0088	0.0236	0.0133			0.0023	0.0478	0.0056	0.0082		0.0010	0.1073		0.0098	0.0225	0.0323	0.0220			0.1290	0.1424	0.2714	0.0043		22.3705		25.0000		
PIRATA-FR32	st030c01	B	2022-03-16T09:25:32z	  -5.783	-16.097		  60.0	 6				 0.22	  1.594	1.372	  0.34	 1.14	0.0799	0.0592	0.0172	0.0864	0.1037	0.0073	0.0050	0.0079	0.1871		0.0170			0.1140		0.0461	0.1522	0.1983	0.0478			0.1785	0.5327	0.7112	0.0079		20.3930		25.0000		
PIRATA-FR32	st030c01	B	2022-03-16T09:25:32z	  -5.783	-16.097		  80.0	 5				 0.62	  4.415	3.798	  0.50	 1.55	0.0808	0.0501	0.0111	0.0867	0.1565	0.0071	0.0053	0.0070	0.1247		0.0157			0.0562		0.0469	0.1079	0.1548	0.0367			0.1111	0.5331	0.6442	0.0072		19.7440		25.0000		
PIRATA-FR32	st030c01	B	2022-03-16T09:25:32z	  -5.783	-16.097		  99.0	 4	36.0932	4.568	199.03	 0.62	  7.028	6.406	  0.64	 2.15	0.0492	0.0284	0.0066	0.0595	0.0762	0.0056	0.0037	0.0041	0.0705		0.0077			0.0319		0.0591	0.0520	0.1111	0.0258			0.0754	0.2726	0.3480	0.0054		18.9029		25.0000		
PIRATA-FR32	st030c01	B	2022-03-16T09:25:32z	  -5.783	-16.097		 150.0	 3	35.5922	3.644	158.66	 0.04	 13.868	13.824	  0.99	 4.18																											15.5175		25.0000		
PIRATA-FR32	st030c01	B	2022-03-16T09:25:32z	  -5.783	-16.097		 251.0	 2	35.0506	1.736	 75.51	 0.01	 29.538	29.533	  1.90	10.88																											11.3943	7.5412	25.0000		
PIRATA-FR32	st030c01	B	2022-03-16T09:25:32z	  -5.783	-16.097		 400.0	 1	34.7503	1.926	 83.79	 0.01	 34.916	34.910	  2.24	17.41																											8.4611	7.5032	25.0000		
PIRATA-FR32	st031c01	B	2022-03-16T11:17:35z	  -5.617	-16.002		   3.0	10	36.7542	4.699	205.09	-0.00	  0.014	0.014	  0.16	 0.86	0.0047	0.0062	0.0017	0.0074	0.0052			0.0012	0.0229		0.0128		0.0042	0.0956		0.0026	0.0030	0.0056	0.0101			0.0499	0.0548	0.1047			25.7231	8.0210	25.0000		
PIRATA-FR32	st031c01	B	2022-03-16T11:17:35z	  -5.617	-16.002		  20.0	 9	36.7520	4.703	205.27	 0.00	 -0.011	-0.014	  0.15	 0.89	0.0044	0.0063	0.0018	0.0071	0.0052			0.0011	0.0218		0.0129		0.0027	0.0888		0.0036	0.0041	0.0077	0.0096			0.0432	0.0533	0.0965			25.6830		25.0000		
PIRATA-FR32	st031c01	B	2022-03-16T11:17:35z	  -5.617	-16.002		  20.0	 8	36.7498	4.698	204.77	 0.00	  0.039	0.035	  0.15	 0.93																											25.6838		25.0000		
PIRATA-FR32	st031c01	B	2022-03-16T11:17:35z	  -5.617	-16.002		  40.0	 7				 0.00	  0.039	0.035	  0.20	 0.75	0.0160	0.0192	0.0065	0.0219	0.0344	0.0025	0.0044	0.0039	0.0553		0.0190		0.0013	0.0934		0.0054	0.0359	0.0413	0.0216			0.0921	0.1990	0.2911	0.0073		23.7997		25.0000		
PIRATA-FR32	st031c01	B	2022-03-16T11:17:35z	  -5.617	-16.002		  60.0	 6				 0.02	  0.128	0.105	  0.27	 0.96	0.0272	0.0280	0.0084	0.0333	0.0354	0.0031		0.0035	0.0989		0.0104		0.0006	0.0810		0.0073	0.0520	0.0593	0.0184			0.0722	0.2305	0.3027	0.0073		21.1959		25.0000		
PIRATA-FR32	st031c01	B	2022-03-16T11:17:35z	  -5.617	-16.002		  80.0	 5				 0.77	  4.379	3.609	  0.53	 1.58	0.0163	0.0116	0.0052	0.0219	0.0257	0.0031		0.0023	0.0321		0.0035			0.0110		0.0108	0.0303	0.0411	0.0087			0.0203	0.1090	0.1293	0.0062		19.4847		25.0000		
PIRATA-FR32	st031c01	B	2022-03-16T11:17:35z	  -5.617	-16.002		 100.0	 4	36.1055	4.663	203.19	 0.97	  6.233	5.268	  0.63	 1.81	0.0423	0.0253	0.0068	0.0493	0.0730	0.0029		0.0024	0.0641		0.0071			0.0234		0.0353	0.0423	0.0776	0.0262			0.0567	0.2555	0.3122	0.0033		19.1407		25.0000		
PIRATA-FR32	st031c01	B	2022-03-16T11:17:35z	  -5.617	-16.002		 149.0	 3	35.6383	3.501	152.45	 0.06	 14.997	14.934	  1.07	 4.10																											15.8616		25.0000		
PIRATA-FR32	st031c01	B	2022-03-16T11:17:35z	  -5.617	-16.002		 248.0	 2	35.0880	1.086	 47.23	 0.01	 32.298	32.289	  2.06	11.56																											11.5658	7.4904	25.0000		
PIRATA-FR32	st031c01	B	2022-03-16T11:17:35z	  -5.617	-16.002		 301.0	 1	34.9483	1.266	 55.07	 0.01	 33.877	33.868	  2.17	13.68																											10.3702	7.4782	25.0000		
PIRATA-FR32	st032c01	B	2022-03-16T12:40:20z	  -5.627	-15.915		   2.0	 8	36.7580	4.728	206.38	 0.00	  0.018	0.014	  0.14	 0.80																											25.7625	8.0367	25.0000		
PIRATA-FR32	st032c01	B	2022-03-16T12:40:20z	  -5.627	-15.915		   3.0	 7	36.7570	4.740	206.87	 0.01	  0.046	0.040	  0.14	 0.81	0.0048	0.0065	0.0047	0.0059	0.0052	0.0028		0.0017	0.0247		0.0117		0.0026	0.0837		0.0025	0.0046	0.0071	0.0132			0.0437	0.0501	0.0938	0.0016		25.7566		25.0000		
PIRATA-FR32	st032c01	B	2022-03-16T12:40:20z	  -5.627	-15.915		  20.0	 6				 0.01	  0.028	0.023	  0.14	 0.84	0.0048	0.0066	0.0052	0.0064	0.0062			0.0021	0.0241		0.0105		0.0016	0.0800		0.0026	0.0037	0.0063	0.0140			0.0419	0.0514	0.0933	0.0013		25.6841		25.0000		
PIRATA-FR32	st032c01	B	2022-03-16T12:40:20z	  -5.627	-15.915		  40.0	 5	36.3111	5.503	239.68	 0.01	  0.038	0.030	  0.21	 0.80	0.0155	0.0188	0.0064	0.0227	0.0249	0.0011	0.0026	0.0032	0.0613		0.0163		0.0023	0.0953		0.0062	0.0208	0.0270	0.0239			0.0854	0.1640	0.2494	0.0026		22.6335		25.0000		
PIRATA-FR32	st032c01	B	2022-03-16T12:40:20z	  -5.627	-15.915		  60.0	 4				 0.04	  0.186	0.142	  0.27	 0.97	0.0472	0.0440	0.0087	0.0467	0.0966	0.0017		0.0044	0.1381		0.0177	0.0014			0.0750	0.0074	0.0572	0.0646	0.0288			0.0751	0.3827	0.4578	0.0038		20.8189	7.9701	25.0000		
PIRATA-FR32	st032c01	B	2022-03-16T12:40:20z	  -5.627	-15.915		  82.0	 3				 0.85	  4.613	3.762	  0.52	 1.52	0.0608	0.0372	0.0080	0.0592	0.1356	0.0040		0.0042	0.1012		0.0119			0.0473		0.0342	0.0733	0.1075	0.0334			0.0857	0.3983	0.4840	0.0044		19.5339		25.0000		
PIRATA-FR32	st032c01	B	2022-03-16T12:40:20z	  -5.627	-15.915		 102.0	 2	36.0238	4.239	184.88	 0.40	  9.334	8.938	  0.75	 2.39	0.0268	0.0175	0.0051	0.0427	0.0224	0.0014		0.0021	0.0509		0.0042				0.0181	0.0554	0.0270	0.0824	0.0222			0.0510	0.1298	0.1808	0.0026		18.2520		25.0000		
PIRATA-FR32	st032c01	B	2022-03-16T12:40:20z	  -5.627	-15.915		 144.0	 1	35.3784	2.701	117.54	 0.03	 20.968	20.934	  1.36	 6.09																											14.0223	7.6598	25.0000		
PIRATA-FR32	st033c01	B	2022-03-16T13:56:05z	  -5.713	-15.848		   3.0	10	36.7610	4.719	205.97	 0.01	  0.021	0.014	  0.13	 0.83	0.0045	0.0063	0.0049	0.0058	0.0047			0.0017		0.0241	0.0091		0.0040	0.0811		0.0051	0.0048	0.0099	0.0133			0.0486	0.0455	0.0941	0.0010		25.8344	8.0343	25.0000		
PIRATA-FR32	st033c01	B	2022-03-16T13:56:05z	  -5.713	-15.848		  20.0	 9				 0.01	  0.010	0.004	  0.13	 0.83	0.0045	0.0067	0.0053	0.0055	0.0049			0.0017	0.0231		0.0093	0.0020			0.0748	0.0052	0.0058	0.0110	0.0137			0.0442	0.0450	0.0892	0.0011		25.7586		25.0000		
PIRATA-FR32	st033c01	B	2022-03-16T13:56:05z	  -5.713	-15.848		  40.0	 8	36.4912	5.159	224.77	 0.01	 -0.005	-0.011	  0.17	 0.81	0.0150	0.0186	0.0054	0.0206	0.0270	0.0024	0.0039	0.0044	0.0592	0.0021	0.0169		0.0025	0.0943		0.0059	0.0263	0.0322	0.0243			0.0842	0.1753	0.2595	0.0023		24.5998		25.0000		
PIRATA-FR32	st033c01	B	2022-03-16T13:56:05z	  -5.713	-15.848		  60.0	 7				 0.10	  0.271	0.168	  0.31	 1.06	0.0232	0.0281	0.0105	0.0357	0.0169	0.0092		0.0041	0.0950	0.0014	0.0095		0.0014	0.1222		0.0055	0.0707	0.0762	0.0279			0.0859	0.1976	0.2835	0.0028		20.5434		25.0000		
PIRATA-FR32	st033c01	B	2022-03-16T13:56:05z	  -5.713	-15.848		  80.0	 6				 1.04	  3.204	2.164	  0.44	 1.32	0.0357	0.0355	0.0102	0.0541	0.0178	0.0105	0.0010	0.0046	0.1136	0.0012	0.0070			0.1039		0.0191	0.1544	0.1735	0.0376			0.1327	0.2302	0.3629	0.0034		19.6431		25.0000		
PIRATA-FR32	st033c01	B	2022-03-16T13:56:05z	  -5.713	-15.848		  99.0	 5	36.1816	4.522	197.05	 0.32	  6.779	6.454	  0.62	 1.79	0.0338	0.0234	0.0063	0.0570	0.0150			0.0019	0.0681		0.0044			0.0396		0.0910	0.0472	0.1382	0.0325			0.0919	0.1521	0.2440	0.0025		19.1413		25.0000		
PIRATA-FR32	st033c01	B	2022-03-16T13:56:05z	  -5.713	-15.848		 148.0	 4	35.7103	3.726	162.26	 0.12	 13.309	13.186	  0.97	 3.75																											16.2549		25.0000		
PIRATA-FR32	st033c01	B	2022-03-16T13:56:05z	  -5.713	-15.848		 223.0	 3	35.1076	1.315	 57.18	 0.02	 30.974	30.955	  1.99	10.91																											11.8069	7.5091	25.0000		
PIRATA-FR32	st033c01	B	2022-03-16T13:56:05z	  -5.713	-15.848		 537.0	 2	34.5908	2.303	100.12	 0.01	 36.936	36.923	  2.44	22.41																											6.7812		25.0000		
PIRATA-FR32	st033c01	B	2022-03-16T13:56:05z	  -5.713	-15.848		 537.0	 1	34.5911	2.307	100.34	 0.02	 37.167	37.149	  2.44	22.47																											6.7827	7.4929	25.0000		
PIRATA-FR32	st034c01	B	2022-03-16T15:41:21z	  -5.825	-15.979		   3.0	10	36.7018	4.768	208.08	 0.01	  0.874	0.861	  0.18	 0.73	0.0066	0.0093	0.0049	0.0100	0.0086			0.0020	0.0299	0.0012	0.0103		0.0011	0.1021		0.0048	0.0092	0.0140	0.0190			0.0674	0.0783	0.1457	0.0015		25.7388	8.0392	25.0000		
PIRATA-FR32	st034c01	B	2022-03-16T15:41:21z	  -5.825	-15.979		  23.0	 9				 0.01	  0.030	0.017	  0.17	 0.69	0.0065	0.0099	0.0055	0.0104	0.0094			0.0021	0.0308	0.0117	0.0083		0.0010	0.0988		0.0041	0.0115	0.0156	0.0194			0.0679	0.0827	0.1506	0.0017		25.6676		25.0000		
PIRATA-FR32	st034c01	B	2022-03-16T15:41:21z	  -5.825	-15.979		  42.0	 8	36.5356	5.371	233.95	 0.01	  0.026	0.014	  0.21	 0.69	0.0211	0.0257	0.0079	0.0342	0.0154			0.0026	0.0848		0.0092			0.1130		0.0150	0.0227	0.0377	0.0304			0.1460	0.1773	0.3233	0.0027		22.2177		25.0000		
PIRATA-FR32	st034c01	B	2022-03-16T15:41:21z	  -5.825	-15.979		  62.0	 7				 0.29	  1.647	1.354	  0.37	 1.03	0.0779	0.0541	0.0077	0.0927	0.1015	0.0080	0.0036	0.0065	0.1650		0.0162			0.0777		0.0585	0.1337	0.1922	0.0512			0.1547	0.5059	0.6606	0.0071		20.3882		25.0000		
PIRATA-FR32	st034c01	B	2022-03-16T15:41:21z	  -5.825	-15.979		  82.0	 6				 0.37	  5.101	4.730	  0.55	 1.72	0.0585	0.0308	0.0036	0.0673	0.1094	0.0019	0.0022	0.0028	0.0699		0.0120			0.0330		0.0808	0.0467	0.1275	0.0360			0.0855	0.3530	0.4385	0.0043		19.5509		25.0000		
PIRATA-FR32	st034c01	B	2022-03-16T15:41:21z	  -5.825	-15.979		 100.0	 5	36.0416	4.288	186.81	 0.14	  7.952	7.816	  0.68	 2.44	0.0346	0.0179	0.0026	0.0404	0.0688				0.0422		0.0069			0.0189		0.0648	0.0230	0.0878	0.0271			0.0540	0.2063	0.2603	0.0024		18.3394		25.0000		
PIRATA-FR32	st034c01	B	2022-03-16T15:41:21z	  -5.825	-15.979		 150.0	 4	35.5129	3.625	157.82	 0.05	 14.502	14.449	  1.03	 4.36																											15.1553		25.0000		
PIRATA-FR32	st034c01	B	2022-03-16T15:41:21z	  -5.825	-15.979		 150.0	 3	35.5110	3.615	157.24	 0.05	 14.585	14.531	  1.03	 4.40																											15.1550		25.0000		
PIRATA-FR32	st034c01	B	2022-03-16T15:41:21z	  -5.825	-15.979		 249.0	 2	35.1056	1.916	 83.33	 0.03	 27.591	27.561	  1.79	 9.69																											11.9564	7.5629	25.0000		
PIRATA-FR32	st034c01	B	2022-03-16T15:41:21z	  -5.825	-15.979		 441.0	 1	34.6647	2.241	 97.48	 0.01	 35.565	35.553	  2.31	19.55																											7.6368	7.5075	25.0000		
PIRATA-FR32	st035c01	B	2022-03-16T16:47:44z	  -5.779	-15.947		   3.0	 9	36.6958	4.784	208.79	 0.01	  0.070	0.061	  0.16	 0.72	0.0069	0.0103	0.0028	0.0117	0.0110			0.0013	0.0348		0.0113			0.1077		0.0064	0.0100	0.0164	0.0228			0.0808	0.1101	0.1909	0.0015		25.6379	8.0312	25.0000		
PIRATA-FR32	st035c01	B	2022-03-16T16:47:44z	  -5.779	-15.947		  23.0	 8				 0.08	  0.472	0.395	  0.24	 0.82	0.1265	0.0857	0.0097	0.0854	0.3304	0.0110	0.0106	0.0097	0.1863		0.0364	0.0020	0.0047	0.0636		0.0196	0.1046	0.1242		0.0470		0.0984	0.9817	1.0801	0.0148		22.0743		25.0000		
PIRATA-FR32	st035c01	B	2022-03-16T16:47:44z	  -5.779	-15.947		  43.0	 7	36.1411	5.000	217.63	 0.59	  3.908	3.322	  0.50	 1.71	0.2278	0.0885	0.0071	0.0773	0.7676	0.0087	0.0046	0.0084	0.1078		0.0469			0.0367		0.0359	0.0971	0.1330		0.0517		0.0853	1.6179	1.7032	0.0070		19.9308	7.9296	25.0000		
PIRATA-FR32	st035c01	B	2022-03-16T16:47:44z	  -5.779	-15.947		  63.0	 6				 1.00	  5.909	4.906	  0.65	 2.12	0.2087	0.0755	0.0032	0.0670	0.7058			0.0067	0.0804		0.0413			0.0346		0.0430	0.0731	0.1161		0.0481		0.0921	1.4510	1.5431	0.0055		19.3463		25.0000		
PIRATA-FR32	st035c01	B	2022-03-16T16:47:44z	  -5.779	-15.947		  82.0	 5				 1.01	  7.181	6.166	  0.66	 1.85	0.0413	0.0261	0.0023	0.0533	0.0497			0.0041	0.0647		0.0065		0.0013	0.0275		0.0514	0.0384	0.0898	0.0227			0.0683	0.2065	0.2748	0.0022		19.1375		25.0000		
PIRATA-FR32	st035c01	B	2022-03-16T16:47:44z	  -5.779	-15.947		 100.0	 4	36.0464	4.410	192.14	 0.69	  8.258	7.563	  0.72	 2.35	0.0372	0.0222	0.0018	0.0429	0.0592	0.0019		0.0041	0.0509		0.0064		0.0014	0.0213		0.0415	0.0349	0.0764	0.0197			0.0532	0.2043	0.2575	0.0047		18.6282		25.0000		
PIRATA-FR32	st035c01	B	2022-03-16T16:47:44z	  -5.779	-15.947		 149.0	 3	35.4825	3.494	152.10	 0.06	 15.566	15.506	  1.08	 4.78																											14.8253		25.0000		
PIRATA-FR32	st035c01	B	2022-03-16T16:47:44z	  -5.779	-15.947		 221.0	 2	35.1239	2.054	 89.35	 0.03	 26.999	26.968	  1.74	 9.48																											12.1090		25.0000		
PIRATA-FR32	st035c01	B	2022-03-16T16:47:44z	  -5.779	-15.947		 222.0	 1	35.1210	2.054	 89.35	 0.03	 26.980	26.953	  1.73	 9.45																											12.1020		25.0000		
PIRATA-FR32	st036c01	B	2022-03-22T11:47:16z	  -2.768	 -0.027		   3.0	13									0.0050	0.0084	0.0040	0.0055	0.0077			0.0040	0.0231		0.0104		0.0063	0.1193		0.0036	0.0048	0.0084		0.0153		0.0499	0.0931	0.1430	0.0026		29.8108		25.0000		
PIRATA-FR32	st036c01	B	2022-03-22T11:47:16z	  -2.768	 -0.027		   3.0	12	34.3470	4.456	194.76	 0.01	  0.095	0.081	  0.00	 1.11																											29.8468	8.1006	25.0000		
PIRATA-FR32	st036c01	B	2022-03-22T11:47:16z	  -2.768	 -0.027		  19.0	11	34.8407	4.556	198.73	 0.01	  0.204	0.191	  0.01	 0.98	0.0085	0.0146	0.0067	0.0105	0.0135			0.0060	0.0399		0.0169		0.0045	0.1514		0.0071	0.0126	0.0197	0.0258			0.0895	0.1537	0.2432	0.0040		28.4387	8.0743	25.0000		
PIRATA-FR32	st036c01	B	2022-03-22T11:47:16z	  -2.768	 -0.027		  40.0	10	36.3916	4.267	186.13	 0.06	  1.072	1.008	  0.23	 1.75	0.0599	0.0644	0.0164	0.0883	0.0428	0.0103	0.0072	0.0138	0.1826		0.0245	0.0042	0.0053	0.1090		0.0443	0.1407	0.1850	0.0506			0.1720	0.4328	0.6048	0.0075		23.3949	7.9673	25.0000		
PIRATA-FR32	st036c01	B	2022-03-22T11:47:16z	  -2.768	 -0.027		  59.0	 9	36.2626	4.049	176.62	 0.31	  5.567	5.256	  0.48	 2.40	0.0694	0.0544	0.0070	0.0963	0.0341	0.0089	0.0095	0.0072	0.1668		0.0127	0.0050		0.0603		0.0753	0.0940	0.1693	0.0431			0.1298	0.3704	0.5002	0.0071		20.6299	7.8982	25.0000		
PIRATA-FR32	st036c01	B	2022-03-22T11:47:16z	  -2.768	 -0.027		  81.0	 8	35.9832	3.685	160.39	 0.40	  9.899	9.504	  0.74	 3.46	0.0564	0.0403	0.0046	0.0820	0.0288	0.0053	0.0091		0.1130	0.0071	0.0082	0.0029		0.0371		0.0704	0.0730	0.1434	0.0325			0.0907	0.2814	0.3721	0.0059		18.3827	7.8504	25.0000		
PIRATA-FR32	st036c01	B	2022-03-22T11:47:16z	  -2.768	 -0.027		  81.0	 7	35.9745	3.662	159.39	 0.39	 10.116	9.727	  0.75	 3.49	0.0293	0.0190	0.0012	0.0474	0.0141	0.0024		0.0035	0.0572	0.0050	0.0039			0.0132		0.0616	0.0212	0.0828	0.0204			0.0498	0.1180	0.1678	0.0034		18.3055	7.8483	25.0000		
PIRATA-FR32	st036c01	B	2022-03-22T11:47:16z	  -2.768	 -0.027		 100.0	 6	35.6855	3.493	152.00	 0.08	 14.008	13.930	  0.95	 4.91																											16.0243	7.7911	25.0000		
PIRATA-FR32	st036c01	B	2022-03-22T11:47:16z	  -2.768	 -0.027		 149.0	 5	35.5040	3.288	143.06	 0.03	 17.010	16.983	  1.13	 6.24																											14.7244	7.7492	25.0000		
PIRATA-FR32	st036c01	B	2022-03-22T11:47:16z	  -2.768	 -0.027		 199.0	 4	35.4669	3.039	132.24	 0.02	 18.656	18.632	  1.23	 6.86																											14.4538	7.7288	25.0000		
PIRATA-FR32	st036c01	B	2022-03-22T11:47:16z	  -2.768	 -0.027		 298.0	 3	35.1247	1.639	 71.31	 0.02	 30.363	30.345	  1.88	12.11																											11.4444	7.5502	25.0000		
PIRATA-FR32	st036c01	B	2022-03-22T11:47:16z	  -2.768	 -0.027		 397.0	 2	34.7704	2.181	 94.84	 0.02	 34.093	34.072	  2.20	17.19																											8.6031	7.5202	25.0000		
PIRATA-FR32	st036c01	B	2022-03-22T11:47:16z	  -2.768	 -0.027		 497.0	 1	34.6655	2.689	116.96	 0.02	 33.320	33.303	  2.18	19.22																											7.5787	7.5403	25.0000		
PIRATA-FR32	st037c01	B	2022-03-23T23:41:17z	  -8.500	 +0.668		   3.0	19																																			29.0098		25.0000		
PIRATA-FR32	st037c01	B	2022-03-23T23:41:17z	  -8.500	 +0.668		   3.0	18	35.4087	4.499	196.59	 0.01	  0.006	-0.007	  0.02	 0.91																											29.0080	8.0392	25.0000		
PIRATA-FR32	st037c01	B	2022-03-23T23:41:17z	  -8.500	 +0.668		  19.0	17	35.4057	4.481	195.78	 0.02	 -0.006	-0.022	  0.03	 0.90	0.0050	0.0089	0.0042	0.0066	0.0092				0.0248	0.0068	0.0067			0.1125		0.0045	0.0048	0.0093	0.0170			0.0572	0.0762	0.1334	0.0031		28.6976	8.0522	25.0000		
PIRATA-FR32	st037c01	B	2022-03-23T23:41:17z	  -8.500	 +0.668		  40.0	16	36.0493	4.107	179.21	 0.03	  0.272	0.245	  0.15	 1.89	0.0240	0.0255	0.0076	0.0309	0.0186				0.0769	0.0068	0.0076	0.0024		0.0981		0.0259	0.0496	0.0755	0.0319			0.1136	0.1840	0.2976	0.0047		23.8771	7.9559	25.0000		
PIRATA-FR32	st037c01	B	2022-03-23T23:41:17z	  -8.500	 +0.668		  61.0	15	36.2754	4.062	177.06	 0.26	  4.847	4.590	  0.42	 2.50	0.0402	0.0319	0.0039	0.0531	0.0332	0.0060	0.0065	0.0051	0.0866		0.0085	0.0023		0.0668		0.0393	0.0791	0.1184	0.0341			0.0954	0.2290	0.3244	0.0068		21.0324	7.9240	25.0000		
PIRATA-FR32	st037c01	B	2022-03-23T23:41:17z	  -8.500	 +0.668		  80.0	14	35.9483	3.531	153.86	 0.23	 11.041	10.814	  0.79	 4.44	0.0452	0.0315	0.0036	0.0656	0.0287	0.0040	0.0065	0.0035	0.0779		0.0070	0.0030		0.0408		0.0683	0.0514	0.1197	0.0326			0.0843	0.2238	0.3081	0.0056		18.1356	7.8294	25.0000		
PIRATA-FR32	st037c01	B	2022-03-23T23:41:17z	  -8.500	 +0.668		  99.0	13	35.6118	3.165	137.75	 0.07	 16.189	16.117	  1.10	 5.89	0.0268	0.0170	0.0014	0.0404	0.0157		0.0018	0.0023	0.0473		0.0037	0.0011		0.0144		0.0516	0.0244	0.0760	0.0200			0.0454	0.1092	0.1546	0.0037		16.1320	7.7614	25.0000		
PIRATA-FR32	st037c01	B	2022-03-23T23:41:17z	  -8.500	 +0.668		 150.0	12				 0.02	 18.128	18.104	  1.20	 6.75																											14.6538		25.0000		
PIRATA-FR32	st037c01	B	2022-03-23T23:41:17z	  -8.500	 +0.668		 199.0	11	35.4227	2.737	119.09	 0.02	 20.324	20.304	  1.34	 7.60																											14.0996	7.6945	25.0000		
PIRATA-FR32	st037c01	B	2022-03-23T23:41:17z	  -8.500	 +0.668		 299.0	10	35.0468	1.653	 71.89	 0.02	 31.413	31.394	  1.95	13.19																											10.9232	7.5389	25.0000		
PIRATA-FR32	st037c01	B	2022-03-23T23:41:17z	  -8.500	 +0.668		 299.0	 9	35.0405	1.708	 74.31	 0.02	 31.453	31.432	  1.95	13.21																											10.9404	7.5376	25.0000		
PIRATA-FR32	st037c01	B	2022-03-23T23:41:17z	  -8.500	 +0.668		 398.0	 8	34.8054	2.343	101.92	 0.02	 32.215	32.193	  2.04	16.02																											8.9640	7.5448	25.0000		
PIRATA-FR32	st037c01	B	2022-03-23T23:41:17z	  -8.500	 +0.668		 496.0	 7	34.6692	2.621	113.97	 0.02	 33.803	33.782	  2.17	19.29																											7.6340	7.5382	25.0000		
PIRATA-FR32	st037c01	B	2022-03-23T23:41:17z	  -8.500	 +0.668		 794.0	 6	34.5283	3.423	148.85	 0.01	 35.369	35.356	  2.38	31.86																											4.7947	7.5533	25.0000		
PIRATA-FR32	st037c01	B	2022-03-23T23:41:17z	  -8.500	 +0.668		 993.0	 5	34.6504	3.587	155.96	 0.01	 33.424	33.416	  2.25	30.85	0.0054	0.0093	0.0039	0.0070	0.0097				0.0254	0.0074	0.0068			0.1200		0.0050	0.0055	0.0105	0.0185			0.0613	0.0794	0.1407	0.0032		4.6639	7.5755	25.0000		
PIRATA-FR32	st037c01	B	2022-03-23T23:41:17z	  -8.500	 +0.668		1239.0	 4				 0.01	 29.303	29.290	  1.95	26.63																											4.5758		25.0000		
PIRATA-FR32	st037c01	B	2022-03-23T23:41:17z	  -8.500	 +0.668		1487.0	 3	34.9553	5.105	221.98	 0.01	 22.918	22.912	  1.51	19.60																											4.3497	7.6935	25.0000		
PIRATA-FR32	st037c01	B	2022-03-23T23:41:17z	  -8.500	 +0.668		1733.0	 2				 0.02	 20.872	20.854	  1.39	18.93																											3.9787		25.0000		
PIRATA-FR32	st037c01	B	2022-03-23T23:41:17z	  -8.500	 +0.668		1981.0	 1	34.9614	5.686	247.12	 0.02	 20.276	20.260	  1.37	21.86																											3.5625	7.7229	25.0000		
PIRATA-FR32	st038c01	B	2022-03-24T09:50:46z	  -9.850	 +0.018		   3.0	19									0.0053	0.0092	0.0032	0.0067	0.0101			0.0013	0.0180	0.0050	0.0128	0.0014	0.0032	0.1168		0.0048	0.0051	0.0099	0.0168			0.0719	0.0795	0.1514	0.0026		29.1370		25.0000		
PIRATA-FR32	st038c01	B	2022-03-24T09:50:46z	  -9.850	 +0.018		   3.0	18	34.9753	4.492	196.28	 0.01	  0.011	0.003	  0.01	 0.83																											29.1451	8.0577	25.0000		
PIRATA-FR32	st038c01	B	2022-03-24T09:50:46z	  -9.850	 +0.018		  20.0	17	35.0161	4.535	198.12	 0.01	  0.017	0.005	  0.01	 0.84	0.0049	0.0090	0.0029	0.0066	0.0095			0.0022	0.0172	0.0023	0.0121	0.0013	0.0022	0.1090		0.0047	0.0047	0.0094	0.0158			0.0700	0.0742	0.1442	0.0030		28.6273	8.0652	25.0000		
PIRATA-FR32	st038c01	B	2022-03-24T09:50:46z	  -9.850	 +0.018		  41.0	16	36.2418	4.225	184.40	 0.01	  0.032	0.017	  0.14	 1.71	0.0317	0.0325	0.0082	0.0420	0.0191	0.0022	0.0034	0.0041	0.1043	0.0022	0.0159	0.0020	0.0036	0.0541		0.0115	0.0307	0.0422	0.0211			0.0692	0.2235	0.2927	0.0044		24.3415	7.9826	25.0000		
PIRATA-FR32	st038c01	B	2022-03-24T09:50:46z	  -9.850	 +0.018		  61.0	15	36.3599	4.144	180.72	 0.25	  3.049	2.802	  0.35	 2.19	0.0559	0.0444	0.0053	0.0872	0.0304	0.0033	0.0047	0.0048	0.1388		0.0113	0.0018	0.0029	0.0319		0.0177	0.0643	0.0820	0.0194			0.0495	0.3067	0.3562	0.0044		21.9386	7.9395	25.0000		
PIRATA-FR32	st038c01	B	2022-03-24T09:50:46z	  -9.850	 +0.018		  80.0	14	36.1899	3.990	173.94	 0.34	  6.331	5.994	  0.56	 2.59	0.0369	0.0304	0.0055	0.0569	0.0206	0.0022	0.0039		0.0752	0.0021	0.0064	0.0053	0.0032	0.0241		0.0380	0.0475	0.0855	0.0241			0.0534	0.2066	0.2600	0.0042		19.7238	7.8943	25.0000		
PIRATA-FR32	st038c01	B	2022-03-24T09:50:46z	  -9.850	 +0.018		 100.0	13	35.9024	3.657	159.21	 0.16	 10.664	10.503	  0.79	 3.83	0.0308	0.0216	0.0030	0.0459	0.0144	0.0018	0.0028		0.0564		0.0047	0.0018	0.0025	0.0187		0.0685	0.0349	0.1034	0.0222			0.0548	0.1424	0.1972	0.0037		17.6186	7.8339	25.0000		
PIRATA-FR32	st038c01	B	2022-03-24T09:50:46z	  -9.850	 +0.018		 148.0	12				 0.02	 16.735	16.711	  1.14	 6.26																											14.5689		25.0000		
PIRATA-FR32	st038c01	B	2022-03-24T09:50:46z	  -9.850	 +0.018		 198.0	11	35.3324	2.259	 98.26	 0.02	 23.974	23.955	  1.57	 9.03																											13.3418	7.6419	25.0000		
PIRATA-FR32	st038c01	B	2022-03-24T09:50:46z	  -9.850	 +0.018		 297.0	10	34.9967	1.611	 70.07	 0.02	 32.020	32.003	  2.02	13.78																											10.5213	7.5271	25.0000		
PIRATA-FR32	st038c01	B	2022-03-24T09:50:46z	  -9.850	 +0.018		 297.0	 9	34.9950	1.623	 70.61	 0.02	 32.084	32.067	  2.01	13.88																											10.5322	7.5265	25.0000		
PIRATA-FR32	st038c01	B	2022-03-24T09:50:46z	  -9.850	 +0.018		 397.0	 8	34.7801	2.562	111.45	 0.02	 31.396	31.371	  2.03	16.27																											8.7636	7.5588	25.0000		
PIRATA-FR32	st038c01	B	2022-03-24T09:50:46z	  -9.850	 +0.018		 496.0	 7	34.6226	2.797	121.62	 0.02	 33.968	33.947	  2.22	20.74																											7.1463	7.5409	25.0000		
PIRATA-FR32	st038c01	B	2022-03-24T09:50:46z	  -9.850	 +0.018		 794.0	 6	34.5202	3.303	143.63	 0.02	 35.594	35.577	  2.41	30.65																											5.0112	7.5471	25.0000		
PIRATA-FR32	st038c01	B	2022-03-24T09:50:46z	  -9.850	 +0.018		 992.0	 5	34.6110	3.606	156.80	 0.01	 33.846	33.836	  2.29	32.03																											4.5752	7.5722	25.0000		
PIRATA-FR32	st038c01	B	2022-03-24T09:50:46z	  -9.850	 +0.018		1239.0	 4				 0.01	 29.097	29.089	  1.97	26.48																											4.5711		25.0000		
PIRATA-FR32	st038c01	B	2022-03-24T09:50:46z	  -9.850	 +0.018		1485.0	 3	34.9566	5.144	223.68	 0.01	 22.694	22.686	  1.50	19.42																											4.3296	7.6901	25.0000		
PIRATA-FR32	st038c01	B	2022-03-24T09:50:46z	  -9.850	 +0.018		1734.0	 2				 0.01	 20.851	20.839	  1.38	19.04																											3.9505		25.0000		
PIRATA-FR32	st038c01	B	2022-03-24T09:50:46z	  -9.850	 +0.018		1983.0	 1	34.9582	5.707	248.05	 0.01	 20.298	20.287	  1.38	23.11																											3.4695	7.7211	25.0000		
PIRATA-FR32	st039c01	B	2022-03-24T13:05:45z	  -9.857	 +0.019		   3.0	 6	34.9984	4.477	195.63	 0.01	  0.000	-0.009	  0.01	 0.85	0.0052	0.0066	0.0033	0.0050	0.0077				0.0233		0.0143		0.0047	0.1266		0.0063	0.0083	0.0146	0.0217			0.0695	0.0767	0.1462	0.0016		29.1589	8.0643	25.0000		
PIRATA-FR32	st039c01	B	2022-03-24T13:05:45z	  -9.857	 +0.019		  40.0	 5				 0.09	  0.451	0.357	  0.22	 2.03	0.0467	0.0525	0.0179	0.0822	0.0450	0.0041	0.0046	0.0047	0.1631	0.0047	0.0283	0.0039	0.0025	0.0350		0.0088	0.0549	0.0637	0.0254			0.0457	0.3615	0.4072	0.0034		23.1663	7.9670	25.0000		
PIRATA-FR32	st039c01	B	2022-03-24T13:05:45z	  -9.857	 +0.019		  60.0	 4				 0.27	  3.012	2.746	  0.38	 2.33	0.0547	0.0434	0.0044	0.0939	0.0320	0.0046	0.0052	0.0033	0.1402		0.0108	0.0016	0.0006	0.0328		0.0205	0.0780	0.0985	0.0252			0.0589	0.3027	0.3616	0.0030		21.7864	7.9456	25.0000		
PIRATA-FR32	st039c01	B	2022-03-24T13:05:45z	  -9.857	 +0.019		 100.0	 3	35.9480	3.692	160.86	 0.17	 10.045	9.876	  0.77	 3.71	0.0305	0.0190	0.0038	0.0490	0.0118	0.0026	0.0027	0.0017	0.0654		0.0051	0.0022		0.0206		0.0742	0.0378	0.1120	0.0288			0.0586	0.1595	0.2181	0.0025		18.0878	7.8529	25.0000		
PIRATA-FR32	st039c01	B	2022-03-24T13:05:45z	  -9.857	 +0.019		 200.0	 2	35.3906	2.571	111.85	 0.02	 21.407	21.386	  1.41	 8.02																											13.8505	7.6823	25.0000		
PIRATA-FR32	st039c01	B	2022-03-24T13:05:45z	  -9.857	 +0.019		 200.0	 1	35.3910	2.579	112.24	 0.02	 21.430	21.410	  1.42	 8.02																											13.8514	7.6854	25.0000		
PIRATA-FR32	st040c01	B	2022-03-24T16:13:57z	  -9.860	 +0.021		   3.0	 6	35.0375	4.527	197.83	 0.01	  0.001	-0.006	  0.03	 0.77	0.0047	0.0069	0.0035	0.0047	0.0066			0.0016	0.0191	0.0056	0.0102		0.0026	0.1204		0.0054	0.0083	0.0137	0.0205			0.0599	0.0709	0.1308	0.0011		29.2917	8.0644	25.0000		
PIRATA-FR32	st040c01	B	2022-03-24T16:13:57z	  -9.860	 +0.021		  41.0	 5				 0.01	 -0.002	-0.008	  0.14	 1.54	0.0305	0.0336	0.0104	0.0426	0.0182	0.0033	0.0031	0.0031	0.1432	0.0063	0.0139	0.0018	0.0010	0.0648		0.0076	0.0304	0.0380	0.0273			0.0759	0.2664	0.3423	0.0027		25.0428		25.0000		
PIRATA-FR32	st040c01	B	2022-03-24T16:13:57z	  -9.860	 +0.021		  60.0	 4				 0.29	  3.109	2.822	  0.41	 2.00	0.0534	0.0473	0.0075	0.1006	0.0268	0.0060	0.0056	0.0039	0.1418	0.0063	0.0098	0.0010	0.0023	0.0362		0.0209	0.0744	0.0953	0.0229			0.0539	0.3051	0.3590	0.0021		21.7828		25.0000		
PIRATA-FR32	st040c01	B	2022-03-24T16:13:57z	  -9.860	 +0.021		 100.0	 3	35.8416	3.644	158.74	 0.12	 11.248	11.128	  0.84	 3.97	0.0319	0.0179	0.0063	0.0529	0.0115	0.0018	0.0028	0.0022	0.0665		0.0054	0.0016		0.0166		0.0744	0.0209	0.0953	0.0255			0.0579	0.1475	0.2054	0.0023		17.0408	7.8310	25.0000		
PIRATA-FR32	st040c01	B	2022-03-24T16:13:57z	  -9.860	 +0.021		 202.0	 2	35.3988	2.656	115.54	 0.01	 21.040	21.031	  1.41	 7.76																											13.8877		25.0000		
PIRATA-FR32	st040c01	B	2022-03-24T16:13:57z	  -9.860	 +0.021		 202.0	 1	35.3997	2.674	116.36	 0.01	 20.879	20.866	  1.41	 7.76																											13.8942	7.6405	25.0000		
PIRATA-FR32	st041c01	B	2022-03-24T19:06:43z	  -9.855	 +0.020		   3.0	 6	35.0914	4.530	198.02	 0.01	  0.002	-0.003	  0.05	 0.85	0.0024	0.0046	0.0061	0.0040	0.0046				0.0172	0.0063	0.0074			0.1246		0.0048	0.0059	0.0107	0.0163			0.0553	0.0587	0.1140	0.0010		29.1695	8.0705	25.0000		
PIRATA-FR32	st041c01	B	2022-03-24T19:06:43z	  -9.855	 +0.020		  40.0	 5				 0.00	  0.002	-0.001	  0.09	 1.34	0.0023	0.0045	0.0060	0.0040	0.0046				0.0170	0.0062	0.0073			0.1235		0.0047	0.0059	0.0106	0.0162			0.0548	0.0582	0.1130	0.0010		25.4954		25.0000		
PIRATA-FR32	st041c01	B	2022-03-24T19:06:43z	  -9.855	 +0.020		  59.0	 4				 0.28	  3.288	3.007	  0.39	 2.17	0.0173	0.0224	0.0140	0.0240	0.0087			0.0019	0.0849	0.0045	0.0116			0.0878		0.0114	0.0137	0.0251	0.0228			0.0859	0.1649	0.2508	0.0026		21.8142		25.0000		
PIRATA-FR32	st041c01	B	2022-03-24T19:06:43z	  -9.855	 +0.020		 100.0	 3	36.1382	3.542	154.25	 0.08	 12.930	12.854	  0.95	 4.70	0.0440	0.0346	0.0083	0.1008	0.0238	0.0073	0.0061	0.0047	0.1434	0.0053	0.0099				0.0357	0.0184	0.0574	0.0758	0.0206			0.0547	0.2914	0.3461	0.0034		16.2859	7.8016	25.0000		
PIRATA-FR32	st041c01	B	2022-03-24T19:06:43z	  -9.855	 +0.020		 198.0	 2	35.3816	2.491	108.33	 0.01	 21.941	21.931	  1.44	 8.23																											13.7862		25.0000		
PIRATA-FR32	st041c01	B	2022-03-24T19:06:43z	  -9.855	 +0.020		 198.0	 1	35.3807	2.519	109.59	 0.01	 22.040	22.032	  1.45	 8.24																											13.7847	7.6706	25.0000		
PIRATA-FR32	st042c01	B	2022-03-24T22:09:05z	  -9.852	 +0.023		   3.0	 6	35.1394	4.821	210.63	 0.01	  0.011	0.005	  0.04	 0.86	0.0245	0.0161	0.0040	0.0503	0.0108	0.0051	0.0019	0.0022		0.0615		0.0043			0.0130		0.0665	0.0665	0.0210			0.0455	0.1243	0.1698	0.0026		29.0462	8.0870	25.0000		
PIRATA-FR32	st042c01	B	2022-03-24T22:09:05z	  -9.852	 +0.023		  40.0	 5				 0.01	  0.015	0.009	  0.13	 1.65	0.0180	0.0230	0.0134	0.0339	0.0119	0.0012	0.0022	0.0038	0.1013	0.0051	0.0106			0.0484		0.0084	0.0189	0.0273	0.0170			0.0528	0.1737	0.2265	0.0023		24.9027		25.0000		
PIRATA-FR32	st042c01	B	2022-03-24T22:09:05z	  -9.852	 +0.023		  60.0	 4				 0.30	  3.525	3.226	  0.46	 2.13	0.0448	0.0324	0.0072	0.0793	0.0189	0.0028	0.0060	0.0040	0.1427	0.0032	0.0094	0.0024		0.0243		0.0187	0.0597	0.0784	0.0181			0.0458	0.2616	0.3074	0.0033		21.4082		25.0000		
PIRATA-FR32	st042c01	B	2022-03-24T22:09:05z	  -9.852	 +0.023		 101.0	 3	35.7861	3.611	157.27	 0.10	 11.952	11.853	  0.88	 4.35	0.0220	0.0155	0.0040	0.0491	0.0115		0.0020	0.0024	0.0641	0.0054	0.0040	0.0015		0.0152		0.0607	0.0150	0.0757	0.0198			0.0456	0.1209	0.1665	0.0023		16.6889	7.8209	25.0000		
PIRATA-FR32	st042c01	B	2022-03-24T22:09:05z	  -9.852	 +0.023		 201.0	 2	35.3815	2.524	109.79	 0.01	 21.944	21.931	  1.47	 8.20																											13.7897		25.0000		
PIRATA-FR32	st042c01	B	2022-03-24T22:09:05z	  -9.852	 +0.023		 201.0	 1	35.3822	2.569	111.79	 0.01	 22.029	22.015	  1.46	 8.18																											13.7893	7.6738	25.0000		
PIRATA-FR32	st043c01	B	2022-03-25T01:04:26z	  -9.854	 +0.019		   3.0	 6	35.2070	4.501	196.66	 0.01	  0.019	0.010	  0.00	 0.86	0.0025	0.0059	0.0052	0.0062	0.0075			0.0020	0.0224	0.0051	0.0069			0.1079		0.0046	0.0062	0.0108	0.0138			0.0536	0.0566	0.1102	0.0013		28.9397	8.0758	25.0000		
PIRATA-FR32	st043c01	B	2022-03-25T01:04:26z	  -9.854	 +0.019		  40.0	 5				 0.08	  0.366	0.290	  0.20	 2.01	0.0301	0.0335	0.0194	0.0703	0.0195	0.0027	0.0059	0.0057	0.1322	0.0067	0.0150	0.0031	0.0027	0.0292		0.0049	0.0384	0.0433	0.0148			0.0248	0.2598	0.2846	0.0048		23.1873		25.0000		
PIRATA-FR32	st043c01	B	2022-03-25T01:04:26z	  -9.854	 +0.019		  62.0	 4				 0.30	  3.685	3.382	  0.41	 2.25	0.0361	0.0284	0.0089	0.0776	0.0197	0.0031	0.0069	0.0051	0.1288	0.0049	0.0091	0.0026		0.0289		0.0215	0.0592	0.0807	0.0212			0.0506	0.2522	0.3028	0.0047		21.3276		25.0000		
PIRATA-FR32	st043c01	B	2022-03-25T01:04:26z	  -9.854	 +0.019		 101.0	 3	35.8805	3.657	159.35	 0.14	 10.916	10.775	  0.87	 3.91	0.0019	0.0059	0.0058	0.0063	0.0082			0.0023	0.0232	0.0054	0.0061			0.0973		0.0051	0.0075	0.0126	0.0170			0.0678	0.0638	0.1316	0.0024		17.4958	7.8371	25.0000		
PIRATA-FR32	st043c01	B	2022-03-25T01:04:26z	  -9.854	 +0.019		 199.0	 2	35.4025	2.678	116.47	 0.01	 20.909	20.900	  1.39	 7.77																											13.9461		25.0000		
PIRATA-FR32	st043c01	B	2022-03-25T01:04:26z	  -9.854	 +0.019		 199.0	 1	35.4027	2.689	117.00	 0.01	 20.837	20.825	  1.42	 7.81																											13.9269	7.6901	25.0000		
PIRATA-FR32	st044c01	B	2022-03-25T04:09:46z	  -9.849	 +0.017		   2.0	 6	35.2306	4.545	198.54	 0.01	  0.134	0.125	  0.04	 1.02	0.0266	0.0169	0.0049	0.0476	0.0088	0.0016	0.0028	0.0016	0.0610		0.0039	0.0013		0.0161		0.0603	0.0264	0.0867	0.0219			0.0540	0.1313	0.1853	0.0034		28.8946	8.0635	25.0000		
PIRATA-FR32	st044c01	B	2022-03-25T04:09:46z	  -9.849	 +0.017		  42.0	 5				 0.15	  1.319	1.172	  0.27	 2.10	0.0372	0.0363	0.0209	0.0790	0.0211	0.0021	0.0049	0.0039	0.1249		0.0154	0.0038		0.0285		0.0061	0.0375	0.0436	0.0156			0.0381	0.2813	0.3194	0.0045		22.7370		25.0000		
PIRATA-FR32	st044c01	B	2022-03-25T04:09:46z	  -9.849	 +0.017		  61.0	 4				 0.32	  4.060	3.739	  0.44	 2.11	0.0390	0.0271	0.0092	0.0669	0.0140	0.0069	0.0081	0.0034	0.1089		0.0095	0.0042		0.0276		0.0240	0.0556	0.0796	0.0207			0.0581	0.2337	0.2918	0.0045		21.0608		25.0000		
PIRATA-FR32	st044c01	B	2022-03-25T04:09:46z	  -9.849	 +0.017		 101.0	 3	35.7232	3.547	154.47	 0.09	 12.716	12.627	  0.95	 4.51	0.0199	0.0122	0.0042	0.0393	0.0067		0.0017	0.0013	0.0492		0.0046	0.0020		0.0126		0.0469	0.0135	0.0604	0.0152			0.0413	0.1034	0.1447	0.0022		16.4371	7.8056	25.0000		
PIRATA-FR32	st044c01	B	2022-03-25T04:09:46z	  -9.849	 +0.017		 199.0	 2	35.4102	2.698	117.37	 0.02	 20.415	20.397	  1.37	 7.44																											13.9985		25.0000		
PIRATA-FR32	st044c01	B	2022-03-25T04:09:46z	  -9.849	 +0.017		 199.0	 1	35.4120	2.706	117.73	 0.02	 20.614	20.590	  1.37	 7.44																											13.9985	7.6959	25.0000		
PIRATA-FR32	st045c01	B	2022-03-25T06:58:37z	  -9.849	 +0.018		   2.0	 6	35.2433	4.506	196.84	 0.01	  0.032	0.023	  0.05	 0.83	0.0035	0.0047	0.0067	0.0042	0.0044			0.0015	0.0211	0.0034	0.0059			0.0868		0.0074	0.0069	0.0143	0.0171			0.0734	0.0871	0.1605	0.0020		28.8358	8.0527	25.0000		
PIRATA-FR32	st045c01	B	2022-03-25T06:58:37z	  -9.849	 +0.018		  42.0	 5				 0.01	  0.070	0.059	  0.16	 1.48	0.0214	0.0187	0.0101	0.0265	0.0081		0.0013	0.0019	0.0797	0.0014	0.0086	0.0015		0.0468		0.0132	0.0164	0.0296	0.0180			0.0693	0.1556	0.2249	0.0031		25.2855		25.0000		
PIRATA-FR32	st045c01	B	2022-03-25T06:58:37z	  -9.849	 +0.018		  61.0	 4				 0.28	  3.390	3.114	  0.42	 2.11	0.0517	0.0323	0.0096	0.0716	0.0181	0.0024	0.0049	0.0043	0.1462	0.0029	0.0106	0.0016		0.0336		0.0249	0.0724	0.0973	0.0210			0.0600	0.2809	0.3409	0.0046		21.8132		25.0000		
PIRATA-FR32	st045c01	B	2022-03-25T06:58:37z	  -9.849	 +0.018		 101.0	 3	35.8582	3.637	158.40	 0.14	 11.201	11.058	  0.85	 3.82	0.0284	0.0145	0.0040	0.0440	0.0081	0.0019	0.0023	0.0015	0.0567		0.0048	0.0012		0.0159		0.0651	0.0251	0.0902	0.0186			0.0458	0.1215	0.1673	0.0027		17.2881	7.8256	25.0000		
PIRATA-FR32	st045c01	B	2022-03-25T06:58:37z	  -9.849	 +0.018		 198.0	 2	35.4049	2.661	115.74	 0.02	 20.701	20.682	  1.40	 7.47																											13.9603		25.0000		
PIRATA-FR32	st045c01	B	2022-03-25T06:58:37z	  -9.849	 +0.018		 198.0	 1	35.4047	2.687	116.93	 0.02	 20.717	20.693	  1.39	 7.46																											13.9582	7.6900	25.0000		
PIRATA-FR32	st046c01	B	2022-03-25T10:22:48z	  -9.851	 +0.020		   3.0	 6	35.2733	4.504	196.77	 0.02	  0.088	0.064	  0.06	 0.85	0.0052	0.0047	0.0052	0.0039	0.0040			0.0016	0.0000	0.0191	0.0014	0.0135		0.0042	0.1068	0.0095	0.0106	0.0201	0.0166			0.0745	0.0680	0.1425	0.0019		28.8938	8.0746	25.0000		
PIRATA-FR32	st046c01	B	2022-03-25T10:22:48z	  -9.851	 +0.020		  40.0	 5				 0.02	  0.264	0.245	  0.18	 1.66	0.0276	0.0252	0.0107	0.0389	0.0134	0.0031	0.0044	0.0046	0.1104	0.0029	0.0168	0.0020	0.0014	0.0544		0.0126	0.0387	0.0513	0.0223			0.0703	0.2250	0.2953	0.0031		24.2529		25.0000		
PIRATA-FR32	st046c01	B	2022-03-25T10:22:48z	  -9.851	 +0.020		  60.0	 4				 0.28	  3.614	3.333	  0.40	 2.17	0.0481	0.0297	0.0083	0.0754	0.0196	0.0054	0.0060	0.0031	0.1457	0.0019	0.0102		0.0006	0.0321		0.0338	0.0713	0.1051	0.0254			0.0646	0.2706	0.3352	0.0041		21.6238		25.0000		
PIRATA-FR32	st046c01	B	2022-03-25T10:22:48z	  -9.851	 +0.020		 101.0	 3	35.8260	3.618	157.60	 0.13	 11.616	11.486	  0.85	 4.05	0.0283	0.0150	0.0039	0.0429	0.0092		0.0022		0.0519		0.0042	0.0010		0.0148		0.0595	0.0199	0.0794	0.0174			0.0428	0.1123	0.1551	0.0025		17.0922	7.8285	25.0000		
PIRATA-FR32	st046c01	B	2022-03-25T10:22:48z	  -9.851	 +0.020		 202.0	 2	35.3910	2.607	113.39	 0.01	 21.192	21.183	  1.40	 7.69																											13.8527		25.0000		
PIRATA-FR32	st046c01	B	2022-03-25T10:22:48z	  -9.851	 +0.020		 202.0	 1	35.3927	2.635	114.66	 0.01	 21.093	21.084	  1.39	 7.73																											13.8520	7.6854	25.0000		
PIRATA-FR32	st047c01	B	2022-03-25T13:03:54z	  -9.849	 +0.016		   3.0	 6	35.3457	4.518	197.40	 0.01	 -0.101	-0.110	 -0.00	 0.84	0.0078	0.0078	0.0085	0.0058	0.0062			0.0014	0.0179		0.0160	0.0008	0.0069	0.1197		0.0049	0.0061	0.0110	0.0176			0.0697	0.0769	0.1466	0.0023		28.9798	8.0493	25.0000		
PIRATA-FR32	st047c01	B	2022-03-25T13:03:54z	  -9.849	 +0.016		  40.0	 5				 0.01	  0.065	0.056	  0.13	 1.74	0.0345	0.0348	0.0096	0.0567	0.0225	0.0032	0.0053	0.0048	0.1292	0.0015	0.0219	0.0022	0.0043	0.0747		0.0139	0.0410	0.0549	0.0282			0.0878	0.2619	0.3497	0.0043		24.5555		25.0000		
PIRATA-FR32	st047c01	B	2022-03-25T13:03:54z	  -9.849	 +0.016		  60.0	 4				 0.28	  3.358	3.082	  0.41	 2.07	0.0522	0.0360	0.0061	0.0806	0.0238	0.0062	0.0072	0.0050	0.1484	0.0016	0.0104	0.0027		0.0404		0.0347	0.0702	0.1049	0.0259			0.0694	0.2711	0.3405	0.0048		21.3559		25.0000		
PIRATA-FR32	st047c01	B	2022-03-25T13:03:54z	  -9.849	 +0.016		 100.0	 3	35.8016	3.640	158.55	 0.12	 11.572	11.453	  0.84	 4.06	0.0286	0.0150	0.0044	0.0456	0.0104	0.0018	0.0028	0.0025	0.0567	0.0000	0.0044	0.0010		0.0131		0.0623	0.0219	0.0842	0.0213			0.0460	0.1168	0.1628	0.0027		16.9660	7.8235	25.0000		
PIRATA-FR32	st047c01	B	2022-03-25T13:03:54z	  -9.849	 +0.016		 198.0	 2	35.4099	2.702	117.53	 0.02	 20.334	20.316	  1.35	 7.45																											13.9934		25.0000		
PIRATA-FR32	st047c01	B	2022-03-25T13:03:54z	  -9.849	 +0.016		 198.0	 1	35.4091	2.721	118.41	 0.01	 20.560	20.549	  1.36	 7.45																											13.9939	7.6928	25.0000		
PIRATA-FR32	st048c01	B	2022-03-25T16:12:46z	  -9.849	 +0.018		   3.0	 6	35.3908	4.506	196.96	 0.00	  0.029	0.025	  0.04	 0.85	0.0072	0.0075	0.0084	0.0057	0.0068			0.0026	0.0238	0.0096	0.0111	0.0006	0.0019	0.1151		0.0050	0.0049	0.0099	0.0177			0.0630	0.0749	0.1379	0.0019		29.0358	8.0878	25.0000		
PIRATA-FR32	st048c01	B	2022-03-25T16:12:46z	  -9.849	 +0.018		  41.0	 5				 0.01	  0.072	0.067	  0.15	 1.88	0.0288	0.0270	0.0090	0.0370	0.0166	0.0028	0.0049	0.0045	0.1219	0.0038	0.0127	0.0016	0.0011	0.0661		0.0126	0.0354	0.0480	0.0253			0.0765	0.2219	0.2984	0.0033		24.3103		25.0000		
PIRATA-FR32	st048c01	B	2022-03-25T16:12:46z	  -9.849	 +0.018		  60.0	 4				 0.23	  2.681	2.452	  0.35	 1.99	0.0617	0.0493	0.0068	0.1073	0.0274	0.0052	0.0073	0.0062	0.1923	0.0060	0.0098		0.0021	0.0542		0.0379	0.0801	0.1180	0.0306			0.0871	0.3253	0.4124	0.0045		22.2450		25.0000		
PIRATA-FR32	st048c01	B	2022-03-25T16:12:46z	  -9.849	 +0.018		 100.0	 3	35.8612	3.612	157.35	 0.14	 11.083	10.941	  0.82	 3.81	0.0265	0.0134	0.0039	0.0446	0.0091	0.0022	0.0030	0.0023	0.0540		0.0043	0.0010		0.0132		0.0489	0.0281	0.0770	0.0204			0.0420	0.1099	0.1519	0.0025		17.3497	7.8288	25.0000		
PIRATA-FR32	st048c01	B	2022-03-25T16:12:46z	  -9.849	 +0.018		 200.0	 2	35.4286	2.746	119.47	 0.02	 20.059	20.042	  1.32	 7.21																											14.1423		25.0000		
PIRATA-FR32	st048c01	B	2022-03-25T16:12:46z	  -9.849	 +0.018		 200.0	 1	35.4292	2.768	120.47	 0.03	 20.267	20.240	  1.34	 7.21																											14.1451	7.7060	25.0000		
PIRATA-FR32	st049c01	B	2022-03-25T19:13:24z	  -9.847	 +0.016		   2.0	 6	35.4061	4.516	197.29	 0.02	  0.060	0.043	  0.07	 0.90	0.0060	0.0058	0.0068	0.0053	0.0052			0.0017	0.0222	0.0048	0.0069			0.1326		0.0051	0.0038	0.0089	0.0150			0.0613	0.0685	0.1298			28.9177	8.0677	25.0000		
PIRATA-FR32	st049c01	B	2022-03-25T19:13:24z	  -9.847	 +0.016		  40.0	 5				 0.00	  0.077	0.072	  0.18	 1.77	0.0356	0.0331	0.0231	0.0438	0.0123	0.0018	0.0040	0.0039	0.1505	0.0039	0.0161	0.0023		0.0608		0.0135	0.0484	0.0619	0.0254			0.0710	0.2632	0.3342	0.0059		24.0456		25.0000		
PIRATA-FR32	st049c01	B	2022-03-25T19:13:24z	  -9.847	 +0.016		  60.0	 4				 0.21	  2.589	2.378	  0.39	 2.04	0.0566	0.0387	0.0088	0.0929	0.0222	0.0046	0.0077	0.0059	0.1714	0.0043	0.0114	0.0014		0.0463		0.0506	0.0842	0.1348	0.0327			0.0932	0.3066	0.3998	0.0075		21.6303		25.0000		
PIRATA-FR32	st049c01	B	2022-03-25T19:13:24z	  -9.847	 +0.016		 100.0	 3	35.7856	3.603	156.90	 0.11	 11.635	11.530	  0.83	 4.13	0.0262	0.0105	0.0015	0.0393	0.0075		0.0012	0.0010	0.0494		0.0051			0.0113		0.0037		0.0037	0.0185			0.0369	0.0993	0.1362	0.0040		16.7046	7.8158	25.0000		
PIRATA-FR32	st049c01	B	2022-03-25T19:13:24z	  -9.847	 +0.016		 200.0	 2	35.4111	2.661	115.75	 0.02	 20.443	20.427	  1.36	 7.49																											13.9978		25.0000		
PIRATA-FR32	st049c01	B	2022-03-25T19:13:24z	  -9.847	 +0.016		 200.0	 1	35.4104	2.688	116.98	 0.01	 20.454	20.444	  1.37	 7.52																											13.9997	7.6892	25.0000		
PIRATA-FR32	st050c01	B	2022-03-25T22:15:58z	  -9.848	 +0.018		   3.0	 6	35.4156	4.512	197.10	 0.01	 -0.076	-0.084	  0.04	 0.86	0.0070	0.0054	0.0051	0.0052	0.0061			0.0022	0.0220		0.0073			0.1107		0.0032	0.0055	0.0087	0.0175			0.0570	0.0556	0.1126	0.0016		28.8257	8.0596	25.0000		
PIRATA-FR32	st050c01	B	2022-03-25T22:15:58z	  -9.848	 +0.018		  40.0	 5				 0.01	  0.078	0.068	  0.18	 1.66	0.0284	0.0237	0.0099	0.0401	0.0132	0.0022	0.0048	0.0041	0.1221		0.0114	0.0016		0.0593		0.0067	0.0359	0.0426	0.0215			0.0562	0.2151	0.2713	0.0041		24.4868		25.0000		
PIRATA-FR32	st050c01	B	2022-03-25T22:15:58z	  -9.848	 +0.018		  60.0	 4				 0.21	  2.734	2.522	  0.41	 2.05	0.0517	0.0409	0.0064	0.0896	0.0195	0.0032	0.0063	0.0043	0.1610		0.0088	0.0017		0.0469		0.0378	0.0813	0.1191	0.0326			0.0920	0.2907	0.3827	0.0048		21.6763		25.0000		
PIRATA-FR32	st050c01	B	2022-03-25T22:15:58z	  -9.848	 +0.018		 100.0	 3	35.6611	3.517	153.14	 0.06	 13.540	13.480	  0.97	 4.77	0.0221	0.0119	0.0033	0.0358	0.0074		0.0015	0.0010	0.0431		0.0036			0.0105		0.0403	0.0213	0.0616	0.0171			0.0354	0.0889	0.1243	0.0023		15.8211	7.7928	25.0000		
PIRATA-FR32	st050c01	B	2022-03-25T22:15:58z	  -9.848	 +0.018		 200.0	 2	35.4051	2.674	116.33	 0.01	 20.634	20.620	  1.33	 7.47																											13.9576		25.0000		
PIRATA-FR32	st050c01	B	2022-03-25T22:15:58z	  -9.848	 +0.018		 200.0	 1	35.4046	2.701	117.50	 0.01	 20.619	20.605	  1.35	 7.50																											13.9582	7.6893	25.0000		
PIRATA-FR32	st051c01	B	2022-03-26T01:05:43z	  -9.846	 +0.015		   3.0	 6	35.4642	4.501	196.63	 0.01	  0.088	0.077	  0.00	 0.89	0.0068	0.0057	0.0052	0.0057	0.0060			0.0014	0.0197	0.0035	0.0061			0.1105		0.0035	0.0060	0.0095	0.0196			0.0703	0.0676	0.1379	0.0017		28.7658	8.0500	25.0000		
PIRATA-FR32	st051c01	B	2022-03-26T01:05:43z	  -9.846	 +0.015		  40.0	 5				 0.01	  0.242	0.233	  0.12	 1.60	0.0202	0.0210	0.0086	0.0296	0.0092	0.0015	0.0026	0.0028	0.0921	0.0038	0.0090	0.0009		0.0689		0.0127	0.0309	0.0436	0.0234			0.0851	0.1609	0.2460	0.0040		24.2362		25.0000		
PIRATA-FR32	st051c01	B	2022-03-26T01:05:43z	  -9.846	 +0.015		  59.0	 4				 0.15	  2.112	1.961	  0.31	 2.08	0.0465	0.0415	0.0080	0.0821	0.0213	0.0039	0.0051	0.0054	0.1741	0.0026	0.0087	0.0023		0.0482		0.0380	0.0685	0.1065	0.0335			0.0924	0.2921	0.3845	0.0059		22.1550		25.0000		
PIRATA-FR32	st051c01	B	2022-03-26T01:05:43z	  -9.846	 +0.015		 100.0	 3	35.8320	3.585	156.18	 0.14	 11.539	11.398	  0.80	 4.01	0.0257	0.0154	0.0043	0.0461	0.0090	0.0020	0.0022	0.0012	0.0541	0.0016	0.0045	0.0007		0.0131		0.0591	0.0192	0.0783	0.0201			0.0454	0.1218	0.1672	0.0028		17.2042	7.8289	25.0000		
PIRATA-FR32	st051c01	B	2022-03-26T01:05:43z	  -9.846	 +0.015		 200.0	 2	35.4181	2.727	118.66	 0.02	 20.457	20.437	  1.30	 7.51																											14.0579		25.0000		
PIRATA-FR32	st051c01	B	2022-03-26T01:05:43z	  -9.846	 +0.015		 200.0	 1	35.4152	2.720	118.37	 0.02	 20.412	20.393	  1.32	 7.46																											14.0544	7.6966	25.0000		
PIRATA-FR32	st052c01	B	2022-03-26T04:06:35z	  -9.850	 +0.016		   3.0	 6	35.4729	4.564	199.40	 0.01	  0.058	0.044	  0.03	 0.90	0.0014	0.0064	0.0072	0.0048	0.0057			0.0013	0.0212		0.0072			0.0898		0.0098	0.0085	0.0183	0.0183			0.0747	0.0699	0.1446	0.0034		28.6957	8.0533	25.0000		
PIRATA-FR32	st052c01	B	2022-03-26T04:06:35z	  -9.850	 +0.016		  40.0	 5				 0.01	  0.046	0.037	  0.16	 1.51	0.0182	0.0188	0.0122	0.0275	0.0092		0.0028	0.0026	0.0889		0.0102			0.0738		0.0153	0.0260	0.0413	0.0257			0.0947	0.1543	0.2490	0.0012		24.7626		25.0000		
PIRATA-FR32	st052c01	B	2022-03-26T04:06:35z	  -9.850	 +0.016		  60.0	 4				 0.30	  5.664	5.367	  0.53	 2.74	0.0374	0.0278	0.0091	0.0734	0.0171	0.0048	0.0084	0.0030	0.1193	0.0035	0.0097	0.0045		0.0347		0.0532	0.0601	0.1133	0.0315			0.0769	0.2575	0.3344	0.0063		20.4374		25.0000		
PIRATA-FR32	st052c01	B	2022-03-26T04:06:35z	  -9.850	 +0.016		 100.0	 3	35.7660	3.637	158.43	 0.11	 11.929	11.819	  0.90	 4.21	0.0201	0.0124	0.0047	0.0406	0.0072		0.0014	0.0010	0.0511	0.0010	0.0047	0.0016		0.0104		0.0572	0.0136	0.0708	0.0180			0.0438	0.1075	0.1513	0.0028		16.6230	7.8170	25.0000		
PIRATA-FR32	st052c01	B	2022-03-26T04:06:35z	  -9.850	 +0.016		 199.0	 2	35.4500	2.970	129.21	 0.03	 18.684	18.657	  1.29	 6.89																											14.3097		25.0000		
PIRATA-FR32	st052c01	B	2022-03-26T04:06:35z	  -9.850	 +0.016		 199.0	 1	35.4518	2.986	129.93	 0.01	 18.580	18.566	  1.28	 6.89																											14.3127	7.7235	25.0000		
PIRATA-FR32	st053c01	B	2022-03-26T07:09:15z	  -9.837	 +0.006		   2.0	 6	35.4856	4.533	198.08	 0.01	  0.011	0.005	  0.06	 0.91	0.0051	0.0070	0.0075	0.0066	0.0060			0.0013	0.0243	0.0038	0.0052			0.0977		0.0101	0.0041	0.0142	0.0212			0.0894	0.0771	0.1665	0.0027		28.6472	8.0465	25.0000		
PIRATA-FR32	st053c01	B	2022-03-26T07:09:15z	  -9.837	 +0.006		  41.0	 5				 0.01	  0.011	0.000	  0.14	 1.33	0.0159	0.0166	0.0098	0.0233	0.0097			0.0028	0.0780	0.0085	0.0085			0.0557		0.0107	0.0134	0.0241	0.0225			0.0849	0.1440	0.2289	0.0033		26.0201		25.0000		
PIRATA-FR32	st053c01	B	2022-03-26T07:09:15z	  -9.837	 +0.006		  60.0	 4				 0.22	  2.187	1.969	  0.36	 2.02	0.0426	0.0328	0.0102	0.0805	0.0252		0.0057	0.0047	0.1463	0.0020	0.0097			0.0415		0.0346	0.0733	0.1079	0.0270			0.0811	0.2722	0.3533	0.0083		22.6685		25.0000		
PIRATA-FR32	st053c01	B	2022-03-26T07:09:15z	  -9.837	 +0.006		 100.0	 3	35.7451	3.585	156.15	 0.11	 12.155	12.045	  0.91	 4.35	0.0198	0.0107	0.0045	0.0391	0.0106		0.0012		0.0486		0.0038			0.0102		0.0391	0.0349	0.0740	0.0173			0.0362	0.0959	0.1321	0.0037		16.5308	7.8074	25.0000		
PIRATA-FR32	st053c01	B	2022-03-26T07:09:15z	  -9.837	 +0.006		 199.0	 2	35.4421	2.931	127.52	 0.03	 19.060	19.034	  1.32	 7.06																											14.2688		25.0000		
PIRATA-FR32	st053c01	B	2022-03-26T07:09:15z	  -9.837	 +0.006		 199.0	 1	35.4417	2.919	127.00	 0.02	 19.042	19.021	  1.31	 7.10																											14.2649	7.7033	25.0000		
PIRATA-FR32	st054c01	B	2022-03-29T11:39:09z	 -23.062	 +0.029		   3.0	18									0.0037	0.0039	0.0046	0.0047	0.0069				0.0194		0.0101	0.0009	0.0025	0.1242		0.0067	0.0083	0.0150	0.0157			0.0642	0.0692	0.1334	0.0025		29.0790		25.0000		
PIRATA-FR32	st054c01	B	2022-03-29T11:39:09z	 -23.062	 +0.029		   2.0	17	35.6563	4.552	198.90	 0.01	  0.009	-0.003	  0.06	 0.92																											29.0766	8.0488	25.0000		
PIRATA-FR32	st054c01	B	2022-03-29T11:39:09z	 -23.062	 +0.029		  19.0	16	35.7503	4.573	199.82	 0.01	  0.008	-0.004	  0.04	 0.91	0.0043	0.0044	0.0056	0.0062	0.0083				0.0255	0.0028	0.0119		0.0016	0.1235		0.0072	0.0073	0.0145	0.0174			0.0693	0.0859	0.1552	0.0020		28.6994	8.0524	25.0000		
PIRATA-FR32	st054c01	B	2022-03-29T11:39:09z	 -23.062	 +0.029		  40.0	15	36.3658	4.551	198.80	 0.01	 -0.006	-0.012	  0.10	 0.96	0.0112	0.0104	0.0114	0.0204	0.0110		0.0027		0.0494	0.0026	0.0125		0.0010	0.1259		0.0144	0.0282	0.0426	0.0276			0.1183	0.1399	0.2582	0.0022		26.8845	8.0275	25.0000		
PIRATA-FR32	st054c01	B	2022-03-29T11:39:09z	 -23.062	 +0.029		  59.0	14	36.4985	4.134	180.38	 0.23	  1.774	1.543	  0.27	 1.63	0.0575	0.0574	0.0141	0.1130	0.0359	0.0099	0.0139	0.0082	0.1743		0.0161	0.0137		0.0837		0.0819	0.1012	0.1831	0.0539			0.1689	0.4437	0.6126	0.0053		24.2103	7.9806	25.0000		
PIRATA-FR32	st054c01	B	2022-03-29T11:39:09z	 -23.062	 +0.029		  80.0	13	36.0020	3.870	168.56	 0.14	  8.563	8.423	  0.71	 3.15	0.0308	0.0233	0.0045	0.0615	0.0183		0.0034	0.0029	0.0731	0.0015	0.0066	0.0015		0.0297		0.0727	0.0352	0.1079	0.0278			0.0784	0.1570	0.2354	0.0026		18.2044	7.8554	25.0000		
PIRATA-FR32	st054c01	B	2022-03-29T11:39:09z	 -23.062	 +0.029		  99.0	12	35.6543	3.889	169.31	 0.04	 11.696	11.658	  0.87	 4.47	0.0179	0.0141		0.0339	0.0068				0.0395		0.0044			0.0131		0.0510	0.0110	0.0620	0.0160			0.0443	0.0840	0.1283	0.0021		15.8150	7.8122	25.0000		
PIRATA-FR32	st054c01	B	2022-03-29T11:39:09z	 -23.062	 +0.029		  99.0	11	35.6538	3.880	168.84	 0.03	 11.666	11.631	  0.89	 4.46																											15.8055	7.8166	25.0000		
PIRATA-FR32	st054c01	B	2022-03-29T11:39:09z	 -23.062	 +0.029		 150.0	10	35.4159	3.595	156.38																																14.1587	7.7559	25.0000		
PIRATA-FR32	st054c01	B	2022-03-29T11:39:09z	 -23.062	 +0.029		 349.0	 9	34.8610	2.556	111.12	 0.01	 29.367	29.358	  1.95	14.19																											9.4996	7.5712	25.0000		
PIRATA-FR32	st054c01	B	2022-03-29T11:39:09z	 -23.062	 +0.029		 546.0	 8	34.5500	3.352	145.68																																6.4014	7.5629	25.0000		
PIRATA-FR32	st054c01	B	2022-03-29T11:39:09z	 -23.062	 +0.029		 744.0	 7	34.5151	3.299	143.40	 0.02	 34.445	34.429	  2.36	27.44																											5.3723	7.5431	25.0000		
PIRATA-FR32	st054c01	B	2022-03-29T11:39:09z	 -23.062	 +0.029		 992.0	 6	34.6621	3.659	159.09	 0.01	 32.357	32.351	  2.24	29.90																											4.6276	7.5767	25.0000		
PIRATA-FR32	st054c01	B	2022-03-29T11:39:09z	 -23.062	 +0.029		1584.0	 5	34.9708	5.451	237.05	 0.02	 20.957	20.940	  1.44	18.21																											4.0908	7.7127	25.0000		
PIRATA-FR32	st054c01	B	2022-03-29T11:39:09z	 -23.062	 +0.029		1980.0	 4	34.9638	5.810	252.65	 0.01	 19.785	19.772	  1.36	20.24																											3.5733	7.7291	25.0000		
PIRATA-FR32	st054c01	B	2022-03-29T11:39:09z	 -23.062	 +0.029		2961.0	 3	34.9074	5.664	246.25	 0.02	 21.662	21.640	  1.52	38.04																											2.6480	7.7220	25.0000		
PIRATA-FR32	st054c01	B	2022-03-29T11:39:09z	 -23.062	 +0.029		3826.0	 2																																			2.4270		25.0000		
PIRATA-FR32	st054c01	B	2022-03-29T11:39:09z	 -23.062	 +0.029		3826.0	 1	34.8917	5.686	247.16	 0.01	 21.758	21.746	  1.47	42.55																											2.4256	7.7193	25.0000		
PIRATA-FR32	st055c01	B	2022-03-30T17:32:59z	 -22.987	 +4.044		 401.0	15	34.7614	2.523	109.76	 0.01	 31.707	31.697	  2.04	16.58																											8.4299	7.5499	25.0000		
PIRATA-FR32	st055c01	B	2022-03-30T17:32:59z	 -22.987	 +4.044		 400.0	14	34.7615	2.526	109.87	 0.01	 31.795	31.784	  2.05	16.60																											8.4326	7.5495	25.0000		
PIRATA-FR32	st055c01	B	2022-03-30T17:32:59z	 -22.987	 +4.044		 400.0	13	34.7614	2.515	109.39	 0.02	 31.940	31.920	  2.06	16.61																											8.4380	7.5550	25.0000		
PIRATA-FR32	st055c01	B	2022-03-30T17:32:59z	 -22.987	 +4.044		 400.0	12	34.7618	2.531	110.10	 0.02	 31.860	31.838	  2.04	16.63																											8.4391	7.5513	25.0000		
PIRATA-FR32	st055c01	B	2022-03-30T17:32:59z	 -22.987	 +4.044		 400.0	11	34.7589	2.524	109.80	 0.01	 31.639	31.625	  2.03	16.69																											8.4400	7.5499	25.0000		
PIRATA-FR32	st055c01	B	2022-03-30T17:32:59z	 -22.987	 +4.044		 400.0	10	34.7644	2.549	110.90	 0.02	 31.412	31.389	  2.05	16.73																											8.4418	7.5490	25.0000		
PIRATA-FR32	st055c01	B	2022-03-30T17:32:59z	 -22.987	 +4.044		 400.0	 9	34.7640	2.539	110.46	 0.01	 31.274	31.261	  2.06	16.71																											8.4406	7.5477	25.0000		
PIRATA-FR32	st055c01	B	2022-03-30T17:32:59z	 -22.987	 +4.044		 400.0	 8	34.7626	2.540	110.50	 0.02	 31.330	31.312	  2.04	16.68																											8.4399	7.5503	25.0000		
PIRATA-FR32	st055c01	B	2022-03-30T17:32:59z	 -22.987	 +4.044		 400.0	 7	34.7648	2.529	110.03	 0.01	 31.152	31.138	  2.06	16.63																											8.4408	7.5511	25.0000		
PIRATA-FR32	st055c01	B	2022-03-30T17:32:59z	 -22.987	 +4.044		 401.0	 6	34.7632	2.531	110.08	 0.02	 31.450	31.431	  2.05	16.70																											8.4386	7.5483	25.0000		
PIRATA-FR32	st055c01	B	2022-03-30T17:32:59z	 -22.987	 +4.044		 401.0	 5	34.7625	2.513	109.31	 0.02	 31.585	31.570	  2.04	16.71																											8.4377	7.5552	25.0000		
PIRATA-FR32	st055c01	B	2022-03-30T17:32:59z	 -22.987	 +4.044		 400.0	 4	34.7626	2.524	109.76	 0.01	 31.629	31.616	  2.04	16.79																											8.4401	7.5513	25.0000		
PIRATA-FR32	st055c01	B	2022-03-30T17:32:59z	 -22.987	 +4.044		 400.0	 3	34.7625	2.525	109.82	 0.02	 31.547	31.530	  2.06	16.66																											8.4418	7.5524	25.0000		
PIRATA-FR32	st055c01	B	2022-03-30T17:32:59z	 -22.987	 +4.044		 400.0	 2	34.7646	2.507	109.02	 0.02	 31.468	31.452	  2.04	16.66																											8.4438	7.5542	25.0000		
PIRATA-FR32	st055c01	B	2022-03-30T17:32:59z	 -22.987	 +4.044		 400.0	 1	34.7662	2.517	109.48	 0.01	 31.629	31.618	  2.05	16.56																											8.4445	7.5497	25.0000		
