//ODV Spreadsheet file : /home/proussel/Documents/OUTILS/CTD/chimie/conversion/PIRATAFR23_CHIMIE_odv.txt
//Data treated : 2020-09-24T15:07:24
//<InstrumentType>Chemical bottle analysis</InstrumentType>
//<Source>/home/proussel/Documents/OUTILS/CTD/chimie/conversion/PIRATAFR23_CHIMIE.xlsx</Sources>
//<DataType>Bottles</DataType>
//<Creator>Pierre.Rousselot@ird.fr</Creator>
//
Cruise	Station	Type	yyyy-mm-ddThh:mm:ss	Longitude [degrees_east]	Latitude [degrees_north]	Bot. Depth [m]	DEPTH [m]	Bottle nb	PSAL [Psu]	DOX1 [ml/l]	DOX2 [micromole/kg]	NTIW [micromole/kg]	NTAW+NTIW [micromole/kg]	NTAW [micromole/kg]	PHOW [micromole/kg]	SLCW [micromole/kg]	CHC3 [microgramme/l]	CHCZ [microgramme/l]	PERP [microgramme/l]	BFUP [microgramme/l]	FUCP [microgramme/l]	NEXW [microgramme/l]	PXAP [microgramme/l]	VIOW [microgramme/l]	HFUP [microgramme/l]	DXAP [microgramme/l]	AXAP [microgramme/l]	TXAP [microgramme/l]	ZXAP [microgramme/l]	LUTW [microgramme/l]	CHBD [microgramme/l]	CH2P [microgramme/l]	CHLB [microgramme/l]	AACP [microgramme/l]	BBCP [microgramme/l]	PHEP [microgramme/l]	CHAD [microgramme/l]	CH1P [microgramme/l]	CPHL [microgramme/l]	PHEA [microgramme/l]	CXAP [microgramme/l]
PIRATA Fr23	st001c01	B	2013-05-13T10:05:00z	 -20.000	 +6.500		2000.0	11	 34.953	5.463	237.50	 0.01	 19.700	19.700	  1.41	24.20																										
PIRATA Fr23	st001c01	B	2013-05-13T10:05:00z	 -20.000	 +6.500		2000.0	10	 34.953	5.461	237.40	 0.00	 19.700	19.700	  1.52	24.30																										
PIRATA Fr23	st001c01	B	2013-05-13T10:05:00z	 -20.000	 +6.500		2000.0	 9	 34.953	5.484	238.40	 0.00	 19.900	19.800	  1.61	24.20																										
PIRATA Fr23	st001c01	B	2013-05-13T10:05:00z	 -20.000	 +6.500		2000.0	 8	 34.952	5.482	238.30	 0.00	 19.800	19.800	  1.63	24.10																										
PIRATA Fr23	st001c01	B	2013-05-13T10:05:00z	 -20.000	 +6.500		2000.0	 7	 34.949	5.452	237.00	 0.00	 20.000	20.000	  1.63	24.10																										
PIRATA Fr23	st001c01	B	2013-05-13T10:05:00z	 -20.000	 +6.500		2000.0	 6	 34.953	5.463	237.50	 0.00	 20.200	20.200	  1.60	24.10																										
PIRATA Fr23	st001c01	B	2013-05-13T10:05:00z	 -20.000	 +6.500		2000.0	 5	 34.953	5.464	237.50	 0.00	 20.000	20.000	  1.62	24.00																										
PIRATA Fr23	st001c01	B	2013-05-13T10:05:00z	 -20.000	 +6.500		2000.0	 4	 34.953	5.441	236.50	 0.00	 19.800	19.800	  1.56	23.90																										
PIRATA Fr23	st001c01	B	2013-05-13T10:05:00z	 -20.000	 +6.500		2000.0	 3	 34.956	5.456	237.20	 0.00	 19.700	19.700	  1.56	23.90																										
PIRATA Fr23	st001c01	B	2013-05-13T10:05:00z	 -20.000	 +6.500		2000.0	 2	 34.959	5.431	236.10	 0.00	 19.700	19.700	  1.58	23.80																										
PIRATA Fr23	st001c01	B	2013-05-13T10:05:00z	 -20.000	 +6.500		2000.0	 1	 34.965	5.520	239.90	 0.00	 20.200	20.200	  1.61	24.10																										
PIRATA Fr23	st002c01	B	2013-05-15T22:02:00z	 -23.000	 +0.000		   0.0	11	 36.207	4.589	200.30	 0.00	  0.000	0.000	  0.00	 0.80	0.0048	0.0069	0.0037	0.0051	0.0052			0.0010	0.0186	0.0106			0.0908		0.0029	0.0051		0.0204	-77777.0000	0.0018	0.0435	0.1049		0.0018		
PIRATA Fr23	st002c01	B	2013-05-15T22:02:00z	 -23.000	 +0.000		  10.0	10	 36.207	4.587	200.10	 0.00	  0.000	0.000	  0.00	 0.90																										
PIRATA Fr23	st002c01	B	2013-05-15T22:02:00z	 -23.000	 +0.000		  20.0	 9	 36.212	4.599	200.70	 0.00	  0.000	0.000	  0.00	 0.90	0.0061	0.0079	0.0041	0.0061	0.0060			0.0010	0.0227	0.0102		0.0009	0.1030		0.0037	0.0064		0.0215	-77777.0000	0.0016	0.0535	0.1071		0.0019		
PIRATA Fr23	st002c01	B	2013-05-15T22:02:00z	 -23.000	 +0.000		  40.0	 8	 36.332	4.647	202.80	 0.00	  0.000	0.000	  0.01	 0.80	0.0133	0.0154	0.0082	0.0121	0.0075			0.0014	0.0448	0.0070	0.0009	0.0009	0.1017		0.0084	0.0202		-77777.0000	0.0237		0.0962	0.1338		0.0023		
PIRATA Fr23	st002c01	B	2013-05-15T22:02:00z	 -23.000	 +0.000		  60.0	 7	 36.635	4.515	196.70	 0.17	  0.400	0.200	  0.13	 1.40	0.0770	0.0653	0.0094	0.0893	0.0221	0.0086	0.0042	0.0038	0.1627	0.0110	0.0044		0.1387		0.0997	0.1502		-77777.0000	0.0697		0.2419	0.3725		0.0074		
PIRATA Fr23	st002c01	B	2013-05-15T22:02:00z	 -23.000	 +0.000		  80.0	 6	 36.281	4.037	175.80	 0.30	  4.900	4.600	  0.45	 2.80	0.0665	0.0479	0.0061	0.1019	0.0216	0.0092	0.0125	0.0026	0.0831	0.0094	0.0045		0.0528		0.1209	0.1209		-77777.0000	0.0497		0.1358	0.3109		0.0068		
PIRATA Fr23	st002c01	B	2013-05-15T22:02:00z	 -23.000	 +0.000		 100.0	 5	 35.852	4.036	175.70	 0.08	  8.500	8.400	  0.71	 3.90	0.0397	0.0255	0.0022	0.0575	0.0102	0.0031	0.0024	0.0007	0.0542	0.0050	0.0006		0.0305		0.1368	0.0537		-77777.0000	0.0409		0.1092	0.1389		0.0045		
PIRATA Fr23	st002c01	B	2013-05-15T22:02:00z	 -23.000	 +0.000		 500.0	 4	 34.621	2.970	129.20																															
PIRATA Fr23	st002c01	B	2013-05-15T22:02:00z	 -23.000	 +0.000		1000.0	 3	 34.661	3.680	160.00																															
PIRATA Fr23	st002c01	B	2013-05-15T22:02:00z	 -23.000	 +0.000		2000.0	 2	 34.966	5.790	251.70																															
PIRATA Fr23	st002c01	B	2013-05-15T22:02:00z	 -23.000	 +0.000		2000.0	 1	 34.965	5.775	251.00																															
PIRATA Fr23	st003c01	B	2013-05-20T22:00:00z	 -10.000	-10.000		  10.0	10	 36.509	4.649	202.73	 0.01	  0.000	0.000	  0.10	 0.80																										
PIRATA Fr23	st003c01	B	2013-05-20T22:00:00z	 -10.000	-10.000		  20.0	 9	 36.511	4.655	202.99	 0.01	  0.000	0.000	  0.10	 0.80	0.0048	0.0061	0.0021	0.0054	0.0033			0.0009	0.0202	0.0050		0.0008	0.0878		0.0042	0.0065		0.0103	-77777.0000		0.0451	0.0513		0.0011		
PIRATA Fr23	st003c01	B	2013-05-20T22:00:00z	 -10.000	-10.000		  40.0	 8	 36.527	4.674	203.79	 0.00	  0.000	0.000	  0.09	 0.80	0.0066	0.0083	0.0025	0.0076	0.0038			0.0009	0.0266	0.0040			0.0746		0.0049	0.0075		0.0106	-77777.0000		0.0450	0.0621		0.0012		
PIRATA Fr23	st003c01	B	2013-05-20T22:00:00z	 -10.000	-10.000		  60.0	 7	 36.611	5.082	221.48	 0.00	  0.000	0.000	  0.11	 0.90	0.0169	0.0183	0.0066	0.0207	0.0054	0.0020		0.0016	0.0602	0.0062			0.0943		0.0170	0.0246		0.0213	-77777.0000		0.1201	0.1203		0.0019		
PIRATA Fr23	st003c01	B	2013-05-20T22:00:00z	 -10.000	-10.000		  80.0	 6	 36.576	4.900	213.38	 0.07	  0.000	0.000	  0.24	 1.20	0.0474	0.0444	0.0091	0.0685	0.0100	0.0204	0.0020	0.0048	0.1014	0.0071	0.0007		0.0714		0.0653	0.1566		0.0425	-77777.0000		0.1588	0.2410		0.0043		
PIRATA Fr23	st003c01	B	2013-05-20T22:00:00z	 -10.000	-10.000		 100.0	 5	 36.401	4.318	188.01	 0.42	  4.400	3.900	  0.48	 2.00	0.0427	0.0342	0.0046	0.0672	0.0099	0.0127	0.0026	0.0029	0.0723	0.0051	0.0003		0.0454		0.1342	0.0683		0.0386	-77777.0000		0.1237	0.1843		0.0048		
PIRATA Fr23	st003c01	B	2013-05-20T22:00:00z	 -10.000	-10.000		 500.0	 4	 34.666	2.046	 89.01																															
PIRATA Fr23	st003c01	B	2013-05-20T22:00:00z	 -10.000	-10.000		1000.0	 3	 34.588	3.740	162.60																															
PIRATA Fr23	st003c01	B	2013-05-20T22:00:00z	 -10.000	-10.000		1000.0	 2	 34.588	3.738	162.53																															
PIRATA Fr23	st003c01	B	2013-05-20T22:00:00z	 -10.000	-10.000		2000.0	 1	 34.934	4.580	199.05																															
PIRATA Fr23	st004c01	B	2013-05-21T02:55:00z	 -10.000	 -9.500		   0.0	11	 36.416			 0.00	  0.000	0.000	  0.11	 0.70																										
PIRATA Fr23	st004c01	B	2013-05-21T02:55:00z	 -10.000	 -9.500		  10.0	10	 36.414	4.622	201.55	 0.00	  0.000	0.000	  0.09	 0.60																										
PIRATA Fr23	st004c01	B	2013-05-21T02:55:00z	 -10.000	 -9.500		  20.0	 9	 36.414	4.613	201.20	 0.00	  0.000	0.000	  0.06	 0.60																										
PIRATA Fr23	st004c01	B	2013-05-21T02:55:00z	 -10.000	 -9.500		  40.0	 8	 36.421	4.647	202.63	 0.00	  0.000	0.000	  0.07	 0.80																										
PIRATA Fr23	st004c01	B	2013-05-21T02:55:00z	 -10.000	 -9.500		  60.0	 7	 36.587	5.071	220.99	 0.00	  0.000	0.000	  0.11	 0.80																										
PIRATA Fr23	st004c01	B	2013-05-21T02:55:00z	 -10.000	 -9.500		  80.0	 6	 36.572	4.899	213.38	 0.04	  0.600	0.500	  0.25	 1.30																										
PIRATA Fr23	st004c01	B	2013-05-21T02:55:00z	 -10.000	 -9.500		 100.0	 5	 36.332	4.040	175.90	 0.44	  6.100	5.600	  0.57	 2.20																										
PIRATA Fr23	st004c01	B	2013-05-21T02:55:00z	 -10.000	 -9.500		 500.0	 4	 34.635	2.073	 90.17																															
PIRATA Fr23	st004c01	B	2013-05-21T02:55:00z	 -10.000	 -9.500		 500.0	 3	 34.636	2.081	 90.51																															
PIRATA Fr23	st004c01	B	2013-05-21T02:55:00z	 -10.000	 -9.500		1000.0	 2	 34.553	3.523	153.20																															
PIRATA Fr23	st004c01	B	2013-05-21T02:55:00z	 -10.000	 -9.500		2000.0	 1	 34.934	5.425	235.78																															
PIRATA Fr23	st005c01	B	2013-05-21T07:15:00z	 -10.000	 -9.000		   0.0	11	 36.427	4.569	199.29	 0.02	  0.000	0.000	  0.07	 0.80	0.0066	0.0091	0.0038	0.0068	0.0042		0.0000	0.0013	0.0242	0.0050			0.0941		0.0073	0.0076		0.0153	-77777.0000		0.0759	0.0656		0.0010		
PIRATA Fr23	st005c01	B	2013-05-21T07:15:00z	 -10.000	 -9.000		  10.0	10	 36.428	4.571	199.38	 0.02	  0.000	0.000	  0.08	 0.80																										
PIRATA Fr23	st005c01	B	2013-05-21T07:15:00z	 -10.000	 -9.000		  20.0	 9	 36.427	4.573	199.47	 0.01	  0.000	0.000	  0.07	 0.80																										
PIRATA Fr23	st005c01	B	2013-05-21T07:15:00z	 -10.000	 -9.000		  40.0	 8	 36.427	4.580	199.77	 0.01	  0.000	0.000	  0.07	 0.70																										
PIRATA Fr23	st005c01	B	2013-05-21T07:15:00z	 -10.000	 -9.000		  60.0	 7	 36.428	4.583	199.89	 0.01	  0.000	0.000	  0.05	 0.80																										
PIRATA Fr23	st005c01	B	2013-05-21T07:15:00z	 -10.000	 -9.000		  80.0	 6	 36.378	4.629	201.63	 0.09	  2.000	1.900	  0.29	 1.80																										
PIRATA Fr23	st005c01	B	2013-05-21T07:15:00z	 -10.000	 -9.000		 100.0	 5	 35.946	3.030	131.93	 0.46	 13.700	13.200	  0.96	 4.00																										
PIRATA Fr23	st005c01	B	2013-05-21T07:15:00z	 -10.000	 -9.000		 100.0	 4	 35.934	3.001	130.64	 0.45	 13.900	13.500	  1.02	 4.10																										
PIRATA Fr23	st005c01	B	2013-05-21T07:15:00z	 -10.000	 -9.000		 500.0	 3	 34.669	1.805	 78.50																															
PIRATA Fr23	st005c01	B	2013-05-21T07:15:00z	 -10.000	 -9.000		1000.0	 2	 34.570	3.644	158.42																															
PIRATA Fr23	st005c01	B	2013-05-21T07:15:00z	 -10.000	 -9.000		2000.0	 1	 34.933	5.416	235.40																															
PIRATA Fr23	st006c01	B	2013-05-21T13:15:00z	 -10.000	 -8.500		   0.0	11	 36.381	4.573	199.50	 0.00	  0.100	0.100	  0.08	 1.30																										
PIRATA Fr23	st006c01	B	2013-05-21T13:15:00z	 -10.000	 -8.500		  10.0	10	 36.381	4.572	199.40	 0.00	  0.100	0.100	  0.08	 1.30																										
PIRATA Fr23	st006c01	B	2013-05-21T13:15:00z	 -10.000	 -8.500		  20.0	 9	 36.378	4.542	198.10	 0.00	  0.100	0.100	  0.09	 1.40																										
PIRATA Fr23	st006c01	B	2013-05-21T13:15:00z	 -10.000	 -8.500		  40.0	 8	 36.378	4.548	198.40	 0.00	  0.100	0.100	  0.12	 1.40																										
PIRATA Fr23	st006c01	B	2013-05-21T13:15:00z	 -10.000	 -8.500		  60.0	 7	 36.379	4.552	198.60	 0.00	  0.100	0.100	  0.13	 1.10																										
PIRATA Fr23	st006c01	B	2013-05-21T13:15:00z	 -10.000	 -8.500		  80.0	 6	 36.376	4.752	207.00	 0.08	  1.300	1.200	  0.23	 2.00																										
PIRATA Fr23	st006c01	B	2013-05-21T13:15:00z	 -10.000	 -8.500		  80.0	 5	 36.360	4.708	205.10	 0.10	  1.700	1.600	  0.31	 2.10																										
PIRATA Fr23	st006c01	B	2013-05-21T13:15:00z	 -10.000	 -8.500		 100.0	 4	 36.018	3.214	139.90	 0.49	 12.600	12.100	  0.96	 4.00																										
PIRATA Fr23	st006c01	B	2013-05-21T13:15:00z	 -10.000	 -8.500		 500.0	 3	 34.688	1.738	 75.60																															
PIRATA Fr23	st006c01	B	2013-05-21T13:15:00z	 -10.000	 -8.500		1000.0	 2	 34.580	3.682	160.10																															
PIRATA Fr23	st006c01	B	2013-05-21T13:15:00z	 -10.000	 -8.500		2000.0	 1	 34.937	5.416	235.40																															
PIRATA Fr23	st007c01	B	2013-05-21T18:20:00z	 -10.000	 -8.000		   0.0	11	 36.068	4.536	197.90	 0.01	  0.100	0.100	  0.06	 1.10	0.0040	0.0044		0.0039	0.0034			0.0011	0.0149	0.0051			0.1022		0.0035	0.0043		0.0109	-77777.0000		0.0474	0.0408				
PIRATA Fr23	st007c01	B	2013-05-21T18:20:00z	 -10.000	 -8.000		  10.0	10	 36.067	4.549	198.50	 0.02	  0.100	0.100	  0.07	 1.10																										
PIRATA Fr23	st007c01	B	2013-05-21T18:20:00z	 -10.000	 -8.000		  20.0	 9	 36.075	4.548	198.40	 0.01	  0.100	0.100	  0.06	 1.10	0.0040	0.0053		0.0044	0.0036			0.0011	0.0169	0.0054			0.1122		0.0041	0.0053		0.0129	-77777.0000		0.0514	0.0489		0.0011		
PIRATA Fr23	st007c01	B	2013-05-21T18:20:00z	 -10.000	 -8.000		  40.0	 8	 36.187	4.567	199.30	 0.02	  0.100	0.100	  0.07	 1.00	0.0059	0.0077	0.0022	0.0057	0.0042			0.0013	0.0245	0.0048			0.1220		0.0064	0.0069		0.0165	-77777.0000		0.0736	0.0613		0.0013		
PIRATA Fr23	st007c01	B	2013-05-21T18:20:00z	 -10.000	 -8.000		  60.0	 7	 36.271	4.597	200.50	 0.02	  0.000	0.000	  0.05	 1.00	0.0104	0.0130	0.0034	0.0126	0.0073			0.0016	0.0434	0.0057			0.1371		0.0146	0.0116		0.0226	-77777.0000		0.1127	0.0844		0.0017		
PIRATA Fr23	st007c01	B	2013-05-21T18:20:00z	 -10.000	 -8.000		  60.0	 6	 36.283	4.928	214.80	 0.01	  0.100	0.100	  0.09	 1.10																										
PIRATA Fr23	st007c01	B	2013-05-21T18:20:00z	 -10.000	 -8.000		  80.0	 5	 36.394	3.385	147.40	 0.02	  0.500	0.500	  0.22	 1.80	0.0368	0.0434	0.0103	0.0549	0.0121	0.0110	0.0023	0.0057	0.1279	0.0103			0.1848		0.0349	0.1451		0.0520	-77777.0000		0.2346	0.2695		0.0046		
PIRATA Fr23	st007c01	B	2013-05-21T18:20:00z	 -10.000	 -8.000		 100.0	 4	 36.016	3.449	150.20	 0.45	 10.400	10.000	  0.87	 3.50	0.0551	0.0416	0.0023	0.0880	0.0174	0.0135	0.0040	0.0040	0.0835	0.0068			0.0541		0.1447	0.0773		0.0420	-77777.0000		0.1247	0.2330		0.0045		
PIRATA Fr23	st007c01	B	2013-05-21T18:20:00z	 -10.000	 -8.000		 500.0	 3	 34.709	1.786	 77.70																															
PIRATA Fr23	st007c01	B	2013-05-21T18:20:00z	 -10.000	 -8.000		1000.0	 2	 34.589	3.682	160.10																															
PIRATA Fr23	st007c01	B	2013-05-21T18:20:00z	 -10.000	 -8.000		2000.0	 1	 34.936	5.461	237.40																															
PIRATA Fr23	st008c01	B	2013-05-21T22:20:00z	 -10.000	 -7.500		   0.0	11	 35.888	4.533	197.80	 0.01	  0.200	0.200	  0.03	 1.10																										
PIRATA Fr23	st008c01	B	2013-05-21T22:20:00z	 -10.000	 -7.500		  10.0	10	 35.886	4.530	197.70	 0.01	  0.200	0.200	  0.02	 1.00																										
PIRATA Fr23	st008c01	B	2013-05-21T22:20:00z	 -10.000	 -7.500		  20.0	 9	 35.888	4.533	197.80	 0.01	  0.100	0.100	  0.01	 1.00																										
PIRATA Fr23	st008c01	B	2013-05-21T22:20:00z	 -10.000	 -7.500		  40.0	 8	 35.901	4.544	198.30	 0.00	  0.100	0.100	  0.03	 1.10																										
PIRATA Fr23	st008c01	B	2013-05-21T22:20:00z	 -10.000	 -7.500		  40.0	 7	 35.915	4.532	197.80	 0.00	  0.200	0.200	  0.01	 1.00																										
PIRATA Fr23	st008c01	B	2013-05-21T22:20:00z	 -10.000	 -7.500		  60.0	 6	 36.392	4.588	200.10	 0.00	  0.200	0.200	  0.01	 1.10																										
PIRATA Fr23	st008c01	B	2013-05-21T22:20:00z	 -10.000	 -7.500		  60.0	 5	 36.393	4.607	200.90	 0.00	  0.200	0.200	  0.04	 1.10																										
PIRATA Fr23	st008c01	B	2013-05-21T22:20:00z	 -10.000	 -7.500		 100.0	 4	 35.768	2.576	112.20	 0.20	 24.300	24.000	  1.18	 5.20																										
PIRATA Fr23	st008c01	B	2013-05-21T22:20:00z	 -10.000	 -7.500		 500.0	 3	 34.700	1.754	 76.30																															
PIRATA Fr23	st008c01	B	2013-05-21T22:20:00z	 -10.000	 -7.500		1000.0	 2	 34.568	3.688	160.30																															
PIRATA Fr23	st008c01	B	2013-05-21T22:20:00z	 -10.000	 -7.500		2000.0	 1	 34.939	5.479	238.10																															
PIRATA Fr23	st009c01	B	2013-05-22T04:20:00z	 -10.000	 -7.000		   0.0	11	 35.726	4.521	197.30	 0.00	  0.300	0.300	  0.05	 1.10	0.0052	0.0064	0.0041	0.0050	0.0039		0.0000	0.0010	0.0189	0.0048			0.0930		0.0068	0.0046		0.0161	-77777.0000		0.0782	0.0464		0.0008		
PIRATA Fr23	st009c01	B	2013-05-22T04:20:00z	 -10.000	 -7.000		  10.0	10	 35.726	4.524	197.50	 0.02	  0.300	0.300	  0.06	 1.20																										
PIRATA Fr23	st009c01	B	2013-05-22T04:20:00z	 -10.000	 -7.000		  20.0	 9	 35.727	4.526	197.50	 0.01	  0.300	0.200	  0.07	 1.20																										
PIRATA Fr23	st009c01	B	2013-05-22T04:20:00z	 -10.000	 -7.000		  20.0	 8	 35.727	4.526	197.50	 0.01	  0.200	0.200	  0.07	 1.10																										
PIRATA Fr23	st009c01	B	2013-05-22T04:20:00z	 -10.000	 -7.000		  40.0	 7	 35.732	4.522	197.40	 0.00	  0.200	0.200	  0.07	 1.10																										
PIRATA Fr23	st009c01	B	2013-05-22T04:20:00z	 -10.000	 -7.000		  60.0	 6	 36.382	4.548	198.40	 0.00	  0.200	0.200	  0.09	 1.20																										
PIRATA Fr23	st009c01	B	2013-05-22T04:20:00z	 -10.000	 -7.000		  80.0	 5	 36.336	4.782	208.50	 0.00	  0.300	0.300	  0.14	 1.50																										
PIRATA Fr23	st009c01	B	2013-05-22T04:20:00z	 -10.000	 -7.000		 100.0	 4	 35.913	2.982	129.90	 0.67	 19.700	19.000	  0.97	 4.30																										
PIRATA Fr23	st009c01	B	2013-05-22T04:20:00z	 -10.000	 -7.000		 500.0	 3	 34.685	1.878	 81.70																															
PIRATA Fr23	st009c01	B	2013-05-22T04:20:00z	 -10.000	 -7.000		1000.0	 2	 34.581	3.702	161.00																															
PIRATA Fr23	st009c01	B	2013-05-22T04:20:00z	 -10.000	 -7.000		2000.0	 1	 34.938	5.475	238.00																															
PIRATA Fr23	st010c01	B	2013-05-22T09:29:00z	 -10.000	 -6.500		   0.0	11	 35.420	4.521	197.40	 0.02	  0.200	0.200	  0.02	 0.40																										
PIRATA Fr23	st010c01	B	2013-05-22T09:29:00z	 -10.000	 -6.500		  10.0	10	 35.419	4.525	197.60	 0.02	  0.100	0.100	  0.01	 0.70																										
PIRATA Fr23	st010c01	B	2013-05-22T09:29:00z	 -10.000	 -6.500		  10.0	 9	 35.419	4.524	197.50	 0.01	  0.200	0.200	  0.01	 0.70																										
PIRATA Fr23	st010c01	B	2013-05-22T09:29:00z	 -10.000	 -6.500		  20.0	 8	 35.419	4.520	197.40	 0.00	  0.200	0.200	  0.03	 0.70																										
PIRATA Fr23	st010c01	B	2013-05-22T09:29:00z	 -10.000	 -6.500		  40.0	 7	 35.528	4.522	197.40	 0.00	  0.200	0.200	  0.04	 0.60																										
PIRATA Fr23	st010c01	B	2013-05-22T09:29:00z	 -10.000	 -6.500		  60.0	 6	 36.144	4.517	197.10	 0.00	  0.200	0.200	  0.02	 0.90																										
PIRATA Fr23	st010c01	B	2013-05-22T09:29:00z	 -10.000	 -6.500		  80.0	 5	 36.281	4.730	206.30	 0.00	  0.300	0.300	  0.12	 1.20																										
PIRATA Fr23	st010c01	B	2013-05-22T09:29:00z	 -10.000	 -6.500		 100.0	 4	 36.137	4.027	175.40	 0.23	  7.300	7.000	  0.54	 2.20																										
PIRATA Fr23	st010c01	B	2013-05-22T09:29:00z	 -10.000	 -6.500		 500.0	 3	 34.630	2.050	 89.20																															
PIRATA Fr23	st010c01	B	2013-05-22T09:29:00z	 -10.000	 -6.500		1000.0	 2	 34.577	3.511	152.70																															
PIRATA Fr23	st010c01	B	2013-05-22T09:29:00z	 -10.000	 -6.500		2000.0	 1	 34.947	5.516	239.80																															
PIRATA Fr23	st011c01	B	2013-05-22T23:17:00z	 -10.000	 -6.000		   0.0	11	 35.072	4.549	198.70	 0.01	  0.100	0.100	  0.03	 0.90	0.0068	0.0074	0.0023	0.0052	0.0044			0.0009	0.0173	0.0043	0.1026		0.0000		0.0066	0.0066		0.0178	-77777.0000		0.0769	0.0530		0.0016		
PIRATA Fr23	st011c01	B	2013-05-22T23:17:00z	 -10.000	 -6.000		   0.0	10	 35.072	4.550	198.70	 0.00	  0.100	0.100	  0.04	 0.80																										
PIRATA Fr23	st011c01	B	2013-05-22T23:17:00z	 -10.000	 -6.000		  10.0	 9	 35.071	4.555	198.90	 0.00	  0.200	0.200	  0.04	 0.80																										
PIRATA Fr23	st011c01	B	2013-05-22T23:17:00z	 -10.000	 -6.000		  20.0	 8	 35.071	4.552	198.80	 0.00	  0.200	0.200	  0.04	 0.60	0.0063	0.0073	0.0039	0.0051	0.0044			0.0008	0.0167	0.0045			0.0895		0.0051	0.0066		0.0158	-77777.0000		0.0657	0.0547		0.0014		
PIRATA Fr23	st011c01	B	2013-05-22T23:17:00z	 -10.000	 -6.000		  40.0	 7	 35.093	4.564	199.30	 0.00	  0.200	0.200	  0.00	 0.60	0.0070	0.0073	0.0021	0.0054	0.0044			0.0007	0.0193	0.0040			0.0870		0.0059	0.0069		0.0161	-77777.0000		0.0671	0.0544		0.0014		
PIRATA Fr23	st011c01	B	2013-05-22T23:17:00z	 -10.000	 -6.000		  60.0	 6	 36.105	4.533	197.80	 0.00	  0.200	0.200	  0.04	 0.70	0.0158	0.0173	0.0043	0.0105	0.0048			0.0011	0.0480	0.0047			0.1064		0.0227	0.0174		0.0272	-77777.0000		0.1420	0.0898		0.0022		
PIRATA Fr23	st011c01	B	2013-05-22T23:17:00z	 -10.000	 -6.000		  80.0	 5	 36.282	4.758	207.50	 0.01	  0.300	0.300	  0.12	 1.00	0.0459	0.0441	0.0067	0.0503	0.0079	0.0076	0.0012	0.0042	0.1145	0.0075	0.0007		0.0889		0.0414	0.0826		0.0390	-77777.0000		0.1900	0.2364		0.0066		
PIRATA Fr23	st011c01	B	2013-05-22T23:17:00z	 -10.000	 -6.000		 100.0	 4	 36.105	4.024	175.30	 0.27	  7.000	6.700	  0.53	 2.30	0.0440	0.0340	0.0027	0.0596	0.0105	0.0162	0.0031	0.0054	0.0698	0.0046	0.0005		0.0473		0.1102	0.0901		0.0374	-77777.0000		0.1157	0.1867		0.0068		
PIRATA Fr23	st011c01	B	2013-05-22T23:17:00z	 -10.000	 -6.000		 500.0	 3	 34.658	1.697	 73.80																															
PIRATA Fr23	st011c01	B	2013-05-22T23:17:00z	 -10.000	 -6.000		1000.0	 2	 34.593	3.536	153.70																															
PIRATA Fr23	st011c01	B	2013-05-22T23:17:00z	 -10.000	 -6.000		2000.0	 1	 34.949	5.551	241.30																															
PIRATA Fr23	st012c01	B	2013-05-23T04:40:00z	 -10.000	 -5.500		   0.0	11	 35.038	4.568	199.50	 0.00	  0.100	0.100	  0.02	 0.40																										
PIRATA Fr23	st012c01	B	2013-05-23T04:40:00z	 -10.000	 -5.500		  10.0	10	 35.038	4.567	199.40	 0.00	  0.200	0.200	  0.01	 0.50																										
PIRATA Fr23	st012c01	B	2013-05-23T04:40:00z	 -10.000	 -5.500		  20.0	 9	 35.038	4.572	199.70	 0.00	  0.100	0.100	  0.00	 0.50																										
PIRATA Fr23	st012c01	B	2013-05-23T04:40:00z	 -10.000	 -5.500		  40.0	 8	 35.069	4.576	199.80	 0.00	  0.200	0.200	  0.00	 0.50																										
PIRATA Fr23	st012c01	B	2013-05-23T04:40:00z	 -10.000	 -5.500		  60.0	 7	 36.146	4.754	207.40	 0.00	  0.200	0.200	  0.06	 0.80																										
PIRATA Fr23	st012c01	B	2013-05-23T04:40:00z	 -10.000	 -5.500		  80.0	 6	 36.300	4.706	205.10	 0.01	  0.900	0.900	  0.18	 1.30																										
PIRATA Fr23	st012c01	B	2013-05-23T04:40:00z	 -10.000	 -5.500		 100.0	 5	 35.934	3.031	132.00	 0.36	 17.200	16.800	  0.92	 3.40																										
PIRATA Fr23	st012c01	B	2013-05-23T04:40:00z	 -10.000	 -5.500		 500.0	 4	 34.645	2.152	 93.60																															
PIRATA Fr23	st012c01	B	2013-05-23T04:40:00z	 -10.000	 -5.500		1000.0	 3	 34.588	3.595	156.40																															
PIRATA Fr23	st012c01	B	2013-05-23T04:40:00z	 -10.000	 -5.500		2000.0	 2	 34.954	5.571	242.20																															
PIRATA Fr23	st012c01	B	2013-05-23T04:40:00z	 -10.000	 -5.500		2000.0	 1	 34.954	5.653	245.70																															
PIRATA Fr23	st013c01	B	2013-05-23T09:44:00z	 -10.000	 -5.000		   0.0	11	 35.006	4.551	198.80	 0.00	  0.200	0.200	  0.01	 0.60	0.0081	0.0106	0.0055	0.0076	0.0067		0.0000	0.0019	0.0274	0.0109		0.0020	0.1019		0.0113	0.0074		0.0238	-77777.0000		0.1176	0.0958		0.0012		
PIRATA Fr23	st013c01	B	2013-05-23T09:44:00z	 -10.000	 -5.000		  10.0	10	 35.006	4.631	202.20	 0.00	  0.200	0.200	  0.00	 0.60																										
PIRATA Fr23	st013c01	B	2013-05-23T09:44:00z	 -10.000	 -5.000		  20.0	 9	 35.007	4.567	199.50	 0.00	  0.200	0.200	  0.00	 0.60																										
PIRATA Fr23	st013c01	B	2013-05-23T09:44:00z	 -10.000	 -5.000		  40.0	 8	 35.008	4.561	199.20	 0.00	  0.200	0.200	  0.00	 0.40																										
PIRATA Fr23	st013c01	B	2013-05-23T09:44:00z	 -10.000	 -5.000		  60.0	 7	 36.090	4.837	210.90	 0.00	  0.200	0.200	  0.04	 1.00																										
PIRATA Fr23	st013c01	B	2013-05-23T09:44:00z	 -10.000	 -5.000		  80.0	 6	 35.766	3.221	140.30	 0.24	 15.900	15.600	  0.79	 3.60																										
PIRATA Fr23	st013c01	B	2013-05-23T09:44:00z	 -10.000	 -5.000		 100.0	 5	 35.649	2.601	113.20	 0.23	 23.900	23.700	  1.21	 5.10																										
PIRATA Fr23	st013c01	B	2013-05-23T09:44:00z	 -10.000	 -5.000		 500.0	 4	 34.587	3.513	152.80																															
PIRATA Fr23	st013c01	B	2013-05-23T09:44:00z	 -10.000	 -5.000		1000.0	 3	 34.589	3.523	153.20																															
PIRATA Fr23	st013c01	B	2013-05-23T09:44:00z	 -10.000	 -5.000		1000.0	 2	 34.590	3.527	153.40																															
PIRATA Fr23	st013c01	B	2013-05-23T09:44:00z	 -10.000	 -5.000		2000.0	 1	 34.954	5.589	242.90																															
PIRATA Fr23	st014c01	B	2013-05-23T14:42:00z	 -10.000	 -4.500		   0.0	11	 34.786	4.598	200.80	 0.01	  0.100	0.100	  0.03	 0.70																										
PIRATA Fr23	st014c01	B	2013-05-23T14:42:00z	 -10.000	 -4.500		  10.0	10	 34.783	4.599	200.90	 0.01	  0.100	0.100	  0.02	 0.70																										
PIRATA Fr23	st014c01	B	2013-05-23T14:42:00z	 -10.000	 -4.500		  20.0	 9	 34.782	4.618	201.70	 0.01	  0.100	0.100	  0.00	 0.70																										
PIRATA Fr23	st014c01	B	2013-05-23T14:42:00z	 -10.000	 -4.500		  40.0	 8	 34.959	4.590	200.40	 0.00	  0.100	0.100	  0.00	 0.70																										
PIRATA Fr23	st014c01	B	2013-05-23T14:42:00z	 -10.000	 -4.500		  60.0	 7	 36.066	4.462	194.40	 0.06	  2.200	2.200	  0.32	 2.00																										
PIRATA Fr23	st014c01	B	2013-05-23T14:42:00z	 -10.000	 -4.500		  80.0	 6	 35.558	2.142	 93.20	 0.27	 21.000	20.700	  1.41	 6.10																										
PIRATA Fr23	st014c01	B	2013-05-23T14:42:00z	 -10.000	 -4.500		 100.0	 5	 35.458	2.167	 94.30	 0.04	 22.100	22.000	  1.52	 6.90																										
PIRATA Fr23	st014c01	B	2013-05-23T14:42:00z	 -10.000	 -4.500		 500.0	 4	 34.657	2.314	100.70																															
PIRATA Fr23	st014c01	B	2013-05-23T14:42:00z	 -10.000	 -4.500		 500.0	 3	 34.656	2.327	101.20																															
PIRATA Fr23	st014c01	B	2013-05-23T14:42:00z	 -10.000	 -4.500		1000.0	 2	 34.602	3.713	161.40																															
PIRATA Fr23	st014c01	B	2013-05-23T14:42:00z	 -10.000	 -4.500		2000.0	 1	 34.954	5.564	241.80																															
PIRATA Fr23	st015c01	B	2013-05-23T19:40:00z	 -10.000	 -4.000		   0.0	11	 34.733	4.623	201.90	 0.01	  0.100	0.100	  0.03	 0.90	0.0073	0.0109	0.0099	0.0076	0.0063			0.0013	0.0264	0.0100		0.0012	0.1324		0.0069	0.0047		0.0195	-77777.0000		0.0841	0.0816		0.0011		
PIRATA Fr23	st015c01	B	2013-05-23T19:40:00z	 -10.000	 -4.000		  10.0	10	 34.732	4.637	202.50	 0.00	  0.100	0.100	  0.02	 0.80																										
PIRATA Fr23	st015c01	B	2013-05-23T19:40:00z	 -10.000	 -4.000		  20.0	 9	 34.732	4.625	202.00	 0.00	  0.100	0.100	  0.00	 0.90																										
PIRATA Fr23	st015c01	B	2013-05-23T19:40:00z	 -10.000	 -4.000		  40.0	 8	 35.123	4.677	204.20	 0.00	  0.100	0.100	  0.00	 1.10	0.0080	0.0107	0.0058	0.0088	0.0069			0.0009	0.0285	0.0077		0.0006	0.1231		0.0097	0.0040		0.0201	-77777.0000		0.0874	0.0790		0.0011		
PIRATA Fr23	st015c01	B	2013-05-23T19:40:00z	 -10.000	 -4.000		  60.0	 7	 35.857	3.413	148.60	 0.38	 11.000	10.600	  0.85	 4.00	0.0309	0.0370	0.0094	0.0355	0.0175			0.0020	0.0984	0.0116			0.1514		0.0327	0.0254		0.0412	-77777.0000		0.2159	0.2072		0.0050		
PIRATA Fr23	st015c01	B	2013-05-23T19:40:00z	 -10.000	 -4.000		  80.0	 6	 35.512	2.333	101.50	 0.05	 20.200	20.100	  1.45	 6.70	0.0758	0.0627	0.0108	0.1100	0.0298	0.0177	0.0055	0.0055	0.1519	0.0105			0.0785		0.0617	0.1686		0.0412	-77777.0000		0.1208	0.3760		0.0050		
PIRATA Fr23	st015c01	B	2013-05-23T19:40:00z	 -10.000	 -4.000		 100.0	 5	 35.472	2.060	 89.60	 0.02	 22.000	22.000	  1.63	 7.40	0.0315	0.0192	0.0028	0.0483	0.0151	0.0030	0.0017	0.0010	0.0449	0.0034	0.0007		0.0149		0.1087	0.0166		0.0266	-77777.0000		0.0546	0.1243		0.0036		
PIRATA Fr23	st015c01	B	2013-05-23T19:40:00z	 -10.000	 -4.000		 100.0	 4	 35.471	2.079	 90.50	 0.01	 22.100	22.100	  1.65	 7.30	0.0171	0.0095	0.0013	0.0226	0.0071	0.0013	0.0004	0.0003	0.0264	0.0016	0.0003		0.0047		0.0487	0.0000		0.0101	-77777.0000		0.0189	0.0578		0.0014		
PIRATA Fr23	st015c01	B	2013-05-23T19:40:00z	 -10.000	 -4.000		 500.0	 3	 34.697	2.069	 90.00																															
PIRATA Fr23	st015c01	B	2013-05-23T19:40:00z	 -10.000	 -4.000		1000.0	 2	 34.616	3.714	161.50																															
PIRATA Fr23	st015c01	B	2013-05-23T19:40:00z	 -10.000	 -4.000		2000.0	 1	 34.958	5.655	245.80																															
PIRATA Fr23	st016c01	B	2013-05-24T00:40:00z	 -10.000	 -3.500		   0.0	11	 34.991	4.641	202.60	 0.01	  0.100	0.100	  0.05	 1.00																										
PIRATA Fr23	st016c01	B	2013-05-24T00:40:00z	 -10.000	 -3.500		  10.0	10	 34.991	4.640	202.60	 0.01	  0.100	0.100	  0.04	 0.90																										
PIRATA Fr23	st016c01	B	2013-05-24T00:40:00z	 -10.000	 -3.500		  20.0	 9	 34.989	4.641	202.60	 0.00	  0.100	0.100	  0.02	 0.90																										
PIRATA Fr23	st016c01	B	2013-05-24T00:40:00z	 -10.000	 -3.500		  40.0	 8	 35.082	4.698	205.00	 0.02	  0.100	0.100	  0.05	 1.00																										
PIRATA Fr23	st016c01	B	2013-05-24T00:40:00z	 -10.000	 -3.500		  60.0	 7	 35.580	2.333	101.60	 0.40	 19.600	19.200	  1.33	 6.00																										
PIRATA Fr23	st016c01	B	2013-05-24T00:40:00z	 -10.000	 -3.500		  80.0	 6	 35.517	2.160	 94.00	 0.07	 21.000	20.900	  1.51	 6.80																										
PIRATA Fr23	st016c01	B	2013-05-24T00:40:00z	 -10.000	 -3.500		  80.0	 5	 35.516	2.165	 94.20	 0.06	 21.100	21.000	  1.54	 6.70																										
PIRATA Fr23	st016c01	B	2013-05-24T00:40:00z	 -10.000	 -3.500		 100.0	 4	 35.472	2.184	 95.00	 0.04	 21.700	21.700	  1.59	 7.00																										
PIRATA Fr23	st016c01	B	2013-05-24T00:40:00z	 -10.000	 -3.500		 500.0	 3	 34.656	2.190	 95.30																															
PIRATA Fr23	st016c01	B	2013-05-24T00:40:00z	 -10.000	 -3.500		1000.0	 2	 34.611	3.701	160.90																															
PIRATA Fr23	st016c01	B	2013-05-24T00:40:00z	 -10.000	 -3.500		2000.0	 1	 34.959	5.650	245.60																															
PIRATA Fr23	st017c01	B	2013-05-24T05:40:00z	 -10.000	 -3.000		   0.0	11	 35.109	4.636	202.40	 0.00	  0.000	0.000	  0.07	 1.00	0.0095	0.0133	0.0069	0.0103	0.0091		0.0000	0.0019	0.0315	0.0077		0.0008	0.1026		0.0108	0.0059		0.0215	-77777.0000		0.1051	0.0965		0.0013		
PIRATA Fr23	st017c01	B	2013-05-24T05:40:00z	 -10.000	 -3.000		  10.0	10	 35.109	4.629	202.10	 0.00	  0.000	0.000	  0.05	 0.90																										
PIRATA Fr23	st017c01	B	2013-05-24T05:40:00z	 -10.000	 -3.000		  20.0	 9	 35.108	4.636	202.40	 0.00	  0.000	0.000	  0.04	 1.00																										
PIRATA Fr23	st017c01	B	2013-05-24T05:40:00z	 -10.000	 -3.000		  40.0	 8	 35.102	4.648	202.90	 0.00	  0.000	0.000	  0.04	 0.90																										
PIRATA Fr23	st017c01	B	2013-05-24T05:40:00z	 -10.000	 -3.000		  60.0	 7	 35.654	2.808	122.20	 0.40	 15.900	15.500	  1.14	 5.00																										
PIRATA Fr23	st017c01	B	2013-05-24T05:40:00z	 -10.000	 -3.000		  60.0	 6	 35.648	2.764	120.30	 0.38	 16.500	16.200	  1.21	 5.20																										
PIRATA Fr23	st017c01	B	2013-05-24T05:40:00z	 -10.000	 -3.000		  80.0	 5	 35.511	3.194	139.00	 0.03	 16.300	16.300	  1.22	 6.00																										
PIRATA Fr23	st017c01	B	2013-05-24T05:40:00z	 -10.000	 -3.000		 100.0	 4	 35.495	3.245	141.20	 0.05	 16.500	16.400	  1.23	 6.00																										
PIRATA Fr23	st017c01	B	2013-05-24T05:40:00z	 -10.000	 -3.000		 500.0	 3	 34.666	2.192	 95.40																															
PIRATA Fr23	st017c01	B	2013-05-24T05:40:00z	 -10.000	 -3.000		1000.0	 2	 34.620	3.639	158.20																															
PIRATA Fr23	st017c01	B	2013-05-24T05:40:00z	 -10.000	 -3.000		2000.0	 1	 34.949	5.623	244.40																															
PIRATA Fr23	st018c01	B	2013-05-24T11:05:00z	 -10.000	 -2.500		   0.0	11	 35.491	4.687	204.50	 0.00	  0.100	0.100	  0.04	 1.30																										
PIRATA Fr23	st018c01	B	2013-05-24T11:05:00z	 -10.000	 -2.500		  10.0	10	 35.490	4.675	204.00	 0.00	  0.100	0.100	  0.05	 1.30																										
PIRATA Fr23	st018c01	B	2013-05-24T11:05:00z	 -10.000	 -2.500		  20.0	 9	 35.489	4.684	204.40	 0.01	  0.100	0.100	  0.02	 1.20																										
PIRATA Fr23	st018c01	B	2013-05-24T11:05:00z	 -10.000	 -2.500		  40.0	 8	 35.417	4.669	203.80	 0.00	  0.200	0.200	  0.06	 1.30																										
PIRATA Fr23	st018c01	B	2013-05-24T11:05:00z	 -10.000	 -2.500		  40.0	 7	 35.422	4.657	203.20	 0.00	  0.300	0.300	  0.05	 1.30																										
PIRATA Fr23	st018c01	B	2013-05-24T11:05:00z	 -10.000	 -2.500		  60.0	 6	 35.606	2.859	124.50	 0.30	 17.000	16.700	  1.15	 5.70																										
PIRATA Fr23	st018c01	B	2013-05-24T11:05:00z	 -10.000	 -2.500		  80.0	 5	 35.523	3.117	135.60	 0.12	 16.800	16.700	  1.22	 6.10																										
PIRATA Fr23	st018c01	B	2013-05-24T11:05:00z	 -10.000	 -2.500		 100.0	 4	 35.484	3.137	136.50	 0.01	 17.300	17.300	  1.27	 6.30																										
PIRATA Fr23	st018c01	B	2013-05-24T11:05:00z	 -10.000	 -2.500		 500.0	 3	 34.643	2.389	103.90																															
PIRATA Fr23	st018c01	B	2013-05-24T11:05:00z	 -10.000	 -2.500		1000.0	 2	 34.629	3.683	160.10																															
PIRATA Fr23	st018c01	B	2013-05-24T11:05:00z	 -10.000	 -2.500		2000.0	 1	 34.954	5.701	247.80																															
PIRATA Fr23	st019c01	B	2013-05-24T16:20:00z	 -10.000	 -2.000		   0.0	11	 35.703	4.636	202.30	 0.00	  0.100	0.100	  0.10	 1.20	0.0074	0.0100	0.0026	0.0094	0.0091			0.0023	0.0217	0.0110		0.0019	0.1513		0.0072	0.0046		0.0169	-77777.0000		0.0853	0.0729		0.0013		
PIRATA Fr23	st019c01	B	2013-05-24T16:20:00z	 -10.000	 -2.000		  10.0	10	 35.700	4.656	203.20	 0.00	  0.100	0.100	  0.09	 1.10																										
PIRATA Fr23	st019c01	B	2013-05-24T16:20:00z	 -10.000	 -2.000		  20.0	 9	 35.702	4.658	203.30	 0.00	  0.100	0.100	  0.12	 1.10																										
PIRATA Fr23	st019c01	B	2013-05-24T16:20:00z	 -10.000	 -2.000		  20.0	 8	 35.699	4.668	203.70	 0.00	  0.100	0.100	  0.05	 1.10	0.0120	0.0186	0.0051	0.0162	0.0134			0.0021	0.0396	0.0103		0.0012	0.1627		0.0109	0.0102		0.0225	-77777.0000		0.1037	0.1087		0.0018		
PIRATA Fr23	st019c01	B	2013-05-24T16:20:00z	 -10.000	 -2.000		  40.0	 7	 35.595	4.380	191.00	 0.08	  2.900	2.800	  0.38	 1.70	0.1383	0.1629	0.0411	0.1450	0.0808			0.0094	0.3824	0.0280	0.0098	0.0023	0.1614		0.0272	0.1655		0.0514	-77777.0000		0.1914	0.7544				
PIRATA Fr23	st019c01	B	2013-05-24T16:20:00z	 -10.000	 -2.000		  60.0	 6	 35.679	2.799	121.80	 0.31	 16.300	16.000	  1.16	 5.00	0.0821	0.0627	0.0098	0.0740	0.0468	0.0125	0.0145	0.0035	0.1323	0.0107	0.0027		0.0494		0.0769	0.1488		0.0394	-77777.0000		0.0926	0.3637		0.0049		
PIRATA Fr23	st019c01	B	2013-05-24T16:20:00z	 -10.000	 -2.000		  80.0	 5	 35.627	2.640	114.90	 0.21	 17.700	17.500	  1.27	 5.40	0.0679	0.0454	0.0056	0.0692	0.0480	0.0075	0.0091	0.0024	0.1039	0.0094	0.0025		0.0590		0.0321	0.0652		0.2869	-77777.0000		0.0000	0.0000		0.0000		
PIRATA Fr23	st019c01	B	2013-05-24T16:20:00z	 -10.000	 -2.000		 100.0	 4	 35.525	3.326	144.70	 0.04	 16.000	15.900	  1.23	 5.60	0.0304	0.0180	0.0051	0.0372	0.0131	0.0035	0.0004	0.0003	0.0441	0.0051			0.0079		0.0594	0.0201		0.0173	-77777.0000		0.0328	0.1084		0.0025		
PIRATA Fr23	st019c01	B	2013-05-24T16:20:00z	 -10.000	 -2.000		 500.0	 3	 34.636	2.885	125.50																															
PIRATA Fr23	st019c01	B	2013-05-24T16:20:00z	 -10.000	 -2.000		1000.0	 2	 34.618	3.671	159.60																															
PIRATA Fr23	st019c01	B	2013-05-24T16:20:00z	 -10.000	 -2.000		2000.0	 1	 34.962	5.689	247.30																															
PIRATA Fr23	st020c01	B	2013-05-24T20:53:00z	 -10.000	 -1.500		   0.0	11	 35.833	4.652	203.00	 0.00	  0.100	0.100	  0.09	 1.40																										
PIRATA Fr23	st020c01	B	2013-05-24T20:53:00z	 -10.000	 -1.500		  10.0	10	 35.833	4.682	204.30	 0.00	  0.000	0.000	  0.07	 1.50																										
PIRATA Fr23	st020c01	B	2013-05-24T20:53:00z	 -10.000	 -1.500		  10.0	 9	 35.833	4.648	202.80	 0.00	  0.100	0.100	  0.06	 1.50																										
PIRATA Fr23	st020c01	B	2013-05-24T20:53:00z	 -10.000	 -1.500		  20.0	 8	 35.839	4.647	202.70	 0.00	  0.100	0.100	  0.05	 1.60																										
PIRATA Fr23	st020c01	B	2013-05-24T20:53:00z	 -10.000	 -1.500		  40.0	 7	 35.783	4.451	194.00	 0.07	  2.000	1.900	  0.26	 2.10																										
PIRATA Fr23	st020c01	B	2013-05-24T20:53:00z	 -10.000	 -1.500		  60.0	 6	 35.725	2.037	 88.70	 0.52	 14.200	13.700	  1.01	 4.80																										
PIRATA Fr23	st020c01	B	2013-05-24T20:53:00z	 -10.000	 -1.500		  80.0	 5	 35.599	2.504	109.00	 0.06	 18.800	18.800	  1.34	 6.10																										
PIRATA Fr23	st020c01	B	2013-05-24T20:53:00z	 -10.000	 -1.500		 100.0	 4	 35.563	2.559	111.40	 0.04	 18.900	18.800	  1.36	 6.40																										
PIRATA Fr23	st020c01	B	2013-05-24T20:53:00z	 -10.000	 -1.500		 500.0	 3	 34.629	2.854	124.10																															
PIRATA Fr23	st020c01	B	2013-05-24T20:53:00z	 -10.000	 -1.500		1000.0	 2	 34.592	3.625	157.60																															
PIRATA Fr23	st020c01	B	2013-05-24T20:53:00z	 -10.000	 -1.500		2000.0	 1	 34.964	5.736	249.30																															
PIRATA Fr23	st021c01	B	2013-05-25T01:50:00z	 -10.000	 -1.000		   0.0	11	 35.908	4.634	202.10	 0.01	  0.100	0.100	  0.11	 1.50																										
PIRATA Fr23	st021c01	B	2013-05-25T01:50:00z	 -10.000	 -1.000		   0.0	10	 35.907	4.632	202.10	 0.00	  0.100	0.100	  0.09	 1.40	0.0424	0.0458	0.0100	0.0448	0.0195	0.0070	0.0027	0.0049	0.1443	0.0156	0.0026		0.1358		0.0232	0.0705		0.0457	-77777.0000		0.1444	0.3155		0.0048		
PIRATA Fr23	st021c01	B	2013-05-25T01:50:00z	 -10.000	 -1.000		  10.0	 9	 35.908	4.633	202.10	 0.00	  0.100	0.100	  0.09	 1.50																										
PIRATA Fr23	st021c01	B	2013-05-25T01:50:00z	 -10.000	 -1.000		  20.0	 8	 35.920	4.627	201.80	 0.00	  0.100	0.100	  0.08	 1.50	0.0138	0.0163	0.0046	0.0131	0.0100	0.0041	0.0011	0.0028	0.0518	0.0123	0.0013		0.1241		0.0067	0.0226		0.0243	-77777.0000		0.0827	0.1380		0.0018		
PIRATA Fr23	st021c01	B	2013-05-25T01:50:00z	 -10.000	 -1.000		  40.0	 7	 36.011	4.402	191.90	 0.02	  1.200	1.200	  0.17	 2.00	0.0115	0.0157	0.0053	0.0128	0.0109			0.0019	0.0375	0.0113	0.0006		0.1277		0.0086	0.0208		0.0224	-77777.0000		0.0881	0.1223		0.0012		
PIRATA Fr23	st021c01	B	2013-05-25T01:50:00z	 -10.000	 -1.000		  60.0	 6	 35.883	3.299	143.60	 0.09	 12.000	11.900	  0.94	 4.40	0.1118	0.0690	0.0100	0.1334	0.0479	0.0097	0.0090	0.0029	0.1593	0.0141	0.0064		0.0522		0.1427	0.0888		0.0451	-77777.0000		0.1218	0.4278		0.0067		
PIRATA Fr23	st021c01	B	2013-05-25T01:50:00z	 -10.000	 -1.000		  80.0	 5	 35.757	2.993	130.30	 0.10	 14.900	14.800	  1.14	 4.90	0.0883	0.0490	0.0065	0.0985	0.0376	0.0046	0.0059	0.0019	0.1336	0.0102	0.0049		0.0301		0.1035	0.0503		0.0308	-77777.0000		0.0715	0.3122		0.0056		
PIRATA Fr23	st021c01	B	2013-05-25T01:50:00z	 -10.000	 -1.000		 100.0	 4	 35.650	3.124	135.90	 0.05	 15.500	15.400	  1.20	 5.40	0.0577	0.0326	0.0059	0.0671	0.0224	0.0024	0.0026	0.0013	0.0862	0.0069	0.0037		0.0193		0.0859	0.0290		0.0236	-77777.0000		0.0528	0.1938		0.0028		
PIRATA Fr23	st021c01	B	2013-05-25T01:50:00z	 -10.000	 -1.000		 500.0	 3	 34.605	2.973	129.30																															
PIRATA Fr23	st021c01	B	2013-05-25T01:50:00z	 -10.000	 -1.000		1000.0	 2	 34.687	3.632	157.90																															
PIRATA Fr23	st021c01	B	2013-05-25T01:50:00z	 -10.000	 -1.000		2000.0	 1	 34.963	5.736	249.30																															
PIRATA Fr23	st022c01	B	2013-05-25T06:30:00z	 -10.000	 -0.500		   0.0	11	 35.662	4.627	201.90	 0.00	  0.100	0.100	  0.10	 1.50																										
PIRATA Fr23	st022c01	B	2013-05-25T06:30:00z	 -10.000	 -0.500		  10.0	10	 35.674	4.638	202.40	 0.00	  0.100	0.100	  0.11	 1.50																										
PIRATA Fr23	st022c01	B	2013-05-25T06:30:00z	 -10.000	 -0.500		  20.0	 9	 35.706	4.614	201.30	 0.00	  0.100	0.100	  0.10	 1.60																										
PIRATA Fr23	st022c01	B	2013-05-25T06:30:00z	 -10.000	 -0.500		  40.0	 8	 35.895	4.348	189.60	 0.07	  1.200	1.100	  0.22	 2.00																										
PIRATA Fr23	st022c01	B	2013-05-25T06:30:00z	 -10.000	 -0.500		  60.0	 7	 36.049	3.874	168.60	 0.06	  8.300	8.000	  0.67	 3.40																										
PIRATA Fr23	st022c01	B	2013-05-25T06:30:00z	 -10.000	 -0.500		  80.0	 6	 35.846	3.905	170.00	 0.02	 10.000	9.700	  0.80	 4.30																										
PIRATA Fr23	st022c01	B	2013-05-25T06:30:00z	 -10.000	 -0.500		 100.0	 5	 35.764	3.750	163.20	 0.02	 11.200	11.000	  0.92	 4.50																										
PIRATA Fr23	st022c01	B	2013-05-25T06:30:00z	 -10.000	 -0.500		 500.0	 4	 34.645	2.704	117.60																															
PIRATA Fr23	st022c01	B	2013-05-25T06:30:00z	 -10.000	 -0.500		1000.0	 3	 34.586	3.600	156.50																															
PIRATA Fr23	st022c01	B	2013-05-25T06:30:00z	 -10.000	 -0.500		2000.0	 2	 34.959	5.699	247.70																															
PIRATA Fr23	st022c01	B	2013-05-25T06:30:00z	 -10.000	 -0.500		2000.0	 1	 34.959	5.715	248.40																															
PIRATA Fr23	st023c01	B	2013-05-26T14:30:00z	 -10.000	 +0.000		   0.0	11	 35.433	4.678	204.10	 0.01	  0.000	0.000	  0.07	 1.40	0.0183	0.0207	0.0092	0.0213	0.0168	0.0026	0.0021	0.0034	0.0662	0.0405		0.0103	0.2107		0.0086	0.0269		0.0283	-77777.0000		0.1261	0.1872		0.0018		
PIRATA Fr23	st023c01	B	2013-05-26T14:30:00z	 -10.000	 +0.000		  10.0	10	 35.434	4.682	204.30	 0.01	  0.000	0.000	  0.07	 1.40																										
PIRATA Fr23	st023c01	B	2013-05-26T14:30:00z	 -10.000	 +0.000		  20.0	 9	 35.429	4.681	204.20	 0.02	  0.200	0.100	  0.08	 1.50	0.0428	0.0520	0.0130	0.0459	0.0338	0.0044	0.0040	0.0060	0.1807	0.0385		0.0056	0.2501		0.0137	0.0508		0.0406	-77777.0000		0.1798	0.3468		0.0031		
PIRATA Fr23	st023c01	B	2013-05-26T14:30:00z	 -10.000	 +0.000		  40.0	 8	 36.037	4.333	188.80	 0.26	  3.100	2.900	  0.35	 2.00	0.1039	0.1085	0.0136	0.1364	0.0711	0.0097	0.0107	0.0070	0.2700	0.0209	0.0101	0.0013	0.1323		0.0698	0.1368		0.0675	-77777.0000		0.2123	0.5616		0.0091		
PIRATA Fr23	st023c01	B	2013-05-26T14:30:00z	 -10.000	 +0.000		  60.0	 7	 36.099	3.874	168.60	 0.10	  8.200	8.100	  0.68	 3.30	0.0379	0.0414	0.0067	0.0761	0.0277	0.0071	0.0039	0.0017	0.0883	0.0081	0.0070		0.0328		0.0793	0.0401		0.0358	-77777.0000		0.0866	0.2306		0.0024		
PIRATA Fr23	st023c01	B	2013-05-26T14:30:00z	 -10.000	 +0.000		  80.0	 6	 35.838	3.859	168.00	 0.05	 10.500	10.400	  0.86	 4.10	0.0257	0.0214	0.0026	0.0468	0.0131	0.0024	0.0013	0.0009	0.0402	0.0039	0.0013		0.0178		0.0814	0.0158		0.0257	-77777.0000		0.0555	0.1149		0.0028		
PIRATA Fr23	st023c01	B	2013-05-26T14:30:00z	 -10.000	 +0.000		 100.0	 5	 35.644	3.437	149.60	 0.02	 14.200	14.200	  1.14	 5.20	0.0047	0.0026		0.0076	0.0022				0.0058	0.0005	0.0000		0.0017		0.0124	0.0026		0.0035	-77777.0000		0.0066	0.0156				
PIRATA Fr23	st023c01	B	2013-05-26T14:30:00z	 -10.000	 +0.000		 500.0	 4	 34.604	2.997	130.30																															
PIRATA Fr23	st023c01	B	2013-05-26T14:30:00z	 -10.000	 +0.000		1000.0	 3	 34.658	3.705	161.10																															
PIRATA Fr23	st023c01	B	2013-05-26T14:30:00z	 -10.000	 +0.000		1000.0	 2	 34.658	3.692	160.50																															
PIRATA Fr23	st023c01	B	2013-05-26T14:30:00z	 -10.000	 +0.000		2000.0	 1	 34.964	5.733	249.20																															
PIRATA Fr23	st024c01	B	2013-05-26T19:05:00z	 -10.000	 +0.500		   0.0	11	 35.193	4.620	201.60	 0.01	  0.100	0.100	  0.05	 1.40																										
PIRATA Fr23	st024c01	B	2013-05-26T19:05:00z	 -10.000	 +0.500		  10.0	10	 35.168	4.623	201.80	 0.00	  0.100	0.100	  0.03	 1.40																										
PIRATA Fr23	st024c01	B	2013-05-26T19:05:00z	 -10.000	 +0.500		  20.0	 9	 35.234	4.542	198.20	 0.00	  0.200	0.200	  0.06	 1.40																										
PIRATA Fr23	st024c01	B	2013-05-26T19:05:00z	 -10.000	 +0.500		  40.0	 8	 35.792	3.179	138.50	 0.41	  8.300	7.900	  0.64	 3.30																										
PIRATA Fr23	st024c01	B	2013-05-26T19:05:00z	 -10.000	 +0.500		  60.0	 7	 35.856	2.960	128.90	 0.15	 13.700	13.500	  0.99	 4.40																										
PIRATA Fr23	st024c01	B	2013-05-26T19:05:00z	 -10.000	 +0.500		  80.0	 6	 35.605	2.910	126.60	 0.03	 17.200	17.200	  1.23	 5.80																										
PIRATA Fr23	st024c01	B	2013-05-26T19:05:00z	 -10.000	 +0.500		 100.0	 5	 35.518	3.606	156.90	 0.01	 14.600	14.600	  1.10	 5.50																										
PIRATA Fr23	st024c01	B	2013-05-26T19:05:00z	 -10.000	 +0.500		 500.0	 4	 34.631	2.868	124.80																															
PIRATA Fr23	st024c01	B	2013-05-26T19:05:00z	 -10.000	 +0.500		 500.0	 3	 34.632	2.863	124.50																															
PIRATA Fr23	st024c01	B	2013-05-26T19:05:00z	 -10.000	 +0.500		1000.0	 2	 34.654	3.672	159.60																															
PIRATA Fr23	st024c01	B	2013-05-26T19:05:00z	 -10.000	 +0.500		2000.0	 1	 34.962	5.745	249.70																															
PIRATA Fr23	st025c01	B	2013-05-26T23:47:00z	 -10.000	 +1.000		   0.0	11	 34.600	4.597	200.80	 0.00	  0.100	0.100	  0.04	 1.00	0.0051	0.0082	0.0089	0.0048	0.0074	0.0004	0.0011	0.0015	0.0173	0.0075	0.0000	0.0005	0.1092		0.0053	0.0095		0.0199	-77777.0000		0.0694	0.0892		0.0012		
PIRATA Fr23	st025c01	B	2013-05-26T23:47:00z	 -10.000	 +1.000		  10.0	10	 34.605	4.583	200.20	 0.00	  0.100	0.100	  0.04	 1.00																										
PIRATA Fr23	st025c01	B	2013-05-26T23:47:00z	 -10.000	 +1.000		  20.0	 9	 34.698	4.575	199.80	 0.00	  0.100	0.100	  0.00	 1.30																										
PIRATA Fr23	st025c01	B	2013-05-26T23:47:00z	 -10.000	 +1.000		  40.0	 8	 35.787	3.573	155.60	 0.37	  3.900	3.500	  0.41	 2.90	0.0146	0.0185	0.0173	0.0128	0.0126	0.0013	0.0029	0.0024	0.0459	0.0097	0.0000	0.0009	0.1195		0.0107	0.0220		0.0279	-77777.0000		0.1048	0.1625		0.0021		
PIRATA Fr23	st025c01	B	2013-05-26T23:47:00z	 -10.000	 +1.000		  60.0	 7	 35.759	2.927	127.40	 0.12	 14.700	14.600	  1.01	 4.50	0.1107	0.0746	0.0155	0.1087	0.0389	0.0168	0.0319	0.0092	0.2460	0.0183	0.0042	0.0012	0.0709		0.0407	0.2214		0.0438	-77777.0000		0.1076	0.6284		0.0057		
PIRATA Fr23	st025c01	B	2013-05-26T23:47:00z	 -10.000	 +1.000		  80.0	 6	 35.592	2.766	120.40	 0.05	 17.800	17.800	  1.23	 5.80	0.0892	0.0492	0.0086	0.0947	0.0374	0.0074	0.0128	0.0025	0.1352	0.0105	0.0033		0.0396		0.1093	0.0820		0.0366	-77777.0000		0.0887	0.3648		0.0069		
PIRATA Fr23	st025c01	B	2013-05-26T23:47:00z	 -10.000	 +1.000		 100.0	 5	 35.516	3.008	130.90	 0.03	 17.500	17.500	  1.27	 5.90	0.0294	0.0148	0.0027	0.0367	0.0140	0.0019	0.0018	0.0008	0.0365	0.0030	0.0000		0.0114		0.0669	0.0223		0.0184	-77777.0000		0.0412	0.1019		0.0018		
PIRATA Fr23	st025c01	B	2013-05-26T23:47:00z	 -10.000	 +1.000		 100.0	 4	 35.514	3.012	131.10	 0.02	 17.600	17.600	  1.28	 5.90	0.0173	0.0077	0.0020	0.0201	0.0069	0.0010	0.0007	0.0006	0.0220	0.0016	0.0000		0.0041		0.0323	0.0103		0.0097	-77777.0000		0.0180	0.0542		0.0011		
PIRATA Fr23	st025c01	B	2013-05-26T23:47:00z	 -10.000	 +1.000		 500.0	 3	 34.610	2.966	129.00																															
PIRATA Fr23	st025c01	B	2013-05-26T23:47:00z	 -10.000	 +1.000		1000.0	 2	 34.647	3.638	158.20																															
PIRATA Fr23	st025c01	B	2013-05-26T23:47:00z	 -10.000	 +1.000		2000.0	 1	 34.964	5.728	248.90																															
PIRATA Fr23	st026c01	B	2013-05-27T04:39:00z	 -10.000	 +1.500		   0.0	11	 34.248	4.523	197.60	 0.00	  0.100	0.100	  0.01	 1.20																										
PIRATA Fr23	st026c01	B	2013-05-27T04:39:00z	 -10.000	 +1.500		  10.0	10	 34.255	4.520	197.50	 0.00	  0.100	0.100	  0.00	 1.20																										
PIRATA Fr23	st026c01	B	2013-05-27T04:39:00z	 -10.000	 +1.500		  20.0	 9	 34.295	4.527	197.80	 0.00	  0.100	0.100	  0.00	 1.20																										
PIRATA Fr23	st026c01	B	2013-05-27T04:39:00z	 -10.000	 +1.500		  40.0	 8	 35.818	3.929	171.20	 0.14	  2.200	2.100	  0.30	 2.50																										
PIRATA Fr23	st026c01	B	2013-05-27T04:39:00z	 -10.000	 +1.500		  60.0	 7	 35.729	2.699	117.50	 0.19	 16.000	15.800	  1.13	 4.90																										
PIRATA Fr23	st026c01	B	2013-05-27T04:39:00z	 -10.000	 +1.500		  80.0	 6	 35.636	2.798	121.80	 0.02	 17.100	17.000	  1.29	 5.80																										
PIRATA Fr23	st026c01	B	2013-05-27T04:39:00z	 -10.000	 +1.500		  80.0	 5	 35.630	2.796	121.70	 0.02	 17.100	17.100	  1.32	 5.80																										
PIRATA Fr23	st026c01	B	2013-05-27T04:39:00z	 -10.000	 +1.500		 100.0	 4	 35.563	2.906	126.50	 0.01	 17.400	17.400	  1.38	 6.20																										
PIRATA Fr23	st026c01	B	2013-05-27T04:39:00z	 -10.000	 +1.500		 500.0	 3	 34.632	2.921	127.00																															
PIRATA Fr23	st026c01	B	2013-05-27T04:39:00z	 -10.000	 +1.500		1000.0	 2	 34.635	3.545	154.20																															
PIRATA Fr23	st026c01	B	2013-05-27T04:39:00z	 -10.000	 +1.500		2000.0	 1	 34.956	5.682	246.90																															
PIRATA Fr23	st027c01	B	2013-06-02T13:30:00z	  +0.000	 +2.000		   2.0	11	 34.146	4.501	196.70	 0.00	  0.100	0.100	  0.00	 1.00	0.0052	0.0088	0.0070	0.0049	0.0056			0.0027	0.0193	0.0080		0.0015	0.1107		0.0076	0.0071		0.0227	-77777.0000		0.0940	0.0883		0.0011		
PIRATA Fr23	st027c01	B	2013-06-02T13:30:00z	  +0.000	 +2.000		  10.0	10	 34.147	4.503	196.80	 0.00	  0.100	0.100	  0.00	 1.00																										
PIRATA Fr23	st027c01	B	2013-06-02T13:30:00z	  +0.000	 +2.000		  20.0	 9	 34.201	4.517	197.40	 0.00	  0.100	0.100	  0.00	 1.00	0.0077	0.0138	0.0102	0.0074	0.0080			0.0036	0.0288	0.0081		0.0011	0.1263		0.0117	0.0113		0.0311	-77777.0000		0.1193	0.1276		0.0017		
PIRATA Fr23	st027c01	B	2013-06-02T13:30:00z	  +0.000	 +2.000		  40.0	 8	 36.108	3.747	163.20	 0.31	  7.600	7.300	  0.58	 3.00	0.1178	0.1010	0.0233	0.0966	0.1524	0.0200	0.0348	0.0066	0.1601	0.0203	0.0104	0.0009	0.0459		0.0461	0.2088		0.0464	-77777.0000		0.0913	0.6705		0.0085		
PIRATA Fr23	st027c01	B	2013-06-02T13:30:00z	  +0.000	 +2.000		  60.0	 7	 35.887	3.301	143.70	 0.19	 12.300	12.100	  0.89	 4.50	0.0592	0.0322	0.0069	0.0563	0.0421	0.0022	0.0041	0.0013	0.0722	0.0071	0.0008		0.0170		0.0930	0.0322		0.0271	-77777.0000		0.0566	0.2035		0.0036		
PIRATA Fr23	st027c01	B	2013-06-02T13:30:00z	  +0.000	 +2.000		  79.0	 6	 35.740	2.769	120.60	 0.05	 15.800	15.700	  1.16	 5.70	0.0215	0.0103	0.0016	0.0246	0.0146	0.0007	0.0007	0.0007	0.0250	0.0027	0.0000		0.0041		0.0416	0.0101		0.0110	-77777.0000		0.0197	0.0684		0.0016		
PIRATA Fr23	st027c01	B	2013-06-02T13:30:00z	  +0.000	 +2.000		 101.0	 5	 35.654	2.271	 98.90	 0.02	 19.500	19.400	  1.45	 6.50	0.0093	0.0038		0.0083	0.0069				0.0191	0.0015	0.0000		0.0010		0.0070	0.0019		0.0028	-77777.0000		0.0038	0.0284		0.0007		
PIRATA Fr23	st027c01	B	2013-06-02T13:30:00z	  +0.000	 +2.000		 504.0	 4	 34.664	2.355	102.40																															
PIRATA Fr23	st027c01	B	2013-06-02T13:30:00z	  +0.000	 +2.000		1008.0	 3	 34.644	3.459	150.40																															
PIRATA Fr23	st027c01	B	2013-06-02T13:30:00z	  +0.000	 +2.000		2018.0	 2	 34.958	5.599	243.30																															
PIRATA Fr23	st027c01	B	2013-06-02T13:30:00z	  +0.000	 +2.000		2018.0	 1	 34.959	5.570	242.10																															
PIRATA Fr23	st028c01	B	2013-06-02T18:20:00z	  +0.000	 +1.500		   3.3	11	 33.884	4.488	196.20	 0.00	  0.120	0.120	  0.02	 1.15																										
PIRATA Fr23	st028c01	B	2013-06-02T18:20:00z	  +0.000	 +1.500		  10.0	10	 33.922	4.328	189.20	 0.01	  0.080	0.070	  0.00	 1.22																										
PIRATA Fr23	st028c01	B	2013-06-02T18:20:00z	  +0.000	 +1.500		  20.0	 9	 35.196	3.657	159.60	 0.01	  0.150	0.140	  0.04	 1.32																										
PIRATA Fr23	st028c01	B	2013-06-02T18:20:00z	  +0.000	 +1.500		  40.0	 8	 35.803	3.380	147.20	 0.29	 10.760	10.470	  0.81	 3.85																										
PIRATA Fr23	st028c01	B	2013-06-02T18:20:00z	  +0.000	 +1.500		  60.0	 7	 35.758	2.667	116.10	 0.09	 15.140	15.050	  1.17	 5.49																										
PIRATA Fr23	st028c01	B	2013-06-02T18:20:00z	  +0.000	 +1.500		  80.0	 6	 35.664	2.565	111.70	 0.04	 17.460	17.430	  1.39	 6.09																										
PIRATA Fr23	st028c01	B	2013-06-02T18:20:00z	  +0.000	 +1.500		 100.0	 5	 35.621	2.515	109.50	 0.02	 18.490	18.460	  1.48	 6.33																										
PIRATA Fr23	st028c01	B	2013-06-02T18:20:00z	  +0.000	 +1.500		 500.0	 4	 34.616	2.719	118.30																															
PIRATA Fr23	st028c01	B	2013-06-02T18:20:00z	  +0.000	 +1.500		1000.0	 3	 34.641	3.598	156.50																															
PIRATA Fr23	st028c01	B	2013-06-02T18:20:00z	  +0.000	 +1.500		2000.0	 2	 34.955	5.621	244.40																															
PIRATA Fr23	st028c01	B	2013-06-02T18:20:00z	  +0.000	 +1.500		2000.0	 1	 34.959	5.633	244.80																															
PIRATA Fr23	st029c01	B	2013-06-02T23:12:00z	  +0.000	 +1.000		   2.8	11	 34.047	4.587	200.50	 0.01	  0.110	0.100	  0.00	 1.32	0.0064	0.0088	0.0055	0.0052	0.0089				0.0239	0.0102			0.1537		0.0081	0.0062		0.0298	-77777.0000		0.0881	0.1151		0.0031		
PIRATA Fr23	st029c01	B	2013-06-02T23:12:00z	  +0.000	 +1.000		  10.0	10	 34.054	4.565	199.50	 0.00	  0.110	0.110	  0.00	 1.29																										
PIRATA Fr23	st029c01	B	2013-06-02T23:12:00z	  +0.000	 +1.000		  20.0	 9	 34.907	4.684	204.60	 0.01	  0.120	0.110	  0.00	 1.36	0.0113	0.0133	0.0132	0.0075	0.0089	0.0023		0.0058	0.0364	0.0087	0.0004		0.1484		0.0105	0.0115		0.0291	-77777.0000		0.1074	0.1357		0.0025		
PIRATA Fr23	st029c01	B	2013-06-02T23:12:00z	  +0.000	 +1.000		  40.0	 8	 35.869	3.569	155.40	 0.27	  9.030	8.760	  0.70	 2.83	0.1019	0.0895	0.0215	0.0888	0.1333	0.0092	0.0074	0.0028	0.1266	0.0173	0.0017		0.1236		0.0745	0.1117		0.0457	-77777.0000		0.1602	0.4161		0.0114		
PIRATA Fr23	st029c01	B	2013-06-02T23:12:00z	  +0.000	 +1.000		  60.0	 7	 35.783	3.102	135.10	 0.18	 13.850	13.670	  1.03	 5.34	0.1133	0.0562	0.0097	0.0768	0.1321	0.0029	0.0045		0.0987	0.0108			0.0236		0.1456			0.0351	-77777.0000		0.0746	0.3276		0.0162		
PIRATA Fr23	st029c01	B	2013-06-02T23:12:00z	  +0.000	 +1.000		  80.0	 6	 35.693	2.943	128.10	 0.09	 15.410	15.320	  1.15	 5.74	0.0562	0.0262	0.0044	0.0492	0.0426	0.0005			0.0693	0.0058		0.0005	0.0105		0.0957			0.0214	-77777.0000		0.0451	0.1563		0.0041		
PIRATA Fr23	st029c01	B	2013-06-02T23:12:00z	  +0.000	 +1.000		 100.0	 5	 35.636	3.001	130.60	 0.05	 15.810	15.760	  1.22	 5.87	0.0251	0.0111	0.0015	0.0258	0.0163				0.0322	0.0026			0.0036		0.0397			0.0089	-77777.0000		0.0192	0.0676		0.0020		
PIRATA Fr23	st029c01	B	2013-06-02T23:12:00z	  +0.000	 +1.000		 500.0	 4	 34.584	2.998	130.40																															
PIRATA Fr23	st029c01	B	2013-06-02T23:12:00z	  +0.000	 +1.000		1000.0	 3	 34.632	3.589	156.10																															
PIRATA Fr23	st029c01	B	2013-06-02T23:12:00z	  +0.000	 +1.000		1000.0	 2	 34.632	3.605	156.80																															
PIRATA Fr23	st029c01	B	2013-06-02T23:12:00z	  +0.000	 +1.000		2000.0	 1	 34.961	5.706	248.00																															
PIRATA Fr23	st030c01	B	2013-06-03T04:30:00z	  +0.000	 +0.500		   3.2	11	 35.694	4.749	207.20	 0.00	  0.090	0.090	  0.04	 1.36																										
PIRATA Fr23	st030c01	B	2013-06-03T04:30:00z	  +0.000	 +0.500		  10.0	10	 35.693	4.598	200.60	 0.00	  0.050	0.050	  0.03	 1.36																										
PIRATA Fr23	st030c01	B	2013-06-03T04:30:00z	  +0.000	 +0.500		  20.0	 9	 35.747	4.575	199.60	 0.00	  0.240	0.240	  0.04	 1.39																										
PIRATA Fr23	st030c01	B	2013-06-03T04:30:00z	  +0.000	 +0.500		  40.0	 8	 35.868	3.342	145.50	 0.24	 10.520	10.280	  0.80	 4.18																										
PIRATA Fr23	st030c01	B	2013-06-03T04:30:00z	  +0.000	 +0.500		  60.0	 7	 35.765	3.150	137.10	 0.17	 13.750	13.580	  1.05	 5.09																										
PIRATA Fr23	st030c01	B	2013-06-03T04:30:00z	  +0.000	 +0.500		  80.0	 6	 35.691	3.391	147.60	 0.12	 13.160	13.050	  1.06	 5.17																										
PIRATA Fr23	st030c01	B	2013-06-03T04:30:00z	  +0.000	 +0.500		 100.0	 5	 35.655	3.493	152.10	 0.07	 13.390	13.320	  1.10	 5.21																										
PIRATA Fr23	st030c01	B	2013-06-03T04:30:00z	  +0.000	 +0.500		 500.0	 4	 34.597	2.954	128.50																															
PIRATA Fr23	st030c01	B	2013-06-03T04:30:00z	  +0.000	 +0.500		 500.0	 3	 34.593	2.951	128.40																															
PIRATA Fr23	st030c01	B	2013-06-03T04:30:00z	  +0.000	 +0.500		1000.0	 2	 34.641	3.709	161.30																															
PIRATA Fr23	st030c01	B	2013-06-03T04:30:00z	  +0.000	 +0.500		2000.0	 1	 34.960	5.671	246.50																															
PIRATA Fr23	st031c01	B	2013-06-03T22:30:00z	  +0.000	 +0.000		   3.0	11	 35.751	4.767	207.90	 0.00	  0.110	0.100	  0.13	 1.24	0.0291	0.0294	0.0054	0.0326	0.0274				0.0966	0.0269		0.0023	0.1361		0.0072	0.0164		0.0204	-77777.0000		0.0792	0.1775		0.0019		
PIRATA Fr23	st031c01	B	2013-06-03T22:30:00z	  +0.000	 +0.000		  10.0	10	 35.751	4.771	208.80	 0.00	  0.130	0.130	  0.10	 1.14																										
PIRATA Fr23	st031c01	B	2013-06-03T22:30:00z	  +0.000	 +0.000		  20.0	 9	 35.759	4.767	207.90	 0.01	  0.210	0.200	  0.11	 1.26																										
PIRATA Fr23	st031c01	B	2013-06-03T22:30:00z	  +0.000	 +0.000		  40.0	 8	 36.070	3.846	167.50	 0.34	  6.710	6.370	  0.66	 3.69	0.0496	0.0566	0.0090	0.0553	0.0509				0.1561	0.0244		0.0024	0.1489		0.0086	0.0307		0.0230	-77777.0000		0.0931	0.2739		0.0033		
PIRATA Fr23	st031c01	B	2013-06-03T22:30:00z	  +0.000	 +0.000		  60.0	 7	 35.879	3.647	158.70	 0.11	 10.380	10.270	  0.94	 4.08	0.1119	0.0784	0.0151	0.1089	0.0828	0.0151	0.0260	0.0048	0.2091	0.0169	0.0041	0.0007	0.0572		0.0877	0.1434		0.0414	-77777.0000		0.1132	0.4898		0.0094		
PIRATA Fr23	st031c01	B	2013-06-03T22:30:00z	  +0.000	 +0.000		  80.0	 6	 35.742	3.495	152.10	 0.09	 12.260	12.170	  1.07	 4.73	0.0711	0.0414	0.0096	0.0936	0.0415	0.0037	0.0047	0.0015	0.0964	0.0092	0.0017		0.0228		0.0988	0.0174		0.0257	-77777.0000		0.0620	0.2293		0.0034		
PIRATA Fr23	st031c01	B	2013-06-03T22:30:00z	  +0.000	 +0.000		 100.0	 5	 35.658	3.690	160.60	 0.06	 12.210	12.150	  1.10	 4.72	0.0429	0.0226	0.0051	0.0585	0.0221	0.0032	0.0026		0.0710	0.0053			0.0133		0.0861			0.0193	-77777.0000		0.0423	0.1382		0.0000		
PIRATA Fr23	st031c01	B	2013-06-03T22:30:00z	  +0.000	 +0.000		 100.0	 4	 35.657	3.654	159.00	 0.04	 12.290	12.260	  1.12	 4.94	0.0268	0.0142	0.0019	0.0411	0.0097				0.0390	0.0036			0.0082		0.0663			0.0141	-77777.0000		0.0286	0.0867		0.0000		
PIRATA Fr23	st031c01	B	2013-06-03T22:30:00z	  +0.000	 +0.000		 500.0	 3	 34.554	2.862	124.50																															
PIRATA Fr23	st031c01	B	2013-06-03T22:30:00z	  +0.000	 +0.000		1000.0	 2	 34.586	3.690	160.50																															
PIRATA Fr23	st031c01	B	2013-06-03T22:30:00z	  +0.000	 +0.000		2000.0	 1	 34.908	5.680	246.90																															
PIRATA Fr23	st032c01	B	2013-06-04T04:20:00z	  +0.000	 -0.500		   2.7	11	 35.720	4.777	208.30	 0.01	  0.180	0.160	  0.15	 1.13																										
PIRATA Fr23	st032c01	B	2013-06-04T04:20:00z	  +0.000	 -0.500		  10.0	10	 35.719	4.772	208.10	 0.01	  0.180	0.160	  0.15	 1.19																										
PIRATA Fr23	st032c01	B	2013-06-04T04:20:00z	  +0.000	 -0.500		  20.0	 9	 35.722	4.779	208.40	 0.02	  0.290	0.270	  0.19	 1.16																										
PIRATA Fr23	st032c01	B	2013-06-04T04:20:00z	  +0.000	 -0.500		  40.0	 8	 36.070	3.814	166.10	 0.29	  7.560	7.280	  0.77	 3.12																										
PIRATA Fr23	st032c01	B	2013-06-04T04:20:00z	  +0.000	 -0.500		  60.0	 7	 35.934	3.697	160.90	 0.19	  9.650	9.460	  0.90	 3.65																										
PIRATA Fr23	st032c01	B	2013-06-04T04:20:00z	  +0.000	 -0.500		  80.0	 6	 35.797	3.473	151.20	 0.13	 11.710	11.570	  1.13	 4.33																										
PIRATA Fr23	st032c01	B	2013-06-04T04:20:00z	  +0.000	 -0.500		  80.0	 5	 35.792	3.488	151.80	 0.14	 12.020	11.880	  1.14	 4.34																										
PIRATA Fr23	st032c01	B	2013-06-04T04:20:00z	  +0.000	 -0.500		 100.0	 4	 35.716	3.451	150.20	 0.13	 12.890	12.760	  1.23	 4.71																										
PIRATA Fr23	st032c01	B	2013-06-04T04:20:00z	  +0.000	 -0.500		 500.0	 3	 34.588	3.033	131.90																															
PIRATA Fr23	st032c01	B	2013-06-04T04:20:00z	  +0.000	 -0.500		1000.0	 2	 34.632	3.657	159.00																															
PIRATA Fr23	st032c01	B	2013-06-04T04:20:00z	  +0.000	 -0.500		2000.0	 1	 34.962	5.700	247.80																															
PIRATA Fr23	st033c01	B	2013-06-04T09:35:00z	  +0.000	 -1.000		   2.4	11	 35.705	4.728	206.20	 0.01	  0.100	0.100	  0.08	 1.10	0.0249	0.0285	0.0030	0.0327	0.0219				0.0911	0.0377		0.0075	0.1712		0.0099	0.0182		0.0258	-77777.0000		0.1120	0.1948				
PIRATA Fr23	st033c01	B	2013-06-04T09:35:00z	  +0.000	 -1.000		  10.0	10	 35.704	4.731	206.30	 0.01	  0.200	0.200	  0.08	 1.00																										
PIRATA Fr23	st033c01	B	2013-06-04T09:35:00z	  +0.000	 -1.000		  20.0	 9	 35.706	4.717	205.70	 0.01	  0.300	0.300	  0.12	 1.00	0.0411	0.0551	0.0084	0.0545	0.0400	0.0016		0.0030	0.1306	0.0247	0.0018	0.0038	0.1798		0.0157	0.0406		-77777.0000	0.0354		0.1456	0.2982				
PIRATA Fr23	st033c01	B	2013-06-04T09:35:00z	  +0.000	 -1.000		  40.0	 8	 35.910	3.352	146.00	 0.48	 10.300	9.800	  0.93	 3.50	0.0783	0.0656	0.0171	0.0870	0.0403	0.0172	0.0081	0.0034	0.1632	0.0132	0.0038	0.0010	0.0695		0.0920	0.1545		0.0419	-77777.0000		0.1189	0.4428		0.0063		
PIRATA Fr23	st033c01	B	2013-06-04T09:35:00z	  +0.000	 -1.000		  60.0	 7	 35.712	3.235	140.80	 0.14	 13.900	13.800	  1.17	 4.50	0.0425	0.0280	0.0062	0.0493	0.0257	0.0037	0.0029	0.0008	0.0621	0.0058	0.0028		0.0162		0.0870	0.0363		0.0277	-77777.0000		0.0587	0.1714		0.0024		
PIRATA Fr23	st033c01	B	2013-06-04T09:35:00z	  +0.000	 -1.000		  60.0	 6	 35.712	3.224	140.30	 0.14	 13.900	13.800	  1.16	 4.80																										
PIRATA Fr23	st033c01	B	2013-06-04T09:35:00z	  +0.000	 -1.000		  80.0	 5	 35.632	3.346	145.60	 0.07	 14.200	14.100	  1.23	 5.00	0.0294	0.0165	0.0046	0.0371	0.0128	0.0025	0.0011	0.0003	0.0446	0.0039	0.0011		0.0079		0.0765			0.0167	-77777.0000		0.0332	0.1069		0.0030		
PIRATA Fr23	st033c01	B	2013-06-04T09:35:00z	  +0.000	 -1.000		 100.0	 4	 35.593	3.384	147.30	 0.04	 14.200	14.100	  1.23	 5.20																										
PIRATA Fr23	st033c01	B	2013-06-04T09:35:00z	  +0.000	 -1.000		 500.0	 3	 34.518	3.079	133.90																															
PIRATA Fr23	st033c01	B	2013-06-04T09:35:00z	  +0.000	 -1.000		1000.0	 2	 34.481	3.652	158.80																															
PIRATA Fr23	st033c01	B	2013-06-04T09:35:00z	  +0.000	 -1.000		2000.0	 1	 34.963	5.728	248.90																															
PIRATA Fr23	st034c01	B	2013-06-04T14:29:00z	  +0.000	 -1.500		   3.4	11	 35.696	5.065	221.00	 0.00	  0.100	0.100	  0.13	 1.50																										
PIRATA Fr23	st034c01	B	2013-06-04T14:29:00z	  +0.000	 -1.500		  10.0	10	 35.692	4.750	207.20	 0.01	  0.200	0.100	  0.14	 1.50																										
PIRATA Fr23	st034c01	B	2013-06-04T14:29:00z	  +0.000	 -1.500		  20.0	 9	 35.819	4.157	181.10	 0.13	  4.700	4.500	  0.49	 2.90																										
PIRATA Fr23	st034c01	B	2013-06-04T14:29:00z	  +0.000	 -1.500		  20.0	 8	 35.831	4.086	178.00	 0.14	  5.000	4.800	  0.55	 2.90																										
PIRATA Fr23	st034c01	B	2013-06-04T14:29:00z	  +0.000	 -1.500		  40.0	 7	 35.825	3.004	130.80	 0.25	 13.800	13.600	  1.07	 4.10																										
PIRATA Fr23	st034c01	B	2013-06-04T14:29:00z	  +0.000	 -1.500		  60.0	 6	 35.700	2.853	124.20	 0.05	 15.700	15.700	  1.22	 5.60																										
PIRATA Fr23	st034c01	B	2013-06-04T14:29:00z	  +0.000	 -1.500		  80.0	 5	 35.597	3.008	130.90	 0.02	 16.300	16.300	  1.27	 5.90																										
PIRATA Fr23	st034c01	B	2013-06-04T14:29:00z	  +0.000	 -1.500		 100.0	 4	 35.574	3.018	131.30	 0.00	 16.700	16.600	  1.31	 6.20																										
PIRATA Fr23	st034c01	B	2013-06-04T14:29:00z	  +0.000	 -1.500		 500.0	 3	 34.582	3.079	133.90																															
PIRATA Fr23	st034c01	B	2013-06-04T14:29:00z	  +0.000	 -1.500		1000.0	 2	 34.577	3.578	155.60																															
PIRATA Fr23	st034c01	B	2013-06-04T14:29:00z	  +0.000	 -1.500		2000.0	 1	 34.961	5.657	245.80																															
PIRATA Fr23	st035c01	B	2013-06-04T19:25:00z	  +0.000	 -2.000		   3.5	11	 35.946	4.698	204.90	 0.00	  0.400	0.400	  0.21	 1.50	0.0380	0.0531	0.0116	0.0471	0.0385			0.0018	0.1343	0.0218	0.0006	0.0023	0.1220		0.0055	0.0181		-77777.0000	0.0260		0.0696	0.2974		0.0015		
PIRATA Fr23	st035c01	B	2013-06-04T19:25:00z	  +0.000	 -2.000		  10.0	10	 35.924	4.675	203.90	 0.00	  0.500	0.500	  0.22	 1.50																										
PIRATA Fr23	st035c01	B	2013-06-04T19:25:00z	  +0.000	 -2.000		  20.0	 9	 35.879	4.423	192.80	 0.06	  2.500	2.400	  0.35	 1.90	0.0552	0.0706	0.0083	0.0657	0.0603			0.0022	0.1685	0.0190	0.0012	0.0015	0.1218		0.0089	0.0369		0.0265	-77777.0000		0.0893	0.3631		0.0023		
PIRATA Fr23	st035c01	B	2013-06-04T19:25:00z	  +0.000	 -2.000		  20.0	 8	 35.879	4.401	191.80	 0.06	  2.500	2.400	  0.36	 1.80																										
PIRATA Fr23	st035c01	B	2013-06-04T19:25:00z	  +0.000	 -2.000		  40.0	 7	 35.888	3.428	149.20	 0.22	 11.200	11.000	  0.90	 3.40	0.1097	0.0901	0.0115	0.1056	0.0871	0.0106	0.0108	0.0029	0.2204	0.0163	0.0042	0.0008	0.0952		0.0843	0.1390		0.0491	-77777.0000		0.1423	0.5168		0.0092		
PIRATA Fr23	st035c01	B	2013-06-04T19:25:00z	  +0.000	 -2.000		  60.0	 6	 35.731	2.979	129.70	 0.07	 14.800	14.800	  1.15	 5.00	0.0689	0.0390	0.0040	0.0674	0.0600	0.0020	0.0034	0.0005	0.0856	0.0081	0.0022		0.0201		0.0982	0.0275		0.0281	-77777.0000		0.0619	0.2544		0.0034		
PIRATA Fr23	st035c01	B	2013-06-04T19:25:00z	  +0.000	 -2.000		  80.0	 5	 35.676	3.145	136.90	 0.04	 14.800	14.700	  1.14	 5.10	0.0188	0.0099	0.0007	0.0245	0.0116	0.0006	0.0005	0.0001	0.0232	0.0022			0.0049		0.0470	0.0079		0.0115	-77777.0000		0.0211	0.0640		0.0020		
PIRATA Fr23	st035c01	B	2013-06-04T19:25:00z	  +0.000	 -2.000		 100.0	 4	 35.616	2.804	122.10	 0.03	 17.000	16.900	  1.28	 5.70																										
PIRATA Fr23	st035c01	B	2013-06-04T19:25:00z	  +0.000	 -2.000		 500.0	 3	 34.605	3.010	130.90																															
PIRATA Fr23	st035c01	B	2013-06-04T19:25:00z	  +0.000	 -2.000		1000.0	 2	 34.630	3.665	159.40																															
PIRATA Fr23	st035c01	B	2013-06-04T19:25:00z	  +0.000	 -2.000		2000.0	 1	 34.956	5.589	242.90																															
PIRATA Fr23	st036c01	B	2013-06-05T00:46:00z	  +0.000	 -2.500		   3.2	11	 36.043	4.610	201.00	 0.01	  0.600	0.600	  0.20	 1.60																										
PIRATA Fr23	st036c01	B	2013-06-05T00:46:00z	  +0.000	 -2.500		  10.0	10	 36.041	4.615	201.30	 0.02	  0.600	0.600	  0.21	 1.70																										
PIRATA Fr23	st036c01	B	2013-06-05T00:46:00z	  +0.000	 -2.500		  10.0	 9	 36.041	4.607	200.90	 0.01	  0.700	0.700	  0.21	 1.70																										
PIRATA Fr23	st036c01	B	2013-06-05T00:46:00z	  +0.000	 -2.500		  20.0	 8	 35.998	4.349	189.60	 0.05	  2.500	2.400	  0.32	 1.90																										
PIRATA Fr23	st036c01	B	2013-06-05T00:46:00z	  +0.000	 -2.500		  40.0	 7	 35.877	3.376	147.00	 0.25	 11.300	11.100	  0.85	 3.70																										
PIRATA Fr23	st036c01	B	2013-06-05T00:46:00z	  +0.000	 -2.500		  60.0	 6	 35.777	2.631	114.50	 0.25	 15.700	15.400	  1.12	 4.90																										
PIRATA Fr23	st036c01	B	2013-06-05T00:46:00z	  +0.000	 -2.500		  80.0	 5	 35.698	2.674	116.40	 0.07	 16.400	16.400	  1.23	 5.20																										
PIRATA Fr23	st036c01	B	2013-06-05T00:46:00z	  +0.000	 -2.500		 100.0	 4	 34.627	2.385	103.90	 0.02	 18.600	18.600	  1.39	 6.10																										
PIRATA Fr23	st036c01	B	2013-06-05T00:46:00z	  +0.000	 -2.500		 500.0	 3	 34.611	2.992	130.10																															
PIRATA Fr23	st036c01	B	2013-06-05T00:46:00z	  +0.000	 -2.500		1000.0	 2	 34.624	3.619	157.40																															
PIRATA Fr23	st036c01	B	2013-06-05T00:46:00z	  +0.000	 -2.500		2000.0	 1	 34.950	5.526	240.20																															
PIRATA Fr23	st037c01	B	2013-06-05T06:15:00z	  +0.000	 -3.000		   3.0	11	 36.065	4.601	200.60	 0.01	  0.300	0.300	  0.19	 1.90	0.0297	0.0378	0.0133	0.0290	0.0364	0.0011	0.0010	0.0022	0.0923	0.0133	0.0007	0.0020	0.1037		0.0093	0.0182		-77777.0000	0.0272		0.1065	0.2274		0.0018		
PIRATA Fr23	st037c01	B	2013-06-05T06:15:00z	  +0.000	 -3.000		   3.0	10	 36.065	4.616	201.30	 0.01	  0.300	0.300	  0.18	 1.90																										
PIRATA Fr23	st037c01	B	2013-06-05T06:15:00z	  +0.000	 -3.000		  10.0	 9	 36.064	4.605	200.80	 0.01	  0.400	0.300	  0.16	 1.70																										
PIRATA Fr23	st037c01	B	2013-06-05T06:15:00z	  +0.000	 -3.000		  20.0	 8	 36.059	4.516	196.90	 0.02	  1.000	1.000	  0.18	 1.70																										
PIRATA Fr23	st037c01	B	2013-06-05T06:15:00z	  +0.000	 -3.000		  40.0	 7	 36.004	3.684	160.40	 0.19	  8.500	8.400	  0.64	 3.00																										
PIRATA Fr23	st037c01	B	2013-06-05T06:15:00z	  +0.000	 -3.000		  60.0	 6	 35.790	2.875	125.20	 0.15	 14.100	13.900	  1.01	 4.80																										
PIRATA Fr23	st037c01	B	2013-06-05T06:15:00z	  +0.000	 -3.000		  80.0	 5	 35.714	3.017	131.30	 0.07	 14.900	14.800	  1.09	 6.00																										
PIRATA Fr23	st037c01	B	2013-06-05T06:15:00z	  +0.000	 -3.000		 100.0	 4	 35.640	3.090	134.50	 0.01	 15.300	15.300	  1.14	 5.80																										
PIRATA Fr23	st037c01	B	2013-06-05T06:15:00z	  +0.000	 -3.000		 500.0	 3	 34.612	3.105	135.10																															
PIRATA Fr23	st037c01	B	2013-06-05T06:15:00z	  +0.000	 -3.000		1000.0	 2	 34.597	3.529	153.50																															
PIRATA Fr23	st037c01	B	2013-06-05T06:15:00z	  +0.000	 -3.000		2000.0	 1	 34.950	5.496	238.90																															
PIRATA Fr23	st038c01	B	2013-06-05T12:25:00z	  +0.000	 -3.500		   3.0	11	 35.825	4.671	203.70	 0.00	  0.100	0.100	  0.11	 2.10																										
PIRATA Fr23	st038c01	B	2013-06-05T12:25:00z	  +0.000	 -3.500		  10.0	10	 35.830	4.672	203.80	 0.00	  0.100	0.100	  0.12	 2.30																										
PIRATA Fr23	st038c01	B	2013-06-05T12:25:00z	  +0.000	 -3.500		  20.0	 9	 35.906	4.587	200.00	 0.01	  0.500	0.400	  0.17	 2.20																										
PIRATA Fr23	st038c01	B	2013-06-05T12:25:00z	  +0.000	 -3.500		  40.0	 8	 35.749	3.171	138.00	 0.47	 13.600	13.100	  0.99	 4.90																										
PIRATA Fr23	st038c01	B	2013-06-05T12:25:00z	  +0.000	 -3.500		  60.0	 7	 35.698	2.980	129.70	 0.23	 15.000	14.800	  1.12	 5.50																										
PIRATA Fr23	st038c01	B	2013-06-05T12:25:00z	  +0.000	 -3.500		  80.0	 6	 35.669	2.872	125.00	 0.05	 15.400	15.400	  1.20	 5.90																										
PIRATA Fr23	st038c01	B	2013-06-05T12:25:00z	  +0.000	 -3.500		 100.0	 5	 35.640	2.845	123.80	 0.03	 16.200	16.100	  1.26	 6.00																										
PIRATA Fr23	st038c01	B	2013-06-05T12:25:00z	  +0.000	 -3.500		 500.0	 4	 34.614	2.150	 93.50																															
PIRATA Fr23	st038c01	B	2013-06-05T12:25:00z	  +0.000	 -3.500		1000.0	 3	 34.623	3.595	156.30																															
PIRATA Fr23	st038c01	B	2013-06-05T12:25:00z	  +0.000	 -3.500		2000.0	 2	 34.948	5.499	239.00																															
PIRATA Fr23	st038c01	B	2013-06-05T12:25:00z	  +0.000	 -3.500		2000.0	 1	 34.946	5.476	238.00																															
PIRATA Fr23	st039c01	B	2013-06-05T17:00:00z	  +0.000	 -4.000		   3.5	11	 35.373	4.678	204.10	 0.00	  0.100	0.100	  0.09	 1.90	0.0282	0.0373	0.0081	0.0317	0.0301	0.0021	0.0014	0.0013	0.0972	0.0196	0.0013	0.0018	0.1131		0.0061	0.0196		0.0283	-77777.0000		0.0860	0.2396		0.0029		
PIRATA Fr23	st039c01	B	2013-06-05T17:00:00z	  +0.000	 -4.000		  10.0	10	 35.395	4.677	204.10	 0.00	  0.100	0.100	  0.09	 2.00																										
PIRATA Fr23	st039c01	B	2013-06-05T17:00:00z	  +0.000	 -4.000		  20.0	 9	 35.676	4.478	195.20	 0.04	  1.300	1.300	  0.24	 2.40	0.0834	0.0884	0.0346	0.0844	0.0460	0.0138	0.0029	0.0038	0.2442	0.0198	0.0042	0.0013	0.0843		0.0201	0.1364		0.0378	-77777.0000		0.1093	0.5354		0.0078		
PIRATA Fr23	st039c01	B	2013-06-05T17:00:00z	  +0.000	 -4.000		  40.0	 8	 35.812	3.296	143.50	 0.36	 10.800	10.400	  0.86	 4.00	0.0874	0.0756	0.0226	0.1104	0.0474	0.0153	0.0067	0.0035	0.1859	0.0127	0.0034	0.0007	0.0692		0.0553	0.1293		0.0373	-77777.0000		0.0991	0.4468		0.0058		
PIRATA Fr23	st039c01	B	2013-06-05T17:00:00z	  +0.000	 -4.000		  60.0	 7	 35.693	2.705	117.70	 0.08	 15.900	15.800	  1.17	 5.70	0.0550	0.0351	0.0073	0.0616	0.0403	0.0035	0.0038	0.0005	0.0773	0.0070	0.0025		0.0236		0.1104	0.0312		0.0309	-77777.0000		0.0688	0.2158		0.0033		
PIRATA Fr23	st039c01	B	2013-06-05T17:00:00z	  +0.000	 -4.000		  80.0	 6	 35.632	2.807	122.20	 0.03	 15.700	15.700	  1.19	 6.20	0.0202	0.0105	0.0014	0.0230	0.0097	0.0007	0.0004	0.0002	0.0349	0.0024	0.0008		0.0044		0.0374	0.0164		0.0119	-77777.0000		0.0212	0.0715		0.0018		
PIRATA Fr23	st039c01	B	2013-06-05T17:00:00z	  +0.000	 -4.000		 100.0	 5	 35.591	2.715	118.20	 0.01	 16.900	16.900	  1.28	 6.40	0.0105	0.0049	0.0007	0.0123	0.0056				0.0187	0.0013	0.0003		0.0021		0.0147	0.0036		0.0043	-77777.0000		0.0069	0.0371		0.0012		
PIRATA Fr23	st039c01	B	2013-06-05T17:00:00z	  +0.000	 -4.000		 500.0	 4	 34.673	1.564	 68.00																															
PIRATA Fr23	st039c01	B	2013-06-05T17:00:00z	  +0.000	 -4.000		1000.0	 3	 34.634	3.630	157.80																															
PIRATA Fr23	st039c01	B	2013-06-05T17:00:00z	  +0.000	 -4.000		1000.0	 2	 34.634	3.634	158.00																															
PIRATA Fr23	st039c01	B	2013-06-05T17:00:00z	  +0.000	 -4.000		2000.0	 1	 34.948	5.496	238.90																															
PIRATA Fr23	st040c01	B	2013-06-05T23:50:00z	  +0.000	 -4.500		   3.2	11	 34.948	4.664	203.60	 0.00	  0.000	0.000	  0.05	 2.60																										
PIRATA Fr23	st040c01	B	2013-06-05T23:50:00z	  +0.000	 -4.500		  10.0	10	 34.949	4.655	203.20	 0.00	  0.000	0.000	  0.05	 2.70																										
PIRATA Fr23	st040c01	B	2013-06-05T23:50:00z	  +0.000	 -4.500		  20.0	 9	 34.956	4.661	203.50	 0.00	  0.000	0.000	  0.06	 2.60																										
PIRATA Fr23	st040c01	B	2013-06-05T23:50:00z	  +0.000	 -4.500		  40.0	 8	 35.788	2.874	125.10	 0.58	 12.000	11.400	  0.94	 4.10																										
PIRATA Fr23	st040c01	B	2013-06-05T23:50:00z	  +0.000	 -4.500		  60.0	 7	 35.705	2.579	112.30	 0.12	 16.400	16.300	  1.20	 5.30																										
PIRATA Fr23	st040c01	B	2013-06-05T23:50:00z	  +0.000	 -4.500		  80.0	 6	 35.629	2.649	115.30	 0.02	 16.700	16.700	  1.24	 5.90																										
PIRATA Fr23	st040c01	B	2013-06-05T23:50:00z	  +0.000	 -4.500		 100.0	 5	 35.565	2.424	105.50	 0.00	 18.600	18.600	  1.36	 6.40																										
PIRATA Fr23	st040c01	B	2013-06-05T23:50:00z	  +0.000	 -4.500		 500.0	 4	 34.688	1.464	 63.70																															
PIRATA Fr23	st040c01	B	2013-06-05T23:50:00z	  +0.000	 -4.500		 500.0	 3	 34.689	1.468	 63.80																															
PIRATA Fr23	st040c01	B	2013-06-05T23:50:00z	  +0.000	 -4.500		1000.0	 2	 34.634	3.636	158.10																															
PIRATA Fr23	st040c01	B	2013-06-05T23:50:00z	  +0.000	 -4.500		2000.0	 1	 34.948	5.498	238.90																															
PIRATA Fr23	st041c01	B	2013-06-06T05:25:00z	  +0.000	 -5.000		   3.3	11	 34.536	4.638	202.50	 0.00	  0.000	0.000	  0.00	 1.80	0.0119	0.0169	0.0104	0.0126	0.0199	0.0013	0.0004	0.0014	0.0321	0.0075	0.0009	0.0008	0.0937		0.0126	0.0175		0.0295	-77777.0000		0.1220	0.1415		0.0016		
PIRATA Fr23	st041c01	B	2013-06-06T05:25:00z	  +0.000	 -5.000		  10.0	10	 34.534	4.630	202.20	 0.00	  0.000	0.000	  0.00	 1.90																										
PIRATA Fr23	st041c01	B	2013-06-06T05:25:00z	  +0.000	 -5.000		  20.0	 9	 34.541	4.624	201.90	 0.00	  0.000	0.000	  0.00	 1.80																										
PIRATA Fr23	st041c01	B	2013-06-06T05:25:00z	  +0.000	 -5.000		  40.0	 8	 35.812	4.543	198.00	 0.00	  0.500	0.500	  0.23	 2.10																										
PIRATA Fr23	st041c01	B	2013-06-06T05:25:00z	  +0.000	 -5.000		  60.0	 7	 35.829	2.711	118.00	 0.47	 14.700	14.200	  0.95	 4.50																										
PIRATA Fr23	st041c01	B	2013-06-06T05:25:00z	  +0.000	 -5.000		  80.0	 6	 35.627	2.410	104.90	 0.04	 17.800	17.700	  1.20	 5.70																										
PIRATA Fr23	st041c01	B	2013-06-06T05:25:00z	  +0.000	 -5.000		 100.0	 5	 35.502	2.451	106.60	 0.02	 19.100	19.000	  1.30	 6.40																										
PIRATA Fr23	st041c01	B	2013-06-06T05:25:00z	  +0.000	 -5.000		 100.0	 4	 35.502	2.465	107.30	 0.02	 19.000	18.900	  1.34	 6.40																										
PIRATA Fr23	st041c01	B	2013-06-06T05:25:00z	  +0.000	 -5.000		 500.0	 3	 34.651	1.668	 72.50																															
PIRATA Fr23	st041c01	B	2013-06-06T05:25:00z	  +0.000	 -5.000		1000.0	 2	 34.597	3.563	154.90																															
PIRATA Fr23	st041c01	B	2013-06-06T05:25:00z	  +0.000	 -5.000		2000.0	 1	 34.943	5.482	238.20																															
PIRATA Fr23	st042c01	B	2013-06-06T10:30:00z	  +0.000	 -5.500		   3.6	11	 34.612	4.605	201.10	 0.00	  0.000	0.000	  0.00	 1.70																										
PIRATA Fr23	st042c01	B	2013-06-06T10:30:00z	  +0.000	 -5.500		  10.0	10	 34.614	4.615	201.50	 0.00	  0.000	0.000	  0.00	 1.70																										
PIRATA Fr23	st042c01	B	2013-06-06T10:30:00z	  +0.000	 -5.500		  20.0	 9	 34.613	4.635	202.40	 0.00	  0.000	0.000	  0.00	 1.70																										
PIRATA Fr23	st042c01	B	2013-06-06T10:30:00z	  +0.000	 -5.500		  40.0	 8	 34.852	4.584	200.10	 0.00	  0.000	0.000	  0.01	 1.70																										
PIRATA Fr23	st042c01	B	2013-06-06T10:30:00z	  +0.000	 -5.500		  60.0	 7	 35.863	2.883	125.50	 0.94	 12.200	11.300	  0.86	 3.80																										
PIRATA Fr23	st042c01	B	2013-06-06T10:30:00z	  +0.000	 -5.500		  80.0	 6	 35.741	2.333	101.60	 0.34	 16.800	16.400	  1.14	 4.80																										
PIRATA Fr23	st042c01	B	2013-06-06T10:30:00z	  +0.000	 -5.500		  80.0	 5	 35.740	2.343	102.00	 0.34	 17.000	16.700	  1.18	 4.90																										
PIRATA Fr23	st042c01	B	2013-06-06T10:30:00z	  +0.000	 -5.500		 100.0	 4	 35.565	2.260	 98.30	 0.01	 19.400	19.400	  1.34	 6.10																										
PIRATA Fr23	st042c01	B	2013-06-06T10:30:00z	  +0.000	 -5.500		 500.0	 3	 34.661	1.502	 65.30																															
PIRATA Fr23	st042c01	B	2013-06-06T10:30:00z	  +0.000	 -5.500		1000.0	 2	 34.625	3.511	152.60																															
PIRATA Fr23	st042c01	B	2013-06-06T10:30:00z	  +0.000	 -5.500		2000.0	 1	 34.946	5.490	238.60																															
PIRATA Fr23	st043c01	B	2013-06-06T16:30:00z	  +0.000	 -6.000		   4.0	11	 34.606	4.655	203.30	 0.01	  0.100	0.100	  0.00	 1.50																										
PIRATA Fr23	st043c01	B	2013-06-06T16:30:00z	  +0.000	 -6.000		  10.0	10	 34.605	4.636	202.40	 0.00	  0.100	0.100	  0.00	 1.50																										
PIRATA Fr23	st043c01	B	2013-06-06T16:30:00z	  +0.000	 -6.000		  20.0	 9	 34.606	4.641	202.70	 0.01	  0.100	0.100	  0.00	 1.50	0.0116	0.0164	0.0096	0.0122	0.0144	0.0007		0.0018	0.0363	0.0074		0.0007	0.1097		0.0153	0.0128		0.0280	-77777.0000		0.1274	0.1238		0.0025		
PIRATA Fr23	st043c01	B	2013-06-06T16:30:00z	  +0.000	 -6.000		  40.0	 8	 35.306	4.631	202.00	 0.04	  0.500	0.400	  0.12	 1.80	0.0773	0.0712	0.0229	0.0905	0.0325	0.0153	0.0016	0.0056	0.2123	0.0136	0.0022		0.0740		0.0241	0.1058		0.0359	-77777.0000		0.1239	0.4348		0.0036		
PIRATA Fr23	st043c01	B	2013-06-06T16:30:00z	  +0.000	 -6.000		  60.0	 7	 35.842	3.174	138.20	 0.77	 11.000	10.200	  0.79	 3.70	0.0541	0.0409	0.0074	0.0759	0.0275	0.0186	0.0041	0.0034	0.0957	0.0060	0.0012		0.0403		0.0743	0.1320		0.0339	-77777.0000		0.0998	0.2582		0.0033		
PIRATA Fr23	st043c01	B	2013-06-06T16:30:00z	  +0.000	 -6.000		  60.0	 6	 35.839	3.172	138.10	 0.76	 10.900	10.100	  0.84	 3.80																										
PIRATA Fr23	st043c01	B	2013-06-06T16:30:00z	  +0.000	 -6.000		  80.0	 5	 35.722	2.445	106.40	 0.33	 17.100	16.800	  1.21	 5.30	0.0294	0.0186	0.0030	0.0392	0.0197	0.0049	0.0028	0.0004	0.0372	0.0034	0.0009		0.0151		0.0897	0.0263		0.0221	-77777.0000		0.0499	0.1196		0.0017		
PIRATA Fr23	st043c01	B	2013-06-06T16:30:00z	  +0.000	 -6.000		 100.0	 4	 35.516	2.323	101.10	 0.03	 20.300	20.200	  1.40	 6.60	0.0156	0.0089	0.0023	0.0215	0.0074	0.0006	0.0005		0.0243	0.0019	0.0011		0.0049		0.0468	0.0064		0.0113	-77777.0000		0.0194	0.0606		0.0014		
PIRATA Fr23	st043c01	B	2013-06-06T16:30:00z	  +0.000	 -6.000		 500.0	 3	 34.686	1.239	 53.90																															
PIRATA Fr23	st043c01	B	2013-06-06T16:30:00z	  +0.000	 -6.000		1000.0	 2	 34.607	3.472	151.00																															
PIRATA Fr23	st043c01	B	2013-06-06T16:30:00z	  +0.000	 -6.000		2000.0	 1	 34.941	5.439	236.40																															
PIRATA Fr23	st044c01	B	2013-06-06T21:23:00z	  +0.500	 -6.000		1000.0	11	 34.616	3.491	151.80	 0.00	 32.500	32.500	  2.22	31.20																										
PIRATA Fr23	st044c01	B	2013-06-06T21:23:00z	  +0.500	 -6.000		1000.0	10	 34.615	3.509	152.60	 0.01	 32.400	32.400	  2.42	32.80																										
PIRATA Fr23	st044c01	B	2013-06-06T21:23:00z	  +0.500	 -6.000		1000.0	 9	 34.615	3.504	152.30	 0.01	 32.400	32.400	  2.45	32.90																										
PIRATA Fr23	st044c01	B	2013-06-06T21:23:00z	  +0.500	 -6.000		1000.0	 8	 34.615	3.500	152.20	 0.02	 32.200	32.200	  2.46	32.90																										
PIRATA Fr23	st044c01	B	2013-06-06T21:23:00z	  +0.500	 -6.000		1000.0	 7	 34.615	3.489	151.70	 0.01	 32.700	32.700	  2.52	32.80																										
PIRATA Fr23	st044c01	B	2013-06-06T21:23:00z	  +0.500	 -6.000		1000.0	 6	 34.614	3.481	151.30	 0.01	 32.800	32.800	  2.49	32.80																										
PIRATA Fr23	st044c01	B	2013-06-06T21:23:00z	  +0.500	 -6.000		1000.0	 5	 34.612	3.487	151.60	 0.00	 32.600	32.600	  2.50	32.80																										
PIRATA Fr23	st044c01	B	2013-06-06T21:23:00z	  +0.500	 -6.000		1000.0	 4	 34.615	3.527	153.30	 0.00	 32.400	32.400	  2.50	32.80																										
PIRATA Fr23	st044c01	B	2013-06-06T21:23:00z	  +0.500	 -6.000		1000.0	 3	 34.615	3.490	151.70	 0.00	 32.400	32.400	  2.50	32.80																										
PIRATA Fr23	st044c01	B	2013-06-06T21:23:00z	  +0.500	 -6.000		1000.0	 2	 34.615	3.495	151.90	 0.00	 32.500	32.500	  2.47	32.90																										
PIRATA Fr23	st044c01	B	2013-06-06T21:23:00z	  +0.500	 -6.000		1000.0	 1	 34.613	3.502	152.30	 0.01	 32.500	32.500	  2.45	32.80																										
PIRATA Fr23	st045c01	B	2013-06-07T02:37:00z	  +1.000	 -6.000		   3.6	11	 34.422	4.631	202.20	 0.01	  0.100	0.100	  0.04	 4.20	0.0208	0.0227	0.0138	0.0134	0.0445	0.0028	0.0027	0.0018	0.0411	0.0105	0.0004	0.0013	0.0870		0.0058	0.0280		-77777.0000	0.0345		0.0457	0.3008		0.0017		
PIRATA Fr23	st045c01	B	2013-06-07T02:37:00z	  +1.000	 -6.000		  10.0	10	 34.420	4.636	202.50	 0.03	  0.100	0.100	  0.02	 4.20																										
PIRATA Fr23	st045c01	B	2013-06-07T02:37:00z	  +1.000	 -6.000		  20.0	 9	 34.422	4.631	202.30	 0.01	  0.100	0.100	  0.03	 4.20																										
PIRATA Fr23	st045c01	B	2013-06-07T02:37:00z	  +1.000	 -6.000		  20.0	 8	 34.422	4.613	201.40	 0.01	  0.100	0.100	  0.00	 4.30																										
PIRATA Fr23	st045c01	B	2013-06-07T02:37:00z	  +1.000	 -6.000		  40.0	 7	 35.528	4.444	193.80	 0.08	  1.500	1.400	  0.22	 2.00																										
PIRATA Fr23	st045c01	B	2013-06-07T02:37:00z	  +1.000	 -6.000		  60.0	 6	 35.735	2.454	106.80	 0.35	 16.400	16.100	  1.10	 5.00																										
PIRATA Fr23	st045c01	B	2013-06-07T02:37:00z	  +1.000	 -6.000		  80.0	 5	 35.621	2.367	103.00	 0.06	 18.000	18.000	  1.24	 5.80																										
PIRATA Fr23	st045c01	B	2013-06-07T02:37:00z	  +1.000	 -6.000		 100.0	 4	 35.501	2.418	105.20	 0.04	 19.100	19.100	  1.35	 6.50																										
PIRATA Fr23	st045c01	B	2013-06-07T02:37:00z	  +1.000	 -6.000		 500.0	 3	 34.676	1.282	 55.70																															
PIRATA Fr23	st045c01	B	2013-06-07T02:37:00z	  +1.000	 -6.000		1000.0	 2	 34.618	3.510	152.60																															
PIRATA Fr23	st045c01	B	2013-06-07T02:37:00z	  +1.000	 -6.000		2000.0	 1	 34.942	5.416	235.40																															
PIRATA Fr23	st047c01	B	2013-06-07T12:45:00z	  +2.000	 -6.000		   3.0	11	 34.254	4.698	205.20	 0.00	  0.100	0.100	  0.04	 5.00	0.0199	0.0259	0.0120	0.0150	0.0409	0.0020	0.0015	0.0024	0.0447	0.0148	0.0020	0.0020	0.1359		0.0047	0.0282		-77777.0000	0.0401		0.0456	0.3374		0.0033		
PIRATA Fr23	st047c01	B	2013-06-07T12:45:00z	  +2.000	 -6.000		   3.0	10	 34.253	4.707	205.60	 0.00	  0.100	0.100	  0.03	 5.00																										
PIRATA Fr23	st047c01	B	2013-06-07T12:45:00z	  +2.000	 -6.000		  10.0	 9	 34.250	4.700	205.30	 0.00	  0.100	0.100	  0.03	 5.10																										
PIRATA Fr23	st047c01	B	2013-06-07T12:45:00z	  +2.000	 -6.000		  20.0	 8	 34.535	4.654	203.20	 0.00	  0.100	0.100	  0.06	 4.40	0.0492	0.0494	0.0192	0.0260	0.0913	0.0040	0.0047	0.0023	0.0859	0.0134	0.0032	0.0009	0.1126		0.0114	0.0497		-77777.0000	0.0473		0.0530	0.4950		0.0042		
PIRATA Fr23	st047c01	B	2013-06-07T12:45:00z	  +2.000	 -6.000		  40.0	 7	 35.855	3.458	150.60	 0.42	  8.100	7.700	  0.67	 3.40	0.0444	0.0338	0.0092	0.0271	0.0633	0.0157	0.0047	0.0024	0.0626	0.0061	0.0011		0.0266		0.0630	0.0996		0.0272	-77777.0000		0.0619	0.2404		0.0026		
PIRATA Fr23	st047c01	B	2013-06-07T12:45:00z	  +2.000	 -6.000		  60.0	 6	 35.675	2.036	 88.60	 0.16	 19.700	19.600	  1.31	 5.80	0.0213	0.0131	0.0024	0.0202	0.0247	0.0027	0.0023		0.0252	0.0024	0.0008		0.0092		0.0433	0.0295		0.0137	-77777.0000		0.0265	0.0914		0.0012		
PIRATA Fr23	st047c01	B	2013-06-07T12:45:00z	  +2.000	 -6.000		  80.0	 5	 35.559	1.317	 57.30	 0.02	 24.500	24.400	  1.63	 7.80	0.0131	0.0073	0.0017	0.0148	0.0089	0.0014	0.0007		0.0187	0.0016	0.0007		0.0040		0.0412	0.0078		0.0106	-77777.0000		0.0155	0.0490		0.0013		
PIRATA Fr23	st047c01	B	2013-06-07T12:45:00z	  +2.000	 -6.000		 100.0	 4	 35.522	1.758	 76.50	 0.02	 23.100	23.100	  1.61	 7.30	0.0108	0.0060	0.0019	0.0138	0.0065	0.0012	0.0004		0.0159	0.0014	0.0000	0.0007	0.0034		0.0338			0.0075	-77777.0000		0.0110	0.0413		0.0012		
PIRATA Fr23	st047c01	B	2013-06-07T12:45:00z	  +2.000	 -6.000		 500.0	 3	 34.673	1.476	 64.20																															
PIRATA Fr23	st047c01	B	2013-06-07T12:45:00z	  +2.000	 -6.000		1000.0	 2	 34.610	3.465	150.70																															
PIRATA Fr23	st047c01	B	2013-06-07T12:45:00z	  +2.000	 -6.000		2000.0	 1	 34.941	5.474	237.90																															
PIRATA Fr23	st049c01	B	2013-06-07T22:30:00z	  +3.000	 -6.000		   2.4	11	 34.993	4.728	206.30	 0.01	  0.100	0.100	  0.04	 2.80	0.0101	0.0163	0.0096	0.0133	0.0217	0.0010	0.0005	0.0011	0.0318	0.0113	0.0010	0.0016	0.1275		0.0082	0.0099		-77777.0000	0.0485		0.1090	0.2340		0.0023		
PIRATA Fr23	st049c01	B	2013-06-07T22:30:00z	  +3.000	 -6.000		  10.0	10	 34.761	4.716	205.90	 0.00	  0.100	0.100	  0.02	 2.80																										
PIRATA Fr23	st049c01	B	2013-06-07T22:30:00z	  +3.000	 -6.000		  20.0	 9	 34.839	4.728	206.40	 0.00	  0.100	0.100	  0.04	 2.70																										
PIRATA Fr23	st049c01	B	2013-06-07T22:30:00z	  +3.000	 -6.000		  40.0	 8	 35.878	2.978	129.70	 0.86	 12.000	11.200	  0.96	 4.00																										
PIRATA Fr23	st049c01	B	2013-06-07T22:30:00z	  +3.000	 -6.000		  60.0	 7	 35.635	2.270	 98.80	 0.08	 19.200	19.100	  1.40	 6.00																										
PIRATA Fr23	st049c01	B	2013-06-07T22:30:00z	  +3.000	 -6.000		  80.0	 6	 35.590	2.301	100.20	 0.11	 19.500	19.400	  1.42	 6.50																										
PIRATA Fr23	st049c01	B	2013-06-07T22:30:00z	  +3.000	 -6.000		 100.0	 5	 35.558	2.298	100.00	 0.07	 20.000	19.900	  1.47	 6.80																										
PIRATA Fr23	st049c01	B	2013-06-07T22:30:00z	  +3.000	 -6.000		 500.0	 4	 34.664	1.489	 64.80																															
PIRATA Fr23	st049c01	B	2013-06-07T22:30:00z	  +3.000	 -6.000		1000.0	 3	 34.593	3.372	146.60																															
PIRATA Fr23	st049c01	B	2013-06-07T22:30:00z	  +3.000	 -6.000		1000.0	 2	 34.594	3.365	146.30																															
PIRATA Fr23	st049c01	B	2013-06-07T22:30:00z	  +3.000	 -6.000		2000.0	 1	 34.939	5.428	235.90																															
PIRATA Fr23	st051c01	B	2013-06-08T09:11:00z	  +4.000	 -6.000		   3.9	11	 34.743	4.654	203.20	 0.00	  0.100	0.100	  0.09	 5.40	0.0141	0.0190	0.0083	0.0127	0.0220	0.0016	0.0007	0.0017	0.0372	0.0097	0.0012		0.0955		0.0098	0.0149		0.0000	0.0339		0.0785	0.2159		0.0028		
PIRATA Fr23	st051c01	B	2013-06-08T09:11:00z	  +4.000	 -6.000		  10.0	10	 34.769	4.668	203.80	 0.01	  0.100	0.100	  0.09	 5.50																										
PIRATA Fr23	st051c01	B	2013-06-08T09:11:00z	  +4.000	 -6.000		  20.0	 9	 35.815	4.086	178.00	 0.18	  3.800	3.600	  0.53	 3.20	0.0888	0.0766	0.0323	0.0624	0.1154	0.0116	0.0099	0.0019	0.1532	0.0166	0.0051		0.0420		0.0235	0.1121		0.0000	0.0344		0.0375	0.5870		0.0052		
PIRATA Fr23	st051c01	B	2013-06-08T09:11:00z	  +4.000	 -6.000		  40.0	 8	 35.717	2.484	108.10	 0.51	 17.200	16.700	  1.21	 5.30	0.0492	0.0321	0.0076	0.0299	0.0750	0.0080	0.0084	0.0009	0.0573	0.0061	0.0016		0.0175		0.0436	0.0596		0.0204	-77777.0000		0.0416	0.2315		0.0031		
PIRATA Fr23	st051c01	B	2013-06-08T09:11:00z	  +4.000	 -6.000		  60.0	 7	 35.679	2.342	102.00	 0.06	 18.400	18.400	  1.31	 5.70	0.0280	0.0179	0.0028	0.0214	0.0382	0.0045	0.0049	0.0005	0.0323	0.0033	0.0012		0.0102		0.0336	0.0415		0.0152	-77777.0000		0.0273	0.1302		0.0023		
PIRATA Fr23	st051c01	B	2013-06-08T09:11:00z	  +4.000	 -6.000		  80.0	 6	 35.632	2.191	 95.40	 0.06	 19.800	19.700	  1.42	 6.40	0.0110	0.0066	0.0012	0.0131	0.0113	0.0015	0.0011		0.0124	0.0013	0.0006		0.0044		0.0390	0.0000		0.0088	-77777.0000		0.0146	0.0448		0.0013		
PIRATA Fr23	st051c01	B	2013-06-08T09:11:00z	  +4.000	 -6.000		 100.0	 5	 35.585	2.058	 89.60	 0.04	 21.200	21.200	  1.49	 6.80	0.0041	0.0028	0.0008	0.0073	0.0040	0.0004			0.0048	0.0007	0.0000		0.0023		0.0115	0.0036		0.0042	-77777.0000		0.0051	0.0189		0.0011		
PIRATA Fr23	st051c01	B	2013-06-08T09:11:00z	  +4.000	 -6.000		 100.0	 4	 35.585	2.058	 89.60	 0.04	 21.300	21.300	  1.51	 6.90																										
PIRATA Fr23	st051c01	B	2013-06-08T09:11:00z	  +4.000	 -6.000		 500.0	 3	 34.644	1.803	 78.40																															
PIRATA Fr23	st051c01	B	2013-06-08T09:11:00z	  +4.000	 -6.000		1000.0	 2	 34.620	3.431	149.20																															
PIRATA Fr23	st051c01	B	2013-06-08T09:11:00z	  +4.000	 -6.000		2000.0	 1	 34.945	5.432	236.10																															
PIRATA Fr23	st053c01	B	2013-06-08T18:44:00z	  +5.000	 -6.000		   2.4	11	 35.367	4.761	207.70	 0.02	  0.100	0.100	  0.12	 1.80	0.0091	0.0146	0.0079	0.0127	0.0155			0.0014	0.0318	0.0131	0.0012	0.0014	0.1370		0.0066	0.0084		-77777.0000	0.0385		0.0965	0.1808		0.0017		
PIRATA Fr23	st053c01	B	2013-06-08T18:44:00z	  +5.000	 -6.000		  10.0	10	 35.367	4.776	208.40	 0.01	  0.100	0.100	  0.13	 1.70																										
PIRATA Fr23	st053c01	B	2013-06-08T18:44:00z	  +5.000	 -6.000		  20.0	 9	 35.429	4.758	207.50	 0.01	  0.100	0.100	  0.16	 1.80																										
PIRATA Fr23	st053c01	B	2013-06-08T18:44:00z	  +5.000	 -6.000		  40.0	 8	 35.745	2.873	125.10	 0.48	 13.800	13.300	  1.02	 4.20																										
PIRATA Fr23	st053c01	B	2013-06-08T18:44:00z	  +5.000	 -6.000		  60.0	 7	 35.636	2.042	 88.90	 0.09	 20.400	20.300	  1.41	 5.80																										
PIRATA Fr23	st053c01	B	2013-06-08T18:44:00z	  +5.000	 -6.000		  60.0	 6	 35.635	2.031	 88.40	 0.08	 20.200	20.100	  1.42	 5.90																										
PIRATA Fr23	st053c01	B	2013-06-08T18:44:00z	  +5.000	 -6.000		  80.0	 5	 35.605	1.926	 83.80	 0.07	 21.600	21.600	  1.54	 6.60																										
PIRATA Fr23	st053c01	B	2013-06-08T18:44:00z	  +5.000	 -6.000		 100.0	 4	 35.581	2.140	 93.10	 0.05	 21.200	21.200	  1.48	 6.50																										
PIRATA Fr23	st053c01	B	2013-06-08T18:44:00z	  +5.000	 -6.000		 500.0	 3	 34.618	1.870	 81.30																															
PIRATA Fr23	st053c01	B	2013-06-08T18:44:00z	  +5.000	 -6.000		1000.0	 2	 34.615	2.404	104.50																															
PIRATA Fr23	st053c01	B	2013-06-08T18:44:00z	  +5.000	 -6.000		2000.0	 1	 34.941	5.417	235.40																															
PIRATA Fr23	st055c01	B	2013-06-09T04:20:00z	  +6.000	 -6.000		   3.1	11	 35.563	4.681	204.20	 0.00	  0.100	0.100	  0.09	 1.80																										
PIRATA Fr23	st055c01	B	2013-06-09T04:20:00z	  +6.000	 -6.000		  10.0	10	 35.564	4.681	204.20	 0.00	  0.100	0.100	  0.11	 1.90																										
PIRATA Fr23	st055c01	B	2013-06-09T04:20:00z	  +6.000	 -6.000		  20.0	 9	 35.786	4.532	197.60	 0.02	  0.300	0.200	  0.22	 2.30	0.0166	0.0231	0.0122	0.0202	0.0163	0.0020	0.0014	0.0016	0.0589	0.0088	0.0018	0.0006	0.1098		0.0107	0.0319		0.0374	-77777.0000		0.1037	0.2317		0.0032		
PIRATA Fr23	st055c01	B	2013-06-09T04:20:00z	  +6.000	 -6.000		  20.0	 8	 35.794	4.493	195.90	 0.02	  0.300	0.300	  0.26	 2.40	0.0601	0.0390	0.0171	0.0550	0.0457	0.0068	0.0155	0.0013	0.0938	0.0087	0.0027		0.0317		0.0421	0.0996		0.0294	-77777.0000		0.0609	0.3104		0.0037		
PIRATA Fr23	st055c01	B	2013-06-09T04:20:00z	  +6.000	 -6.000		  40.0	 7	 35.756	2.583	112.40	 0.18	 16.000	15.800	  1.23	 4.90	0.0450	0.0240	0.0047	0.0387	0.0370	0.0026	0.0048	0.0005	0.0604	0.0049	0.0008		0.0174		0.1230	0.0000		0.0290	-77777.0000		0.0594	0.1663		0.0028		
PIRATA Fr23	st055c01	B	2013-06-09T04:20:00z	  +6.000	 -6.000		  60.0	 6	 35.700	2.088	 90.90	 0.06	 19.000	18.900	  1.49	 6.00	0.0202	0.0095	0.0013	0.0155	0.0169	0.0013	0.0017	0.0003	0.0313	0.0021	0.0004		0.0043		0.0449	0.0000		0.0117	-77777.0000		0.0173	0.0740		0.0015		
PIRATA Fr23	st055c01	B	2013-06-09T04:20:00z	  +6.000	 -6.000		  80.0	 5	 35.665	1.970	 85.70	 0.03	 20.400	20.400	  1.56	 6.90	0.0047	0.0024		0.0041	0.0058	0.0009	0.0005		0.0054	0.0006			0.0023		0.0055	0.0039		0.0028	-77777.0000		0.0028	0.0209		0.0011		
PIRATA Fr23	st055c01	B	2013-06-09T04:20:00z	  +6.000	 -6.000		 100.0	 4	 35.630	1.993	 86.70	 0.03	 20.900	20.800	  1.64	 7.10																										
PIRATA Fr23	st055c01	B	2013-06-09T04:20:00z	  +6.000	 -6.000		 500.0	 3	 34.656	1.498	 65.10																															
PIRATA Fr23	st055c01	B	2013-06-09T04:20:00z	  +6.000	 -6.000		1000.0	 2	 34.614	3.423	148.80																															
PIRATA Fr23	st055c01	B	2013-06-09T04:20:00z	  +6.000	 -6.000		2000.0	 1	 34.939	5.410	235.10																															
PIRATA Fr23	st057c01	B	2013-06-09T13:47:00z	  +7.000	 -6.000		   3.4	11	 35.999	4.737	206.70	 0.01	  0.000	0.000	  0.00	 1.00	0.0094	0.0146	0.0091	0.0101	0.0120			0.0014	0.0327	0.0126	0.0017	0.0025	0.1695		0.0084	0.0075		-77777.0000	0.0314		0.1305	0.1383		0.0012		
PIRATA Fr23	st057c01	B	2013-06-09T13:47:00z	  +7.000	 -6.000		   3.4	10	 35.999	4.737	206.60	 0.02	  0.100	0.000	  0.00	 1.10																										
PIRATA Fr23	st057c01	B	2013-06-09T13:47:00z	  +7.000	 -6.000		  10.0	 9	 35.416	4.722	206.00	 0.01	  0.100	0.100	  0.00	 1.20																										
PIRATA Fr23	st057c01	B	2013-06-09T13:47:00z	  +7.000	 -6.000		  20.0	 8	 35.787	4.561	198.80	 0.08	  1.500	1.400	  0.36	 2.30																										
PIRATA Fr23	st057c01	B	2013-06-09T13:47:00z	  +7.000	 -6.000		  40.0	 7	 35.741	2.692	117.20	 0.57	 10.000	9.400	  0.85	 3.70																										
PIRATA Fr23	st057c01	B	2013-06-09T13:47:00z	  +7.000	 -6.000		  60.0	 6	 35.729	2.451	106.70	 0.07	 13.300	13.200	  0.97	 4.60																										
PIRATA Fr23	st057c01	B	2013-06-09T13:47:00z	  +7.000	 -6.000		  80.0	 5	 35.700	2.348	102.20	 0.04	 14.000	13.900	  0.98	 5.30																										
PIRATA Fr23	st057c01	B	2013-06-09T13:47:00z	  +7.000	 -6.000		 100.0	 4	 34.660	1.870	 81.50	 0.02	 32.400	32.400	  2.23	20.90																										
PIRATA Fr23	st057c01	B	2013-06-09T13:47:00z	  +7.000	 -6.000		 500.0	 3	 34.655	1.622	 70.50																															
PIRATA Fr23	st057c01	B	2013-06-09T13:47:00z	  +7.000	 -6.000		1000.0	 2	 34.614	3.440	149.60																															
PIRATA Fr23	st057c01	B	2013-06-09T13:47:00z	  +7.000	 -6.000		2000.0	 1	 34.941	5.428	235.90																															
PIRATA Fr23	st059c01	B	2013-06-10T01:15:00z	  +8.000	 -6.000		   3.6	11	 35.430	4.755	207.40	 0.00	  0.100	0.100	  0.03	 1.00	0.0071	0.0117		0.0050	0.0133				0.0220	0.0076			0.1449		0.0094	0.0074		0.0342	-77777.0000		0.1123	0.1589		0.0034		
PIRATA Fr23	st059c01	B	2013-06-10T01:15:00z	  +8.000	 -6.000		  10.0	10	 35.465	4.719	205.80	 0.03	  0.100	0.100	  0.05	 1.10																										
PIRATA Fr23	st059c01	B	2013-06-10T01:15:00z	  +8.000	 -6.000		  20.0	 9	 35.897	4.091	178.20	 0.04	  0.100	0.100	  0.19	 1.00	0.0598	0.0488	0.0167	0.0380	0.0424	0.0103	0.0185	0.0045	0.1228	0.0132	0.0103		0.1054		0.0199	0.1341		0.0000	0.0430		0.0689	0.4876		0.0055		
PIRATA Fr23	st059c01	B	2013-06-10T01:15:00z	  +8.000	 -6.000		  40.0	 8	 35.770	2.658	115.70	 0.18	  0.700	0.500	  0.30	 1.60	0.0853	0.0532	0.0124	0.0619	0.0889	0.0073	0.0156	0.0023	0.1038	0.0111	0.0063		0.0331		0.0812	0.0877		0.0350	-77777.0000		0.0771	0.3952		0.0054		
PIRATA Fr23	st059c01	B	2013-06-10T01:15:00z	  +8.000	 -6.000		  60.0	 7	 35.783	2.710	118.00	 0.43	  7.200	6.700	  0.15	 3.00	0.0487	0.0241	0.0036	0.0382	0.0390	0.0019	0.0047	0.0012	0.0651	0.0051		0.0137	0.0000		0.1148	0.0000		0.0247	-77777.0000		0.0521	0.1702		0.0033		
PIRATA Fr23	st059c01	B	2013-06-10T01:15:00z	  +8.000	 -6.000		  80.0	 6	 35.704	2.323	101.10	 0.14	 11.500	11.400	  0.13	 4.50	0.0166	0.0077	0.0014	0.0143	0.0146	0.0009	0.0008		0.0229	0.0016		0.0029	0.0000		0.0318	0.0000		0.0072	-77777.0000		0.0118	0.0599		0.0019		
PIRATA Fr23	st059c01	B	2013-06-10T01:15:00z	  +8.000	 -6.000		 100.0	 5	 35.679	2.320	101.00	 0.07	 12.400	12.400	  0.13	 4.80	0.0068	0.0031	0.0012	0.0063	0.0072	0.0007	0.0003		0.0078	0.0006		0.0019	0.0000		0.0080	0.0038		0.0028	-77777.0000		0.0047	0.0270		0.0014		
PIRATA Fr23	st059c01	B	2013-06-10T01:15:00z	  +8.000	 -6.000		 500.0	 4	 34.664	1.434	 62.40	 0.04	 31.800	31.800	  0.08	19.80																										
PIRATA Fr23	st059c01	B	2013-06-10T01:15:00z	  +8.000	 -6.000		1000.0	 3	 34.621	3.351	145.70																															
PIRATA Fr23	st059c01	B	2013-06-10T01:15:00z	  +8.000	 -6.000		1000.0	 2	 34.622	3.353	145.80																															
PIRATA Fr23	st059c01	B	2013-06-10T01:15:00z	  +8.000	 -6.000		2000.0	 1	 34.948	5.440	236.40																															
PIRATA Fr23	st062c01	B	2013-06-10T20:05:00z	  +9.000	 -6.500		   3.2	11	 34.975	4.797	209.30						0.0091	0.0165	0.0226	0.0094	0.0156			0.0015	0.0243	0.0091	0.0013	0.0013	0.1027		0.0032	0.0148		-77777.0000	0.0308		0.0293	0.2287		0.0017		
PIRATA Fr23	st062c01	B	2013-06-10T20:05:00z	  +9.000	 -6.500		  10.0	10	 35.100	4.817	210.10																															
PIRATA Fr23	st062c01	B	2013-06-10T20:05:00z	  +9.000	 -6.500		  20.0	 9	 35.763	3.840	167.20																															
PIRATA Fr23	st062c01	B	2013-06-10T20:05:00z	  +9.000	 -6.500		  40.0	 8																																		
PIRATA Fr23	st062c01	B	2013-06-10T20:05:00z	  +9.000	 -6.500		  60.0	 7	 35.722	1.989	 86.60																															
PIRATA Fr23	st062c01	B	2013-06-10T20:05:00z	  +9.000	 -6.500		  80.0	 6	 35.677	1.623	 70.60	 0.08	 22.500	22.400	  1.47	 8.00																										
PIRATA Fr23	st062c01	B	2013-06-10T20:05:00z	  +9.000	 -6.500		 100.0	 5	 35.635	1.526	 66.40	 0.07	 24.400	24.300	  1.56	 8.00																										
PIRATA Fr23	st062c01	B	2013-06-10T20:05:00z	  +9.000	 -6.500		 100.0	 4	 35.635	1.509	 65.70	 0.00	 25.000	25.000	  1.56	 7.90																										
PIRATA Fr23	st062c01	B	2013-06-10T20:05:00z	  +9.000	 -6.500		 500.0	 3	 34.646	1.712	 74.40																															
PIRATA Fr23	st062c01	B	2013-06-10T20:05:00z	  +9.000	 -6.500		1000.0	 2	 34.606	3.405	148.00																															
PIRATA Fr23	st062c01	B	2013-06-10T20:05:00z	  +9.000	 -6.500		2000.0	 1	 34.944	5.399	234.70																															
PIRATA Fr23	st064c01	B	2013-06-11T07:05:00z	 +10.000	 -6.000		   2.9	11	 33.452	4.771	208.40	 0.00	  0.100	0.100	  0.17	15.60	0.0421	0.0821	0.0811	0.0105	0.1431	0.0116	0.0285	0.0088	0.0589	0.0264	0.0121	0.0014	0.1288		0.1188	0.0000		-77777.0000	0.0667		0.0079	0.8989		0.0107		
PIRATA Fr23	st064c01	B	2013-06-11T07:05:00z	 +10.000	 -6.000		  10.0	10	 35.371	4.422	192.80	 0.07	  0.700	0.600	  0.41	 3.50																										
PIRATA Fr23	st064c01	B	2013-06-11T07:05:00z	 +10.000	 -6.000		  20.0	 9	 35.745	3.611	157.30	 0.35	  6.600	6.200	  0.79	 3.80	0.0520	0.0434	0.0226	0.0142	0.0792	0.0140	0.0150	0.0023	0.0565	0.0084	0.0055		0.0662		0.0848	0.1119		0.0515	-77777.0000		0.0861	0.4039		0.0082		
PIRATA Fr23	st064c01	B	2013-06-11T07:05:00z	 +10.000	 -6.000		  40.0	 8	 35.752	2.327	101.30	 0.28	 17.400	17.100	  1.23	 5.70	0.0380	0.0224	0.0082	0.0099	0.0497	0.0030	0.0113	0.0003	0.0360	0.0041	0.0017		0.0193		0.0983	0.0476		0.0300	-77777.0000		0.0548	0.1733		0.0038		
PIRATA Fr23	st064c01	B	2013-06-11T07:05:00z	 +10.000	 -6.000		  60.0	 7	 35.730	1.961	 85.40	 0.05	 20.700	20.600	  1.37	 7.50	0.0120	0.0048	0.0019	0.0036	0.0105		0.0017	0.0237	0.0012	0.0000			0.0011		0.0007	0.0028		-77777.0000	0.0021		0.0018	0.0461		0.0017		
PIRATA Fr23	st064c01	B	2013-06-11T07:05:00z	 +10.000	 -6.000		  60.0	 6	 35.724	1.894	 82.40	 0.04	 20.900	20.800	  1.40	 7.50																										
PIRATA Fr23	st064c01	B	2013-06-11T07:05:00z	 +10.000	 -6.000		  80.0	 5	 35.696	1.691	 73.60	 0.05	 23.000	23.000	  1.48	 7.60	0.0229	0.0100	0.0038	0.0073	0.0236		0.0039	0.0382	0.0023	0.0000			0.0027		0.0200	0.0058		0.0073	-77777.0000		0.0098	0.0853		0.0025		
PIRATA Fr23	st064c01	B	2013-06-11T07:05:00z	 +10.000	 -6.000		 100.0	 4	 35.657	1.602	 69.70	 0.03	 24.500	24.500	  1.56	 8.00	0.0046	0.0022	0.0013	0.0019	0.0070		0.0004		0.0062	0.0004			0.0013		0.0005	0.0016		-77777.0000	0.0013			0.0200		0.0016		
PIRATA Fr23	st064c01	B	2013-06-11T07:05:00z	 +10.000	 -6.000		 500.0	 3	 34.651	1.644	 71.50																															
PIRATA Fr23	st064c01	B	2013-06-11T07:05:00z	 +10.000	 -6.000		1000.0	 2	 34.599	3.341	145.30																															
PIRATA Fr23	st064c01	B	2013-06-11T07:05:00z	 +10.000	 -6.000		2000.0	 1	 34.942	5.397	234.60																															
PIRATA Fr23	st066c01	B	2013-06-11T16:22:00z	 +10.833	 -5.167		   2.7	11	 35.132	5.766	251.50	 0.00	  0.200	0.200	  0.17	 6.60	0.0265	0.2913	0.0483	0.0121	0.7437	0.0117	0.0246		0.0746	0.2108	0.0076	0.0094	0.1850			0.0521		-77777.0000	0.0856	0.2692		1.3504		0.0063		
PIRATA Fr23	st066c01	B	2013-06-11T16:22:00z	 +10.833	 -5.167		  10.0	10	 36.163	3.354	146.10	 0.41	  6.000	5.600	  0.60	 3.40																										
PIRATA Fr23	st066c01	B	2013-06-11T16:22:00z	 +10.833	 -5.167		  20.0	 9	 36.171	3.325	144.90	 0.40	  6.900	6.500	  0.64	 3.40																										
PIRATA Fr23	st066c01	B	2013-06-11T16:22:00z	 +10.833	 -5.167		  20.0	 8	 36.171	3.324	144.80	 0.39	  7.200	6.800	  0.63	 3.30																										
PIRATA Fr23	st066c01	B	2013-06-11T16:22:00z	 +10.833	 -5.167		  40.0	 7	 36.088	3.226	140.50	 0.39	  9.700	9.300	  0.75	 3.40																										
PIRATA Fr23	st066c01	B	2013-06-11T16:22:00z	 +10.833	 -5.167		  60.0	 6	 35.947	2.842	123.80	 0.07	 13.100	13.000	  0.94	 5.20																										
PIRATA Fr23	st066c01	B	2013-06-11T16:22:00z	 +10.833	 -5.167		  80.0	 5	 35.841	2.587	112.60	 0.10	 16.700	16.700	  1.11	 5.80																										
PIRATA Fr23	st066c01	B	2013-06-11T16:22:00z	 +10.833	 -5.167		 100.0	 4	 35.730	2.388	103.90	 0.07	 19.600	19.600	  1.25	 6.10																										
PIRATA Fr23	st066c01	B	2013-06-11T16:22:00z	 +10.833	 -5.167		 500.0	 3	 34.652	1.842	 80.10																															
PIRATA Fr23	st066c01	B	2013-06-11T16:22:00z	 +10.833	 -5.167		1000.0	 2	 34.596	3.365	146.30																															
PIRATA Fr23	st066c01	B	2013-06-11T16:22:00z	 +10.833	 -5.167		1800.0	 1	 35.956	5.413	235.10																															
PIRATA Fr23	st068c01	B	2013-06-11T22:13:00z	 +11.250	 -4.750		   3.3	 9	 35.677	5.047	220.00	 0.06	  0.300	0.200	  0.17	 5.10	0.0409	0.4379	0.0741	0.0248	1.9124	0.0148	0.0562	0.0111	0.0987	0.2040	0.0150	0.0123	0.2912		0.0000	0.0416		-77777.0000	0.2068	0.0806		2.8152		0.0734		
PIRATA Fr23	st068c01	B	2013-06-11T22:13:00z	 +11.250	 -4.750		   3.3	 8	 35.715	4.863	212.00	 0.10	  0.600	0.500	  0.21	 5.10																										
PIRATA Fr23	st068c01	B	2013-06-11T22:13:00z	 +11.250	 -4.750		  10.0	 7	 36.039	3.257	141.90	 0.25	  6.900	6.700	  0.61	 3.90																										
PIRATA Fr23	st068c01	B	2013-06-11T22:13:00z	 +11.250	 -4.750		  20.0	 6	 36.091	3.461	150.80	 0.17	  8.700	8.500	  0.70	 3.80	0.0506	0.0655	0.0162	0.0151	0.1908	0.0057	0.0164	0.0014	0.0432	0.0131	0.0287		0.0182		0.0107	0.0508		-77777.0000	0.0303		0.0212	0.5137		0.0191		
PIRATA Fr23	st068c01	B	2013-06-11T22:13:00z	 +11.250	 -4.750		  40.0	 5	 36.047	3.072	133.80	 0.11	 11.600	11.500	  0.84	 4.40	0.0138	0.0130	0.0021	0.0082	0.0444	0.0010	0.0026	0.0001	0.0168	0.0029	0.0006		0.0061		0.0180	0.0118		0.0086	-77777.0000		0.0132	0.1034		0.0056		
PIRATA Fr23	st068c01	B	2013-06-11T22:13:00z	 +11.250	 -4.750		  60.0	 4	 35.941	2.879	125.30	 0.09	 14.200	14.100	  0.98	 5.50	0.0027	0.0042		0.0036	0.0189		0.0000		0.0031	0.0013			0.0029		0.0028	0.0024		-77777.0000	0.0030		0.0033	0.0402		0.0051		
PIRATA Fr23	st068c01	B	2013-06-11T22:13:00z	 +11.250	 -4.750		  80.0	 3	 35.807	2.420	105.40	 0.08	 18.400	18.400	  1.22	 7.50	0.0024	0.0031		0.0034	0.0140		0.0000		0.0028	0.0008			0.0019		0.0022	0.0016		-77777.0000	0.0024		0.0030	0.0300		0.0033		
PIRATA Fr23	st068c01	B	2013-06-11T22:13:00z	 +11.250	 -4.750		 100.0	 2	 35.738	2.313	100.70	 0.09	 20.600	20.500	  1.28	 7.70	0.0027	0.0025		0.0045	0.0101		0.0000		0.0029	0.0006			0.0022		0.0028	0.0018		-77777.0000	0.0024		0.0013	0.0200		0.0023		
PIRATA Fr23	st068c01	B	2013-06-11T22:13:00z	 +11.250	 -4.750		 130.0	 1	 35.670	2.176	 94.70																															
PIRATA Fr23	st069c01	B	2013-06-13T13:50:00z	  +7.250	 -1.333		   3.5	11	 35.704	4.763	207.70	 0.03	  0.200	0.200	  0.20	 2.20	0.0266	0.0490	0.0180	0.0164	0.0959	0.0090	0.0169	0.0102	0.0626	0.0357	0.0104	0.0058	0.0694		0.0000	0.0764		-77777.0000	0.0296		0.0046	0.4793				
PIRATA Fr23	st069c01	B	2013-06-13T13:50:00z	  +7.250	 -1.333		  10.0	10	 35.980	4.463	194.50	 0.09	  0.800	0.800	  0.28	 2.90																										
PIRATA Fr23	st069c01	B	2013-06-13T13:50:00z	  +7.250	 -1.333		  20.0	 9	 36.128	4.088	178.00	 0.30	  4.100	3.800	  0.50	 3.20	0.0617	0.0738	0.0181	0.0487	0.1228	0.0173	0.0291	0.0080	0.1058	0.0183	0.0114	0.0014	0.0489		0.0153	0.1689		-77777.0000	0.0382		0.0514	0.5712				
PIRATA Fr23	st069c01	B	2013-06-13T13:50:00z	  +7.250	 -1.333		  40.0	 8	 36.071	3.866	168.30	 0.44	  6.300	5.900	  0.63	 3.60	0.0698	0.0577	0.0108	0.0546	0.0991	0.0159	0.0124	0.0030	0.1096	0.0123	0.0037		0.0469		0.0371	0.1552		0.0385	-77777.0000		0.0844	0.4125		0.0078		
PIRATA Fr23	st069c01	B	2013-06-13T13:50:00z	  +7.250	 -1.333		  60.0	 7	 35.901	3.545	154.30	 0.37	 10.600	10.300	  0.85	 4.70	0.0276	0.0199	0.0046	0.0321	0.0343	0.0029	0.0032	0.0004	0.0380	0.0041	0.0010		0.0169		0.0552	0.0256		0.0209	-77777.0000		0.0393	0.1345		0.0047		
PIRATA Fr23	st069c01	B	2013-06-13T13:50:00z	  +7.250	 -1.333		  80.0	 6	 35.767	3.477	151.40	 0.14	 12.300	12.100	  0.95	 5.50	0.0213	0.0128	0.0021	0.0281	0.0160	0.0012	0.0008		0.0351	0.0027	0.0005		0.0092		0.0567	0.0000		0.0153	-77777.0000		0.0272	0.0841		0.0032		
PIRATA Fr23	st069c01	B	2013-06-13T13:50:00z	  +7.250	 -1.333		 100.0	 5	 35.732	3.366	146.50	 0.08	 13.000	12.900	  1.01	 5.90	0.0141	0.0083	0.0013	0.0216	0.0104	0.0008	0.0005		0.0231	0.0018	0.0004		0.0056		0.0353	0.0000		0.0097	-77777.0000		0.0156	0.0561		0.0027		
PIRATA Fr23	st069c01	B	2013-06-13T13:50:00z	  +7.250	 -1.333		 500.0	 4	 34.602	2.678	116.50																															
PIRATA Fr23	st069c01	B	2013-06-13T13:50:00z	  +7.250	 -1.333		1000.0	 3	 34.610	3.540	153.90																															
PIRATA Fr23	st069c01	B	2013-06-13T13:50:00z	  +7.250	 -1.333		2000.0	 2	 34.960	5.623	244.40																															
PIRATA Fr23	st069c01	B	2013-06-13T13:50:00z	  +7.250	 -1.333		2000.0	 1	 34.959	5.636	245.00																															
PIRATA Fr23	st070c01	B	2013-06-13T19:42:00z	  +7.250	 -0.883		   3.6	11	 33.853	4.752	207.60	 0.00	  0.100	0.100	  0.09	 3.40																										
PIRATA Fr23	st070c01	B	2013-06-13T19:42:00z	  +7.250	 -0.883		  10.0	10	 33.910	4.746	207.30	 0.00	  0.100	0.100	  0.10	 3.60																										
PIRATA Fr23	st070c01	B	2013-06-13T19:42:00z	  +7.250	 -0.883		  20.0	 9	 36.057	4.563	198.90	 0.06	  0.800	0.700	  0.28	 3.00																										
PIRATA Fr23	st070c01	B	2013-06-13T19:42:00z	  +7.250	 -0.883		  40.0	 8	 35.992	3.551	154.60	 0.52	  9.500	8.900	  0.78	 3.90																										
PIRATA Fr23	st070c01	B	2013-06-13T19:42:00z	  +7.250	 -0.883		  60.0	 7	 35.843	3.548	154.40	 0.18	 11.400	11.200	  0.88	 4.50																										
PIRATA Fr23	st070c01	B	2013-06-13T19:42:00z	  +7.250	 -0.883		  80.0	 6	 35.794	3.527	153.50	 0.07	 11.900	11.900	  0.95	 4.70																										
PIRATA Fr23	st070c01	B	2013-06-13T19:42:00z	  +7.250	 -0.883		 100.0	 5	 35.777	3.517	153.10	 0.04	 12.200	12.100	  0.95	 4.80																										
PIRATA Fr23	st070c01	B	2013-06-13T19:42:00z	  +7.250	 -0.883		 500.0	 4	 34.623	2.674	116.30																															
PIRATA Fr23	st070c01	B	2013-06-13T19:42:00z	  +7.250	 -0.883		1000.0	 3	 34.625	3.585	155.90																															
PIRATA Fr23	st070c01	B	2013-06-13T19:42:00z	  +7.250	 -0.883		1000.0	 2	 34.626	3.601	156.60																															
PIRATA Fr23	st070c01	B	2013-06-13T19:42:00z	  +7.250	 -0.883		2000.0	 1	 34.959	5.611	243.80																															
PIRATA Fr23	st071c01	B	2013-06-14T00:13:00z	  +7.250	 -0.450		   2.0	11	 33.816	4.703	205.50	 0.00	  0.100	0.100	  0.11	 3.50																										
PIRATA Fr23	st071c01	B	2013-06-14T00:13:00z	  +7.250	 -0.450		  10.0	10	 33.828	4.702	205.40	 0.01	  0.100	0.100	  0.10	 3.60																										
PIRATA Fr23	st071c01	B	2013-06-14T00:13:00z	  +7.250	 -0.450		  20.0	 9	 35.439	4.612	201.20	 0.03	  0.400	0.400	  0.23	 2.80																										
PIRATA Fr23	st071c01	B	2013-06-14T00:13:00z	  +7.250	 -0.450		  40.0	 8	 36.032	3.023	131.60	 0.58	  8.400	7.800	  0.68	 3.40																										
PIRATA Fr23	st071c01	B	2013-06-14T00:13:00z	  +7.250	 -0.450		  60.0	 7	 35.919	3.652	159.00	 0.32	 10.300	9.900	  0.80	 3.70																										
PIRATA Fr23	st071c01	B	2013-06-14T00:13:00z	  +7.250	 -0.450		  80.0	 6	 35.864	3.623	157.70	 0.22	 10.800	10.600	  0.82	 4.00																										
PIRATA Fr23	st071c01	B	2013-06-14T00:13:00z	  +7.250	 -0.450		 100.0	 5	 35.813	3.538	154.00	 0.12	 11.800	11.700	  0.92	 4.30																										
PIRATA Fr23	st071c01	B	2013-06-14T00:13:00z	  +7.250	 -0.450		 500.0	 4	 34.664	2.334	101.50																															
PIRATA Fr23	st071c01	B	2013-06-14T00:13:00z	  +7.250	 -0.450		 500.0	 3	 34.664	2.346	102.00																															
PIRATA Fr23	st071c01	B	2013-06-14T00:13:00z	  +7.250	 -0.450		1000.0	 2	 34.619	3.541	154.00																															
PIRATA Fr23	st071c01	B	2013-06-14T00:13:00z	  +7.250	 -0.450		2000.0	 1	 34.962	5.634	244.80																															
PIRATA Fr23	st072c01	B	2013-06-14T05:15:00z	  +7.250	 +0.000		   3.3	11	 34.173	4.688	204.70	 0.00	  0.100	0.100	  0.10	 3.50	0.0154	0.0203	0.0130	0.0113	0.0281	0.0010	0.0012	0.0014	0.0425	0.0095	0.0007		0.0763		0.0093	0.0153		-77777.0000	0.0329		0.0744	0.2284		0.0035		
PIRATA Fr23	st072c01	B	2013-06-14T05:15:00z	  +7.250	 +0.000		  10.0	10	 34.169	4.680	204.40	 0.01	  0.100	0.100	  0.11	 3.60																										
PIRATA Fr23	st072c01	B	2013-06-14T05:15:00z	  +7.250	 +0.000		  20.0	 9	 34.170	4.672	203.90	 0.00	  0.100	0.100	  0.13	 3.60	0.0201	0.0261	0.0164	0.0144	0.0380	0.0013	0.0017	0.0020	0.0517	0.0107	0.0009		0.0783		0.0125	0.0176		-77777.0000	0.0344		0.0865	0.2447		0.0033		
PIRATA Fr23	st072c01	B	2013-06-14T05:15:00z	  +7.250	 +0.000		  40.0	 8	 36.135	3.692	160.80	 0.59	  7.400	6.800	  0.70	 3.40	0.0848	0.0583	0.0216	0.0443	0.1087	0.0091	0.0187	0.0011	0.1117	0.0134	0.0079		0.0383		0.1007	0.1193		0.0428	-77777.0000		0.0992	0.4627		0.0061		
PIRATA Fr23	st072c01	B	2013-06-14T05:15:00z	  +7.250	 +0.000		  60.0	 7	 35.977	3.649	158.90	 0.45	  9.800	9.300	  0.82	 3.90	0.0388	0.0246	0.0082	0.0347	0.0386	0.0033	0.0058	0.0003	0.0571	0.0059	0.0023		0.0156		0.0586	0.0433		0.0218	-77777.0000		0.0526	0.1876		0.0040		
PIRATA Fr23	st072c01	B	2013-06-14T05:15:00z	  +7.250	 +0.000		  80.0	 6	 35.881	3.465	150.80	 0.23	 11.200	11.000	  0.92	 4.60	0.0218	0.0128	0.0057	0.0236	0.0200	0.0014	0.0032		0.0321	0.0034	0.0011		0.0082		0.0353	0.0208		-77777.0000	0.0130		0.0291	0.1043		0.0022		
PIRATA Fr23	st072c01	B	2013-06-14T05:15:00z	  +7.250	 +0.000		 100.0	 5	 35.798	3.266	142.10	 0.07	 13.100	13.000	  1.06	 5.20	0.0102	0.0056	0.0012	0.0148	0.0087	0.0006	0.0008		0.0133	0.0016			0.0041		0.0235	0.0054		0.0072	0.0000		0.0156	0.0459		0.0013		
PIRATA Fr23	st072c01	B	2013-06-14T05:15:00z	  +7.250	 +0.000		 100.0	 4	 35.798	3.278	142.70																															
PIRATA Fr23	st072c01	B	2013-06-14T05:15:00z	  +7.250	 +0.000		 500.0	 3	 34.608	2.656	115.50																															
PIRATA Fr23	st072c01	B	2013-06-14T05:15:00z	  +7.250	 +0.000		1000.0	 2	 34.614	3.552	154.40																															
PIRATA Fr23	st072c01	B	2013-06-14T05:15:00z	  +7.250	 +0.000		2000.0	 1	 34.960	5.619	244.20																															
