//ODV Spreadsheet file : \\iota1\irdcampagnes\PIRATA\PIRATA-DATA\CHEMISTRY-PIRATA\BTL\XLS\PIRATAFR15-EGEE3_CHIMIE_odv.txt
//Data treated : 2022-01-20T14:34:02
//<InstrumentType>Chemical bottle analysis</InstrumentType>
//<Source>\\iota1\irdcampagnes\PIRATA\PIRATA-DATA\CHEMISTRY-PIRATA\BTL\XLS\PIRATAFR15-EGEE3_CHIMIE.xlsx</Sources>
//<DataType>Bottles</DataType>
//<Creator>Pierre.Rousselot@ird.fr</Creator>
//
Cruise	Station	Type	yyyy-mm-ddThh:mm:ss	Longitude [degrees_east]	Latitude [degrees_north]	Bot. Depth [m]	DEPTH [m]	Bottle nb	PSAL [Psu]	DOX1 [ml/l]	DOX2 [micromole/kg]	NTIW [micromole/kg]	NTAW+NTIW [micromole/kg]	NTAW [micromole/kg]	PHOW [micromole/kg]	SLCW [micromole/kg]	CHC3 [microgramme/l]	CHCZ [microgramme/l]	PERP [microgramme/l]	BFUP [microgramme/l]	FUCP [microgramme/l]	NEXW [microgramme/l]	PXAP [microgramme/l]	VIOW [microgramme/l]	HFUP [microgramme/l]	DXAP [microgramme/l]	AXAP [microgramme/l]	TXAP [microgramme/l]	ZXAP [microgramme/l]	LUTW [microgramme/l]	CHBD [microgramme/l]	CH2P [microgramme/l]	CHLB [microgramme/l]	AACP [microgramme/l]	BBCP [microgramme/l]	PHEP [microgramme/l]	CHAD [microgramme/l]	CH1P [microgramme/l]	CPHL [microgramme/l]	PHEA [microgramme/l]	CXAP [microgramme/l]
EGEE 3	st001c01	B	2006-05-29T01:00:00z	  +0.006	 +0.012		   0.0	22	 35.179	4.572	199.60	 0.00		0.006	  0.08	 1.01																										
EGEE 3	st001c01	B	2006-05-29T01:00:00z	  +0.006	 +0.012		  10.0	21	 35.184	4.565	199.30	 0.00		0.005	  0.06	 1.08																										
EGEE 3	st001c01	B	2006-05-29T01:00:00z	  +0.006	 +0.012		  20.0	20	 35.415	4.538	198.10	 0.02		0.002	  0.08	 1.23																										
EGEE 3	st001c01	B	2006-05-29T01:00:00z	  +0.006	 +0.012		  40.0	19	 35.980	3.716	161.90	 0.26		4.597	  0.43	 2.62																										
EGEE 3	st001c01	B	2006-05-29T01:00:00z	  +0.006	 +0.012		  60.0	18	 35.937	3.328	144.90	 0.23		11.192	  0.78	 3.86																										
EGEE 3	st001c01	B	2006-05-29T01:00:00z	  +0.006	 +0.012		  80.0	17	 35.810	3.552	154.70	 0.11		11.792	  0.82	 4.19																										
EGEE 3	st001c01	B	2006-05-29T01:00:00z	  +0.006	 +0.012		 100.0	16	 35.610	3.251	141.50	 0.05		15.177	  1.00	 5.47																										
EGEE 3	st001c01	B	2006-05-29T01:00:00z	  +0.006	 +0.012		 130.0	15	 35.539	3.219	140.20	 0.02		15.994	  1.08	 5.85																										
EGEE 3	st001c01	B	2006-05-29T01:00:00z	  +0.006	 +0.012		 159.0	14	 35.502	3.019	131.40	 0.02		17.319	  1.14	 6.24																										
EGEE 3	st001c01	B	2006-05-29T01:00:00z	  +0.006	 +0.012		 300.0	13	 34.970	1.644	 71.50	 0.01		31.826	  1.90	13.22																										
EGEE 3	st001c01	B	2006-05-29T01:00:00z	  +0.006	 +0.012		 500.0	12	 34.654	2.438	106.10	 0.00		34.035	  2.21	19.51																										
EGEE 3	st001c01	B	2006-05-29T01:00:00z	  +0.006	 +0.012		 750.0	11	 34.505	3.360	146.20	 0.00		34.749	  2.26	28.23																										
EGEE 3	st001c01	B	2006-05-29T01:00:00z	  +0.006	 +0.012		1001.0	10	 34.611	3.518	153.00	 0.00		33.303	  2.24	30.63																										
EGEE 3	st001c01	B	2006-05-29T01:00:00z	  +0.006	 +0.012		1003.0	 9	 34.612	3.517	153.00	 0.00		33.371	  2.22	30.58																										
EGEE 3	st001c01	B	2006-05-29T01:00:00z	  +0.006	 +0.012		1003.0	 8		3.521	153.10	 0.00		33.029	  2.23	30.18																										
EGEE 3	st001c01	B	2006-05-29T01:00:00z	  +0.006	 +0.012		1003.0	 7	 34.611	3.521	153.10	 0.00		33.293	  2.27	30.45																										
EGEE 3	st001c01	B	2006-05-29T01:00:00z	  +0.006	 +0.012		1003.0	 6	 34.613	3.500	152.20	 0.00		33.351	  2.25	30.63																										
EGEE 3	st001c01	B	2006-05-29T01:00:00z	  +0.006	 +0.012		1003.0	 5	 34.614	3.515	152.90	 0.00		33.342	  2.26	30.59																										
EGEE 3	st001c01	B	2006-05-29T01:00:00z	  +0.006	 +0.012		1003.0	 4	 34.611	3.516	152.90	 0.00		33.488	  2.26	30.54																										
EGEE 3	st001c01	B	2006-05-29T01:00:00z	  +0.006	 +0.012		1003.0	 3	 34.612	3.526	153.30	 0.00		33.361	  2.26	30.37																										
EGEE 3	st001c01	B	2006-05-29T01:00:00z	  +0.006	 +0.012		1003.0	 2	 34.609	3.521	153.10	 0.00		33.479	  2.25	30.64																										
EGEE 3	st001c01	B	2006-05-29T01:00:00z	  +0.006	 +0.012		1003.0	 1	 34.613	3.512	152.70	 0.00		32.332	  2.20	29.88																										
EGEE 3	st002c01	B	2006-05-29T12:30:00z	  +0.008	 +0.028			22																																		
EGEE 3	st002c01	B	2006-05-29T12:30:00z	  +0.008	 +0.028			21																																		
EGEE 3	st002c01	B	2006-05-29T12:30:00z	  +0.008	 +0.028			20																																		
EGEE 3	st002c01	B	2006-05-29T12:30:00z	  +0.008	 +0.028			19																																		
EGEE 3	st002c01	B	2006-05-29T12:30:00z	  +0.008	 +0.028			18																																		
EGEE 3	st002c01	B	2006-05-29T12:30:00z	  +0.008	 +0.028			17																																		
EGEE 3	st002c01	B	2006-05-29T12:30:00z	  +0.008	 +0.028			16																																		
EGEE 3	st002c01	B	2006-05-29T12:30:00z	  +0.008	 +0.028			15																																		
EGEE 3	st002c01	B	2006-05-29T12:30:00z	  +0.008	 +0.028			14																																		
EGEE 3	st002c01	B	2006-05-29T12:30:00z	  +0.008	 +0.028			13																																		
EGEE 3	st002c01	B	2006-05-29T12:30:00z	  +0.008	 +0.028			12																																		
EGEE 3	st002c01	B	2006-05-29T12:30:00z	  +0.008	 +0.028			11																																		
EGEE 3	st002c01	B	2006-05-29T12:30:00z	  +0.008	 +0.028			10																																		
EGEE 3	st002c01	B	2006-05-29T12:30:00z	  +0.008	 +0.028			 9																																		
EGEE 3	st002c01	B	2006-05-29T12:30:00z	  +0.008	 +0.028			 8																																		
EGEE 3	st002c01	B	2006-05-29T12:30:00z	  +0.008	 +0.028		   0.0	 7				 0.02		0.003	  0.06	 1.35																										
EGEE 3	st002c01	B	2006-05-29T12:30:00z	  +0.008	 +0.028		   0.0	 6				 0.01		0.009	  0.06	 1.38																										
EGEE 3	st002c01	B	2006-05-29T12:30:00z	  +0.008	 +0.028		  30.0	 5				 0.01		0.021	  0.07	 1.46																										
EGEE 3	st002c01	B	2006-05-29T12:30:00z	  +0.008	 +0.028		  30.0	 4				 0.01		0.033	  0.08	 1.47																										
EGEE 3	st002c01	B	2006-05-29T12:30:00z	  +0.008	 +0.028		  50.0	 3				 0.06		0.922	  0.25	 2.21																										
EGEE 3	st002c01	B	2006-05-29T12:30:00z	  +0.008	 +0.028		  50.0	 2				 0.08		1.337	  0.30	 2.35																										
EGEE 3	st002c01	B	2006-05-29T12:30:00z	  +0.008	 +0.028		 104.0	 1				 0.08		12.539	  0.91	 4.71																										
EGEE 3	st003c01	B	2006-05-30T05:00:00z	  +0.026	 +0.008			22																																		
EGEE 3	st003c01	B	2006-05-30T05:00:00z	  +0.026	 +0.008			21																																		
EGEE 3	st003c01	B	2006-05-30T05:00:00z	  +0.026	 +0.008			20																																		
EGEE 3	st003c01	B	2006-05-30T05:00:00z	  +0.026	 +0.008		   2.0	19	 35.352	4.554	198.80	 0.00		0.000	  0.05	 1.27																										
EGEE 3	st003c01	B	2006-05-30T05:00:00z	  +0.026	 +0.008		  10.0	18	 35.352	4.556	198.90	 0.00		0.000	  0.05	 1.28																										
EGEE 3	st003c01	B	2006-05-30T05:00:00z	  +0.026	 +0.008		  20.0	17	 35.401	4.528	197.60	 0.00		0.020	  0.04	 1.37																										
EGEE 3	st003c01	B	2006-05-30T05:00:00z	  +0.026	 +0.008		  39.0	16	 35.966	3.514	153.10	 0.31		6.329	  0.52	 3.08																										
EGEE 3	st003c01	B	2006-05-30T05:00:00z	  +0.026	 +0.008		  60.0	15	 35.946	3.342	145.60	 0.23		10.820	  0.75	 4.03																										
EGEE 3	st003c01	B	2006-05-30T05:00:00z	  +0.026	 +0.008		  80.0	14	 35.810	3.555	154.80	 0.09		11.688	  0.81	 4.41																										
EGEE 3	st003c01	B	2006-05-30T05:00:00z	  +0.026	 +0.008		  99.0	13	 35.673	3.237	140.90	 0.03		14.702	  0.98	 5.35																										
EGEE 3	st003c01	B	2006-05-30T05:00:00z	  +0.026	 +0.008		 134.0	12	 35.575	3.338	145.30	 0.01		15.194	  1.03	 5.61																										
EGEE 3	st003c01	B	2006-05-30T05:00:00z	  +0.026	 +0.008		 159.0	11	 35.535	3.301	143.70	 0.00		15.789	  1.05	 5.74																										
EGEE 3	st003c01	B	2006-05-30T05:00:00z	  +0.026	 +0.008		 300.0	10	 34.977	1.658	 72.20	 0.00		31.981	  1.90	13.33																										
EGEE 3	st003c01	B	2006-05-30T05:00:00z	  +0.026	 +0.008		 499.0	 9	 34.638	2.519	109.60	 0.00		34.786	  2.16	20.21																										
EGEE 3	st003c01	B	2006-05-30T05:00:00z	  +0.026	 +0.008		 799.0	 8	 34.517	3.436	149.40	 0.00		34.807	  2.25	29.37																										
EGEE 3	st003c01	B	2006-05-30T05:00:00z	  +0.026	 +0.008		 998.0	 7	 34.613	3.514	152.80	 0.00		33.759	  2.22	30.23																										
EGEE 3	st003c01	B	2006-05-30T05:00:00z	  +0.026	 +0.008		1198.0	 6	 34.803	4.085	177.60	 0.00		29.001	  1.94	25.70																										
EGEE 3	st003c01	B	2006-05-30T05:00:00z	  +0.026	 +0.008		1399.0	 5	 34.925	4.803	208.80	 0.00		24.263	  1.63	20.47																										
EGEE 3	st003c01	B	2006-05-30T05:00:00z	  +0.026	 +0.008		1600.0	 4	 34.973	5.411	235.20	 0.00		21.242	  1.44	18.04																										
EGEE 3	st003c01	B	2006-05-30T05:00:00z	  +0.026	 +0.008		1800.0	 3	 34.978	5.553	241.40	 0.00		20.539	  1.39	17.87																										
EGEE 3	st003c01	B	2006-05-30T05:00:00z	  +0.026	 +0.008		2010.0	 2	 34.957	5.626	244.60	 0.00		20.843	  1.40	23.28																										
EGEE 3	st003c01	B	2006-05-30T05:00:00z	  +0.026	 +0.008		2010.0	 1	 34.956	5.638	245.10	 0.00		20.824	  1.41	23.63																										
EGEE 3	st004c01	B	2006-06-01T11:30:00z	 -10.005	 +1.500		   1.0	22	 34.710	4.498	196.50	 0.05		0.000	  0.00	 1.00																										
EGEE 3	st004c01	B	2006-06-01T11:30:00z	 -10.005	 +1.500		  10.0	21	 34.711	4.498	196.50	 0.07		0.001	  0.00	 0.87																										
EGEE 3	st004c01	B	2006-06-01T11:30:00z	 -10.005	 +1.500		  20.0	20	 34.714	4.493	196.30	 0.07		0.021	  0.00	 0.78																										
EGEE 3	st004c01	B	2006-06-01T11:30:00z	 -10.005	 +1.500		  40.0	19	 35.828	4.203	183.30	 0.12		0.778	  0.21	 1.87																										
EGEE 3	st004c01	B	2006-06-01T11:30:00z	 -10.005	 +1.500		  60.0	18	 35.675	2.908	126.70	 0.13		15.989	  1.03	 5.15																										
EGEE 3	st004c01	B	2006-06-01T11:30:00z	 -10.005	 +1.500		  79.0	17	 35.554	2.881	125.50	 0.10		17.472	  1.16	 6.18																										
EGEE 3	st004c01	B	2006-06-01T11:30:00z	 -10.005	 +1.500		  99.0	16	 35.504	3.141	136.80	 0.07		16.735	  1.13	 6.16																										
EGEE 3	st004c01	B	2006-06-01T11:30:00z	 -10.005	 +1.500		 130.0	15	 35.469	2.786	121.40	 0.06		18.839	  1.23	 6.82																										
EGEE 3	st004c01	B	2006-06-01T11:30:00z	 -10.005	 +1.500		 160.0	14	 35.436	2.524	110.00	 0.05		20.310	  1.35	 7.42																										
EGEE 3	st004c01	B	2006-06-01T11:30:00z	 -10.005	 +1.500		 300.0	13	 35.033	1.828	 79.60	 0.04		29.438	  1.84	12.32																										
EGEE 3	st004c01	B	2006-06-01T11:30:00z	 -10.005	 +1.500		 499.0	12	 34.636	2.542	110.60	 0.04		34.175	  2.21	20.35																										
EGEE 3	st004c01	B	2006-06-01T11:30:00z	 -10.005	 +1.500		 799.0	11	 34.538	3.195	139.00	 0.03		34.628	  2.30	27.52																										
EGEE 3	st004c01	B	2006-06-01T11:30:00z	 -10.005	 +1.500		 998.5	10	 34.640	3.596	156.50	 0.03		32.535	  2.23	29.60																										
EGEE 3	st004c01	B	2006-06-01T11:30:00z	 -10.005	 +1.500		1197.0	 9	 34.791	3.972	172.80	 0.03		29.056	  2.01	25.62																										
EGEE 3	st004c01	B	2006-06-01T11:30:00z	 -10.005	 +1.500		1399.0	 8	 34.950	5.009	217.90	 0.02		22.718	  1.59	18.94																										
EGEE 3	st004c01	B	2006-06-01T11:30:00z	 -10.005	 +1.500		1498.0	 7	 34.965	5.235	227.70	 0.02		21.488	  1.51	17.90																										
EGEE 3	st004c01	B	2006-06-01T11:30:00z	 -10.005	 +1.500		1598.0	 6	 34.974	5.395	234.70	 0.01		20.731	  1.50	17.34																										
EGEE 3	st004c01	B	2006-06-01T11:30:00z	 -10.005	 +1.500		1699.0	 5	 34.976	5.529	240.50	 0.01		20.237	  1.46	17.62																										
EGEE 3	st004c01	B	2006-06-01T11:30:00z	 -10.005	 +1.500		1800.0	 4	 34.971	5.508	239.60	 0.01		20.425	  1.47	18.83																										
EGEE 3	st004c01	B	2006-06-01T11:30:00z	 -10.005	 +1.500		1899.0	 3	 34.967	5.607	243.90	 0.00		20.273	  1.43	20.05																										
EGEE 3	st004c01	B	2006-06-01T11:30:00z	 -10.005	 +1.500		2002.0	 2	 34.966	5.631	244.90	 0.00		20.118	  1.41	20.49																										
EGEE 3	st004c01	B	2006-06-01T11:30:00z	 -10.005	 +1.500		2002.0	 1	 34.966	5.631	244.80	 0.00		20.238	  1.44	20.99																										
EGEE 3	st005c01	B	2006-06-01T20:30:00z	 -10.010	 +1.011		   0.7	22	 34.897	4.557	199.00	 0.01		0.021	  0.01	 0.66																										
EGEE 3	st005c01	B	2006-06-01T20:30:00z	 -10.010	 +1.011		   9.0	21	 34.897	4.552	198.80	 0.00		0.000	  0.00	 0.73																										
EGEE 3	st005c01	B	2006-06-01T20:30:00z	 -10.010	 +1.011		  18.0	20	 34.898	4.551	198.80	 0.01		0.059	  0.00	 0.72																										
EGEE 3	st005c01	B	2006-06-01T20:30:00z	 -10.010	 +1.011		  39.0	19	 35.762	3.540	154.20	 0.29		7.468	  0.58	 2.76																										
EGEE 3	st005c01	B	2006-06-01T20:30:00z	 -10.010	 +1.011		  60.0	18	 35.636	2.715	118.20	 0.10		17.275	  1.10	 5.21																										
EGEE 3	st005c01	B	2006-06-01T20:30:00z	 -10.010	 +1.011		  79.0	17	 35.556	2.572	112.00	 0.05		19.248	  1.25	 6.26																										
EGEE 3	st005c01	B	2006-06-01T20:30:00z	 -10.010	 +1.011		  99.0	16	 35.501	2.961	129.00	 0.03		17.739	  1.19	 6.17																										
EGEE 3	st005c01	B	2006-06-01T20:30:00z	 -10.010	 +1.011		 130.0	15	 35.464	2.842	123.80	 0.02		18.812	  1.23	 6.58																										
EGEE 3	st005c01	B	2006-06-01T20:30:00z	 -10.010	 +1.011		 159.8	14	 35.435	3.048	132.70	 0.01		19.815	  1.31	 6.95																										
EGEE 3	st005c01	B	2006-06-01T20:30:00z	 -10.010	 +1.011		 299.0	13	 34.984	2.195	 95.60	 0.01		28.524	  1.88	11.92																										
EGEE 3	st005c01	B	2006-06-01T20:30:00z	 -10.010	 +1.011		 499.0	12	 34.629	2.641	114.90	 0.01		33.967	  2.28	20.15																										
EGEE 3	st005c01	B	2006-06-01T20:30:00z	 -10.010	 +1.011		 799.0	11	 34.533	3.300	143.60	 0.01		34.288	  2.31	27.05																										
EGEE 3	st005c01	B	2006-06-01T20:30:00z	 -10.010	 +1.011		 998.0	10	 34.600	3.562	155.00	 0.01		33.512	  2.27	29.89																										
EGEE 3	st005c01	B	2006-06-01T20:30:00z	 -10.010	 +1.011		1198.0	 9	 34.789	4.087	177.80	 0.00		28.737	  1.95	24.97																										
EGEE 3	st005c01	B	2006-06-01T20:30:00z	 -10.010	 +1.011		1399.0	 8	 34.941	5.043	219.40	 0.00		23.099	  1.56	18.81																										
EGEE 3	st005c01	B	2006-06-01T20:30:00z	 -10.010	 +1.011		1500.0	 7	 34.959	5.202	226.30	 0.00		21.789	  1.46	17.80																										
EGEE 3	st005c01	B	2006-06-01T20:30:00z	 -10.010	 +1.011		1599.0	 6	 34.971	5.344	232.50	 0.00		21.006	  1.40	17.17																										
EGEE 3	st005c01	B	2006-06-01T20:30:00z	 -10.010	 +1.011		1699.0	 5	 34.976	5.535	240.80	 0.00		20.146	  1.32	16.84																										
EGEE 3	st005c01	B	2006-06-01T20:30:00z	 -10.010	 +1.011		1800.0	 4	 34.974	5.570	242.40	 0.00		19.953	  1.33	17.61																										
EGEE 3	st005c01	B	2006-06-01T20:30:00z	 -10.010	 +1.011		1900.0	 3	 34.966	5.625	244.70	 0.00		20.188	  1.34	19.98																										
EGEE 3	st005c01	B	2006-06-01T20:30:00z	 -10.010	 +1.011		1900.0	 2	 34.965	5.624	244.70	 0.00		20.179	  1.31	19.92																										
EGEE 3	st005c01	B	2006-06-01T20:30:00z	 -10.010	 +1.011		2002.0	 1	 34.964	5.670	246.80	 0.00		19.836	  1.24	20.44																										
EGEE 3	st006c01	B	2006-06-02T02:30:00z	 -10.004	 +0.501		   1.0	22	 35.158	4.623	201.80	 0.00		0.036	  0.05	 0.72																										
EGEE 3	st006c01	B	2006-06-02T02:30:00z	 -10.004	 +0.501		  10.0	21	 35.157	4.544	198.40	 0.01		0.074	  0.04	 0.69																										
EGEE 3	st006c01	B	2006-06-02T02:30:00z	 -10.004	 +0.501		  20.0	20	 35.192	4.548	198.60	 0.02		0.021	  0.03	 0.71																										
EGEE 3	st006c01	B	2006-06-02T02:30:00z	 -10.004	 +0.501		  40.0	19	 35.775	4.186	182.50	 0.13		1.279	  0.25	 1.67																										
EGEE 3	st006c01	B	2006-06-02T02:30:00z	 -10.004	 +0.501		  60.0	18	 35.757	2.418	105.40	 0.12		17.014	  1.11	 4.90																										
EGEE 3	st006c01	B	2006-06-02T02:30:00z	 -10.004	 +0.501		  80.0	17	 35.676	3.257	141.90	 0.06		14.588	  1.02	 5.04																										
EGEE 3	st006c01	B	2006-06-02T02:30:00z	 -10.004	 +0.501		 100.0	16	 35.550	2.369	103.20	 0.06		20.045	  1.35	 6.72																										
EGEE 3	st006c01	B	2006-06-02T02:30:00z	 -10.004	 +0.501		 130.0	15	 35.497	2.471	107.60	 0.04		20.028	  1.39	 6.93																										
EGEE 3	st006c01	B	2006-06-02T02:30:00z	 -10.004	 +0.501		 159.0	14	 35.433	2.688	117.10	 0.04		19.683	  1.36	 7.05																										
EGEE 3	st006c01	B	2006-06-02T02:30:00z	 -10.004	 +0.501		 301.0	13	 34.954	2.446	106.50	 0.03		27.691	  1.80	12.24																										
EGEE 3	st006c01	B	2006-06-02T02:30:00z	 -10.004	 +0.501		 501.0	12	 34.589	2.936	127.80	 0.03		33.186	  2.19	20.87																										
EGEE 3	st006c01	B	2006-06-02T02:30:00z	 -10.004	 +0.501		 800.0	11	 34.512	3.403	148.20	 0.02		34.327	  2.28	28.43																										
EGEE 3	st006c01	B	2006-06-02T02:30:00z	 -10.004	 +0.501		1000.0	10	 34.574	3.539	154.00	 0.02		33.699	  2.31	30.82																										
EGEE 3	st006c01	B	2006-06-02T02:30:00z	 -10.004	 +0.501		1200.0	 9	 34.814	4.158	180.90	 0.02		28.106	  1.97	24.81																										
EGEE 3	st006c01	B	2006-06-02T02:30:00z	 -10.004	 +0.501		1400.0	 8	 34.943	4.972	216.30	 0.02		22.729	  1.64	19.13																										
EGEE 3	st006c01	B	2006-06-02T02:30:00z	 -10.004	 +0.501		1500.0	 7	 34.960	5.178	225.30	 0.01		21.849	  1.59	18.20																										
EGEE 3	st006c01	B	2006-06-02T02:30:00z	 -10.004	 +0.501		1599.0	 6	 34.977	5.435	236.40	 0.01		20.397	  1.51	17.12																										
EGEE 3	st006c01	B	2006-06-02T02:30:00z	 -10.004	 +0.501		1700.0	 5	 34.978	5.537	240.80	 0.00		20.185	  1.48	17.14																										
EGEE 3	st006c01	B	2006-06-02T02:30:00z	 -10.004	 +0.501		1800.0	 4	 34.974	5.578	242.60	 0.01		20.113	  1.45	16.95																										
EGEE 3	st006c01	B	2006-06-02T02:30:00z	 -10.004	 +0.501		1800.0	 3	 34.974	5.570	242.30	 0.01		20.134	  1.45	18.05																										
EGEE 3	st006c01	B	2006-06-02T02:30:00z	 -10.004	 +0.501		1900.0	 2	 34.969	5.617	244.30	 0.00		20.076	  1.44	19.21																										
EGEE 3	st006c01	B	2006-06-02T02:30:00z	 -10.004	 +0.501		2001.0	 1	 34.963	5.653	245.80	 0.00		20.097	  1.45	21.20																										
EGEE 3	st007c01	B	2006-06-02T08:00:00z	  -9.997	 -0.002		   0.6	22	 35.585	4.546	198.40	 0.00		0.067	  0.05	 1.14																										
EGEE 3	st007c01	B	2006-06-02T08:00:00z	  -9.997	 -0.002		  10.0	21	 35.559	4.592	200.40	 0.01		0.040	  0.03	 1.11																										
EGEE 3	st007c01	B	2006-06-02T08:00:00z	  -9.997	 -0.002		  18.0	20	 35.589	4.548	198.50	 0.01		0.038	  0.03	 1.13																										
EGEE 3	st007c01	B	2006-06-02T08:00:00z	  -9.997	 -0.002		  39.0	19	 36.035	4.175	182.00	 0.08		1.793	  0.20	 1.89																										
EGEE 3	st007c01	B	2006-06-02T08:00:00z	  -9.997	 -0.002		  59.0	18	 35.920	3.514	153.10	 0.08		11.127	  0.73	 3.84																										
EGEE 3	st007c01	B	2006-06-02T08:00:00z	  -9.997	 -0.002		  78.0	17	 35.559	3.648	158.90	 0.03		13.310	  0.89	 4.88																										
EGEE 3	st007c01	B	2006-06-02T08:00:00z	  -9.997	 -0.002		  99.0	16	 35.552	3.593	156.50	 0.02		14.004	  0.95	 5.06																										
EGEE 3	st007c01	B	2006-06-02T08:00:00z	  -9.997	 -0.002		 129.0	15	 35.513	3.512	153.00	 0.02		14.796	  0.99	 5.31																										
EGEE 3	st007c01	B	2006-06-02T08:00:00z	  -9.997	 -0.002		 158.0	14	 35.459	2.990	130.20	 0.02		17.905	  1.19	 6.28																										
EGEE 3	st007c01	B	2006-06-02T08:00:00z	  -9.997	 -0.002		 300.0	13	 34.914	2.599	113.10	 0.01		27.691	  1.71	12.00																										
EGEE 3	st007c01	B	2006-06-02T08:00:00z	  -9.997	 -0.002		 499.0	12	 34.615	2.851	124.10	 0.01		33.069	  2.09	19.09																										
EGEE 3	st007c01	B	2006-06-02T08:00:00z	  -9.997	 -0.002		 799.0	11	 34.505	3.459	150.50	 0.01		34.088	  2.26	28.29																										
EGEE 3	st007c01	B	2006-06-02T08:00:00z	  -9.997	 -0.002		 999.0	10	 34.574	3.489	151.80	 0.01		33.727	  2.24	29.61																										
EGEE 3	st007c01	B	2006-06-02T08:00:00z	  -9.997	 -0.002		1200.0	 9	 34.815	4.166	181.20	 0.01		27.864	  1.90	23.98																										
EGEE 3	st007c01	B	2006-06-02T08:00:00z	  -9.997	 -0.002		1400.0	 8	 34.940	4.958	215.60	 0.01		23.031	  1.59	18.79																										
EGEE 3	st007c01	B	2006-06-02T08:00:00z	  -9.997	 -0.002		1497.0	 7	 34.978	5.152	224.10	 0.00		21.867	  1.50	17.76																										
EGEE 3	st007c01	B	2006-06-02T08:00:00z	  -9.997	 -0.002		1600.0	 6	 34.976	5.494	238.90	 0.00		20.459	  1.42	16.82																										
EGEE 3	st007c01	B	2006-06-02T08:00:00z	  -9.997	 -0.002		1699.0	 5	 34.976	5.548	241.30	 0.00		20.106	  1.41	16.74																										
EGEE 3	st007c01	B	2006-06-02T08:00:00z	  -9.997	 -0.002		1699.0	 4	 34.976	5.574	242.30	 0.00		20.155	  1.42	16.90																										
EGEE 3	st007c01	B	2006-06-02T08:00:00z	  -9.997	 -0.002		1799.0	 3	 34.970	5.610	243.90	 0.00		19.913	  1.40	17.87																										
EGEE 3	st007c01	B	2006-06-02T08:00:00z	  -9.997	 -0.002		1998.0	 2	 34.966	5.641	245.30	 0.01		20.120	  1.39	19.37																										
EGEE 3	st007c01	B	2006-06-02T08:00:00z	  -9.997	 -0.002		2012.0	 1	 34.961	5.666	246.30	 0.01		20.144	  1.40	21.09																										
EGEE 3	st008c01	B	2006-06-02T14:30:00z	  -9.904	 +0.031			22																																		
EGEE 3	st008c01	B	2006-06-02T14:30:00z	  -9.904	 +0.031			21																																		
EGEE 3	st008c01	B	2006-06-02T14:30:00z	  -9.904	 +0.031			20																																		
EGEE 3	st008c01	B	2006-06-02T14:30:00z	  -9.904	 +0.031			19																																		
EGEE 3	st008c01	B	2006-06-02T14:30:00z	  -9.904	 +0.031			18																																		
EGEE 3	st008c01	B	2006-06-02T14:30:00z	  -9.904	 +0.031			17																																		
EGEE 3	st008c01	B	2006-06-02T14:30:00z	  -9.904	 +0.031		   0.0	16				 0.01		0.085	  0.04	 1.17																										
EGEE 3	st008c01	B	2006-06-02T14:30:00z	  -9.904	 +0.031			15																																		
EGEE 3	st008c01	B	2006-06-02T14:30:00z	  -9.904	 +0.031			14																																		
EGEE 3	st008c01	B	2006-06-02T14:30:00z	  -9.904	 +0.031			13																																		
EGEE 3	st008c01	B	2006-06-02T14:30:00z	  -9.904	 +0.031		  20.0	12				 0.01		0.232	  0.12	 1.37																										
EGEE 3	st008c01	B	2006-06-02T14:30:00z	  -9.904	 +0.031			11																																		
EGEE 3	st008c01	B	2006-06-02T14:30:00z	  -9.904	 +0.031			10																																		
EGEE 3	st008c01	B	2006-06-02T14:30:00z	  -9.904	 +0.031			 9																																		
EGEE 3	st008c01	B	2006-06-02T14:30:00z	  -9.904	 +0.031		  40.0	 8				 0.14		3.598	  0.38	 2.49																										
EGEE 3	st008c01	B	2006-06-02T14:30:00z	  -9.904	 +0.031			 7																																		
EGEE 3	st008c01	B	2006-06-02T14:30:00z	  -9.904	 +0.031			 6																																		
EGEE 3	st008c01	B	2006-06-02T14:30:00z	  -9.904	 +0.031			 5																																		
EGEE 3	st008c01	B	2006-06-02T14:30:00z	  -9.904	 +0.031			 4																																		
EGEE 3	st008c01	B	2006-06-02T14:30:00z	  -9.904	 +0.031			 3																																		
EGEE 3	st008c01	B	2006-06-02T14:30:00z	  -9.904	 +0.031			 2																																		
EGEE 3	st008c01	B	2006-06-02T14:30:00z	  -9.904	 +0.031		  99.0	 1				 0.02		14.063	  0.98	 5.18																										
EGEE 3	st009c01	B	2006-06-03T10:30:00z	  -9.885	 +0.026			22																																		
EGEE 3	st009c01	B	2006-06-03T10:30:00z	  -9.885	 +0.026			21																																		
EGEE 3	st009c01	B	2006-06-03T10:30:00z	  -9.885	 +0.026			20																																		
EGEE 3	st009c01	B	2006-06-03T10:30:00z	  -9.885	 +0.026			19																																		
EGEE 3	st009c01	B	2006-06-03T10:30:00z	  -9.885	 +0.026			18																																		
EGEE 3	st009c01	B	2006-06-03T10:30:00z	  -9.885	 +0.026			17																																		
EGEE 3	st009c01	B	2006-06-03T10:30:00z	  -9.885	 +0.026			16																																		
EGEE 3	st009c01	B	2006-06-03T10:30:00z	  -9.885	 +0.026			15																																		
EGEE 3	st009c01	B	2006-06-03T10:30:00z	  -9.885	 +0.026			14																																		
EGEE 3	st009c01	B	2006-06-03T10:30:00z	  -9.885	 +0.026			13																																		
EGEE 3	st009c01	B	2006-06-03T10:30:00z	  -9.885	 +0.026			12																																		
EGEE 3	st009c01	B	2006-06-03T10:30:00z	  -9.885	 +0.026			11																																		
EGEE 3	st009c01	B	2006-06-03T10:30:00z	  -9.885	 +0.026			10																																		
EGEE 3	st009c01	B	2006-06-03T10:30:00z	  -9.885	 +0.026			 9																																		
EGEE 3	st009c01	B	2006-06-03T10:30:00z	  -9.885	 +0.026			 8																																		
EGEE 3	st009c01	B	2006-06-03T10:30:00z	  -9.885	 +0.026			 7																																		
EGEE 3	st009c01	B	2006-06-03T10:30:00z	  -9.885	 +0.026			 6																																		
EGEE 3	st009c01	B	2006-06-03T10:30:00z	  -9.885	 +0.026		   0.8	 5				 0.00		0.000	  0.10	 0.54																										
EGEE 3	st009c01	B	2006-06-03T10:30:00z	  -9.885	 +0.026		  20.3	 4				 0.02		0.479	  0.18	 0.94																										
EGEE 3	st009c01	B	2006-06-03T10:30:00z	  -9.885	 +0.026		  30.9	 3				 0.09		2.185	  0.30	 1.49																										
EGEE 3	st009c01	B	2006-06-03T10:30:00z	  -9.885	 +0.026		  59.9	 2				 0.07		11.513	  0.93	 3.69																										
EGEE 3	st009c01	B	2006-06-03T10:30:00z	  -9.885	 +0.026		 101.7	 1				 0.01		13.990	  1.07	 4.84																										
EGEE 3	st010c01	B	2006-06-03T22:30:00z	  -9.999	 -0.491		   0.4	22	 35.843	4.574	199.60	 0.00		0.000	  0.08	 1.38																										
EGEE 3	st010c01	B	2006-06-03T22:30:00z	  -9.999	 -0.491		  10.0	21	 35.864	4.576	199.60	 0.00		0.000	  0.07	 1.40																										
EGEE 3	st010c01	B	2006-06-03T22:30:00z	  -9.999	 -0.491		  20.0	20	 36.051	4.516	197.00	 0.01		0.156	  0.12	 1.53																										
EGEE 3	st010c01	B	2006-06-03T22:30:00z	  -9.999	 -0.491		  39.0	19	 36.323	4.337	189.00	 0.09		1.703	  0.26	 1.84																										
EGEE 3	st010c01	B	2006-06-03T22:30:00z	  -9.999	 -0.491		  60.0	18	 35.958	3.824	166.50	 0.06		9.256	  0.67	 3.52																										
EGEE 3	st010c01	B	2006-06-03T22:30:00z	  -9.999	 -0.491		  79.0	17	 35.760	3.803	165.60	 0.05		10.999	  0.79	 4.17																										
EGEE 3	st010c01	B	2006-06-03T22:30:00z	  -9.999	 -0.491		  99.0	16	 35.567	3.655	159.20	 0.01		13.551	  0.93	 5.09																										
EGEE 3	st010c01	B	2006-06-03T22:30:00z	  -9.999	 -0.491		 130.0	15	 35.510	3.414	148.70	 0.00		15.250	  1.03	 5.54																										
EGEE 3	st010c01	B	2006-06-03T22:30:00z	  -9.999	 -0.491		 159.0	14	 35.471	3.408	148.40	 0.01		15.795	  1.07	 5.78																										
EGEE 3	st010c01	B	2006-06-03T22:30:00z	  -9.999	 -0.491		 298.0	13	 34.984	2.243	 97.70	 0.00		28.192	  1.74	11.81																										
EGEE 3	st010c01	B	2006-06-03T22:30:00z	  -9.999	 -0.491		 501.0	12	 34.627	2.849	124.00	 0.00		32.403	  2.06	18.64																										
EGEE 3	st010c01	B	2006-06-03T22:30:00z	  -9.999	 -0.491		 799.0	11	 34.495	3.512	152.80	 0.00		33.820	  2.21	27.94																										
EGEE 3	st010c01	B	2006-06-03T22:30:00z	  -9.999	 -0.491		1000.0	10	 34.586	3.498	152.20	 0.00		33.449	  2.21	30.72																										
EGEE 3	st010c01	B	2006-06-03T22:30:00z	  -9.999	 -0.491		1199.0	 9	 34.835	4.261	185.30	 0.00		27.195	  1.80	23.77																										
EGEE 3	st010c01	B	2006-06-03T22:30:00z	  -9.999	 -0.491		1400.0	 8	 34.939	4.929	214.40	 0.00		23.090	  1.55	18.98																										
EGEE 3	st010c01	B	2006-06-03T22:30:00z	  -9.999	 -0.491		1498.0	 7	 34.955	5.113	222.30	 0.00		22.221	  1.48	18.25																										
EGEE 3	st010c01	B	2006-06-03T22:30:00z	  -9.999	 -0.491		1600.0	 6	 34.975	5.453	237.10	 0.00		20.550	  1.38	17.09																										
EGEE 3	st010c01	B	2006-06-03T22:30:00z	  -9.999	 -0.491		1600.0	 5	 34.976	5.453	237.10	 0.01		20.514	  1.37	16.92																										
EGEE 3	st010c01	B	2006-06-03T22:30:00z	  -9.999	 -0.491		1698.0	 4	 34.978	5.542	241.00	 0.00		20.316	  1.34	16.78																										
EGEE 3	st010c01	B	2006-06-03T22:30:00z	  -9.999	 -0.491		1800.0	 3	 34.974	5.588	243.00	 0.00		20.208	  1.35	17.91																										
EGEE 3	st010c01	B	2006-06-03T22:30:00z	  -9.999	 -0.491		1900.0	 2	 34.965	5.668	246.40	 0.00		20.179	  1.35	20.30																										
EGEE 3	st010c01	B	2006-06-03T22:30:00z	  -9.999	 -0.491		1999.0	 1	 34.961	5.706	248.10	 0.00		20.199	  1.34	21.33																										
EGEE 3	st011c01	B	2006-06-04T04:00:00z	 -10.000	 -1.002		   2.0	22	 36.001	4.613	201.20	 0.00		0.055	  0.09	 1.04																										
EGEE 3	st011c01	B	2006-06-04T04:00:00z	 -10.000	 -1.002		  10.0	21	 36.003	4.604	200.80	 0.00		0.010	  0.10	 1.00																										
EGEE 3	st011c01	B	2006-06-04T04:00:00z	 -10.000	 -1.002		  19.0	20	 36.020	4.599	200.60	 0.00		0.000	  0.10	 0.99																										
EGEE 3	st011c01	B	2006-06-04T04:00:00z	 -10.000	 -1.002		  39.0	19	 36.192	4.420	192.70	 0.05		0.570	  0.19	 1.25																										
EGEE 3	st011c01	B	2006-06-04T04:00:00z	 -10.000	 -1.002		  61.0	18	 36.051	3.869	168.50	 0.24		7.713	  0.62	 2.71																										
EGEE 3	st011c01	B	2006-06-04T04:00:00z	 -10.000	 -1.002		  80.0	17	 35.885	3.824	166.60	 0.07		10.093	  0.72	 3.39																										
EGEE 3	st011c01	B	2006-06-04T04:00:00z	 -10.000	 -1.002		 100.0	16	 35.634	3.536	154.00	 0.07		13.562	  0.94	 4.44																										
EGEE 3	st011c01	B	2006-06-04T04:00:00z	 -10.000	 -1.002		 131.0	15	 35.516	3.213	139.90	 0.02		16.516	  1.08	 5.38																										
EGEE 3	st011c01	B	2006-06-04T04:00:00z	 -10.000	 -1.002		 160.0	14	 35.441	2.664	116.00	 0.01		20.102	  1.29	 6.44																										
EGEE 3	st011c01	B	2006-06-04T04:00:00z	 -10.000	 -1.002		 299.0	13	 35.023	2.127	 92.60	 0.01		28.774	  1.74	11.09																										
EGEE 3	st011c01	B	2006-06-04T04:00:00z	 -10.000	 -1.002		 500.0	12	 34.601	2.968	129.20	 0.00		33.195	  2.06	18.69																										
EGEE 3	st011c01	B	2006-06-04T04:00:00z	 -10.000	 -1.002		 800.0	11	 34.493	3.429	149.30	 0.00		34.729	  2.20	26.58																										
EGEE 3	st011c01	B	2006-06-04T04:00:00z	 -10.000	 -1.002		1000.0	10	 34.594	3.520	153.20	 0.01		33.991	  2.21	30.25																										
EGEE 3	st011c01	B	2006-06-04T04:00:00z	 -10.000	 -1.002		1197.0	 9	 34.785	5.407	235.20	 0.00		29.120	  1.93	24.89																										
EGEE 3	st011c01	B	2006-06-04T04:00:00z	 -10.000	 -1.002		1400.0	 8	 34.943	4.977	216.50	 0.00		23.325	  1.52	18.05																										
EGEE 3	st011c01	B	2006-06-04T04:00:00z	 -10.000	 -1.002		1498.0	 7	 34.960	5.198	226.10	 0.00		22.153	  1.45	17.62																										
EGEE 3	st011c01	B	2006-06-04T04:00:00z	 -10.000	 -1.002		1498.0	 6	 34.961	5.202	226.30	 0.01		22.097	  1.47	17.52																										
EGEE 3	st011c01	B	2006-06-04T04:00:00z	 -10.000	 -1.002		1600.0	 5	 34.974	5.424	235.90	 0.00		20.931	  1.39	16.55																										
EGEE 3	st011c01	B	2006-06-04T04:00:00z	 -10.000	 -1.002		1700.0	 4	 34.977	5.577	242.50	 0.00		20.501	  1.35	16.57																										
EGEE 3	st011c01	B	2006-06-04T04:00:00z	 -10.000	 -1.002		1798.0	 3	 34.974	5.658	246.00	 0.00		20.130	  1.32	17.05																										
EGEE 3	st011c01	B	2006-06-04T04:00:00z	 -10.000	 -1.002		1898.0	 2	 34.966	5.690	247.40	 0.00		20.165	  1.33	19.37																										
EGEE 3	st011c01	B	2006-06-04T04:00:00z	 -10.000	 -1.002		2005.0	 1	 34.963	5.680	247.00	 0.00		20.423	  1.35	20.63																										
EGEE 3	st012c01	B	2006-06-04T09:30:00z	  -9.999	 -1.501		   0.6	22	 35.932	4.620	201.50	 0.02		0.023	  0.25	 0.98																										
EGEE 3	st012c01	B	2006-06-04T09:30:00z	  -9.999	 -1.501		   8.8	21	 35.948	4.622	201.60	 0.01		0.020	  0.16	 0.96																										
EGEE 3	st012c01	B	2006-06-04T09:30:00z	  -9.999	 -1.501		  20.0	20	 36.016	4.611	201.10	 0.01		0.027	  0.13	 0.93																										
EGEE 3	st012c01	B	2006-06-04T09:30:00z	  -9.999	 -1.501		  39.7	19	 36.086	4.419	192.70	 0.05		0.978	  0.24	 1.30																										
EGEE 3	st012c01	B	2006-06-04T09:30:00z	  -9.999	 -1.501		  59.0	18	 35.667	2.972	129.40	 0.23		14.886	  1.04	 4.52																										
EGEE 3	st012c01	B	2006-06-04T09:30:00z	  -9.999	 -1.501		  80.0	17	 35.575	2.717	118.30	 0.09		18.007	  1.22	 5.36																										
EGEE 3	st012c01	B	2006-06-04T09:30:00z	  -9.999	 -1.501		 100.0	16	 35.517	2.416	105.20	 0.04		19.953	  1.31	 6.03																										
EGEE 3	st012c01	B	2006-06-04T09:30:00z	  -9.999	 -1.501		 130.8	15		2.375	103.40	 0.03		20.496	  1.38	 6.37																										
EGEE 3	st012c01	B	2006-06-04T09:30:00z	  -9.999	 -1.501		 160.0	14	 35.420	2.252	 98.10	 0.02		22.041	  1.45	 7.00																										
EGEE 3	st012c01	B	2006-06-04T09:30:00z	  -9.999	 -1.501		 290.0	13	 35.040	1.844	 80.20	 0.01		29.018	  1.83	11.01																										
EGEE 3	st012c01	B	2006-06-04T09:30:00z	  -9.999	 -1.501		 489.0	12	 34.577	3.202	139.30	 0.01		31.765	  2.06	19.44																										
EGEE 3	st012c01	B	2006-06-04T09:30:00z	  -9.999	 -1.501		 798.0	11	 34.482	3.602	156.70	 0.01		33.432	  2.24	27.82																										
EGEE 3	st012c01	B	2006-06-04T09:30:00z	  -9.999	 -1.501		 990.0	10	 34.630	3.613	157.20	 0.01		32.363	  2.19	29.73																										
EGEE 3	st012c01	B	2006-06-04T09:30:00z	  -9.999	 -1.501		1199.0	 9	 34.761	3.973	172.80	 0.00		29.262	  1.99	25.67																										
EGEE 3	st012c01	B	2006-06-04T09:30:00z	  -9.999	 -1.501		1400.0	 8	 34.951	5.072	220.60	 0.01		22.223	  1.52	18.05																										
EGEE 3	st012c01	B	2006-06-04T09:30:00z	  -9.999	 -1.501		1499.0	 7	 34.965	5.264	228.90	 0.01		21.362	  1.44	17.35																										
EGEE 3	st012c01	B	2006-06-04T09:30:00z	  -9.999	 -1.501		1600.0	 6	 34.973	5.394	234.50	 0.01		20.661	  1.42	16.71																										
EGEE 3	st012c01	B	2006-06-04T09:30:00z	  -9.999	 -1.501		1600.0	 5	 34.972	5.404	234.90	 0.01		20.632	  1.43	16.82																										
EGEE 3	st012c01	B	2006-06-04T09:30:00z	  -9.999	 -1.501		1701.0	 4	 34.977	5.509	239.50	 0.01		20.149	  1.37	16.40																										
EGEE 3	st012c01	B	2006-06-04T09:30:00z	  -9.999	 -1.501		1790.0	 3	 34.975	5.649	245.60	 0.01		19.610	  1.36	16.88																										
EGEE 3	st012c01	B	2006-06-04T09:30:00z	  -9.999	 -1.501		1887.0	 2	 34.972	5.688	247.30	 0.00		19.562	  1.35	17.66																										
EGEE 3	st012c01	B	2006-06-04T09:30:00z	  -9.999	 -1.501		2013.0	 1	 34.964	5.652	245.70	 0.01		20.033	  1.37	20.42																										
EGEE 3	st013c01	B	2006-06-04T15:30:00z	 -10.024	 -1.998		   0.0	22	 35.794	4.672	203.90	 0.01		0.000	  0.10	 0.93																										
EGEE 3	st013c01	B	2006-06-04T15:30:00z	 -10.024	 -1.998		  10.0	21	 35.800	4.568	199.30	 0.01		0.068	  0.10	 0.95																										
EGEE 3	st013c01	B	2006-06-04T15:30:00z	 -10.024	 -1.998		  20.0	20	 35.855	4.657	203.20	 0.01		0.026	  0.10	 0.94																										
EGEE 3	st013c01	B	2006-06-04T15:30:00z	 -10.024	 -1.998		  39.0	19	 36.012	4.479	195.40	 0.04		1.139	  0.23	 1.32																										
EGEE 3	st013c01	B	2006-06-04T15:30:00z	 -10.024	 -1.998		  60.0	18	 35.573	2.430	105.90	 0.15		19.138	  1.24	 5.46																										
EGEE 3	st013c01	B	2006-06-04T15:30:00z	 -10.024	 -1.998		  80.0	17	 35.534	2.603	113.40	 0.05		19.201	  1.25	 5.83																										
EGEE 3	st013c01	B	2006-06-04T15:30:00z	 -10.024	 -1.998		  99.0	16	 35.516	2.572	112.10	 0.04		19.321	  1.27	 5.97																										
EGEE 3	st013c01	B	2006-06-04T15:30:00z	 -10.024	 -1.998		 130.0	15	 35.458	2.280	 99.30	 0.02		21.154	  1.37	 6.65																										
EGEE 3	st013c01	B	2006-06-04T15:30:00z	 -10.024	 -1.998		 159.0	14	 35.389	2.068	 90.10	 0.01		23.164	  1.50	 7.49																										
EGEE 3	st013c01	B	2006-06-04T15:30:00z	 -10.024	 -1.998		 301.0	13	 34.978	1.654	 72.00	 0.01		31.026	  1.91	12.18																										
EGEE 3	st013c01	B	2006-06-04T15:30:00z	 -10.024	 -1.998		 500.0	12	 34.563	3.078	134.00	 0.01		32.779	  2.15	21.03																										
EGEE 3	st013c01	B	2006-06-04T15:30:00z	 -10.024	 -1.998		 800.0	11	 34.482	3.585	156.00	 0.01		33.782	  2.26	29.35																										
EGEE 3	st013c01	B	2006-06-04T15:30:00z	 -10.024	 -1.998		 998.0	10	 34.645	3.642	158.50	 0.00		32.086	  2.18	29.61																										
EGEE 3	st013c01	B	2006-06-04T15:30:00z	 -10.024	 -1.998		1200.0	 9	 34.754	3.973	172.80	 0.01		29.435	  2.01	26.55																										
EGEE 3	st013c01	B	2006-06-04T15:30:00z	 -10.024	 -1.998		1400.0	 8	 34.958	5.134	223.30	 0.01		21.676	  1.50	17.16																										
EGEE 3	st013c01	B	2006-06-04T15:30:00z	 -10.024	 -1.998		1499.0	 7	 34.969	5.328	231.70	 0.01		20.964	  1.43	16.92																										
EGEE 3	st013c01	B	2006-06-04T15:30:00z	 -10.024	 -1.998		1499.0	 6	 34.969	5.315	231.10	 0.01		21.003	  1.43	16.98																										
EGEE 3	st013c01	B	2006-06-04T15:30:00z	 -10.024	 -1.998		1600.0	 5	 34.972	5.376	233.80	 0.01		20.711	  1.43	17.03																										
EGEE 3	st013c01	B	2006-06-04T15:30:00z	 -10.024	 -1.998		1700.0	 4	 34.976	5.598	243.40	 0.00		19.941	  1.37	16.91																										
EGEE 3	st013c01	B	2006-06-04T15:30:00z	 -10.024	 -1.998		1800.0	 3	 34.973	5.617	244.20	 0.00		19.581	  1.35	17.62																										
EGEE 3	st013c01	B	2006-06-04T15:30:00z	 -10.024	 -1.998		1901.0	 2	 34.970	5.674	246.70	 0.00		19.618	  1.33	18.07																										
EGEE 3	st013c01	B	2006-06-04T15:30:00z	 -10.024	 -1.998		2002.0	 1	 34.961	5.649	245.60	 0.00		20.042	  1.38	20.95																										
EGEE 3	st014c01	B	2006-06-04T20:30:00z	  -9.998	 -2.494		   0.0	22	 35.721	4.633	202.10	 0.01		0.065	  0.10	 1.60																										
EGEE 3	st014c01	B	2006-06-04T20:30:00z	  -9.998	 -2.494		  10.0	21	 35.722	4.636	202.30	 0.01		0.099	  0.10	 1.59																										
EGEE 3	st014c01	B	2006-06-04T20:30:00z	  -9.998	 -2.494		  19.0	20	 35.768	4.623	201.70	 0.01		0.106	  0.11	 1.58																										
EGEE 3	st014c01	B	2006-06-04T20:30:00z	  -9.998	 -2.494		  40.0	19	 35.911	4.443	193.80	 0.04		1.211	  0.21	 1.96																										
EGEE 3	st014c01	B	2006-06-04T20:30:00z	  -9.998	 -2.494		  60.0	18	 35.603	2.490	108.40	 0.21		18.122	  1.19	 5.76																										
EGEE 3	st014c01	B	2006-06-04T20:30:00z	  -9.998	 -2.494		  79.0	17	 35.570	2.589	112.70	 0.06		18.499	  1.22	 5.98																										
EGEE 3	st014c01	B	2006-06-04T20:30:00z	  -9.998	 -2.494		  99.0	16	 35.535	2.616	113.90	 0.03		18.661	  1.24	 6.42																										
EGEE 3	st014c01	B	2006-06-04T20:30:00z	  -9.998	 -2.494		 128.0	15	 35.472	2.433	105.90	 0.02		20.311	  1.34	 6.95																										
EGEE 3	st014c01	B	2006-06-04T20:30:00z	  -9.998	 -2.494		 160.0	14	 35.386	2.006	 87.40	 0.02		23.188	  1.50	 7.89																										
EGEE 3	st014c01	B	2006-06-04T20:30:00z	  -9.998	 -2.494		 300.0	13	 35.054	1.715	 74.60	 0.01		29.178	  1.83	11.52																										
EGEE 3	st014c01	B	2006-06-04T20:30:00z	  -9.998	 -2.494		 500.0	12	 34.555	3.256	141.70	 0.01		31.620	  2.08	20.21																										
EGEE 3	st014c01	B	2006-06-04T20:30:00z	  -9.998	 -2.494		 800.0	11	 34.478	3.600	156.60	 0.01		33.477	  2.23	29.02																										
EGEE 3	st014c01	B	2006-06-04T20:30:00z	  -9.998	 -2.494		1000.0	10	 34.658	3.676	159.90	 0.00		31.392	  2.15	28.91																										
EGEE 3	st014c01	B	2006-06-04T20:30:00z	  -9.998	 -2.494		1200.0	 9	 34.781	4.072	177.10	 0.01		28.342	  1.94	26.10																										
EGEE 3	st014c01	B	2006-06-04T20:30:00z	  -9.998	 -2.494		1402.0	 8	 34.949	5.094	221.50	 0.01		22.164	  1.51	18.55																										
EGEE 3	st014c01	B	2006-06-04T20:30:00z	  -9.998	 -2.494		1402.0	 7	 34.949	5.102	221.80	 0.01		22.069	  1.52	18.60																										
EGEE 3	st014c01	B	2006-06-04T20:30:00z	  -9.998	 -2.494		1498.0	 6	 34.966	5.305	230.60	 0.01		20.873	  1.42	17.30																										
EGEE 3	st014c01	B	2006-06-04T20:30:00z	  -9.998	 -2.494		1600.0	 5	 34.975	5.528	240.30	 0.01		20.093	  1.39	17.06																										
EGEE 3	st014c01	B	2006-06-04T20:30:00z	  -9.998	 -2.494		1699.0	 4	 34.978	5.644	245.30	 0.01		19.547	  1.33	16.87																										
EGEE 3	st014c01	B	2006-06-04T20:30:00z	  -9.998	 -2.494		1800.0	 3	 34.968	5.564	241.90	 0.01		20.006	  1.38	19.04																										
EGEE 3	st014c01	B	2006-06-04T20:30:00z	  -9.998	 -2.494		1899.0	 2	 34.966	5.662	246.10	 0.01		19.883	  1.35	19.49																										
EGEE 3	st014c01	B	2006-06-04T20:30:00z	  -9.998	 -2.494		2001.0	 1	 34.962	5.667	246.30	 0.01		19.768	  1.37	20.88																										
EGEE 3	st015c01	B	2006-06-05T02:00:00z	 -10.002	 -2.999			22																																		
EGEE 3	st015c01	B	2006-06-05T02:00:00z	 -10.002	 -2.999			21																																		
EGEE 3	st015c01	B	2006-06-05T02:00:00z	 -10.002	 -2.999			20																																		
EGEE 3	st015c01	B	2006-06-05T02:00:00z	 -10.002	 -2.999			19																																		
EGEE 3	st015c01	B	2006-06-05T02:00:00z	 -10.002	 -2.999			18																																		
EGEE 3	st015c01	B	2006-06-05T02:00:00z	 -10.002	 -2.999			17																																		
EGEE 3	st015c01	B	2006-06-05T02:00:00z	 -10.002	 -2.999			16																																		
EGEE 3	st015c01	B	2006-06-05T02:00:00z	 -10.002	 -2.999			15																																		
EGEE 3	st015c01	B	2006-06-05T02:00:00z	 -10.002	 -2.999		   2.0	14	 35.747	4.624	201.80	 0.01		0.070	  0.09	 1.08																										
EGEE 3	st015c01	B	2006-06-05T02:00:00z	 -10.002	 -2.999		  10.0	13	 35.747	4.619	201.60	 0.01		0.071	  0.10	 1.10																										
EGEE 3	st015c01	B	2006-06-05T02:00:00z	 -10.002	 -2.999		  20.0	12	 35.749	4.620	201.60	 0.01		0.060	  0.11	 1.11																										
EGEE 3	st015c01	B	2006-06-05T02:00:00z	 -10.002	 -2.999		  40.0	11	 35.850	4.529	197.50	 0.03		0.586	  0.20	 1.51																										
EGEE 3	st015c01	B	2006-06-05T02:00:00z	 -10.002	 -2.999		  60.0	10	 35.759	3.082	134.30	 0.41		12.062	  0.90	 4.00																										
EGEE 3	st015c01	B	2006-06-05T02:00:00z	 -10.002	 -2.999		  80.0	 9	 35.491	2.259	 98.30	 0.08		20.754	  1.34	 6.35																										
EGEE 3	st015c01	B	2006-06-05T02:00:00z	 -10.002	 -2.999		 100.0	 8	 35.385	2.175	 94.60	 0.04		22.382	  1.44	 7.07																										
EGEE 3	st015c01	B	2006-06-05T02:00:00z	 -10.002	 -2.999		 131.0	 7	 35.326	2.239	 97.40	 0.02		22.728	  1.48	 7.76																										
EGEE 3	st015c01	B	2006-06-05T02:00:00z	 -10.002	 -2.999		 160.0	 6	 35.261	2.120	 92.30	 0.02		24.110	  1.55	 8.44																										
EGEE 3	st015c01	B	2006-06-05T02:00:00z	 -10.002	 -2.999		 300.0	 5	 35.001	1.712	 74.50	 0.01		29.792	  1.88	12.00																										
EGEE 3	st015c01	B	2006-06-05T02:00:00z	 -10.002	 -2.999		 500.0	 4	 34.585	2.872	124.90	 0.01		32.785	  2.14	19.93																										
EGEE 3	st015c01	B	2006-06-05T02:00:00z	 -10.002	 -2.999		 801.0	 3	 34.495	3.429	149.10	 0.01		33.763	  2.29	29.71																										
EGEE 3	st015c01	B	2006-06-05T02:00:00z	 -10.002	 -2.999		1001.0	 2	 34.608	3.578	155.60	 0.01		32.383	  2.23	31.19																										
EGEE 3	st015c01	B	2006-06-05T02:00:00z	 -10.002	 -2.999		1001.0	 1	 34.608	3.576	155.50	 0.01		32.357	  2.23	31.37																										
EGEE 3	st016c01	B	2006-06-05T07:00:00z	 -10.001	 -3.498			22																																		
EGEE 3	st016c01	B	2006-06-05T07:00:00z	 -10.001	 -3.498			21																																		
EGEE 3	st016c01	B	2006-06-05T07:00:00z	 -10.001	 -3.498			20																																		
EGEE 3	st016c01	B	2006-06-05T07:00:00z	 -10.001	 -3.498			19																																		
EGEE 3	st016c01	B	2006-06-05T07:00:00z	 -10.001	 -3.498			18																																		
EGEE 3	st016c01	B	2006-06-05T07:00:00z	 -10.001	 -3.498			17																																		
EGEE 3	st016c01	B	2006-06-05T07:00:00z	 -10.001	 -3.498			16																																		
EGEE 3	st016c01	B	2006-06-05T07:00:00z	 -10.001	 -3.498			15																																		
EGEE 3	st016c01	B	2006-06-05T07:00:00z	 -10.001	 -3.498		   1.0	14	 35.653	4.602	200.90	 0.01		0.022	  0.07	 0.96																										
EGEE 3	st016c01	B	2006-06-05T07:00:00z	 -10.001	 -3.498		   9.0	13	 35.652	4.584	200.10	 0.00		0.054	  0.08	 1.01																										
EGEE 3	st016c01	B	2006-06-05T07:00:00z	 -10.001	 -3.498		  20.0	12	 35.654			 0.00		0.026	  0.08	 0.96																										
EGEE 3	st016c01	B	2006-06-05T07:00:00z	 -10.001	 -3.498		  40.0	11	 35.775			 0.00		0.096	  0.13	 1.14																										
EGEE 3	st016c01	B	2006-06-05T07:00:00z	 -10.001	 -3.498		  60.0	10				 0.36		12.688	  0.91	 3.80																										
EGEE 3	st016c01	B	2006-06-05T07:00:00z	 -10.001	 -3.498		  79.0	 9				 0.05		19.114	  1.25	 5.73																										
EGEE 3	st016c01	B	2006-06-05T07:00:00z	 -10.001	 -3.498		  99.0	 8	 35.437			 0.03		20.817	  1.35	 6.51																										
EGEE 3	st016c01	B	2006-06-05T07:00:00z	 -10.001	 -3.498		 130.0	 7	 35.330	2.055	 89.40	 0.01		23.339	  1.50	 7.78																										
EGEE 3	st016c01	B	2006-06-05T07:00:00z	 -10.001	 -3.498		 160.0	 6	 35.281	2.007	 87.40	 0.00		24.127	  1.55	 8.25																										
EGEE 3	st016c01	B	2006-06-05T07:00:00z	 -10.001	 -3.498		 299.0	 5	 35.005	1.941	 84.40	 0.00		28.522	  1.81	11.30																										
EGEE 3	st016c01	B	2006-06-05T07:00:00z	 -10.001	 -3.498		 500.0	 4	 34.661	1.832	 79.70	 0.00		36.163	  2.30	19.47																										
EGEE 3	st016c01	B	2006-06-05T07:00:00z	 -10.001	 -3.498		 788.0	 3	 34.492	3.356	145.90	 0.00		34.294	  2.31	29.24																										
EGEE 3	st016c01	B	2006-06-05T07:00:00z	 -10.001	 -3.498		 788.0	 2	 34.490	3.367	146.40	 0.00		33.973	  2.31	29.29																										
EGEE 3	st016c01	B	2006-06-05T07:00:00z	 -10.001	 -3.498		1002.0	 1	 34.618	3.612	157.10	 0.00		32.061	  2.20	30.89																										
EGEE 3	st017c01	B	2006-06-05T11:30:00z	  -9.996	 -3.994			22																																		
EGEE 3	st017c01	B	2006-06-05T11:30:00z	  -9.996	 -3.994			21																																		
EGEE 3	st017c01	B	2006-06-05T11:30:00z	  -9.996	 -3.994			20																																		
EGEE 3	st017c01	B	2006-06-05T11:30:00z	  -9.996	 -3.994			19																																		
EGEE 3	st017c01	B	2006-06-05T11:30:00z	  -9.996	 -3.994			18																																		
EGEE 3	st017c01	B	2006-06-05T11:30:00z	  -9.996	 -3.994		   0.3	17		4.605	201.10																															
EGEE 3	st017c01	B	2006-06-05T11:30:00z	  -9.996	 -3.994		   0.3	16	 35.346	4.610	201.20	 0.01		0.059	  0.06	 1.04																										
EGEE 3	st017c01	B	2006-06-05T11:30:00z	  -9.996	 -3.994		   9.0	15	 35.346	4.602	200.90	 0.01		0.000	  0.06	 1.10																										
EGEE 3	st017c01	B	2006-06-05T11:30:00z	  -9.996	 -3.994		  19.0	14	 35.346	4.601	200.90	 0.01		0.000	  0.06	 1.11																										
EGEE 3	st017c01	B	2006-06-05T11:30:00z	  -9.996	 -3.994		  39.0	13		4.609	201.20																															
EGEE 3	st017c01	B	2006-06-05T11:30:00z	  -9.996	 -3.994		  39.0	12	 35.397	4.614	201.40	 0.01		0.000	  0.07	 1.10																										
EGEE 3	st017c01	B	2006-06-05T11:30:00z	  -9.996	 -3.994		  55.0	11		4.377	190.90																															
EGEE 3	st017c01	B	2006-06-05T11:30:00z	  -9.996	 -3.994		  59.0	10		3.986	173.80	 0.18		3.547	  0.44	 2.20																										
EGEE 3	st017c01	B	2006-06-05T11:30:00z	  -9.996	 -3.994		  81.0	 9		2.724	118.60	 0.04		18.040	  1.18	 5.74																										
EGEE 3	st017c01	B	2006-06-05T11:30:00z	  -9.996	 -3.994		  99.0	 8	 35.337	2.592	112.80	 0.02		20.798	  1.34	 7.10																										
EGEE 3	st017c01	B	2006-06-05T11:30:00z	  -9.996	 -3.994		 130.0	 7	 35.249	2.611	113.60	 0.01		21.653	  1.42	 7.88																										
EGEE 3	st017c01	B	2006-06-05T11:30:00z	  -9.996	 -3.994		 160.0	 6	 35.209	2.500	108.80	 0.01		22.860	  1.49	 8.41																										
EGEE 3	st017c01	B	2006-06-05T11:30:00z	  -9.996	 -3.994		 298.0	 5	 34.998	2.300	100.10	 0.00		27.055	  1.72	11.01																										
EGEE 3	st017c01	B	2006-06-05T11:30:00z	  -9.996	 -3.994		 500.0	 4	 34.644	2.144	 93.30	 0.00		34.935	  2.23	19.52																										
EGEE 3	st017c01	B	2006-06-05T11:30:00z	  -9.996	 -3.994		 499.0	 3	 34.643	2.162	 94.00	 0.00		35.189	  2.25	19.49																										
EGEE 3	st017c01	B	2006-06-05T11:30:00z	  -9.996	 -3.994		 801.0	 2	 34.490	3.317	144.30	 0.00		34.524	  2.33	30.25																										
EGEE 3	st017c01	B	2006-06-05T11:30:00z	  -9.996	 -3.994		1002.0	 1	 34.614	3.647	158.60	 0.00		32.079	  2.22	31.23																										
EGEE 3	st018c01	B	2006-06-05T16:20:00z	 -10.005	 -4.497			22																																		
EGEE 3	st018c01	B	2006-06-05T16:20:00z	 -10.005	 -4.497			21																																		
EGEE 3	st018c01	B	2006-06-05T16:20:00z	 -10.005	 -4.497			20																																		
EGEE 3	st018c01	B	2006-06-05T16:20:00z	 -10.005	 -4.497			19																																		
EGEE 3	st018c01	B	2006-06-05T16:20:00z	 -10.005	 -4.497			18																																		
EGEE 3	st018c01	B	2006-06-05T16:20:00z	 -10.005	 -4.497			17																																		
EGEE 3	st018c01	B	2006-06-05T16:20:00z	 -10.005	 -4.497			16																																		
EGEE 3	st018c01	B	2006-06-05T16:20:00z	 -10.005	 -4.497			15																																		
EGEE 3	st018c01	B	2006-06-05T16:20:00z	 -10.005	 -4.497		   0.0	14	 35.501	4.584	200.20	 0.02		0.000	  0.04	 0.77																										
EGEE 3	st018c01	B	2006-06-05T16:20:00z	 -10.005	 -4.497		  10.0	13	 35.497	4.590	200.40	 0.02		0.061	  0.05	 0.81																										
EGEE 3	st018c01	B	2006-06-05T16:20:00z	 -10.005	 -4.497		  20.0	12	 35.494	4.600	200.90	 0.02		0.000	  0.07	 0.81																										
EGEE 3	st018c01	B	2006-06-05T16:20:00z	 -10.005	 -4.497		  39.0	11	 35.504	4.599	200.80	 0.02		0.000	  0.05	 0.80																										
EGEE 3	st018c01	B	2006-06-05T16:20:00z	 -10.005	 -4.497		  59.0	10	 36.338	4.703	205.10	 0.03		0.000	  0.15	 1.24																										
EGEE 3	st018c01	B	2006-06-05T16:20:00z	 -10.005	 -4.497		  79.0	 9	 36.092	3.580	156.00	 0.68		6.006	  0.60	 2.43																										
EGEE 3	st018c01	B	2006-06-05T16:20:00z	 -10.005	 -4.497		 100.0	 8	 35.844	2.803	122.10	 0.07		14.491	  1.02	 4.00																										
EGEE 3	st018c01	B	2006-06-05T16:20:00z	 -10.005	 -4.497		 130.0	 7	 35.328	2.974	129.50	 0.04		18.760	  1.28	 6.71																										
EGEE 3	st018c01	B	2006-06-05T16:20:00z	 -10.005	 -4.497		 160.0	 6	 35.193	2.980	129.70	 0.02		20.563	  1.39	 7.83																										
EGEE 3	st018c01	B	2006-06-05T16:20:00z	 -10.005	 -4.497		 300.0	 5	 34.908	1.831	 79.70	 0.02		30.579	  1.94	13.22																										
EGEE 3	st018c01	B	2006-06-05T16:20:00z	 -10.005	 -4.497		 300.0	 4	 34.908	1.834	 79.80	 0.02		30.530	  1.95	13.18																										
EGEE 3	st018c01	B	2006-06-05T16:20:00z	 -10.005	 -4.497		 500.0	 3	 34.644	2.123	 92.40	 0.02		34.850	  2.27	19.61																										
EGEE 3	st018c01	B	2006-06-05T16:20:00z	 -10.005	 -4.497		 800.0	 2	 34.494	3.260	141.80	 0.01		34.436	  2.35	30.29																										
EGEE 3	st018c01	B	2006-06-05T16:20:00z	 -10.005	 -4.497		1001.0	 1	 34.617	3.675	159.80	 0.01		31.783	  2.21	31.39																										
EGEE 3	st019c01	B	2006-06-05T20:40:00z	 -10.002	 -4.996			22																																		
EGEE 3	st019c01	B	2006-06-05T20:40:00z	 -10.002	 -4.996			21																																		
EGEE 3	st019c01	B	2006-06-05T20:40:00z	 -10.002	 -4.996			20																																		
EGEE 3	st019c01	B	2006-06-05T20:40:00z	 -10.002	 -4.996			19																																		
EGEE 3	st019c01	B	2006-06-05T20:40:00z	 -10.002	 -4.996			18																																		
EGEE 3	st019c01	B	2006-06-05T20:40:00z	 -10.002	 -4.996			17																																		
EGEE 3	st019c01	B	2006-06-05T20:40:00z	 -10.002	 -4.996			16																																		
EGEE 3	st019c01	B	2006-06-05T20:40:00z	 -10.002	 -4.996			15																																		
EGEE 3	st019c01	B	2006-06-05T20:40:00z	 -10.002	 -4.996		   0.0	14	 35.672	4.560	199.00	 0.00		0.020	  0.06	 0.55																										
EGEE 3	st019c01	B	2006-06-05T20:40:00z	 -10.002	 -4.996		  10.0	13	 35.669	4.560	199.00	 0.00		0.098	  0.05	 0.54																										
EGEE 3	st019c01	B	2006-06-05T20:40:00z	 -10.002	 -4.996		  19.6	12	 35.670	4.577	199.80	 0.00		0.067	  0.06	 0.62																										
EGEE 3	st019c01	B	2006-06-05T20:40:00z	 -10.002	 -4.996		  40.0	11	 35.676	4.554	198.50	 0.00		0.068	  0.04	 0.61																										
EGEE 3	st019c01	B	2006-06-05T20:40:00z	 -10.002	 -4.996		  60.0	10		4.709	205.60	 0.01		0.139	  0.07	 0.79																										
EGEE 3	st019c01	B	2006-06-05T20:40:00z	 -10.002	 -4.996		  79.0	 9		4.509	196.60	 0.09		1.547	  0.27	 1.50																										
EGEE 3	st019c01	B	2006-06-05T20:40:00z	 -10.002	 -4.996		 100.0	 8	 36.028	3.318	144.50	 0.27		10.228	  0.78	 3.10																										
EGEE 3	st019c01	B	2006-06-05T20:40:00z	 -10.002	 -4.996		 129.0	 7	 35.483	2.332	101.60	 0.01		21.038	  1.35	 6.47																										
EGEE 3	st019c01	B	2006-06-05T20:40:00z	 -10.002	 -4.996		 159.0	 6	 35.233	2.621	114.10	 0.01		21.810	  1.42	 7.57																										
EGEE 3	st019c01	B	2006-06-05T20:40:00z	 -10.002	 -4.996		 159.0	 5	 35.235	2.617	113.90	 0.01		21.831	  1.45	 7.58																										
EGEE 3	st019c01	B	2006-06-05T20:40:00z	 -10.002	 -4.996		 299.0	 4	 34.859	1.871	 81.40	 0.00		31.378	  1.99	13.92																										
EGEE 3	st019c01	B	2006-06-05T20:40:00z	 -10.002	 -4.996		 499.0	 3	 34.636	2.182	 94.90	 0.00		34.817	  2.24	19.86																										
EGEE 3	st019c01	B	2006-06-05T20:40:00z	 -10.002	 -4.996		 800.0	 2	 34.496	3.342	145.30	 0.00		34.143	  2.32	30.89																										
EGEE 3	st019c01	B	2006-06-05T20:40:00z	 -10.002	 -4.996		1002.0	 1	 34.608	3.659	159.10	 0.00		32.032	  2.09	31.31																										
EGEE 3	st020c01	B	2006-06-06T01:20:00z	 -10.002	 -5.496			22																																		
EGEE 3	st020c01	B	2006-06-06T01:20:00z	 -10.002	 -5.496			21																																		
EGEE 3	st020c01	B	2006-06-06T01:20:00z	 -10.002	 -5.496			20																																		
EGEE 3	st020c01	B	2006-06-06T01:20:00z	 -10.002	 -5.496			19																																		
EGEE 3	st020c01	B	2006-06-06T01:20:00z	 -10.002	 -5.496			18																																		
EGEE 3	st020c01	B	2006-06-06T01:20:00z	 -10.002	 -5.496			17																																		
EGEE 3	st020c01	B	2006-06-06T01:20:00z	 -10.002	 -5.496			16																																		
EGEE 3	st020c01	B	2006-06-06T01:20:00z	 -10.002	 -5.496			15																																		
EGEE 3	st020c01	B	2006-06-06T01:20:00z	 -10.002	 -5.496		   2.0	14	 35.790	4.552	198.70	 0.01		0.000	  0.03	 0.78																										
EGEE 3	st020c01	B	2006-06-06T01:20:00z	 -10.002	 -5.496		  10.0	13	 35.791	4.552	198.70	 0.01		0.000	  0.03	 0.64																										
EGEE 3	st020c01	B	2006-06-06T01:20:00z	 -10.002	 -5.496		  20.0	12	 35.792	4.547	198.50	 0.01		0.000	  0.03	 0.64																										
EGEE 3	st020c01	B	2006-06-06T01:20:00z	 -10.002	 -5.496		  40.0	11	 35.865	4.560	199.00	 0.01		0.000	  0.02	 0.62																										
EGEE 3	st020c01	B	2006-06-06T01:20:00z	 -10.002	 -5.496		  59.0	10	 36.217	4.701	205.10	 0.01		0.000	  0.06	 0.78																										
EGEE 3	st020c01	B	2006-06-06T01:20:00z	 -10.002	 -5.496		  80.0	 9	 36.323	4.522	197.10	 0.09		1.046	  0.25	 1.42																										
EGEE 3	st020c01	B	2006-06-06T01:20:00z	 -10.002	 -5.496		 100.0	 8	 36.079	3.577	155.80	 0.54		7.561	  0.66	 2.70																										
EGEE 3	st020c01	B	2006-06-06T01:20:00z	 -10.002	 -5.496		 130.0	 7	 35.522	2.192	 95.40	 0.03		20.916	  1.35	 6.19																										
EGEE 3	st020c01	B	2006-06-06T01:20:00z	 -10.002	 -5.496		 130.0	 6	 35.521	2.170	 94.40	 0.03		20.788	  1.38	 6.29																										
EGEE 3	st020c01	B	2006-06-06T01:20:00z	 -10.002	 -5.496		 161.0	 5	 35.204	2.391	104.10	 0.01		23.136	  1.53	 8.33																										
EGEE 3	st020c01	B	2006-06-06T01:20:00z	 -10.002	 -5.496		 300.0	 4	 34.842	2.347	102.10	 0.01		28.831	  1.88	13.33																										
EGEE 3	st020c01	B	2006-06-06T01:20:00z	 -10.002	 -5.496		 500.0	 3	 34.623	2.230	 97.00	 0.01		34.459	  2.25	20.49																										
EGEE 3	st020c01	B	2006-06-06T01:20:00z	 -10.002	 -5.496		 800.0	 2	 34.486	3.339	145.20	 0.01		33.573	  2.30	30.26																										
EGEE 3	st020c01	B	2006-06-06T01:20:00z	 -10.002	 -5.496		1002.0	 1	 34.588	3.608	156.90	 0.00		32.050	  2.23	32.37																										
EGEE 3	st021c01	B	2006-06-06T06:30:00z	  -9.989	 -6.001			22																																		
EGEE 3	st021c01	B	2006-06-06T06:30:00z	  -9.989	 -6.001			21																																		
EGEE 3	st021c01	B	2006-06-06T06:30:00z	  -9.989	 -6.001			20																																		
EGEE 3	st021c01	B	2006-06-06T06:30:00z	  -9.989	 -6.001			19																																		
EGEE 3	st021c01	B	2006-06-06T06:30:00z	  -9.989	 -6.001			18																																		
EGEE 3	st021c01	B	2006-06-06T06:30:00z	  -9.989	 -6.001			17																																		
EGEE 3	st021c01	B	2006-06-06T06:30:00z	  -9.989	 -6.001			16																																		
EGEE 3	st021c01	B	2006-06-06T06:30:00z	  -9.989	 -6.001			15																																		
EGEE 3	st021c01	B	2006-06-06T06:30:00z	  -9.989	 -6.001		   0.0	14	 36.064	4.538	198.00	 0.00		0.028	  0.02	 0.81																										
EGEE 3	st021c01	B	2006-06-06T06:30:00z	  -9.989	 -6.001		  10.0	13	 36.061	4.544	198.20	 0.00		0.034	  0.02	 0.80																										
EGEE 3	st021c01	B	2006-06-06T06:30:00z	  -9.989	 -6.001		  20.0	12	 36.062	4.540	198.10	 0.00		0.045	  0.04	 0.77																										
EGEE 3	st021c01	B	2006-06-06T06:30:00z	  -9.989	 -6.001		  40.0	11		4.281	186.90	 0.01		0.023	  0.01	 0.71																										
EGEE 3	st021c01	B	2006-06-06T06:30:00z	  -9.989	 -6.001		  60.0	10	 36.314	4.575	199.60	 0.00		0.026	  0.03	 0.82																										
EGEE 3	st021c01	B	2006-06-06T06:30:00z	  -9.989	 -6.001		  80.0	 9	 36.327	4.604	200.70	 0.02		0.566	  0.15	 1.29																										
EGEE 3	st021c01	B	2006-06-06T06:30:00z	  -9.989	 -6.001		 100.0	 8	 35.978	3.376	147.10	 0.48		8.732	  0.69	 3.05																										
EGEE 3	st021c01	B	2006-06-06T06:30:00z	  -9.989	 -6.001		 128.0	 7	 35.304	2.152	 93.70	 0.02		24.082	  1.47	 7.96																										
EGEE 3	st021c01	B	2006-06-06T06:30:00z	  -9.989	 -6.001		 160.0	 6	 35.060	2.437	106.10	 0.01		25.819	  1.64	10.15																										
EGEE 3	st021c01	B	2006-06-06T06:30:00z	  -9.989	 -6.001		 160.0	 5	 35.059	2.436	106.00	 0.01		25.823	  1.66	10.25																										
EGEE 3	st021c01	B	2006-06-06T06:30:00z	  -9.989	 -6.001		 300.0	 4	 34.828	2.124	 92.40	 0.01		31.574	  2.00	14.58																										
EGEE 3	st021c01	B	2006-06-06T06:30:00z	  -9.989	 -6.001		 500.0	 3	 34.638	2.110	 91.80	 0.00		35.878	  2.30	20.40																										
EGEE 3	st021c01	B	2006-06-06T06:30:00z	  -9.989	 -6.001		 800.0	 2	 34.493	3.236	140.70	 0.01		35.610	  2.41	31.14																										
EGEE 3	st021c01	B	2006-06-06T06:30:00z	  -9.989	 -6.001		1001.0	 1	 34.582	3.573	155.40	 0.00		33.607	  2.33	32.59																										
EGEE 3	st022c01	B	2006-06-07T11:30:00z	  -9.991	 -6.006			22																																		
EGEE 3	st022c01	B	2006-06-07T11:30:00z	  -9.991	 -6.006			21																																		
EGEE 3	st022c01	B	2006-06-07T11:30:00z	  -9.991	 -6.006			20																																		
EGEE 3	st022c01	B	2006-06-07T11:30:00z	  -9.991	 -6.006			19																																		
EGEE 3	st022c01	B	2006-06-07T11:30:00z	  -9.991	 -6.006			18																																		
EGEE 3	st022c01	B	2006-06-07T11:30:00z	  -9.991	 -6.006			17																																		
EGEE 3	st022c01	B	2006-06-07T11:30:00z	  -9.991	 -6.006			16																																		
EGEE 3	st022c01	B	2006-06-07T11:30:00z	  -9.991	 -6.006			15																																		
EGEE 3	st022c01	B	2006-06-07T11:30:00z	  -9.991	 -6.006			14																																		
EGEE 3	st022c01	B	2006-06-07T11:30:00z	  -9.991	 -6.006			13																																		
EGEE 3	st022c01	B	2006-06-07T11:30:00z	  -9.991	 -6.006			12																																		
EGEE 3	st022c01	B	2006-06-07T11:30:00z	  -9.991	 -6.006			11																																		
EGEE 3	st022c01	B	2006-06-07T11:30:00z	  -9.991	 -6.006			10																																		
EGEE 3	st022c01	B	2006-06-07T11:30:00z	  -9.991	 -6.006			 9																																		
EGEE 3	st022c01	B	2006-06-07T11:30:00z	  -9.991	 -6.006			 8																																		
EGEE 3	st022c01	B	2006-06-07T11:30:00z	  -9.991	 -6.006		   0.8	 7				 0.00		0.056	  0.01	 0.42																										
EGEE 3	st022c01	B	2006-06-07T11:30:00z	  -9.991	 -6.006		  50.0	 6				 0.00		0.039	  0.03	 0.47																										
EGEE 3	st022c01	B	2006-06-07T11:30:00z	  -9.991	 -6.006		  63.0	 5				 0.00		0.024	  0.08	 0.67																										
EGEE 3	st022c01	B	2006-06-07T11:30:00z	  -9.991	 -6.006		 153.0	 4				 0.02		24.150	  1.51	 8.13																										
EGEE 3	st022c01	B	2006-06-07T11:30:00z	  -9.991	 -6.006			 3																																		
EGEE 3	st022c01	B	2006-06-07T11:30:00z	  -9.991	 -6.006			 2																																		
EGEE 3	st022c01	B	2006-06-07T11:30:00z	  -9.991	 -6.006			 1																																		
EGEE 3	st023c01	B	2006-06-07T21:20:00z	  -9.994	 -6.018			22																																		
EGEE 3	st023c01	B	2006-06-07T21:20:00z	  -9.994	 -6.018			21																																		
EGEE 3	st023c01	B	2006-06-07T21:20:00z	  -9.994	 -6.018			20																																		
EGEE 3	st023c01	B	2006-06-07T21:20:00z	  -9.994	 -6.018			19																																		
EGEE 3	st023c01	B	2006-06-07T21:20:00z	  -9.994	 -6.018			18																																		
EGEE 3	st023c01	B	2006-06-07T21:20:00z	  -9.994	 -6.018			17																																		
EGEE 3	st023c01	B	2006-06-07T21:20:00z	  -9.994	 -6.018			16																																		
EGEE 3	st023c01	B	2006-06-07T21:20:00z	  -9.994	 -6.018			15																																		
EGEE 3	st023c01	B	2006-06-07T21:20:00z	  -9.994	 -6.018		   0.7	14	 36.014	4.557	198.80	 0.00		0.068	  0.01	 0.49																										
EGEE 3	st023c01	B	2006-06-07T21:20:00z	  -9.994	 -6.018		  10.0	13	 36.013	4.559	198.90	 0.00		0.010	  0.02	 0.50																										
EGEE 3	st023c01	B	2006-06-07T21:20:00z	  -9.994	 -6.018		  19.7	12	 36.013	4.565	199.20	 0.00		0.020	  0.00	 0.43																										
EGEE 3	st023c01	B	2006-06-07T21:20:00z	  -9.994	 -6.018		  40.0	11	 36.018	4.556	198.80	 0.00		0.000	  0.00	 0.51																										
EGEE 3	st023c01	B	2006-06-07T21:20:00z	  -9.994	 -6.018		  60.0	10	 36.531	4.649	202.70	 0.01		0.033	  0.08	 0.71																										
EGEE 3	st023c01	B	2006-06-07T21:20:00z	  -9.994	 -6.018		  79.4	 9	 36.157			 0.13		3.277	  0.39	 1.88																										
EGEE 3	st023c01	B	2006-06-07T21:20:00z	  -9.994	 -6.018		  99.0	 8	 35.867			 0.75		12.959	  0.93	 3.75																										
EGEE 3	st023c01	B	2006-06-07T21:20:00z	  -9.994	 -6.018		 130.0	 7	 35.437	2.083	 90.70	 0.02		22.845	  1.42	 6.93																										
EGEE 3	st023c01	B	2006-06-07T21:20:00z	  -9.994	 -6.018		 129.8	 6	 35.420	2.067	 89.90	 0.02		23.001	  1.44	 7.06																										
EGEE 3	st023c01	B	2006-06-07T21:20:00z	  -9.994	 -6.018		 160.0	 5	 35.199	2.374	103.30	 0.02		24.248	  1.55	 8.57																										
EGEE 3	st023c01	B	2006-06-07T21:20:00z	  -9.994	 -6.018		 300.0	 4	 34.855	2.062	 89.70	 0.01		31.214	  1.93	13.92																										
EGEE 3	st023c01	B	2006-06-07T21:20:00z	  -9.994	 -6.018		 500.0	 3	 34.618	2.191	 95.30	 0.00		36.290	  2.26	20.46																										
EGEE 3	st023c01	B	2006-06-07T21:20:00z	  -9.994	 -6.018		 797.0	 2	 34.490	3.229	140.40	 0.00		35.677	  2.34	29.97																										
EGEE 3	st023c01	B	2006-06-07T21:20:00z	  -9.994	 -6.018		1001.0	 1	 34.578	3.580	155.60	 0.00		33.596	  2.24	32.54																										
EGEE 3	st024c01	B	2006-06-08T01:00:00z	 -10.002	 -6.498			22																																		
EGEE 3	st024c01	B	2006-06-08T01:00:00z	 -10.002	 -6.498			21																																		
EGEE 3	st024c01	B	2006-06-08T01:00:00z	 -10.002	 -6.498			20																																		
EGEE 3	st024c01	B	2006-06-08T01:00:00z	 -10.002	 -6.498			19																																		
EGEE 3	st024c01	B	2006-06-08T01:00:00z	 -10.002	 -6.498			18																																		
EGEE 3	st024c01	B	2006-06-08T01:00:00z	 -10.002	 -6.498			17																																		
EGEE 3	st024c01	B	2006-06-08T01:00:00z	 -10.002	 -6.498			16																																		
EGEE 3	st024c01	B	2006-06-08T01:00:00z	 -10.002	 -6.498			15																																		
EGEE 3	st024c01	B	2006-06-08T01:00:00z	 -10.002	 -6.498		   1.0	14	 36.111	4.573	199.50	 0.00		0.020	  0.03	 0.89																										
EGEE 3	st024c01	B	2006-06-08T01:00:00z	 -10.002	 -6.498		  10.0	13	 36.110	4.575	199.60	 0.00		0.010	  0.03	 0.85																										
EGEE 3	st024c01	B	2006-06-08T01:00:00z	 -10.002	 -6.498		  20.0	12	 36.110	4.574	199.60	 0.00		0.020	  0.03	 0.88																										
EGEE 3	st024c01	B	2006-06-08T01:00:00z	 -10.002	 -6.498		  41.0	11	 36.162	4.585	200.10	 0.00		0.010	  0.02	 0.84																										
EGEE 3	st024c01	B	2006-06-08T01:00:00z	 -10.002	 -6.498		  60.0	10	 36.462	4.673	203.80	 0.00		0.136	  0.08	 1.07																										
EGEE 3	st024c01	B	2006-06-08T01:00:00z	 -10.002	 -6.498		  80.0	 9	 36.038	3.637	158.40	 0.26		7.826	  0.64	 2.98																										
EGEE 3	st024c01	B	2006-06-08T01:00:00z	 -10.002	 -6.498		 100.0	 8	 35.777	2.544	110.80	 0.33		16.766	  1.11	 4.62																										
EGEE 3	st024c01	B	2006-06-08T01:00:00z	 -10.002	 -6.498		 100.0	 7	 35.776	2.534	110.30	 0.32		16.886	  1.14	 4.72																										
EGEE 3	st024c01	B	2006-06-08T01:00:00z	 -10.002	 -6.498		 131.0	 6	 35.408	2.298	100.00	 0.01		21.992	  1.40	 6.94																										
EGEE 3	st024c01	B	2006-06-08T01:00:00z	 -10.002	 -6.498		 161.0	 5	 35.239	2.194	 95.50	 0.00		24.767	  1.57	 8.43																										
EGEE 3	st024c01	B	2006-06-08T01:00:00z	 -10.002	 -6.498		 300.0	 4	 35.239	2.196	 95.50	 0.00		30.439	  1.89	13.33																										
EGEE 3	st024c01	B	2006-06-08T01:00:00z	 -10.002	 -6.498		 499.0	 3	 34.665	2.015	 87.60	 0.00		36.283	  2.25	19.23																										
EGEE 3	st024c01	B	2006-06-08T01:00:00z	 -10.002	 -6.498		 800.0	 2	 34.484	3.302	143.60	 0.00		35.648	  2.34	30.19																										
EGEE 3	st024c01	B	2006-06-08T01:00:00z	 -10.002	 -6.498		1001.0	 1	 34.586	3.490	151.70	 0.00		34.329	  2.27	32.76																										
EGEE 3	st025c01	B	2006-06-08T05:40:00z	 -10.000	 -7.001			22																																		
EGEE 3	st025c01	B	2006-06-08T05:40:00z	 -10.000	 -7.001			21																																		
EGEE 3	st025c01	B	2006-06-08T05:40:00z	 -10.000	 -7.001			20																																		
EGEE 3	st025c01	B	2006-06-08T05:40:00z	 -10.000	 -7.001			19																																		
EGEE 3	st025c01	B	2006-06-08T05:40:00z	 -10.000	 -7.001			18																																		
EGEE 3	st025c01	B	2006-06-08T05:40:00z	 -10.000	 -7.001			17																																		
EGEE 3	st025c01	B	2006-06-08T05:40:00z	 -10.000	 -7.001			16																																		
EGEE 3	st025c01	B	2006-06-08T05:40:00z	 -10.000	 -7.001			15																																		
EGEE 3	st025c01	B	2006-06-08T05:40:00z	 -10.000	 -7.001		   0.0	14	 36.037	4.569	199.30	 0.01		0.000	  0.04	 0.69																										
EGEE 3	st025c01	B	2006-06-08T05:40:00z	 -10.000	 -7.001		  10.0	13	 36.037	4.573	199.50	 0.01		0.228	  0.03	 0.67																										
EGEE 3	st025c01	B	2006-06-08T05:40:00z	 -10.000	 -7.001		  20.0	12	 36.037	4.584	200.00	 0.01		0.186	  0.04	 0.64																										
EGEE 3	st025c01	B	2006-06-08T05:40:00z	 -10.000	 -7.001		  40.0	11	 36.053	4.569	199.30	 0.01		0.129	  0.04	 0.68																										
EGEE 3	st025c01	B	2006-06-08T05:40:00z	 -10.000	 -7.001		  60.0	10	 36.468	4.650	202.70	 0.04		0.840	  0.19	 1.18																										
EGEE 3	st025c01	B	2006-06-08T05:40:00z	 -10.000	 -7.001		  80.0	 9	 35.952	3.193	139.10	 0.52		11.254	  0.84	 3.42																										
EGEE 3	st025c01	B	2006-06-08T05:40:00z	 -10.000	 -7.001		  80.0	 8	 35.952	3.187	138.80	 0.53		11.229	  0.86	 3.44																										
EGEE 3	st025c01	B	2006-06-08T05:40:00z	 -10.000	 -7.001		 100.0	 7	 35.625	2.155	 93.90	 0.24		20.185	  1.33	 5.69																										
EGEE 3	st025c01	B	2006-06-08T05:40:00z	 -10.000	 -7.001		 130.0	 6	 35.395	2.070	 90.10	 0.02		23.197	  1.49	 7.17																										
EGEE 3	st025c01	B	2006-06-08T05:40:00z	 -10.000	 -7.001		 160.0	 5	 35.248	2.238	 97.50	 0.01		23.990	  1.54	 8.25																										
EGEE 3	st025c01	B	2006-06-08T05:40:00z	 -10.000	 -7.001		 300.0	 4	 34.944	1.739	 75.70	 0.01		31.221	  1.93	12.96																										
EGEE 3	st025c01	B	2006-06-08T05:40:00z	 -10.000	 -7.001		 500.0	 3	 34.711	1.559	 67.80	 0.01		37.293	  2.28	18.80																										
EGEE 3	st025c01	B	2006-06-08T05:40:00z	 -10.000	 -7.001		 800.0	 2	 34.498	3.167	137.80	 0.01		36.140	  2.36	31.36																										
EGEE 3	st025c01	B	2006-06-08T05:40:00z	 -10.000	 -7.001		1001.0	 1	 34.592	3.664	159.40	 0.00		33.368	  2.23	32.68																										
EGEE 3	st026c01	B	2006-06-08T11:45:00z	 -10.002	 -7.523			22																																		
EGEE 3	st026c01	B	2006-06-08T11:45:00z	 -10.002	 -7.523			21																																		
EGEE 3	st026c01	B	2006-06-08T11:45:00z	 -10.002	 -7.523		   2.0	20				 0.00		0.087	  0.01	 0.33																										
EGEE 3	st026c01	B	2006-06-08T11:45:00z	 -10.002	 -7.523		   2.0	19	 35.973	4.577	199.70	 0.01		0.001	  0.00	 0.34																										
EGEE 3	st026c01	B	2006-06-08T11:45:00z	 -10.002	 -7.523		  10.0	18	 35.973	4.580	199.80	 0.00		0.048	  0.01	 0.33																										
EGEE 3	st026c01	B	2006-06-08T11:45:00z	 -10.002	 -7.523		  20.0	17	 35.973	4.572	199.50	 0.01		0.002	  0.00	 0.35																										
EGEE 3	st026c01	B	2006-06-08T11:45:00z	 -10.002	 -7.523		  40.0	16	 36.064	4.590	200.30	 0.00		0.106	  0.01	 0.33																										
EGEE 3	st026c01	B	2006-06-08T11:45:00z	 -10.002	 -7.523			15				 0.00		0.075	  0.04	 0.47																										
EGEE 3	st026c01	B	2006-06-08T11:45:00z	 -10.002	 -7.523			14				 0.00		0.010	  0.04	 0.50																										
EGEE 3	st026c01	B	2006-06-08T11:45:00z	 -10.002	 -7.523		  59.0	13	 36.587	4.679	204.00	 0.00		0.026	  0.07	 0.61																										
EGEE 3	st026c01	B	2006-06-08T11:45:00z	 -10.002	 -7.523		  59.0	12	 36.563	4.690	204.50	 0.01		0.089	  0.09	 0.65																										
EGEE 3	st026c01	B	2006-06-08T11:45:00z	 -10.002	 -7.523			11				 0.01		3.645	  0.52	 1.85																										
EGEE 3	st026c01	B	2006-06-08T11:45:00z	 -10.002	 -7.523			10				 0.18		4.523	  0.43	 1.85																										
EGEE 3	st026c01	B	2006-06-08T11:45:00z	 -10.002	 -7.523		  80.0	 9	 35.730	2.473	107.70	 0.56		17.059	  1.12	 4.66																										
EGEE 3	st026c01	B	2006-06-08T11:45:00z	 -10.002	 -7.523		 100.0	 8	 35.478	1.797	 78.20	 0.03		23.504	  1.43	 6.79																										
EGEE 3	st026c01	B	2006-06-08T11:45:00z	 -10.002	 -7.523			 7	 35.000			 0.02		23.982	  1.51	 7.20																										
EGEE 3	st026c01	B	2006-06-08T11:45:00z	 -10.002	 -7.523		 130.0	 6	 35.423	1.847	 80.40	 0.02		23.903	  1.51	 7.15																										
EGEE 3	st026c01	B	2006-06-08T11:45:00z	 -10.002	 -7.523		 160.0	 5	 35.295	1.968	 85.70	 0.01		24.733	  1.58	 8.14																										
EGEE 3	st026c01	B	2006-06-08T11:45:00z	 -10.002	 -7.523		 300.0	 4	 34.937	1.936	 84.20	 0.00		29.908	  1.89	12.42																										
EGEE 3	st026c01	B	2006-06-08T11:45:00z	 -10.002	 -7.523		 499.0	 3	 34.717	1.261	 54.90	 0.00		38.535	  2.37	19.28																										
EGEE 3	st026c01	B	2006-06-08T11:45:00z	 -10.002	 -7.523		 800.0	 2	 34.494	3.023	131.50	 0.01		36.649	  2.42	29.49																										
EGEE 3	st026c01	B	2006-06-08T11:45:00z	 -10.002	 -7.523		1002.0	 1	 34.567	3.561	154.80	 0.00		34.036	  2.29	33.30																										
EGEE 3	st027c01	B	2006-06-08T15:45:00z	 -10.001	 -8.001			22																																		
EGEE 3	st027c01	B	2006-06-08T15:45:00z	 -10.001	 -8.001			21																																		
EGEE 3	st027c01	B	2006-06-08T15:45:00z	 -10.001	 -8.001			20																																		
EGEE 3	st027c01	B	2006-06-08T15:45:00z	 -10.001	 -8.001			19																																		
EGEE 3	st027c01	B	2006-06-08T15:45:00z	 -10.001	 -8.001			18																																		
EGEE 3	st027c01	B	2006-06-08T15:45:00z	 -10.001	 -8.001			17																																		
EGEE 3	st027c01	B	2006-06-08T15:45:00z	 -10.001	 -8.001			16																																		
EGEE 3	st027c01	B	2006-06-08T15:45:00z	 -10.001	 -8.001			15																																		
EGEE 3	st027c01	B	2006-06-08T15:45:00z	 -10.001	 -8.001		   2.0	14	 35.975	4.624	201.80	 0.00		0.000	  0.03	 0.80																										
EGEE 3	st027c01	B	2006-06-08T15:45:00z	 -10.001	 -8.001		  11.0	13	 35.974	4.597	200.60	 0.00		0.000	  0.03	 0.79																										
EGEE 3	st027c01	B	2006-06-08T15:45:00z	 -10.001	 -8.001		  20.0	12	 35.982	4.586	200.10	 0.00		0.000	  0.04	 0.79																										
EGEE 3	st027c01	B	2006-06-08T15:45:00z	 -10.001	 -8.001		  40.0	11	 36.562	4.625	201.70	 0.01		0.053	  0.08	 0.88																										
EGEE 3	st027c01	B	2006-06-08T15:45:00z	 -10.001	 -8.001		  40.0	10	 36.564	4.626	201.70	 0.01		0.000	  0.07	 0.87																										
EGEE 3	st027c01	B	2006-06-08T15:45:00z	 -10.001	 -8.001		  60.0	 9	 36.520	4.904	213.80	 0.01		0.067	  0.14	 1.16																										
EGEE 3	st027c01	B	2006-06-08T15:45:00z	 -10.001	 -8.001		  80.0	 8	 36.120	3.685	160.50	 0.33		8.369	  0.66	 2.83																										
EGEE 3	st027c01	B	2006-06-08T15:45:00z	 -10.001	 -8.001		 100.0	 7	 35.775	2.635	114.70	 0.23		16.976	  1.12	 4.84																										
EGEE 3	st027c01	B	2006-06-08T15:45:00z	 -10.001	 -8.001		 130.0	 6	 35.440	2.185	 95.10	 0.01		22.355	  1.41	 6.99																										
EGEE 3	st027c01	B	2006-06-08T15:45:00z	 -10.001	 -8.001		 160.0	 5	 35.207	2.117	 92.10	 0.00		25.238	  1.60	 8.97																										
EGEE 3	st027c01	B	2006-06-08T15:45:00z	 -10.001	 -8.001		 299.0	 4	 34.933	1.959	 85.30	 0.00		30.397	  1.90	12.60																										
EGEE 3	st027c01	B	2006-06-08T15:45:00z	 -10.001	 -8.001		 501.0	 3	 34.721	1.495	 65.00	 0.00		36.918	  2.28	18.37																										
EGEE 3	st027c01	B	2006-06-08T15:45:00z	 -10.001	 -8.001		 800.0	 2	 34.492	3.143	136.70	 0.00		35.941	  2.37	30.33																										
EGEE 3	st027c01	B	2006-06-08T15:45:00z	 -10.001	 -8.001		1000.0	 1	 34.557	3.587	156.00	 0.00		33.772	  2.28	33.12																										
EGEE 3	st028c01	B	2006-06-08T20:45:00z	 -10.002	 -8.503			22																																		
EGEE 3	st028c01	B	2006-06-08T20:45:00z	 -10.002	 -8.503			21																																		
EGEE 3	st028c01	B	2006-06-08T20:45:00z	 -10.002	 -8.503			20																																		
EGEE 3	st028c01	B	2006-06-08T20:45:00z	 -10.002	 -8.503			19																																		
EGEE 3	st028c01	B	2006-06-08T20:45:00z	 -10.002	 -8.503			18																																		
EGEE 3	st028c01	B	2006-06-08T20:45:00z	 -10.002	 -8.503			17																																		
EGEE 3	st028c01	B	2006-06-08T20:45:00z	 -10.002	 -8.503			16																																		
EGEE 3	st028c01	B	2006-06-08T20:45:00z	 -10.002	 -8.503			15																																		
EGEE 3	st028c01	B	2006-06-08T20:45:00z	 -10.002	 -8.503		   1.0	14	 36.039	4.585	200.00	 0.00		0.000	  0.03	 0.66																										
EGEE 3	st028c01	B	2006-06-08T20:45:00z	 -10.002	 -8.503		  10.0	13	 36.039	4.585	200.00	 0.00		0.000	  0.02	 0.65																										
EGEE 3	st028c01	B	2006-06-08T20:45:00z	 -10.002	 -8.503		  20.0	12	 36.039	4.587	200.10	 0.00		0.000	  0.03	 0.64																										
EGEE 3	st028c01	B	2006-06-08T20:45:00z	 -10.002	 -8.503		  20.0	11	 36.039	4.588	200.20	 0.01		0.000	  0.02	 0.62																										
EGEE 3	st028c01	B	2006-06-08T20:45:00z	 -10.002	 -8.503		  41.0	10	 36.055	4.584	200.00	 0.00		0.019	  0.02	 0.60																										
EGEE 3	st028c01	B	2006-06-08T20:45:00z	 -10.002	 -8.503		  59.0	 9	 36.537	4.651	202.80	 0.00		0.000	  0.06	 0.70																										
EGEE 3	st028c01	B	2006-06-08T20:45:00z	 -10.002	 -8.503		  80.0	 8	 36.244	4.259	185.50	 0.15		4.256	  0.41	 1.92																										
EGEE 3	st028c01	B	2006-06-08T20:45:00z	 -10.002	 -8.503		  99.0	 7	 35.814	2.816	122.60	 0.13		15.965	  1.05	 4.24																										
EGEE 3	st028c01	B	2006-06-08T20:45:00z	 -10.002	 -8.503		 129.0	 6	 35.532	2.372	103.20	 0.02		20.849	  1.31	 6.09																										
EGEE 3	st028c01	B	2006-06-08T20:45:00z	 -10.002	 -8.503		 156.0	 5	 35.322	2.090	 90.90	 0.01		24.052	  1.50	 7.76																										
EGEE 3	st028c01	B	2006-06-08T20:45:00z	 -10.002	 -8.503		 300.0	 4	 34.885	1.747	 76.00	 0.00		32.217	  1.97	13.49																										
EGEE 3	st028c01	B	2006-06-08T20:45:00z	 -10.002	 -8.503		 499.0	 3	 34.656	1.693	 73.60	 0.00		37.591	  2.32	20.12																										
EGEE 3	st028c01	B	2006-06-08T20:45:00z	 -10.002	 -8.503		 799.0	 2	 34.493	3.118	135.60	 0.00		35.909	  2.36	29.68																										
EGEE 3	st028c01	B	2006-06-08T20:45:00z	 -10.002	 -8.503		1000.0	 1	 34.585	3.600	156.50	 0.01		33.511	  2.24	32.52																										
EGEE 3	st029c01	B	2006-06-09T00:45:00z	 -10.001	 -9.002			22																																		
EGEE 3	st029c01	B	2006-06-09T00:45:00z	 -10.001	 -9.002			21																																		
EGEE 3	st029c01	B	2006-06-09T00:45:00z	 -10.001	 -9.002			20																																		
EGEE 3	st029c01	B	2006-06-09T00:45:00z	 -10.001	 -9.002			19																																		
EGEE 3	st029c01	B	2006-06-09T00:45:00z	 -10.001	 -9.002			18																																		
EGEE 3	st029c01	B	2006-06-09T00:45:00z	 -10.001	 -9.002			17																																		
EGEE 3	st029c01	B	2006-06-09T00:45:00z	 -10.001	 -9.002			16																																		
EGEE 3	st029c01	B	2006-06-09T00:45:00z	 -10.001	 -9.002			15																																		
EGEE 3	st029c01	B	2006-06-09T00:45:00z	 -10.001	 -9.002		   2.0	14	 36.001	4.592	200.30	 0.00		0.000	  0.03	 0.69																										
EGEE 3	st029c01	B	2006-06-09T00:45:00z	 -10.001	 -9.002		  11.0	13	 36.000	4.590	200.20	 0.00		0.000	  0.02	 0.67																										
EGEE 3	st029c01	B	2006-06-09T00:45:00z	 -10.001	 -9.002		  10.0	12	 36.001	4.592	200.30	 0.00		0.000	  0.03	 0.66																										
EGEE 3	st029c01	B	2006-06-09T00:45:00z	 -10.001	 -9.002		  20.0	11	 36.001	4.590	200.20	 0.00		0.000	  0.02	 0.61																										
EGEE 3	st029c01	B	2006-06-09T00:45:00z	 -10.001	 -9.002		  40.0	10	 36.002	4.597	200.50	 0.00		0.000	  0.01	 0.64																										
EGEE 3	st029c01	B	2006-06-09T00:45:00z	 -10.001	 -9.002		  60.0	 9	 36.262	4.669	203.60	 0.00		0.000	  0.04	 0.68																										
EGEE 3	st029c01	B	2006-06-09T00:45:00z	 -10.001	 -9.002		  80.0	 8	 36.438	4.682	204.00	 0.05		1.422	  0.25	 1.31																										
EGEE 3	st029c01	B	2006-06-09T00:45:00z	 -10.001	 -9.002		 100.0	 7	 35.942	2.963	129.00	 0.53		13.640	  0.94	 3.77																										
EGEE 3	st029c01	B	2006-06-09T00:45:00z	 -10.001	 -9.002		 130.0	 6	 35.470	2.210	 96.20	 0.02		21.990	  1.38	 6.64																										
EGEE 3	st029c01	B	2006-06-09T00:45:00z	 -10.001	 -9.002		 159.0	 5	 35.216	1.992	 86.60	 0.01		25.894	  1.62	 8.85																										
EGEE 3	st029c01	B	2006-06-09T00:45:00z	 -10.001	 -9.002		 301.0	 4	 34.884	1.670	 72.70	 0.00		32.606	  1.99	13.81																										
EGEE 3	st029c01	B	2006-06-09T00:45:00z	 -10.001	 -9.002		 500.0	 3	 34.693	1.614	 70.20	 0.00		37.191	  2.28	18.92																										
EGEE 3	st029c01	B	2006-06-09T00:45:00z	 -10.001	 -9.002		 799.0	 2	 34.490	3.090	134.40	 0.01		36.032	  2.35	29.07																										
EGEE 3	st029c01	B	2006-06-09T00:45:00z	 -10.001	 -9.002		1001.0	 1	 34.602	3.678	159.90	 0.01		33.032	  2.21	32.40																										
EGEE 3	st030c01	B	2006-06-09T05:00:00z	  -9.998	 -9.500			22																																		
EGEE 3	st030c01	B	2006-06-09T05:00:00z	  -9.998	 -9.500			21																																		
EGEE 3	st030c01	B	2006-06-09T05:00:00z	  -9.998	 -9.500			20																																		
EGEE 3	st030c01	B	2006-06-09T05:00:00z	  -9.998	 -9.500			19																																		
EGEE 3	st030c01	B	2006-06-09T05:00:00z	  -9.998	 -9.500			18																																		
EGEE 3	st030c01	B	2006-06-09T05:00:00z	  -9.998	 -9.500			17																																		
EGEE 3	st030c01	B	2006-06-09T05:00:00z	  -9.998	 -9.500			16																																		
EGEE 3	st030c01	B	2006-06-09T05:00:00z	  -9.998	 -9.500			15																																		
EGEE 3	st030c01	B	2006-06-09T05:00:00z	  -9.998	 -9.500		   0.0	14	 36.256	4.607	200.90	 0.00		0.000	  0.04	 0.72																										
EGEE 3	st030c01	B	2006-06-09T05:00:00z	  -9.998	 -9.500		   0.0	13	 36.257	4.590	200.20	 0.00		0.000	  0.04	 0.74																										
EGEE 3	st030c01	B	2006-06-09T05:00:00z	  -9.998	 -9.500		  10.0	12	 36.273	4.587	200.00	 0.00		0.000	  0.04	 0.69																										
EGEE 3	st030c01	B	2006-06-09T05:00:00z	  -9.998	 -9.500		  20.0	11	 36.361	4.594	200.30	 0.00		0.000	  0.05	 0.72																										
EGEE 3	st030c01	B	2006-06-09T05:00:00z	  -9.998	 -9.500		  40.0	10	 36.393	4.627	201.80	 0.00		0.000	  0.05	 0.70																										
EGEE 3	st030c01	B	2006-06-09T05:00:00z	  -9.998	 -9.500		  60.0	 9	 36.630	4.883	212.80	 0.00		0.000	  0.11	 0.95																										
EGEE 3	st030c01	B	2006-06-09T05:00:00z	  -9.998	 -9.500		  80.0	 8	 36.446	4.600	200.30	 0.09		2.232	  0.32	 1.49																										
EGEE 3	st030c01	B	2006-06-09T05:00:00z	  -9.998	 -9.500		 100.0	 7	 35.869	2.723	118.50	 0.20		15.734	  1.04	 4.25																										
EGEE 3	st030c01	B	2006-06-09T05:00:00z	  -9.998	 -9.500		 129.0	 6	 35.180	2.137	 93.00	 0.01		23.036	  1.46	 7.23																										
EGEE 3	st030c01	B	2006-06-09T05:00:00z	  -9.998	 -9.500		 160.0	 5	 35.181	1.962	 85.40	 0.00		26.284	  1.66	 9.29																										
EGEE 3	st030c01	B	2006-06-09T05:00:00z	  -9.998	 -9.500		 300.0	 4	 34.904	1.714	 74.50	 0.00		31.808	  1.98	13.71																										
EGEE 3	st030c01	B	2006-06-09T05:00:00z	  -9.998	 -9.500		 500.0	 3	 34.672	1.794	 78.00	 0.00		36.518	  2.29	19.54																										
EGEE 3	st030c01	B	2006-06-09T05:00:00z	  -9.998	 -9.500		 799.0	 2	 34.488	3.171	137.90	 0.00		35.589	  2.33	29.63																										
EGEE 3	st030c01	B	2006-06-09T05:00:00z	  -9.998	 -9.500		1002.0	 1	 34.574	3.651	158.70	 0.00		33.087	  2.22	32.17																										
EGEE 3	st031c01	B	2006-06-09T16:00:00z	  -9.906	-10.031			22																																		
EGEE 3	st031c01	B	2006-06-09T16:00:00z	  -9.906	-10.031			21																																		
EGEE 3	st031c01	B	2006-06-09T16:00:00z	  -9.906	-10.031		   2.4	20				 0.00		0.000	  0.07	 0.79																										
EGEE 3	st031c01	B	2006-06-09T16:00:00z	  -9.906	-10.031		   2.4	19		4.626	202.00	 0.00		0.000	  0.05	 0.78																										
EGEE 3	st031c01	B	2006-06-09T16:00:00z	  -9.906	-10.031		  11.0	18	 36.384	4.624	201.60	 0.00		0.000	  0.05	 0.79																										
EGEE 3	st031c01	B	2006-06-09T16:00:00z	  -9.906	-10.031		  20.0	17	 36.508	4.641	202.40	 0.00		0.000	  0.05	 0.77																										
EGEE 3	st031c01	B	2006-06-09T16:00:00z	  -9.906	-10.031		  40.0	16	 36.573	4.638	202.30	 0.00		0.000	  0.04	 0.82																										
EGEE 3	st031c01	B	2006-06-09T16:00:00z	  -9.906	-10.031		  50.0	15				 0.00		0.000	  0.07	 0.74																										
EGEE 3	st031c01	B	2006-06-09T16:00:00z	  -9.906	-10.031		  51.0	14				 0.00		0.000	  0.07	 0.82																										
EGEE 3	st031c01	B	2006-06-09T16:00:00z	  -9.906	-10.031		  60.0	13				 0.04		11.066	  0.72	 4.50																										
EGEE 3	st031c01	B	2006-06-09T16:00:00z	  -9.906	-10.031		  75.0	12				 0.01		0.000	  0.13	 0.90																										
EGEE 3	st031c01	B	2006-06-09T16:00:00z	  -9.906	-10.031		  75.0	11				 0.01		0.000	  0.10	 0.74																										
EGEE 3	st031c01	B	2006-06-09T16:00:00z	  -9.906	-10.031		  80.0	10	 36.728	5.130	223.50	 0.01		0.000	  0.10	 0.69																										
EGEE 3	st031c01	B	2006-06-09T16:00:00z	  -9.906	-10.031		 100.0	 9	 36.448	4.289	186.80	 0.27		3.877	  0.41	 1.54																										
EGEE 3	st031c01	B	2006-06-09T16:00:00z	  -9.906	-10.031		 130.0	 8				 0.04		19.594	  1.20	 5.25																										
EGEE 3	st031c01	B	2006-06-09T16:00:00z	  -9.906	-10.031		 130.0	 7	 35.651	2.342	101.90	 0.04		19.866	  1.25	 5.32																										
EGEE 3	st031c01	B	2006-06-09T16:00:00z	  -9.906	-10.031		 160.0	 6	 35.266	2.058	 89.60	 0.02		25.053	  1.58	 8.11																										
EGEE 3	st031c01	B	2006-06-09T16:00:00z	  -9.906	-10.031		 299.0	 5	 34.878	1.715	 74.60	 0.01		32.813	  1.99	13.86																										
EGEE 3	st031c01	B	2006-06-09T16:00:00z	  -9.906	-10.031		 501.0	 4	 34.661	1.998	 86.90	 0.01		36.065	  2.25	18.92																										
EGEE 3	st031c01	B	2006-06-09T16:00:00z	  -9.906	-10.031		 800.0	 3	 34.500	2.975	129.40	 0.01		36.480	  2.39	29.08																										
EGEE 3	st031c01	B	2006-06-09T16:00:00z	  -9.906	-10.031		1001.0	 2	 34.547	3.402	147.90	 0.01		34.892	  2.33	32.93																										
EGEE 3	st031c01	B	2006-06-09T16:00:00z	  -9.906	-10.031		1000.0	 1	 34.547	3.422	148.80	 0.01		34.822	  2.34	33.41																										
EGEE 3	st032c01	B	2006-06-10T10:00:00z	  -9.968	 -9.976			22																																		
EGEE 3	st032c01	B	2006-06-10T10:00:00z	  -9.968	 -9.976			21																																		
EGEE 3	st032c01	B	2006-06-10T10:00:00z	  -9.968	 -9.976			20																																		
EGEE 3	st032c01	B	2006-06-10T10:00:00z	  -9.968	 -9.976			19																																		
EGEE 3	st032c01	B	2006-06-10T10:00:00z	  -9.968	 -9.976			18																																		
EGEE 3	st032c01	B	2006-06-10T10:00:00z	  -9.968	 -9.976			17																																		
EGEE 3	st032c01	B	2006-06-10T10:00:00z	  -9.968	 -9.976			16																																		
EGEE 3	st032c01	B	2006-06-10T10:00:00z	  -9.968	 -9.976			15																																		
EGEE 3	st032c01	B	2006-06-10T10:00:00z	  -9.968	 -9.976			14																																		
EGEE 3	st032c01	B	2006-06-10T10:00:00z	  -9.968	 -9.976			13																																		
EGEE 3	st032c01	B	2006-06-10T10:00:00z	  -9.968	 -9.976			12																																		
EGEE 3	st032c01	B	2006-06-10T10:00:00z	  -9.968	 -9.976			11																																		
EGEE 3	st032c01	B	2006-06-10T10:00:00z	  -9.968	 -9.976			10																																		
EGEE 3	st032c01	B	2006-06-10T10:00:00z	  -9.968	 -9.976		   0.7	 9				 0.00		0.098	  0.08	 0.64																										
EGEE 3	st032c01	B	2006-06-10T10:00:00z	  -9.968	 -9.976		   1.2	 8				 0.00		0.000	  0.09	 0.64																										
EGEE 3	st032c01	B	2006-06-10T10:00:00z	  -9.968	 -9.976		   0.7	 7				 0.00		0.000	  0.09	 0.63																										
EGEE 3	st032c01	B	2006-06-10T10:00:00z	  -9.968	 -9.976		  59.9	 6				 0.00		0.235	  0.15	 0.62																										
EGEE 3	st032c01	B	2006-06-10T10:00:00z	  -9.968	 -9.976		  59.2	 5				 0.00		0.147	  0.17	 0.61																										
EGEE 3	st032c01	B	2006-06-10T10:00:00z	  -9.968	 -9.976		  79.9	 4				 0.06		0.928	  0.31	 0.96																										
EGEE 3	st032c01	B	2006-06-10T10:00:00z	  -9.968	 -9.976		  79.6	 3				 0.08		1.231	  0.33	 1.03																										
EGEE 3	st032c01	B	2006-06-10T10:00:00z	  -9.968	 -9.976		 129.8	 2				 0.01		22.288	  1.43	 6.36																										
EGEE 3	st032c01	B	2006-06-10T10:00:00z	  -9.968	 -9.976		 129.3	 1				 0.01		22.483	  1.46	 6.61																										
EGEE 3	st033c01	B	2006-06-10T22:40:00z	  -9.961	 -9.988			22																																		
EGEE 3	st033c01	B	2006-06-10T22:40:00z	  -9.961	 -9.988			21																																		
EGEE 3	st033c01	B	2006-06-10T22:40:00z	  -9.961	 -9.988			20																																		
EGEE 3	st033c01	B	2006-06-10T22:40:00z	  -9.961	 -9.988			19																																		
EGEE 3	st033c01	B	2006-06-10T22:40:00z	  -9.961	 -9.988			18																																		
EGEE 3	st033c01	B	2006-06-10T22:40:00z	  -9.961	 -9.988			17																																		
EGEE 3	st033c01	B	2006-06-10T22:40:00z	  -9.961	 -9.988			16																																		
EGEE 3	st033c01	B	2006-06-10T22:40:00z	  -9.961	 -9.988			15																																		
EGEE 3	st033c01	B	2006-06-10T22:40:00z	  -9.961	 -9.988			14																																		
EGEE 3	st033c01	B	2006-06-10T22:40:00z	  -9.961	 -9.988		   0.8	13	 36.514	4.610	201.00	 0.00		0.093	  0.08	 0.68																										
EGEE 3	st033c01	B	2006-06-10T22:40:00z	  -9.961	 -9.988		  10.0	12	 36.513	4.606	200.80	 0.00		0.073	  0.09	 0.69																										
EGEE 3	st033c01	B	2006-06-10T22:40:00z	  -9.961	 -9.988		  20.0	11	 36.532	4.620	201.40	 0.01		0.141	  0.06	 0.67																										
EGEE 3	st033c01	B	2006-06-10T22:40:00z	  -9.961	 -9.988		  39.0	10	 36.645	4.627	201.70	 0.01		0.131	  0.09	 0.71																										
EGEE 3	st033c01	B	2006-06-10T22:40:00z	  -9.961	 -9.988		  60.0	 9	 36.757	4.963	216.30	 0.01		0.118	  0.13	 0.68																										
EGEE 3	st033c01	B	2006-06-10T22:40:00z	  -9.961	 -9.988		  71.0	 8	 36.690	5.168	225.10	 0.01		0.128	  0.15	 0.70																										
EGEE 3	st033c01	B	2006-06-10T22:40:00z	  -9.961	 -9.988		  99.0	 7	 35.998	3.052	132.90	 0.34		13.421	  0.93	 3.65																										
EGEE 3	st033c01	B	2006-06-10T22:40:00z	  -9.961	 -9.988		 397.0	 6	 34.912	1.758	 76.50	 0.01		31.073	  1.89	13.02																										
EGEE 3	st033c01	B	2006-06-10T22:40:00z	  -9.961	 -9.988		 499.0	 5	 34.668	1.987	 86.40	 0.01		35.911	  2.17	18.97																										
EGEE 3	st033c01	B	2006-06-10T22:40:00z	  -9.961	 -9.988		 797.0	 4	 34.496	3.008	130.80	 0.01		36.525	  2.35	30.36																										
EGEE 3	st033c01	B	2006-06-10T22:40:00z	  -9.961	 -9.988		 999.0	 3	 34.567	2.908	126.50	 0.01		34.212	  2.27	33.68																										
EGEE 3	st033c01	B	2006-06-10T22:40:00z	  -9.961	 -9.988		1498.0	 2	 34.891	4.880	212.10	 0.00		24.328	  1.64	24.59																										
EGEE 3	st033c01	B	2006-06-10T22:40:00z	  -9.961	 -9.988		2001.0	 1	 34.935	5.432	236.20	 0.00		21.572	  1.49	26.81																										
EGEE 3	st034c01	B	2006-06-14T08:45:00z	  +0.022	 +0.002			22																																		
EGEE 3	st034c01	B	2006-06-14T08:45:00z	  +0.022	 +0.002			21																																		
EGEE 3	st034c01	B	2006-06-14T08:45:00z	  +0.022	 +0.002			20																																		
EGEE 3	st034c01	B	2006-06-14T08:45:00z	  +0.022	 +0.002			19																																		
EGEE 3	st034c01	B	2006-06-14T08:45:00z	  +0.022	 +0.002			18																																		
EGEE 3	st034c01	B	2006-06-14T08:45:00z	  +0.022	 +0.002			17																																		
EGEE 3	st034c01	B	2006-06-14T08:45:00z	  +0.022	 +0.002		   0.0	16				 0.00		0.059	  0.02	 1.14																										
EGEE 3	st034c01	B	2006-06-14T08:45:00z	  +0.022	 +0.002		   0.3	15				 0.00		0.059	  0.03	 1.15																										
EGEE 3	st034c01	B	2006-06-14T08:45:00z	  +0.022	 +0.002		   0.6	14	 34.862	4.530	197.90	 0.00		0.068	  0.01	 1.14																										
EGEE 3	st034c01	B	2006-06-14T08:45:00z	  +0.022	 +0.002		   9.8	13	 34.862	4.527	197.70	 0.00		0.088	  0.00	 1.17																										
EGEE 3	st034c01	B	2006-06-14T08:45:00z	  +0.022	 +0.002		  20.0	12	 34.862	4.532	198.00	 0.00		0.068	  0.00	 1.23																										
EGEE 3	st034c01	B	2006-06-14T08:45:00z	  +0.022	 +0.002		  28.0	11	 35.166	4.581	200.00	 0.00		0.144	  0.04	 1.32																										
EGEE 3	st034c01	B	2006-06-14T08:45:00z	  +0.022	 +0.002		  29.0	10				 0.01		0.262	  0.09	 1.67																										
EGEE 3	st034c01	B	2006-06-14T08:45:00z	  +0.022	 +0.002		  39.0	 9	 36.021	4.149	180.70	 0.15		4.273	  0.44	 2.92																										
EGEE 3	st034c01	B	2006-06-14T08:45:00z	  +0.022	 +0.002		  60.0	 8	 35.911	3.487	151.80	 0.21		10.678	  0.80	 4.34																										
EGEE 3	st034c01	B	2006-06-14T08:45:00z	  +0.022	 +0.002		  79.0	 7	 35.746	3.448	150.10	 0.07		12.582	  0.93	 4.90																										
EGEE 3	st034c01	B	2006-06-14T08:45:00z	  +0.022	 +0.002		 100.0	 6	 35.608	3.157	137.40	 0.02		15.174	  1.10	 5.87																										
EGEE 3	st034c01	B	2006-06-14T08:45:00z	  +0.022	 +0.002		 128.0	 5	 35.577	3.360	146.20	 0.01		14.557	  1.08	 5.75																										
EGEE 3	st034c01	B	2006-06-14T08:45:00z	  +0.022	 +0.002		 128.0	 4	 35.577	3.375	146.90	 0.01		14.509	  1.08	 5.71																										
EGEE 3	st034c01	B	2006-06-14T08:45:00z	  +0.022	 +0.002		 160.0	 3	 35.531	3.286	143.00	 0.01		15.346	  1.15	 6.01																										
EGEE 3	st034c01	B	2006-06-14T08:45:00z	  +0.022	 +0.002		 298.0	 2	 34.952	1.617	 70.30	 0.00		31.435	  2.00	13.90																										
EGEE 3	st034c01	B	2006-06-14T08:45:00z	  +0.022	 +0.002		 501.0	 1	 34.643	2.544	110.70	 0.00		33.557	  2.22	20.12																										
EGEE 3	st035c01	B	2006-06-15T01:30:00z	  +2.833	 +1.000			22																																		
EGEE 3	st035c01	B	2006-06-15T01:30:00z	  +2.833	 +1.000			21																																		
EGEE 3	st035c01	B	2006-06-15T01:30:00z	  +2.833	 +1.000			20																																		
EGEE 3	st035c01	B	2006-06-15T01:30:00z	  +2.833	 +1.000			19																																		
EGEE 3	st035c01	B	2006-06-15T01:30:00z	  +2.833	 +1.000			18																																		
EGEE 3	st035c01	B	2006-06-15T01:30:00z	  +2.833	 +1.000			17																																		
EGEE 3	st035c01	B	2006-06-15T01:30:00z	  +2.833	 +1.000			16																																		
EGEE 3	st035c01	B	2006-06-15T01:30:00z	  +2.833	 +1.000			15																																		
EGEE 3	st035c01	B	2006-06-15T01:30:00z	  +2.833	 +1.000			14																																		
EGEE 3	st035c01	B	2006-06-15T01:30:00z	  +2.833	 +1.000			13																																		
EGEE 3	st035c01	B	2006-06-15T01:30:00z	  +2.833	 +1.000		   1.0	12	 34.909	4.518	197.40	 0.01		0.010	  0.03	 0.60																										
EGEE 3	st035c01	B	2006-06-15T01:30:00z	  +2.833	 +1.000		  11.0	11	 34.910	4.514	197.20	 0.01		0.000	  0.03	 0.58																										
EGEE 3	st035c01	B	2006-06-15T01:30:00z	  +2.833	 +1.000		  20.0	10	 35.109	4.509	196.90	 0.01		0.083	  0.06	 0.80																										
EGEE 3	st035c01	B	2006-06-15T01:30:00z	  +2.833	 +1.000		  40.0	 9	 35.925	4.045	176.20	 0.13		2.412	  0.43	 2.34																										
EGEE 3	st035c01	B	2006-06-15T01:30:00z	  +2.833	 +1.000		  61.0	 8	 35.733	3.001	130.70	 0.10		12.922	  1.03	 4.65																										
EGEE 3	st035c01	B	2006-06-15T01:30:00z	  +2.833	 +1.000		  81.0	 7	 35.586	3.230	140.60	 0.03		13.255	  1.09	 5.35																										
EGEE 3	st035c01	B	2006-06-15T01:30:00z	  +2.833	 +1.000		 101.0	 6	 35.548	3.133	136.40	 0.02		14.153	  1.15	 5.64																										
EGEE 3	st035c01	B	2006-06-15T01:30:00z	  +2.833	 +1.000		 130.0	 5	 35.521	3.126	136.10	 0.01		14.119	  1.17	 5.83																										
EGEE 3	st035c01	B	2006-06-15T01:30:00z	  +2.833	 +1.000		 160.0	 4	 35.505	3.038	132.30	 0.01		14.580	  1.23	 5.97																										
EGEE 3	st035c01	B	2006-06-15T01:30:00z	  +2.833	 +1.000		 300.0	 3	 34.999	1.771	 77.10	 0.00		26.918	  1.92	12.60																										
EGEE 3	st035c01	B	2006-06-15T01:30:00z	  +2.833	 +1.000		 500.0	 2	 34.666	2.329	101.30	 0.01		30.374	  2.21	19.23																										
EGEE 3	st035c01	B	2006-06-15T01:30:00z	  +2.833	 +1.000		 500.0	 1	 34.671	2.304	100.20	 0.00		30.661	  2.22	18.84																										
EGEE 3	st036c01	B	2006-06-15T11:00:00z	  +2.833	 +2.009			22																																		
EGEE 3	st036c01	B	2006-06-15T11:00:00z	  +2.833	 +2.009			21																																		
EGEE 3	st036c01	B	2006-06-15T11:00:00z	  +2.833	 +2.009			20																																		
EGEE 3	st036c01	B	2006-06-15T11:00:00z	  +2.833	 +2.009			19																																		
EGEE 3	st036c01	B	2006-06-15T11:00:00z	  +2.833	 +2.009			18																																		
EGEE 3	st036c01	B	2006-06-15T11:00:00z	  +2.833	 +2.009		   1.0	17																																		
EGEE 3	st036c01	B	2006-06-15T11:00:00z	  +2.833	 +2.009		   1.0	16																																		
EGEE 3	st036c01	B	2006-06-15T11:00:00z	  +2.833	 +2.009		   1.0	15	 34.632	4.513	197.20	 0.01		0.014	  0.02	 0.62																										
EGEE 3	st036c01	B	2006-06-15T11:00:00z	  +2.833	 +2.009		   9.0	14	 34.632	4.517	197.40	 0.01		0.032	  0.03	 0.61																										
EGEE 3	st036c01	B	2006-06-15T11:00:00z	  +2.833	 +2.009		  20.0	13	 34.632	4.537	198.20	 0.01		0.021	  0.02	 0.59																										
EGEE 3	st036c01	B	2006-06-15T11:00:00z	  +2.833	 +2.009		  39.0	12	 36.082	4.438	193.40	 0.12		0.991	  0.31	 1.60																										
EGEE 3	st036c01	B	2006-06-15T11:00:00z	  +2.833	 +2.009		  39.0	11	 36.068	4.306	187.60	 0.18		1.472	  0.35	 1.82																										
EGEE 3	st036c01	B	2006-06-15T11:00:00z	  +2.833	 +2.009		  59.0	10	 35.916	3.335	145.20	 0.06		11.662	  0.85	 3.64																										
EGEE 3	st036c01	B	2006-06-15T11:00:00z	  +2.833	 +2.009		  79.0	 9	 35.789	3.166	137.80	 0.03		13.987	  0.99	 4.37																										
EGEE 3	st036c01	B	2006-06-15T11:00:00z	  +2.833	 +2.009		  99.0	 8	 35.691	2.619	114.00	 0.02		17.661	  1.19	 5.40																										
EGEE 3	st036c01	B	2006-06-15T11:00:00z	  +2.833	 +2.009		 130.0	 7	 35.585	2.271	 98.90	 0.01		19.230	  1.36	 6.48																										
EGEE 3	st036c01	B	2006-06-15T11:00:00z	  +2.833	 +2.009		 130.0	 6	 35.551	2.271	 98.80	 0.01		18.633	  1.36	 6.38																										
EGEE 3	st036c01	B	2006-06-15T11:00:00z	  +2.833	 +2.009		 160.0	 5	 35.518	2.180	 94.90	 0.01		19.908	  1.44	 7.38																										
EGEE 3	st036c01	B	2006-06-15T11:00:00z	  +2.833	 +2.009		 300.0	 4	 35.037	1.763	 76.70	 0.00		28.382	  1.89	12.09																										
EGEE 3	st036c01	B	2006-06-15T11:00:00z	  +2.833	 +2.009		 300.0	 3	 35.037	1.745	 75.90	 0.01		27.443	  1.90	12.10																										
EGEE 3	st036c01	B	2006-06-15T11:00:00z	  +2.833	 +2.009		 499.0	 2	 34.704	1.967	 85.50	 0.00		33.527	  2.27	19.36																										
EGEE 3	st036c01	B	2006-06-15T11:00:00z	  +2.833	 +2.009		 703.0	 1	 34.539	3.040	132.20	 0.00		31.768	  2.26	24.82																										
EGEE 3	st037c01	B	2006-06-15T14:20:00z	  +2.834	 +2.505			22																																		
EGEE 3	st037c01	B	2006-06-15T14:20:00z	  +2.834	 +2.505			21																																		
EGEE 3	st037c01	B	2006-06-15T14:20:00z	  +2.834	 +2.505			20																																		
EGEE 3	st037c01	B	2006-06-15T14:20:00z	  +2.834	 +2.505			19																																		
EGEE 3	st037c01	B	2006-06-15T14:20:00z	  +2.834	 +2.505			18																																		
EGEE 3	st037c01	B	2006-06-15T14:20:00z	  +2.834	 +2.505			17																																		
EGEE 3	st037c01	B	2006-06-15T14:20:00z	  +2.834	 +2.505			16																																		
EGEE 3	st037c01	B	2006-06-15T14:20:00z	  +2.834	 +2.505			15																																		
EGEE 3	st037c01	B	2006-06-15T14:20:00z	  +2.834	 +2.505		   1.0	14	 34.600	4.534	198.10	 0.00		0.107	  0.04	 0.81																										
EGEE 3	st037c01	B	2006-06-15T14:20:00z	  +2.834	 +2.505		  10.0	13	 34.600	4.521	197.50	 0.00		0.102	  0.02	 0.83																										
EGEE 3	st037c01	B	2006-06-15T14:20:00z	  +2.834	 +2.505		  20.0	12	 34.697	4.529	197.90	 0.01		0.107	  0.03	 0.90																										
EGEE 3	st037c01	B	2006-06-15T14:20:00z	  +2.834	 +2.505		  40.0	11	 36.018	3.573	155.60	 0.61		4.188	  0.64	 2.68																										
EGEE 3	st037c01	B	2006-06-15T14:20:00z	  +2.834	 +2.505		  50.0	10	 35.000			 0.31		9.715	  0.79	 2.93																										
EGEE 3	st037c01	B	2006-06-15T14:20:00z	  +2.834	 +2.505		  60.0	 9	 35.856	3.118	135.80	 0.04		12.402	  0.93	 3.62																										
EGEE 3	st037c01	B	2006-06-15T14:20:00z	  +2.834	 +2.505		  80.0	 8	 35.804	3.135	136.50	 0.02		13.235	  1.00	 4.27																										
EGEE 3	st037c01	B	2006-06-15T14:20:00z	  +2.834	 +2.505		 100.0	 7	 35.739	3.080	134.10	 0.02		13.705	  1.09	 4.71																										
EGEE 3	st037c01	B	2006-06-15T14:20:00z	  +2.834	 +2.505		 130.0	 6	 35.624	2.322	101.10	 0.02		18.089	  1.35	 6.03																										
EGEE 3	st037c01	B	2006-06-15T14:20:00z	  +2.834	 +2.505		 160.0	 5	 35.536	2.045	 89.00	 0.01		19.606	  1.49	 7.15																										
EGEE 3	st037c01	B	2006-06-15T14:20:00z	  +2.834	 +2.505		 160.0	 4	 35.535	2.050	 89.20	 0.02		19.380	  1.49	 7.13																										
EGEE 3	st037c01	B	2006-06-15T14:20:00z	  +2.834	 +2.505		 300.0	 3	 35.040	1.315	 57.20	 0.02		29.302	  2.03	13.07																										
EGEE 3	st037c01	B	2006-06-15T14:20:00z	  +2.834	 +2.505		 501.0	 2	 34.666	2.170	 94.40	 0.01		31.967	  2.31	20.24																										
EGEE 3	st037c01	B	2006-06-15T14:20:00z	  +2.834	 +2.505		 701.0	 1	 34.548	2.783	121.00	 0.01		31.734	  2.40	25.68																										
EGEE 3	st038c01	B	2006-06-15T18:00:00z	  +2.835	 +3.000			22																																		
EGEE 3	st038c01	B	2006-06-15T18:00:00z	  +2.835	 +3.000			21																																		
EGEE 3	st038c01	B	2006-06-15T18:00:00z	  +2.835	 +3.000			20																																		
EGEE 3	st038c01	B	2006-06-15T18:00:00z	  +2.835	 +3.000			19																																		
EGEE 3	st038c01	B	2006-06-15T18:00:00z	  +2.835	 +3.000			18																																		
EGEE 3	st038c01	B	2006-06-15T18:00:00z	  +2.835	 +3.000			17																																		
EGEE 3	st038c01	B	2006-06-15T18:00:00z	  +2.835	 +3.000			16																																		
EGEE 3	st038c01	B	2006-06-15T18:00:00z	  +2.835	 +3.000			15																																		
EGEE 3	st038c01	B	2006-06-15T18:00:00z	  +2.835	 +3.000			14																																		
EGEE 3	st038c01	B	2006-06-15T18:00:00z	  +2.835	 +3.000		   0.0	13	 34.561	4.537	198.30	 0.00		1.756	  0.03	 0.87																										
EGEE 3	st038c01	B	2006-06-15T18:00:00z	  +2.835	 +3.000		  10.0	12	 34.578	4.547	198.70	 0.00		1.710	  0.02	 0.81																										
EGEE 3	st038c01	B	2006-06-15T18:00:00z	  +2.835	 +3.000		  19.0	11	 34.633	4.548	198.70	 0.00		1.423	  0.02	 0.82																										
EGEE 3	st038c01	B	2006-06-15T18:00:00z	  +2.835	 +3.000		  41.0	10	 36.063	3.913	170.50	 0.35		2.303	  0.41	 1.86																										
EGEE 3	st038c01	B	2006-06-15T18:00:00z	  +2.835	 +3.000		  60.0	 9	 36.020	3.379	147.10	 0.07		10.431	  0.77	 1.95																										
EGEE 3	st038c01	B	2006-06-15T18:00:00z	  +2.835	 +3.000		  79.0	 8	 35.898	3.175	138.30	 0.03		13.328	  0.91	 3.78																										
EGEE 3	st038c01	B	2006-06-15T18:00:00z	  +2.835	 +3.000		 100.0	 7	 35.796	3.349	145.80	 0.03		14.065	  0.98	 4.07																										
EGEE 3	st038c01	B	2006-06-15T18:00:00z	  +2.835	 +3.000		 129.0	 6	 35.660	2.578	112.30	 0.01		19.721	  1.23	 5.35																										
EGEE 3	st038c01	B	2006-06-15T18:00:00z	  +2.835	 +3.000		 130.0	 5	 35.652	2.556	111.30	 0.01		20.070	  1.24	 5.47																										
EGEE 3	st038c01	B	2006-06-15T18:00:00z	  +2.835	 +3.000		 159.0	 4	 35.588	2.338	101.80	 0.00		22.529	  1.36	 6.07																										
EGEE 3	st038c01	B	2006-06-15T18:00:00z	  +2.835	 +3.000		 300.0	 3	 35.042	1.350	 58.70	 0.00		34.943	  2.02	12.50																										
EGEE 3	st038c01	B	2006-06-15T18:00:00z	  +2.835	 +3.000		 499.0	 2	 34.654	2.132	 92.70	 0.00		38.246	  2.35	20.40																										
EGEE 3	st038c01	B	2006-06-15T18:00:00z	  +2.835	 +3.000		 701.0	 1	 34.556	2.670	116.10	 0.00		38.631	  2.46	25.99																										
EGEE 3	st039c01	B	2006-06-15T22:00:00z	  +2.839	 +3.502			22																																		
EGEE 3	st039c01	B	2006-06-15T22:00:00z	  +2.839	 +3.502			21																																		
EGEE 3	st039c01	B	2006-06-15T22:00:00z	  +2.839	 +3.502			20																																		
EGEE 3	st039c01	B	2006-06-15T22:00:00z	  +2.839	 +3.502			19																																		
EGEE 3	st039c01	B	2006-06-15T22:00:00z	  +2.839	 +3.502			18																																		
EGEE 3	st039c01	B	2006-06-15T22:00:00z	  +2.839	 +3.502			17																																		
EGEE 3	st039c01	B	2006-06-15T22:00:00z	  +2.839	 +3.502			16																																		
EGEE 3	st039c01	B	2006-06-15T22:00:00z	  +2.839	 +3.502			15																																		
EGEE 3	st039c01	B	2006-06-15T22:00:00z	  +2.839	 +3.502			14																																		
EGEE 3	st039c01	B	2006-06-15T22:00:00z	  +2.839	 +3.502		   0.4	13	 34.390	4.549	198.80	 0.00		0.000	  0.01	 0.44																										
EGEE 3	st039c01	B	2006-06-15T22:00:00z	  +2.839	 +3.502		   9.8	12	 34.397	4.539	198.40	 0.00		0.000	  0.00	 0.51																										
EGEE 3	st039c01	B	2006-06-15T22:00:00z	  +2.839	 +3.502		  19.6	11	 35.648	4.558	198.80	 0.01		0.056	  0.06	 0.97																										
EGEE 3	st039c01	B	2006-06-15T22:00:00z	  +2.839	 +3.502		  39.0	10	 36.155	3.866	168.40	 0.56		4.493	  0.45	 2.10																										
EGEE 3	st039c01	B	2006-06-15T22:00:00z	  +2.839	 +3.502		  59.0	 9	 36.045	3.413	148.60	 0.17		9.889	  0.73	 3.06																										
EGEE 3	st039c01	B	2006-06-15T22:00:00z	  +2.839	 +3.502		  79.0	 8	 35.964	3.368	146.60	 0.08		11.182	  0.82	 3.48																										
EGEE 3	st039c01	B	2006-06-15T22:00:00z	  +2.839	 +3.502		 100.0	 7	 35.836	3.175	138.20	 0.04		13.182	  0.96	 4.14																										
EGEE 3	st039c01	B	2006-06-15T22:00:00z	  +2.839	 +3.502		 100.0	 6	 35.833	3.176	138.30	 0.04		13.310	  0.95	 4.15																										
EGEE 3	st039c01	B	2006-06-15T22:00:00z	  +2.839	 +3.502		 130.0	 5	 35.751	3.284	143.00	 0.03		13.630	  1.00	 4.38																										
EGEE 3	st039c01	B	2006-06-15T22:00:00z	  +2.839	 +3.502		 160.0	 4	 35.622	2.727	118.70	 0.01		17.568	  1.20	 5.53																										
EGEE 3	st039c01	B	2006-06-15T22:00:00z	  +2.839	 +3.502		 299.0	 3	 35.063	1.290	 56.10	 0.00		31.774	  1.96	12.79																										
EGEE 3	st039c01	B	2006-06-15T22:00:00z	  +2.839	 +3.502		 498.0	 2	 34.685	1.976	 86.00	 0.00		36.220	  2.30	20.44																										
EGEE 3	st039c01	B	2006-06-15T22:00:00z	  +2.839	 +3.502		 703.0	 1	 34.557	2.659	115.60	 0.00		36.367	  2.40	26.01																										
EGEE 3	st040c01	B	2006-06-16T02:00:00z	  +2.839	 +4.001			22																																		
EGEE 3	st040c01	B	2006-06-16T02:00:00z	  +2.839	 +4.001			21																																		
EGEE 3	st040c01	B	2006-06-16T02:00:00z	  +2.839	 +4.001			20																																		
EGEE 3	st040c01	B	2006-06-16T02:00:00z	  +2.839	 +4.001			19																																		
EGEE 3	st040c01	B	2006-06-16T02:00:00z	  +2.839	 +4.001			18																																		
EGEE 3	st040c01	B	2006-06-16T02:00:00z	  +2.839	 +4.001			17																																		
EGEE 3	st040c01	B	2006-06-16T02:00:00z	  +2.839	 +4.001			16																																		
EGEE 3	st040c01	B	2006-06-16T02:00:00z	  +2.839	 +4.001			15																																		
EGEE 3	st040c01	B	2006-06-16T02:00:00z	  +2.839	 +4.001			14																																		
EGEE 3	st040c01	B	2006-06-16T02:00:00z	  +2.839	 +4.001		   1.5	13	 34.411	4.502	196.80	 0.00		0.058	  0.01	 0.83																										
EGEE 3	st040c01	B	2006-06-16T02:00:00z	  +2.839	 +4.001		  11.0	12	 34.423	4.504	196.80	 0.00		0.047	  0.01	 0.86																										
EGEE 3	st040c01	B	2006-06-16T02:00:00z	  +2.839	 +4.001		  20.0	11	 35.888	4.340	189.20	 0.01		0.101	  0.11	 1.09																										
EGEE 3	st040c01	B	2006-06-16T02:00:00z	  +2.839	 +4.001		  40.0	10	 36.125	4.130	179.90	 0.27		2.500	  0.32	 1.84																										
EGEE 3	st040c01	B	2006-06-16T02:00:00z	  +2.839	 +4.001		  60.0	 9	 36.080	3.516	153.10	 0.32		9.228	  0.68	 2.60																										
EGEE 3	st040c01	B	2006-06-16T02:00:00z	  +2.839	 +4.001		  80.0	 8	 35.964	3.422	149.00	 0.11		11.060	  0.81	 3.22																										
EGEE 3	st040c01	B	2006-06-16T02:00:00z	  +2.839	 +4.001		  80.0	 7	 35.957	3.417	148.80	 0.11		11.208	  0.84	 3.36																										
EGEE 3	st040c01	B	2006-06-16T02:00:00z	  +2.839	 +4.001		 100.0	 6	 35.814	3.199	139.20	 0.05		13.516	  0.98	 4.07																										
EGEE 3	st040c01	B	2006-06-16T02:00:00z	  +2.839	 +4.001		 130.0	 5	 35.693	2.963	129.00	 0.02		15.885	  1.12	 4.86																										
EGEE 3	st040c01	B	2006-06-16T02:00:00z	  +2.839	 +4.001		 159.0	 4	 35.605	2.590	112.70	 0.01		18.387	  1.28	 5.89																										
EGEE 3	st040c01	B	2006-06-16T02:00:00z	  +2.839	 +4.001		 300.0	 3	 35.110	1.330	 57.90	 0.01		31.147	  1.93	11.75																										
EGEE 3	st040c01	B	2006-06-16T02:00:00z	  +2.839	 +4.001		 500.0	 2	 34.683	1.897	 82.50	 0.00		36.455	  2.35	20.62																										
EGEE 3	st040c01	B	2006-06-16T02:00:00z	  +2.839	 +4.001			 1																																		
EGEE 3	st041c01	B	2006-06-20T10:00:00z	  +6.000	 +3.695			22																																		
EGEE 3	st041c01	B	2006-06-20T10:00:00z	  +6.000	 +3.695			21																																		
EGEE 3	st041c01	B	2006-06-20T10:00:00z	  +6.000	 +3.695		   0.4	20	 34.105	4.547	198.70	 0.00		0.038	  0.05	 1.44																										
EGEE 3	st041c01	B	2006-06-20T10:00:00z	  +6.000	 +3.695		   0.5	19				 0.01		0.037	  0.05	 1.50																										
EGEE 3	st041c01	B	2006-06-20T10:00:00z	  +6.000	 +3.695		   0.5	18				 0.01		0.043	  0.04	 1.50																										
EGEE 3	st041c01	B	2006-06-20T10:00:00z	  +6.000	 +3.695		   1.0	17				 0.01		0.033	  0.03	 1.48																										
EGEE 3	st041c01	B	2006-06-20T10:00:00z	  +6.000	 +3.695		   9.0	16	 34.248	4.548	198.70	 0.01		0.003	  0.04	 1.39																										
EGEE 3	st041c01	B	2006-06-20T10:00:00z	  +6.000	 +3.695		  20.0	15	 34.606	4.567	199.40	 0.01		0.008	  0.05	 1.25																										
EGEE 3	st041c01	B	2006-06-20T10:00:00z	  +6.000	 +3.695		  31.0	14	 35.062	4.092	178.60	 0.08		1.844	  0.20	 2.77																										
EGEE 3	st041c01	B	2006-06-20T10:00:00z	  +6.000	 +3.695		  30.0	13				 0.10		2.335	  0.24	 2.88																										
EGEE 3	st041c01	B	2006-06-20T10:00:00z	  +6.000	 +3.695		  31.0	12				 0.12		3.564	  0.36	 3.19																										
EGEE 3	st041c01	B	2006-06-20T10:00:00z	  +6.000	 +3.695		  30.0	11	 35.519	3.624	158.00	 0.16		6.151	  0.53	 3.74																										
EGEE 3	st041c01	B	2006-06-20T10:00:00z	  +6.000	 +3.695		  40.0	10	 35.920	2.957	128.80	 0.09		12.287	  0.89	 4.48																										
EGEE 3	st041c01	B	2006-06-20T10:00:00z	  +6.000	 +3.695		  59.0	 9	 35.808	2.723	118.60	 0.05		14.925	  1.07	 5.17																										
EGEE 3	st041c01	B	2006-06-20T10:00:00z	  +6.000	 +3.695		  79.0	 8	 35.757	2.655	115.60	 0.02		16.203	  1.16	 5.95																										
EGEE 3	st041c01	B	2006-06-20T10:00:00z	  +6.000	 +3.695		 100.0	 7	 35.728	2.576	112.20	 0.02		16.693	  1.19	 6.08																										
EGEE 3	st041c01	B	2006-06-20T10:00:00z	  +6.000	 +3.695		 129.0	 6				 0.01		17.354	  1.26	 6.22																										
EGEE 3	st041c01	B	2006-06-20T10:00:00z	  +6.000	 +3.695		 129.0	 5				 0.01		17.382	  1.27	 6.33																										
EGEE 3	st041c01	B	2006-06-20T10:00:00z	  +6.000	 +3.695		 129.0	 4				 0.01		17.315	  1.28	 6.19																										
EGEE 3	st041c01	B	2006-06-20T10:00:00z	  +6.000	 +3.695		 129.0	 3	 35.696	2.526	110.00	 0.01		17.406	  1.28	 6.36																										
EGEE 3	st041c01	B	2006-06-20T10:00:00z	  +6.000	 +3.695		 159.0	 2	 35.656	2.355	102.50	 0.00		18.430	  1.35	 7.15																										
EGEE 3	st041c01	B	2006-06-20T10:00:00z	  +6.000	 +3.695		 202.0	 1	 35.470	1.918	 83.50	 0.00		22.855	  1.58	 8.85																										
EGEE 3	st042c01	B	2006-06-20T14:00:00z	  +5.994	 +3.317			22																																		
EGEE 3	st042c01	B	2006-06-20T14:00:00z	  +5.994	 +3.317			21																																		
EGEE 3	st042c01	B	2006-06-20T14:00:00z	  +5.994	 +3.317			20																																		
EGEE 3	st042c01	B	2006-06-20T14:00:00z	  +5.994	 +3.317			19																																		
EGEE 3	st042c01	B	2006-06-20T14:00:00z	  +5.994	 +3.317			18																																		
EGEE 3	st042c01	B	2006-06-20T14:00:00z	  +5.994	 +3.317		   0.6	17				 0.01		0.023	  0.04	 0.67																										
EGEE 3	st042c01	B	2006-06-20T14:00:00z	  +5.994	 +3.317		   0.8	16				 0.00		0.037	  0.04	 0.74																										
EGEE 3	st042c01	B	2006-06-20T14:00:00z	  +5.994	 +3.317		   0.7	15	 34.478	4.569	199.70	 0.00		0.027	  0.04	 0.64																										
EGEE 3	st042c01	B	2006-06-20T14:00:00z	  +5.994	 +3.317		  10.5	14	 34.514	4.569	199.70	 0.00		0.025	  0.04	 0.62																										
EGEE 3	st042c01	B	2006-06-20T14:00:00z	  +5.994	 +3.317		  20.4	13	 34.564	4.552	198.90	 0.01		0.032	  0.04	 0.60																										
EGEE 3	st042c01	B	2006-06-20T14:00:00z	  +5.994	 +3.317		  30.4	12		4.341	189.40	 0.11		1.407	  0.29	 0.53																										
EGEE 3	st042c01	B	2006-06-20T14:00:00z	  +5.994	 +3.317		  30.6	11	 35.865	4.055	176.70	 0.20		3.145	  0.41	 0.98																										
EGEE 3	st042c01	B	2006-06-20T14:00:00z	  +5.994	 +3.317		  40.1	10	 35.971	3.224	140.40	 0.30		9.500	  0.78	 2.94																										
EGEE 3	st042c01	B	2006-06-20T14:00:00z	  +5.994	 +3.317		  61.0	 9	 35.930	3.240	141.10	 0.05		11.849	  0.91	 3.49																										
EGEE 3	st042c01	B	2006-06-20T14:00:00z	  +5.994	 +3.317		  80.4	 8	 35.804	2.903	126.40	 0.04		14.611	  1.09	 4.58																										
EGEE 3	st042c01	B	2006-06-20T14:00:00z	  +5.994	 +3.317		 100.5	 7	 35.716	2.490	108.40	 0.03		17.375	  1.25	 5.54																										
EGEE 3	st042c01	B	2006-06-20T14:00:00z	  +5.994	 +3.317		 131.1	 6				 0.02		16.834	  1.24	 5.42																										
EGEE 3	st042c01	B	2006-06-20T14:00:00z	  +5.994	 +3.317		 131.1	 5	 35.671	2.717	118.30	 0.01		16.845	  1.25	 5.49																										
EGEE 3	st042c01	B	2006-06-20T14:00:00z	  +5.994	 +3.317		 160.3	 4	 35.596	2.473	107.60	 0.01		18.796	  1.37	 6.36																										
EGEE 3	st042c01	B	2006-06-20T14:00:00z	  +5.994	 +3.317		 298.8	 3	 35.040	1.645	 71.60	 0.01		30.646	  1.99	12.43																										
EGEE 3	st042c01	B	2006-06-20T14:00:00z	  +5.994	 +3.317		 500.1	 2	 34.676	1.989	 86.50	 0.00		36.014	  2.35	21.04																										
EGEE 3	st042c01	B	2006-06-20T14:00:00z	  +5.994	 +3.317		 500.7	 1	 34.680	1.950	 84.80	 0.01		36.170	  2.40	21.01																										
EGEE 3	st043c01	B	2006-06-20T16:00:00z	  +6.001	 +3.000			22																																		
EGEE 3	st043c01	B	2006-06-20T16:00:00z	  +6.001	 +3.000			21																																		
EGEE 3	st043c01	B	2006-06-20T16:00:00z	  +6.001	 +3.000			20																																		
EGEE 3	st043c01	B	2006-06-20T16:00:00z	  +6.001	 +3.000			19																																		
EGEE 3	st043c01	B	2006-06-20T16:00:00z	  +6.001	 +3.000			18																																		
EGEE 3	st043c01	B	2006-06-20T16:00:00z	  +6.001	 +3.000			17																																		
EGEE 3	st043c01	B	2006-06-20T16:00:00z	  +6.001	 +3.000			16																																		
EGEE 3	st043c01	B	2006-06-20T16:00:00z	  +6.001	 +3.000			15																																		
EGEE 3	st043c01	B	2006-06-20T16:00:00z	  +6.001	 +3.000			14																																		
EGEE 3	st043c01	B	2006-06-20T16:00:00z	  +6.001	 +3.000			13																																		
EGEE 3	st043c01	B	2006-06-20T16:00:00z	  +6.001	 +3.000		   0.6	12	 34.398	4.555	199.10	 0.00		0.205	  0.04	 0.69																										
EGEE 3	st043c01	B	2006-06-20T16:00:00z	  +6.001	 +3.000		  10.4	11	 34.399	4.559	199.30	 0.00		0.223	  0.04	 0.65																										
EGEE 3	st043c01	B	2006-06-20T16:00:00z	  +6.001	 +3.000		  19.0	10	 34.439	4.540	198.40	 0.01		0.257	  0.04	 0.74																										
EGEE 3	st043c01	B	2006-06-20T16:00:00z	  +6.001	 +3.000		  38.6	 9	 36.066	3.509	152.90	 0.26		8.374	  0.68	 2.71																										
EGEE 3	st043c01	B	2006-06-20T16:00:00z	  +6.001	 +3.000		  60.2	 8	 35.970	3.284	143.00	 0.06		10.944	  0.83	 3.31																										
EGEE 3	st043c01	B	2006-06-20T16:00:00z	  +6.001	 +3.000		  78.9	 7	 35.907	3.245	141.30	 0.04		12.109	  0.90	 3.80																										
EGEE 3	st043c01	B	2006-06-20T16:00:00z	  +6.001	 +3.000		  99.3	 6	 35.763	2.973	129.40	 0.02		14.851	  1.09	 4.85																										
EGEE 3	st043c01	B	2006-06-20T16:00:00z	  +6.001	 +3.000		 129.2	 5	 35.634	2.580	112.30	 0.02		18.019	  1.27	 6.09																										
EGEE 3	st043c01	B	2006-06-20T16:00:00z	  +6.001	 +3.000		 159.2	 4	 35.578	2.259	 98.40	 0.02		20.169	  1.38	 6.83																										
EGEE 3	st043c01	B	2006-06-20T16:00:00z	  +6.001	 +3.000		 299.0	 3	 35.025	1.302	 56.70	 0.02		32.359	  2.01	13.32																										
EGEE 3	st043c01	B	2006-06-20T16:00:00z	  +6.001	 +3.000		 299.0	 2	 35.024	1.313	 57.10	 0.00		32.438	  2.05	13.66																										
EGEE 3	st043c01	B	2006-06-20T16:00:00z	  +6.001	 +3.000		 501.0	 1	 34.681	1.976	 85.90	 0.01		35.690	  2.34	20.73																										
EGEE 3	st044c01	B	2006-06-20T20:00:00z	  +6.001	 +2.505			22																																		
EGEE 3	st044c01	B	2006-06-20T20:00:00z	  +6.001	 +2.505			21																																		
EGEE 3	st044c01	B	2006-06-20T20:00:00z	  +6.001	 +2.505			20																																		
EGEE 3	st044c01	B	2006-06-20T20:00:00z	  +6.001	 +2.505			19																																		
EGEE 3	st044c01	B	2006-06-20T20:00:00z	  +6.001	 +2.505			18																																		
EGEE 3	st044c01	B	2006-06-20T20:00:00z	  +6.001	 +2.505			17																																		
EGEE 3	st044c01	B	2006-06-20T20:00:00z	  +6.001	 +2.505			16																																		
EGEE 3	st044c01	B	2006-06-20T20:00:00z	  +6.001	 +2.505			15																																		
EGEE 3	st044c01	B	2006-06-20T20:00:00z	  +6.001	 +2.505			14																																		
EGEE 3	st044c01	B	2006-06-20T20:00:00z	  +6.001	 +2.505			13																																		
EGEE 3	st044c01	B	2006-06-20T20:00:00z	  +6.001	 +2.505		   0.9	12	 34.571	4.531	198.00	 0.00		0.000	  0.03	 0.68																										
EGEE 3	st044c01	B	2006-06-20T20:00:00z	  +6.001	 +2.505		  10.0	11	 34.570	4.535	198.10	 0.00		0.000	  0.04	 0.66																										
EGEE 3	st044c01	B	2006-06-20T20:00:00z	  +6.001	 +2.505		  19.0	10	 34.576	4.525	197.70	 0.00		0.000	  0.03	 0.65																										
EGEE 3	st044c01	B	2006-06-20T20:00:00z	  +6.001	 +2.505		  39.0	 9	 35.948	3.291	143.40	 0.28		8.572	  0.69	 3.21																										
EGEE 3	st044c01	B	2006-06-20T20:00:00z	  +6.001	 +2.505		  59.0	 8	 35.973	3.182	138.60	 0.05		11.449	  0.86	 3.39																										
EGEE 3	st044c01	B	2006-06-20T20:00:00z	  +6.001	 +2.505		  79.0	 7	 35.837	3.314	144.30	 0.04		12.449	  0.95	 3.99																										
EGEE 3	st044c01	B	2006-06-20T20:00:00z	  +6.001	 +2.505		  99.0	 6	 35.728	3.386	147.40	 0.03		13.232	  1.00	 4.39																										
EGEE 3	st044c01	B	2006-06-20T20:00:00z	  +6.001	 +2.505		 129.0	 5	 35.662	3.255	141.70	 0.01		14.532	  1.09	 4.93																										
EGEE 3	st044c01	B	2006-06-20T20:00:00z	  +6.001	 +2.505		 160.0	 4	 35.591	2.727	118.70	 0.00		17.449	  1.26	 6.00																										
EGEE 3	st044c01	B	2006-06-20T20:00:00z	  +6.001	 +2.505		 160.0	 3	 35.589	2.665	116.00	 0.00		17.940	  1.30	 6.09																										
EGEE 3	st044c01	B	2006-06-20T20:00:00z	  +6.001	 +2.505		 299.0	 2	 35.025	1.543	 67.10	 0.00		30.992	  1.98	13.05																										
EGEE 3	st044c01	B	2006-06-20T20:00:00z	  +6.001	 +2.505		 501.0	 1	 34.681	1.979	 86.10	 0.00		35.878	  2.36	20.65																										
EGEE 3	st045c01	B	2006-06-21T01:00:00z	  +6.001	 +2.505			22																																		
EGEE 3	st045c01	B	2006-06-21T01:00:00z	  +6.001	 +2.505			21																																		
EGEE 3	st045c01	B	2006-06-21T01:00:00z	  +6.001	 +2.505			20																																		
EGEE 3	st045c01	B	2006-06-21T01:00:00z	  +6.001	 +2.505			19																																		
EGEE 3	st045c01	B	2006-06-21T01:00:00z	  +6.001	 +2.505		   0.0	18	 33.915	4.426	193.40																															
EGEE 3	st045c01	B	2006-06-21T01:00:00z	  +6.001	 +2.505			17																																		
EGEE 3	st045c01	B	2006-06-21T01:00:00z	  +6.001	 +2.505			16																																		
EGEE 3	st045c01	B	2006-06-21T01:00:00z	  +6.001	 +2.505		   1.4	15	 34.115	4.571	199.70	 0.00		0.049	  0.03	 0.60																										
EGEE 3	st045c01	B	2006-06-21T01:00:00z	  +6.001	 +2.505		  10.4	14	 34.117	4.567	199.60	 0.01		0.053	  0.03	 0.57																										
EGEE 3	st045c01	B	2006-06-21T01:00:00z	  +6.001	 +2.505		  20.4	13	 34.234	4.554	199.00	 0.00		0.088	  0.03	 0.53																										
EGEE 3	st045c01	B	2006-06-21T01:00:00z	  +6.001	 +2.505		  40.3	12	 35.963	3.190	139.00	 0.54		10.027	  0.77	 3.25																										
EGEE 3	st045c01	B	2006-06-21T01:00:00z	  +6.001	 +2.505		  60.4	11	 35.924	3.244	141.30	 0.04		11.966	  0.87	 3.54																										
EGEE 3	st045c01	B	2006-06-21T01:00:00z	  +6.001	 +2.505		  80.9	10	 35.824	3.361	146.40	 0.04		12.410	  0.93	 4.04																										
EGEE 3	st045c01	B	2006-06-21T01:00:00z	  +6.001	 +2.505		 100.6	 9	 35.712	3.443	149.90	 0.02		13.196	  1.01	 4.39																										
EGEE 3	st045c01	B	2006-06-21T01:00:00z	  +6.001	 +2.505		 128.3	 8	 35.674	3.365	146.50	 0.01		13.867	  1.05	 4.62																										
EGEE 3	st045c01	B	2006-06-21T01:00:00z	  +6.001	 +2.505		 159.3	 7	 35.591	2.766	120.40	 0.00		17.529	  1.26	 5.80																										
EGEE 3	st045c01	B	2006-06-21T01:00:00z	  +6.001	 +2.505		 296.8	 6	 35.023	1.707	 74.30	 0.00		30.400	  1.92	12.31																										
EGEE 3	st045c01	B	2006-06-21T01:00:00z	  +6.001	 +2.505		 499.5	 5	 34.663	2.189	 95.30	 0.01		35.378	  2.26	19.99																										
EGEE 3	st045c01	B	2006-06-21T01:00:00z	  +6.001	 +2.505		 999.4	 4	 34.620	3.429	149.20	 0.00		33.361	  2.29	30.49																										
EGEE 3	st045c01	B	2006-06-21T01:00:00z	  +6.001	 +2.505		1500.7	 3	 34.951	5.059	220.10	 0.00		22.231	  1.61	20.01																										
EGEE 3	st045c01	B	2006-06-21T01:00:00z	  +6.001	 +2.505		2001.0	 2	 34.956	5.516	239.90	 0.00		20.677	  1.47	24.54																										
EGEE 3	st045c01	B	2006-06-21T01:00:00z	  +6.001	 +2.505		2001.0	 1	 34.956	5.519	240.00	 0.00		20.799	  1.51	24.47																										
EGEE 3	st046c01	B	2006-06-21T06:00:00z	  +6.000	 +1.498			22																																		
EGEE 3	st046c01	B	2006-06-21T06:00:00z	  +6.000	 +1.498			21																																		
EGEE 3	st046c01	B	2006-06-21T06:00:00z	  +6.000	 +1.498			20																																		
EGEE 3	st046c01	B	2006-06-21T06:00:00z	  +6.000	 +1.498			19																																		
EGEE 3	st046c01	B	2006-06-21T06:00:00z	  +6.000	 +1.498			18																																		
EGEE 3	st046c01	B	2006-06-21T06:00:00z	  +6.000	 +1.498			17																																		
EGEE 3	st046c01	B	2006-06-21T06:00:00z	  +6.000	 +1.498			16																																		
EGEE 3	st046c01	B	2006-06-21T06:00:00z	  +6.000	 +1.498			15																																		
EGEE 3	st046c01	B	2006-06-21T06:00:00z	  +6.000	 +1.498			14																																		
EGEE 3	st046c01	B	2006-06-21T06:00:00z	  +6.000	 +1.498			13																																		
EGEE 3	st046c01	B	2006-06-21T06:00:00z	  +6.000	 +1.498		   0.5	12	 34.914	4.569	199.50	 0.00		0.076	  0.02	 0.60																										
EGEE 3	st046c01	B	2006-06-21T06:00:00z	  +6.000	 +1.498		   9.6	11	 34.916	4.567	199.50	 0.01		0.092	  0.02	 0.68																										
EGEE 3	st046c01	B	2006-06-21T06:00:00z	  +6.000	 +1.498		  19.4	10	 34.014	4.557	199.10	 0.00		0.133	  0.02	 0.64																										
EGEE 3	st046c01	B	2006-06-21T06:00:00z	  +6.000	 +1.498		  39.8	 9	 36.043	3.486	151.80	 0.14		9.385	  0.72	 3.09																										
EGEE 3	st046c01	B	2006-06-21T06:00:00z	  +6.000	 +1.498		  59.0	 8	 35.954	3.459	150.60	 0.09		10.736	  0.83	 3.53																										
EGEE 3	st046c01	B	2006-06-21T06:00:00z	  +6.000	 +1.498		  79.4	 7	 35.849	3.387	147.50	 0.04		12.138	  0.91	 3.95																										
EGEE 3	st046c01	B	2006-06-21T06:00:00z	  +6.000	 +1.498		  99.5	 6	 35.746	3.457	150.50	 0.03		12.779	  0.97	 4.35																										
EGEE 3	st046c01	B	2006-06-21T06:00:00z	  +6.000	 +1.498		 126.0	 5	 35.707	3.402	148.10	 0.02		13.410	  1.03	 4.62																										
EGEE 3	st046c01	B	2006-06-21T06:00:00z	  +6.000	 +1.498		 126.0	 4	 35.704	3.421	148.90	 0.02		13.516	  1.04	 4.60																										
EGEE 3	st046c01	B	2006-06-21T06:00:00z	  +6.000	 +1.498		 159.0	 3	 35.629	3.091	134.50	 0.01		15.671	  1.18	 5.33																										
EGEE 3	st046c01	B	2006-06-21T06:00:00z	  +6.000	 +1.498		 299.5	 2	 34.973	1.516	 65.90	 0.01		32.113	  2.01	13.28																										
EGEE 3	st046c01	B	2006-06-21T06:00:00z	  +6.000	 +1.498		 503.0	 1	 34.671	2.088	 90.80	 0.01		35.795	  2.32	20.42																										
EGEE 3	st047c01	B	2006-06-21T10:30:00z	  +5.999	 +0.996			22																																		
EGEE 3	st047c01	B	2006-06-21T10:30:00z	  +5.999	 +0.996			21																																		
EGEE 3	st047c01	B	2006-06-21T10:30:00z	  +5.999	 +0.996			20																																		
EGEE 3	st047c01	B	2006-06-21T10:30:00z	  +5.999	 +0.996		   0.0	19	 33.900	4.578	200.10	 0.00		0.020	  0.05	 0.88																										
EGEE 3	st047c01	B	2006-06-21T10:30:00z	  +5.999	 +0.996		   0.0	18				 0.00		0.029	  0.05	 0.91																										
EGEE 3	st047c01	B	2006-06-21T10:30:00z	  +5.999	 +0.996		   0.0	17	 33.907	4.605	201.30	 0.00		0.039	  0.04	 0.91																										
EGEE 3	st047c01	B	2006-06-21T10:30:00z	  +5.999	 +0.996		   8.0	16	 33.957	4.588	200.50	 0.00		0.049	  0.04	 0.94																										
EGEE 3	st047c01	B	2006-06-21T10:30:00z	  +5.999	 +0.996		  19.0	15	 34.502	4.519	197.30	 0.01		0.277	  0.08	 1.03																										
EGEE 3	st047c01	B	2006-06-21T10:30:00z	  +5.999	 +0.996		  34.0	14				 0.29		6.039	  0.55	 2.58																										
EGEE 3	st047c01	B	2006-06-21T10:30:00z	  +5.999	 +0.996		  34.0	13				 0.29		5.976	  0.58	 2.67																										
EGEE 3	st047c01	B	2006-06-21T10:30:00z	  +5.999	 +0.996		  40.0	12	 34.501	3.327	145.10	 0.49		10.460	  0.84	 3.56																										
EGEE 3	st047c01	B	2006-06-21T10:30:00z	  +5.999	 +0.996		  59.0	11	 35.933	3.474	151.30	 0.06		10.812	  0.85	 3.64																										
EGEE 3	st047c01	B	2006-06-21T10:30:00z	  +5.999	 +0.996		  79.0	10																																		
EGEE 3	st047c01	B	2006-06-21T10:30:00z	  +5.999	 +0.996		  99.0	 9	 35.674	3.181	138.50	 0.01		14.662	  1.06	 4.92																										
EGEE 3	st047c01	B	2006-06-21T10:30:00z	  +5.999	 +0.996		 129.0	 8	 35.638	3.059	133.10	 0.00		15.572	  1.14	 5.35																										
EGEE 3	st047c01	B	2006-06-21T10:30:00z	  +5.999	 +0.996		 129.0	 7	 35.638	3.074	133.80	 0.00		15.532	  1.16	 5.35																										
EGEE 3	st047c01	B	2006-06-21T10:30:00z	  +5.999	 +0.996		 159.0	 6	 35.575	2.941	128.00	 0.00		16.902	  1.20	 5.69																										
EGEE 3	st047c01	B	2006-06-21T10:30:00z	  +5.999	 +0.996		 299.0	 5	 34.957	1.427	 62.10	 0.00		32.843	  2.05	13.86																										
EGEE 3	st047c01	B	2006-06-21T10:30:00z	  +5.999	 +0.996		 499.0	 4	 34.673	2.105	 91.60	 0.00		35.511	  2.28	19.89																										
EGEE 3	st047c01	B	2006-06-21T10:30:00z	  +5.999	 +0.996		1000.0	 3	 34.610	3.441	149.60	 0.00		33.410	  2.30	30.61																										
EGEE 3	st047c01	B	2006-06-21T10:30:00z	  +5.999	 +0.996		1498.0	 2	 34.948	5.100	221.70	 0.00		22.416	  1.61	19.32																										
EGEE 3	st047c01	B	2006-06-21T10:30:00z	  +5.999	 +0.996		2000.0	 1	 34.951	5.625	244.50	 0.00		20.374	  1.47	23.10																										
EGEE 3	st048c01	B	2006-06-21T15:30:00z	  +5.991	 +0.487		   1.2	22				 0.00		0.034	  0.04	 0.73																										
EGEE 3	st048c01	B	2006-06-21T15:30:00z	  +5.991	 +0.487		   1.2	21				 0.00		0.019	  0.03	 0.74																										
EGEE 3	st048c01	B	2006-06-21T15:30:00z	  +5.991	 +0.487		   1.2	20				 0.00		0.020	  0.02	 0.72																										
EGEE 3	st048c01	B	2006-06-21T15:30:00z	  +5.991	 +0.487		   1.2	19	 33.868	4.621	202.00	 0.00		0.029	  0.00	 0.73																										
EGEE 3	st048c01	B	2006-06-21T15:30:00z	  +5.991	 +0.487		   8.9	18	 33.917	4.644	202.90	 0.00		0.028	  0.00	 0.83																										
EGEE 3	st048c01	B	2006-06-21T15:30:00z	  +5.991	 +0.487		  19.5	17	 34.348	4.644	202.90	 0.00		0.018	  0.00	 0.94																										
EGEE 3	st048c01	B	2006-06-21T15:30:00z	  +5.991	 +0.487		  39.2	16				 0.16		4.498	  0.31	 2.36																										
EGEE 3	st048c01	B	2006-06-21T15:30:00z	  +5.991	 +0.487		  39.2	15				 0.17		4.647	  0.35	 2.35																										
EGEE 3	st048c01	B	2006-06-21T15:30:00z	  +5.991	 +0.487		  39.2	14				 0.17		4.692	  0.37	 2.40																										
EGEE 3	st048c01	B	2006-06-21T15:30:00z	  +5.991	 +0.487		  39.2	13	 36.058	4.041	176.00	 0.19		4.943	  0.40	 2.51																										
EGEE 3	st048c01	B	2006-06-21T15:30:00z	  +5.991	 +0.487		  59.1	12	 35.946	3.620	157.60	 0.34		9.743	  0.66	 3.40																										
EGEE 3	st048c01	B	2006-06-21T15:30:00z	  +5.991	 +0.487		  80.5	11	 35.902	3.499	152.40	 0.21		10.683	  0.71	 3.62																										
EGEE 3	st048c01	B	2006-06-21T15:30:00z	  +5.991	 +0.487		  99.4	10	 35.776	3.375	146.90	 0.05		12.670	  0.85	 4.31																										
EGEE 3	st048c01	B	2006-06-21T15:30:00z	  +5.991	 +0.487		  99.4	 9	 35.775	3.401	148.10	 0.05		12.493	  0.87	 4.32																										
EGEE 3	st048c01	B	2006-06-21T15:30:00z	  +5.991	 +0.487		 131.8	 8				 0.02		14.606	  0.97	 4.97																										
EGEE 3	st048c01	B	2006-06-21T15:30:00z	  +5.991	 +0.487		 131.1	 7	 35.604	3.315	144.30	 0.02		14.668	  1.00	 5.10																										
EGEE 3	st048c01	B	2006-06-21T15:30:00z	  +5.991	 +0.487		 160.0	 6	 35.570	3.219	140.10	 0.02		15.423	  1.05	 5.37																										
EGEE 3	st048c01	B	2006-06-21T15:30:00z	  +5.991	 +0.487		 299.9	 5	 34.926	1.542	 67.10	 0.01		32.478	  1.96	13.91																										
EGEE 3	st048c01	B	2006-06-21T15:30:00z	  +5.991	 +0.487		 499.9	 4	 34.666	2.221	 96.60	 0.00		34.891	  2.17	19.23																										
EGEE 3	st048c01	B	2006-06-21T15:30:00z	  +5.991	 +0.487		 999.9	 3	 34.606	3.456	150.30	 0.01		33.336	  2.19	30.51																										
EGEE 3	st048c01	B	2006-06-21T15:30:00z	  +5.991	 +0.487		1498.4	 2	 34.945	5.039	219.00	 0.00		22.297	  1.55	19.33																										
EGEE 3	st048c01	B	2006-06-21T15:30:00z	  +5.991	 +0.487		2015.0	 1	 34.953	5.640	245.10	 0.00		20.008	  1.41	23.72																										
EGEE 3	st049c01	B	2006-06-21T20:30:00z	  +6.000	 -0.006			22																																		
EGEE 3	st049c01	B	2006-06-21T20:30:00z	  +6.000	 -0.006			21																																		
EGEE 3	st049c01	B	2006-06-21T20:30:00z	  +6.000	 -0.006			20																																		
EGEE 3	st049c01	B	2006-06-21T20:30:00z	  +6.000	 -0.006			19																																		
EGEE 3	st049c01	B	2006-06-21T20:30:00z	  +6.000	 -0.006			18																																		
EGEE 3	st049c01	B	2006-06-21T20:30:00z	  +6.000	 -0.006			17																																		
EGEE 3	st049c01	B	2006-06-21T20:30:00z	  +6.000	 -0.006			16																																		
EGEE 3	st049c01	B	2006-06-21T20:30:00z	  +6.000	 -0.006		   0.0	15	 33.756	4.645	203.00	 0.00		0.204	  0.04	 0.74																										
EGEE 3	st049c01	B	2006-06-21T20:30:00z	  +6.000	 -0.006		  10.0	14	 34.011	4.634	202.50	 0.00		0.000	  0.00	 0.85																										
EGEE 3	st049c01	B	2006-06-21T20:30:00z	  +6.000	 -0.006		  18.0	13	 34.703	4.619	201.40	 0.00		0.000	  0.00	 1.10																										
EGEE 3	st049c01	B	2006-06-21T20:30:00z	  +6.000	 -0.006		  39.0	12	 36.099	4.056	176.60	 0.31		5.814	  0.39	 3.21																										
EGEE 3	st049c01	B	2006-06-21T20:30:00z	  +6.000	 -0.006		  60.0	11	 35.950	3.704	161.30	 0.33		9.446	  0.61	 3.40																										
EGEE 3	st049c01	B	2006-06-21T20:30:00z	  +6.000	 -0.006		  80.0	10	 35.911	3.603	156.90	 0.27		10.262	  0.69	 3.60																										
EGEE 3	st049c01	B	2006-06-21T20:30:00z	  +6.000	 -0.006		  99.0	 9	 35.813	3.431	149.40	 0.06		12.187	  0.84	 4.11																										
EGEE 3	st049c01	B	2006-06-21T20:30:00z	  +6.000	 -0.006		 130.0	 8	 35.591	3.278	142.70	 0.01		15.110	  0.99	 5.29																										
EGEE 3	st049c01	B	2006-06-21T20:30:00z	  +6.000	 -0.006		 156.0	 7	 35.568	3.351	145.90	 0.00		14.936	  1.01	 5.26																										
EGEE 3	st049c01	B	2006-06-21T20:30:00z	  +6.000	 -0.006		 300.0	 6	 34.922	1.531	 66.60	 0.00		32.853	  1.97	13.88																										
EGEE 3	st049c01	B	2006-06-21T20:30:00z	  +6.000	 -0.006		 499.0	 5	 34.634	2.378	103.50	 0.00		34.983	  2.19	20.36																										
EGEE 3	st049c01	B	2006-06-21T20:30:00z	  +6.000	 -0.006		 999.0	 4	 34.585	3.412	148.40	 0.00		33.850	  2.25	30.67																										
EGEE 3	st049c01	B	2006-06-21T20:30:00z	  +6.000	 -0.006		 999.0	 3	 34.586	3.409	148.20	 0.00		33.821	  2.25	30.57																										
EGEE 3	st049c01	B	2006-06-21T20:30:00z	  +6.000	 -0.006		1498.0	 2	 34.948	5.085	221.00	 0.00		22.368	  1.55	19.33																										
EGEE 3	st049c01	B	2006-06-21T20:30:00z	  +6.000	 -0.006		2002.0	 1	 34.953	5.614	244.00	 0.00		20.511	  1.42	24.22																										
EGEE 3	st050c01	B	2006-06-22T01:00:00z	  +5.998	 -0.510			22																																		
EGEE 3	st050c01	B	2006-06-22T01:00:00z	  +5.998	 -0.510			21																																		
EGEE 3	st050c01	B	2006-06-22T01:00:00z	  +5.998	 -0.510			20																																		
EGEE 3	st050c01	B	2006-06-22T01:00:00z	  +5.998	 -0.510			19																																		
EGEE 3	st050c01	B	2006-06-22T01:00:00z	  +5.998	 -0.510			18																																		
EGEE 3	st050c01	B	2006-06-22T01:00:00z	  +5.998	 -0.510			17																																		
EGEE 3	st050c01	B	2006-06-22T01:00:00z	  +5.998	 -0.510			16																																		
EGEE 3	st050c01	B	2006-06-22T01:00:00z	  +5.998	 -0.510		   1.5	15	 34.386	4.626	202.10	 0.00		0.047	  0.03	 1.31																										
EGEE 3	st050c01	B	2006-06-22T01:00:00z	  +5.998	 -0.510		  10.8	14	 34.770	4.632	202.30	 0.01		0.012	  0.03	 1.26																										
EGEE 3	st050c01	B	2006-06-22T01:00:00z	  +5.998	 -0.510		  21.5	13	 35.549	4.592	200.30	 0.02		0.556	  0.07	 1.51																										
EGEE 3	st050c01	B	2006-06-22T01:00:00z	  +5.998	 -0.510		  39.9	12	 36.051	4.538	197.70	 0.24		6.433	  0.35	 2.96																										
EGEE 3	st050c01	B	2006-06-22T01:00:00z	  +5.998	 -0.510		  60.6	11	 35.941	3.692	160.80	 0.35		9.636	  0.55	 3.59																										
EGEE 3	st050c01	B	2006-06-22T01:00:00z	  +5.998	 -0.510		  81.6	10	 35.903	3.582	156.00	 0.26		10.424	  0.64	 3.77																										
EGEE 3	st050c01	B	2006-06-22T01:00:00z	  +5.998	 -0.510		 100.7	 9	 35.771	3.439	149.70	 0.03		12.587	  0.77	 4.41																										
EGEE 3	st050c01	B	2006-06-22T01:00:00z	  +5.998	 -0.510		 129.5	 8	 35.621	3.458	150.50	 0.00		13.998	  0.87	 4.93																										
EGEE 3	st050c01	B	2006-06-22T01:00:00z	  +5.998	 -0.510		 158.7	 7	 35.587	3.381	147.20	 0.01		14.690	  0.94	 5.34																										
EGEE 3	st050c01	B	2006-06-22T01:00:00z	  +5.998	 -0.510		 298.8	 6	 34.930	1.496	 65.10	 0.00		32.918	  1.92	14.01																										
EGEE 3	st050c01	B	2006-06-22T01:00:00z	  +5.998	 -0.510		 498.4	 5	 34.656	2.223	 96.70	 0.00		35.157	  2.19	20.08																										
EGEE 3	st050c01	B	2006-06-22T01:00:00z	  +5.998	 -0.510		 500.0	 4	 34.655	2.235	 97.20	 0.00		35.247	  2.21	20.18																										
EGEE 3	st050c01	B	2006-06-22T01:00:00z	  +5.998	 -0.510		1000.0	 3	 34.589	3.419	148.70	 0.00		33.840	  2.26	30.63																										
EGEE 3	st050c01	B	2006-06-22T01:00:00z	  +5.998	 -0.510		1502.0	 2	 34.954	5.154	224.00	 0.00		22.241	  1.48	19.32																										
EGEE 3	st050c01	B	2006-06-22T01:00:00z	  +5.998	 -0.510		2003.0	 1	 34.953	5.613	244.00	 0.00		20.687	  1.41	24.32																										
EGEE 3	st051c01	B	2006-06-22T11:00:00z	  +6.564	 +0.020			22																																		
EGEE 3	st051c01	B	2006-06-22T11:00:00z	  +6.564	 +0.020			21																																		
EGEE 3	st051c01	B	2006-06-22T11:00:00z	  +6.564	 +0.020			20																																		
EGEE 3	st051c01	B	2006-06-22T11:00:00z	  +6.564	 +0.020			19																																		
EGEE 3	st051c01	B	2006-06-22T11:00:00z	  +6.564	 +0.020			18																																		
EGEE 3	st051c01	B	2006-06-22T11:00:00z	  +6.564	 +0.020			17																																		
EGEE 3	st051c01	B	2006-06-22T11:00:00z	  +6.564	 +0.020			16																																		
EGEE 3	st051c01	B	2006-06-22T11:00:00z	  +6.564	 +0.020			15																																		
EGEE 3	st051c01	B	2006-06-22T11:00:00z	  +6.564	 +0.020			14																																		
EGEE 3	st051c01	B	2006-06-22T11:00:00z	  +6.564	 +0.020			13																																		
EGEE 3	st051c01	B	2006-06-22T11:00:00z	  +6.564	 +0.020			12																																		
EGEE 3	st051c01	B	2006-06-22T11:00:00z	  +6.564	 +0.020			11																																		
EGEE 3	st051c01	B	2006-06-22T11:00:00z	  +6.564	 +0.020			10																																		
EGEE 3	st051c01	B	2006-06-22T11:00:00z	  +6.564	 +0.020			 9																																		
EGEE 3	st051c01	B	2006-06-22T11:00:00z	  +6.564	 +0.020			 8																																		
EGEE 3	st051c01	B	2006-06-22T11:00:00z	  +6.564	 +0.020			 7																																		
EGEE 3	st051c01	B	2006-06-22T11:00:00z	  +6.564	 +0.020			 6																																		
EGEE 3	st051c01	B	2006-06-22T11:00:00z	  +6.564	 +0.020			 5																																		
EGEE 3	st051c01	B	2006-06-22T11:00:00z	  +6.564	 +0.020		   1.2	 4				 0.01		0.050	  0.05	 0.73																										
EGEE 3	st051c01	B	2006-06-22T11:00:00z	  +6.564	 +0.020		  12.1	 3				 0.01		0.031	  0.08	 0.84																										
EGEE 3	st051c01	B	2006-06-22T11:00:00z	  +6.564	 +0.020		  29.1	 2				 0.09		1.929	  0.23	 1.81																										
EGEE 3	st051c01	B	2006-06-22T11:00:00z	  +6.564	 +0.020		  50.8	 1				 0.17		8.248	  0.63	 3.25																										
EGEE 3	st052c01	B	2006-06-23T10:00:00z	  +6.540	 -0.037			22																																		
EGEE 3	st052c01	B	2006-06-23T10:00:00z	  +6.540	 -0.037			21																																		
EGEE 3	st052c01	B	2006-06-23T10:00:00z	  +6.540	 -0.037			20																																		
EGEE 3	st052c01	B	2006-06-23T10:00:00z	  +6.540	 -0.037			19																																		
EGEE 3	st052c01	B	2006-06-23T10:00:00z	  +6.540	 -0.037			18																																		
EGEE 3	st052c01	B	2006-06-23T10:00:00z	  +6.540	 -0.037			17																																		
EGEE 3	st052c01	B	2006-06-23T10:00:00z	  +6.540	 -0.037			16																																		
EGEE 3	st052c01	B	2006-06-23T10:00:00z	  +6.540	 -0.037			15																																		
EGEE 3	st052c01	B	2006-06-23T10:00:00z	  +6.540	 -0.037			14																																		
EGEE 3	st052c01	B	2006-06-23T10:00:00z	  +6.540	 -0.037			13																																		
EGEE 3	st052c01	B	2006-06-23T10:00:00z	  +6.540	 -0.037			12																																		
EGEE 3	st052c01	B	2006-06-23T10:00:00z	  +6.540	 -0.037			11																																		
EGEE 3	st052c01	B	2006-06-23T10:00:00z	  +6.540	 -0.037			10																																		
EGEE 3	st052c01	B	2006-06-23T10:00:00z	  +6.540	 -0.037			 9																																		
EGEE 3	st052c01	B	2006-06-23T10:00:00z	  +6.540	 -0.037			 8																																		
EGEE 3	st052c01	B	2006-06-23T10:00:00z	  +6.540	 -0.037		   1.0	 7				 0.00		0.193	  0.10	 0.77																										
EGEE 3	st052c01	B	2006-06-23T10:00:00z	  +6.540	 -0.037		  10.0	 6				 0.00		0.184	  0.08	 0.78																										
EGEE 3	st052c01	B	2006-06-23T10:00:00z	  +6.540	 -0.037		  20.0	 5				 0.06		1.230	  0.28	 1.78																										
EGEE 3	st052c01	B	2006-06-23T10:00:00z	  +6.540	 -0.037		  24.3	 4				 0.22		5.040	  0.55	 2.60																										
EGEE 3	st052c01	B	2006-06-23T10:00:00z	  +6.540	 -0.037		  40.0	 3				 0.27		7.829	  0.74	 3.15																										
EGEE 3	st052c01	B	2006-06-23T10:00:00z	  +6.540	 -0.037		  60.0	 2				 0.37		7.993	  0.74	 3.20																										
EGEE 3	st052c01	B	2006-06-23T10:00:00z	  +6.540	 -0.037		  76.0	 1				 0.28		9.048	  0.78	 3.56																										
EGEE 3	st053c01	B	2006-06-23T20:00:00z	  +6.497	 -0.100			22																																		
EGEE 3	st053c01	B	2006-06-23T20:00:00z	  +6.497	 -0.100			21																																		
EGEE 3	st053c01	B	2006-06-23T20:00:00z	  +6.497	 -0.100			20																																		
EGEE 3	st053c01	B	2006-06-23T20:00:00z	  +6.497	 -0.100			19																																		
EGEE 3	st053c01	B	2006-06-23T20:00:00z	  +6.497	 -0.100			18																																		
EGEE 3	st053c01	B	2006-06-23T20:00:00z	  +6.497	 -0.100			17																																		
EGEE 3	st053c01	B	2006-06-23T20:00:00z	  +6.497	 -0.100			16																																		
EGEE 3	st053c01	B	2006-06-23T20:00:00z	  +6.497	 -0.100			15																																		
EGEE 3	st053c01	B	2006-06-23T20:00:00z	  +6.497	 -0.100		   1.4	14	 34.045	4.590	200.60	 0.00		0.098	  0.03	 0.69																										
EGEE 3	st053c01	B	2006-06-23T20:00:00z	  +6.497	 -0.100		  10.0	13	 34.401	4.596	200.70	 0.01		0.263	  0.06	 0.88																										
EGEE 3	st053c01	B	2006-06-23T20:00:00z	  +6.497	 -0.100		  20.0	12	 36.038	4.187	182.40	 0.24		4.560	  0.46	 2.42																										
EGEE 3	st053c01	B	2006-06-23T20:00:00z	  +6.497	 -0.100		  39.0	11	 36.077	3.914	170.50	 0.40		7.219	  0.64	 2.95																										
EGEE 3	st053c01	B	2006-06-23T20:00:00z	  +6.497	 -0.100		  60.0	10	 36.051	3.857	168.00	 0.43		7.772	  0.66	 3.08																										
EGEE 3	st053c01	B	2006-06-23T20:00:00z	  +6.497	 -0.100		  79.0	 9	 36.023	3.781	164.70	 0.42		8.462	  0.71	 3.21																										
EGEE 3	st053c01	B	2006-06-23T20:00:00z	  +6.497	 -0.100		  98.0	 8	 35.878	3.490	151.90	 0.11		11.496	  0.87	 3.95																										
EGEE 3	st053c01	B	2006-06-23T20:00:00z	  +6.497	 -0.100		 130.0	 7	 35.696	3.399	148.00	 0.02		13.655	  0.99	 4.66																										
EGEE 3	st053c01	B	2006-06-23T20:00:00z	  +6.497	 -0.100		 130.0	 6	 35.696	3.394	147.70	 0.01		13.598	  1.00	 4.62																										
EGEE 3	st053c01	B	2006-06-23T20:00:00z	  +6.497	 -0.100		 160.0	 5	 35.588	2.974	129.40	 0.01		16.675	  1.16	 5.70																										
EGEE 3	st053c01	B	2006-06-23T20:00:00z	  +6.497	 -0.100		 301.0	 4	 34.956	1.498	 65.20	 0.00		32.394	  2.00	13.52																										
EGEE 3	st053c01	B	2006-06-23T20:00:00z	  +6.497	 -0.100		 498.0	 3	 34.709	1.988	 86.50	 0.00		35.149	  2.20	18.58																										
EGEE 3	st053c01	B	2006-06-23T20:00:00z	  +6.497	 -0.100		 800.0	 2	 34.520	3.320	144.40	 0.00		34.405	  2.27	29.06																										
EGEE 3	st053c01	B	2006-06-23T20:00:00z	  +6.497	 -0.100		1003.0	 1	 34.599	3.479	151.30	 0.00		33.244	  2.27	30.22																										
EGEE 3	st054c01	B	2006-06-24T01:20:00z	  +6.498	 -0.755			22																																		
EGEE 3	st054c01	B	2006-06-24T01:20:00z	  +6.498	 -0.755			21																																		
EGEE 3	st054c01	B	2006-06-24T01:20:00z	  +6.498	 -0.755			20																																		
EGEE 3	st054c01	B	2006-06-24T01:20:00z	  +6.498	 -0.755			19																																		
EGEE 3	st054c01	B	2006-06-24T01:20:00z	  +6.498	 -0.755			18																																		
EGEE 3	st054c01	B	2006-06-24T01:20:00z	  +6.498	 -0.755			17																																		
EGEE 3	st054c01	B	2006-06-24T01:20:00z	  +6.498	 -0.755			16																																		
EGEE 3	st054c01	B	2006-06-24T01:20:00z	  +6.498	 -0.755		   1.4	15	 34.098	4.635	202.50	 0.00		0.114	  0.02	 0.81																										
EGEE 3	st054c01	B	2006-06-24T01:20:00z	  +6.498	 -0.755		  11.0	14	 34.493	4.662	203.60	 0.01		0.092	  0.04	 0.91																										
EGEE 3	st054c01	B	2006-06-24T01:20:00z	  +6.498	 -0.755		  20.9	13	 36.043	4.479	195.20	 0.06		1.378	  0.18	 1.84																										
EGEE 3	st054c01	B	2006-06-24T01:20:00z	  +6.498	 -0.755		  41.1	12	 36.058	3.950	172.10	 0.21		6.600	  0.49	 2.87																										
EGEE 3	st054c01	B	2006-06-24T01:20:00z	  +6.498	 -0.755		  61.5	11	 36.018	3.718	161.90	 0.49		8.507	  0.59	 3.18																										
EGEE 3	st054c01	B	2006-06-24T01:20:00z	  +6.498	 -0.755		  81.0	10	 35.924	3.534	153.90	 0.20		10.532	  0.73	 3.62																										
EGEE 3	st054c01	B	2006-06-24T01:20:00z	  +6.498	 -0.755		 100.0	 9	 35.728	3.286	143.10	 0.03		13.812	  0.94	 4.66																										
EGEE 3	st054c01	B	2006-06-24T01:20:00z	  +6.498	 -0.755		 100.1	 8	 35.718	3.265	142.20	 0.03		13.958	  0.96	 4.83																										
EGEE 3	st054c01	B	2006-06-24T01:20:00z	  +6.498	 -0.755		 130.9	 7	 35.667	3.449	150.20	 0.02		13.543	  0.90	 4.64																										
EGEE 3	st054c01	B	2006-06-24T01:20:00z	  +6.498	 -0.755		 160.0	 6	 35.604	3.326	144.80	 0.01		14.794	  1.02	 5.12																										
EGEE 3	st054c01	B	2006-06-24T01:20:00z	  +6.498	 -0.755		 300.0	 5	 34.958	1.501	 65.30	 0.01		32.358	  1.95	13.56																										
EGEE 3	st054c01	B	2006-06-24T01:20:00z	  +6.498	 -0.755		 500.0	 4	 34.702	2.014	 87.60	 0.01		34.946	  2.19	18.62																										
EGEE 3	st054c01	B	2006-06-24T01:20:00z	  +6.498	 -0.755		1000.0	 3	 34.599	3.451	150.10	 0.00		33.542	  2.24	30.76																										
EGEE 3	st054c01	B	2006-06-24T01:20:00z	  +6.498	 -0.755		1501.0	 2	 34.954	5.134	223.20	 0.00		22.050	  1.48	19.11																										
EGEE 3	st054c01	B	2006-06-24T01:20:00z	  +6.498	 -0.755		2001.0	 1	 34.955	5.620	244.40	 0.00		20.470	  1.38	23.99																										
EGEE 3	st055c01	B	2006-06-24T13:00:00z	  +7.999	 -1.004			22																																		
EGEE 3	st055c01	B	2006-06-24T13:00:00z	  +7.999	 -1.004			21																																		
EGEE 3	st055c01	B	2006-06-24T13:00:00z	  +7.999	 -1.004			20																																		
EGEE 3	st055c01	B	2006-06-24T13:00:00z	  +7.999	 -1.004			19																																		
EGEE 3	st055c01	B	2006-06-24T13:00:00z	  +7.999	 -1.004			18																																		
EGEE 3	st055c01	B	2006-06-24T13:00:00z	  +7.999	 -1.004			17																																		
EGEE 3	st055c01	B	2006-06-24T13:00:00z	  +7.999	 -1.004			16																																		
EGEE 3	st055c01	B	2006-06-24T13:00:00z	  +7.999	 -1.004			15																																		
EGEE 3	st055c01	B	2006-06-24T13:00:00z	  +7.999	 -1.004			14																																		
EGEE 3	st055c01	B	2006-06-24T13:00:00z	  +7.999	 -1.004			13																																		
EGEE 3	st055c01	B	2006-06-24T13:00:00z	  +7.999	 -1.004			12																																		
EGEE 3	st055c01	B	2006-06-24T13:00:00z	  +7.999	 -1.004		   1.0	11				 0.00		0.088	  0.00	 2.50																										
EGEE 3	st055c01	B	2006-06-24T13:00:00z	  +7.999	 -1.004		  10.5	10				 0.00		0.059	  0.00	 1.94																										
EGEE 3	st055c01	B	2006-06-24T13:00:00z	  +7.999	 -1.004		  20.0	 9				 0.09		0.890	  0.07	 1.99																										
EGEE 3	st055c01	B	2006-06-24T13:00:00z	  +7.999	 -1.004		  40.0	 8				 0.24		6.101	  0.27	 2.55																										
EGEE 3	st055c01	B	2006-06-24T13:00:00z	  +7.999	 -1.004		  61.0	 7				 0.07		9.871	  0.51	 3.40																										
EGEE 3	st055c01	B	2006-06-24T13:00:00z	  +7.999	 -1.004			 6																																		
EGEE 3	st055c01	B	2006-06-24T13:00:00z	  +7.999	 -1.004		  99.0	 5				 0.02		13.704	  0.78	 4.53																										
EGEE 3	st055c01	B	2006-06-24T13:00:00z	  +7.999	 -1.004		 129.0	 4				 0.01		15.818	  0.98	 5.43																										
EGEE 3	st055c01	B	2006-06-24T13:00:00z	  +7.999	 -1.004		 159.0	 3																																		
EGEE 3	st055c01	B	2006-06-24T13:00:00z	  +7.999	 -1.004			 2																																		
EGEE 3	st055c01	B	2006-06-24T13:00:00z	  +7.999	 -1.004			 1																																		
EGEE 3	st056c01	B	2006-06-25T10:30:00z	 +10.183	 -3.809			22																																		
EGEE 3	st056c01	B	2006-06-25T10:30:00z	 +10.183	 -3.809			21																																		
EGEE 3	st056c01	B	2006-06-25T10:30:00z	 +10.183	 -3.809			20																																		
EGEE 3	st056c01	B	2006-06-25T10:30:00z	 +10.183	 -3.809			19																																		
EGEE 3	st056c01	B	2006-06-25T10:30:00z	 +10.183	 -3.809			18																																		
EGEE 3	st056c01	B	2006-06-25T10:30:00z	 +10.183	 -3.809			17																																		
EGEE 3	st056c01	B	2006-06-25T10:30:00z	 +10.183	 -3.809			16																																		
EGEE 3	st056c01	B	2006-06-25T10:30:00z	 +10.183	 -3.809		   0.6	15				 0.02		0.123	  0.10	 7.40																										
EGEE 3	st056c01	B	2006-06-25T10:30:00z	 +10.183	 -3.809		   1.2	14				 0.02		0.037	  0.11	 7.48																										
EGEE 3	st056c01	B	2006-06-25T10:30:00z	 +10.183	 -3.809		   0.8	13				 0.02		0.038	  0.12	 7.29																										
EGEE 3	st056c01	B	2006-06-25T10:30:00z	 +10.183	 -3.809		  10.0	12				 0.04		0.127	  0.17	 3.58																										
EGEE 3	st056c01	B	2006-06-25T10:30:00z	 +10.183	 -3.809		  10.0	11				 0.04		0.223	  0.18	 3.15																										
EGEE 3	st056c01	B	2006-06-25T10:30:00z	 +10.183	 -3.809		  10.0	10				 0.04		0.288	  0.20	 2.71																										
EGEE 3	st056c01	B	2006-06-25T10:30:00z	 +10.183	 -3.809		  15.0	 9				 0.16		2.262	  0.36	 1.05																										
EGEE 3	st056c01	B	2006-06-25T10:30:00z	 +10.183	 -3.809		  15.0	 8				 0.18		2.505	  0.40	 1.08																										
EGEE 3	st056c01	B	2006-06-25T10:30:00z	 +10.183	 -3.809		  15.0	 7				 0.19		2.707	  0.43	 1.12																										
EGEE 3	st056c01	B	2006-06-25T10:30:00z	 +10.183	 -3.809		  20.0	 6				 0.57		4.550	  0.57	 1.65																										
EGEE 3	st056c01	B	2006-06-25T10:30:00z	 +10.183	 -3.809		  25.3	 5				 1.19		5.625	  0.69	 1.65																										
EGEE 3	st056c01	B	2006-06-25T10:30:00z	 +10.183	 -3.809		  25.6	 4				 1.28		6.040	  0.71	 1.65																										
EGEE 3	st056c01	B	2006-06-25T10:30:00z	 +10.183	 -3.809		  49.0	 3				 0.03		11.721	  0.90	 3.63																										
EGEE 3	st056c01	B	2006-06-25T10:30:00z	 +10.183	 -3.809		  75.0	 2				 0.03		13.978	  1.04	 4.97																										
EGEE 3	st056c01	B	2006-06-25T10:30:00z	 +10.183	 -3.809		 101.0	 1				 0.02		15.662	  1.16	 5.38																										
EGEE 3	st057c01	B	2006-06-25T18:30:00z	 +11.172	 -4.713			22																																		
EGEE 3	st057c01	B	2006-06-25T18:30:00z	 +11.172	 -4.713			21																																		
EGEE 3	st057c01	B	2006-06-25T18:30:00z	 +11.172	 -4.713			20																																		
EGEE 3	st057c01	B	2006-06-25T18:30:00z	 +11.172	 -4.713			19																																		
EGEE 3	st057c01	B	2006-06-25T18:30:00z	 +11.172	 -4.713			18																																		
EGEE 3	st057c01	B	2006-06-25T18:30:00z	 +11.172	 -4.713			17																																		
EGEE 3	st057c01	B	2006-06-25T18:30:00z	 +11.172	 -4.713			16																																		
EGEE 3	st057c01	B	2006-06-25T18:30:00z	 +11.172	 -4.713			15																																		
EGEE 3	st057c01	B	2006-06-25T18:30:00z	 +11.172	 -4.713			14																																		
EGEE 3	st057c01	B	2006-06-25T18:30:00z	 +11.172	 -4.713			13																																		
EGEE 3	st057c01	B	2006-06-25T18:30:00z	 +11.172	 -4.713			12																																		
EGEE 3	st057c01	B	2006-06-25T18:30:00z	 +11.172	 -4.713		   1.0	11	 34.108	3.629	158.40	 1.05		3.725	  0.38	 5.76																										
EGEE 3	st057c01	B	2006-06-25T18:30:00z	 +11.172	 -4.713		  10.5	10	 36.013	2.534	110.40	 1.56		9.267	  0.82	 3.46																										
EGEE 3	st057c01	B	2006-06-25T18:30:00z	 +11.172	 -4.713		  20.0	 9	 35.991	2.432	105.90	 0.06		12.905	  1.00	 4.00																										
EGEE 3	st057c01	B	2006-06-25T18:30:00z	 +11.172	 -4.713		  40.0	 8	 36.018	2.748	119.60	 0.04		12.716	  1.00	 5.00																										
EGEE 3	st057c01	B	2006-06-25T18:30:00z	 +11.172	 -4.713		  61.0	 7	 35.961	2.474	107.70	 0.02		14.004	  1.17	 9.03																										
EGEE 3	st057c01	B	2006-06-25T18:30:00z	 +11.172	 -4.713		  80.0	 6	 35.824	2.488	108.30	 0.01		15.655	  1.20	 6.12																										
EGEE 3	st057c01	B	2006-06-25T18:30:00z	 +11.172	 -4.713		  99.0	 5	 35.770	2.324	101.20	 0.01		16.622	  1.30	 8.15																										
EGEE 3	st057c01	B	2006-06-25T18:30:00z	 +11.172	 -4.713		 129.0	 4	 35.617	2.011	 87.50	 0.01		20.220	  1.47	 7.72																										
EGEE 3	st057c01	B	2006-06-25T18:30:00z	 +11.172	 -4.713		 159.0	 3	 35.563	1.927	 83.90	 0.02		21.287	  1.52	 8.15																										
EGEE 3	st057c01	B	2006-06-25T18:30:00z	 +11.172	 -4.713		 202.0	 2	 35.464	1.731	 75.30	 0.02		23.474	  1.63	 8.79																										
EGEE 3	st057c01	B	2006-06-25T18:30:00z	 +11.172	 -4.713		 202.0	 1	 35.464	1.723	 75.00	 0.01		23.442	  1.64	 9.04																										
EGEE 3	st058c01	B	2006-06-25T21:20:00z	 +11.113	 -4.777			22																																		
EGEE 3	st058c01	B	2006-06-25T21:20:00z	 +11.113	 -4.777			21																																		
EGEE 3	st058c01	B	2006-06-25T21:20:00z	 +11.113	 -4.777			20																																		
EGEE 3	st058c01	B	2006-06-25T21:20:00z	 +11.113	 -4.777			19																																		
EGEE 3	st058c01	B	2006-06-25T21:20:00z	 +11.113	 -4.777			18																																		
EGEE 3	st058c01	B	2006-06-25T21:20:00z	 +11.113	 -4.777			17																																		
EGEE 3	st058c01	B	2006-06-25T21:20:00z	 +11.113	 -4.777			16																																		
EGEE 3	st058c01	B	2006-06-25T21:20:00z	 +11.113	 -4.777			15																																		
EGEE 3	st058c01	B	2006-06-25T21:20:00z	 +11.113	 -4.777			14																																		
EGEE 3	st058c01	B	2006-06-25T21:20:00z	 +11.113	 -4.777			13																																		
EGEE 3	st058c01	B	2006-06-25T21:20:00z	 +11.113	 -4.777		   0.0	12	 33.795	3.620	158.10	 0.91		3.614	  0.33	 5.54																										
EGEE 3	st058c01	B	2006-06-25T21:20:00z	 +11.113	 -4.777		   9.0	11	 35.988	2.474	107.80	 0.05		12.883	  0.91	 4.07																										
EGEE 3	st058c01	B	2006-06-25T21:20:00z	 +11.113	 -4.777		  20.0	10	 36.044	2.602	113.30	 0.05		12.776	  0.98	 5.46																										
EGEE 3	st058c01	B	2006-06-25T21:20:00z	 +11.113	 -4.777		  40.0	 9	 35.957	2.599	113.20	 0.03		13.626	  1.05	 5.10																										
EGEE 3	st058c01	B	2006-06-25T21:20:00z	 +11.113	 -4.777		  60.0	 8	 35.862	2.591	112.80	 0.01		15.002	  1.12	 5.29																										
EGEE 3	st058c01	B	2006-06-25T21:20:00z	 +11.113	 -4.777		  80.0	 7	 35.795	2.459	107.00	 0.00		16.315	  1.22	 6.28																										
EGEE 3	st058c01	B	2006-06-25T21:20:00z	 +11.113	 -4.777		 100.0	 6	 35.740	2.334	101.60	 0.01		17.398	  1.29	 7.58																										
EGEE 3	st058c01	B	2006-06-25T21:20:00z	 +11.113	 -4.777		 129.0	 5	 35.647	1.664	 72.40	 0.01		21.649	  1.50	 7.80																										
EGEE 3	st058c01	B	2006-06-25T21:20:00z	 +11.113	 -4.777		 159.0	 4	 35.575	1.616	 70.30	 0.01		22.733	  1.55	 8.37																										
EGEE 3	st058c01	B	2006-06-25T21:20:00z	 +11.113	 -4.777		 299.0	 3	 34.989	1.129	 49.10	 0.00		33.241	  2.08	13.90																										
EGEE 3	st058c01	B	2006-06-25T21:20:00z	 +11.113	 -4.777		 498.0	 2	 34.726	1.723	 74.90	 0.00		35.745	  2.30	19.77																										
EGEE 3	st058c01	B	2006-06-25T21:20:00z	 +11.113	 -4.777		 902.0	 1	 34.562	3.273	142.30	 0.00		34.045	  2.34	31.27																										
EGEE 3	st059c01	B	2006-06-26T00:30:00z	 +10.909	 -4.987			22																																		
EGEE 3	st059c01	B	2006-06-26T00:30:00z	 +10.909	 -4.987			21																																		
EGEE 3	st059c01	B	2006-06-26T00:30:00z	 +10.909	 -4.987			20																																		
EGEE 3	st059c01	B	2006-06-26T00:30:00z	 +10.909	 -4.987		   1.3	19	 32.886	4.439	194.00	 0.34		0.192	  0.12	 7.67																										
EGEE 3	st059c01	B	2006-06-26T00:30:00z	 +10.909	 -4.987		  10.0	18	 35.988			 0.16		11.316	  0.61	 3.74																										
EGEE 3	st059c01	B	2006-06-26T00:30:00z	 +10.909	 -4.987		  21.0	17	 35.974			 0.08		11.388	  0.74	 3.75																										
EGEE 3	st059c01	B	2006-06-26T00:30:00z	 +10.909	 -4.987		  40.0	16	 36.061			 0.08		8.982	  0.71	 3.31																										
EGEE 3	st059c01	B	2006-06-26T00:30:00z	 +10.909	 -4.987		  60.0	15	 35.983			 0.04		10.632	  0.80	 4.00																										
EGEE 3	st059c01	B	2006-06-26T00:30:00z	 +10.909	 -4.987		  80.0	14	 35.884			 0.04		12.001	  0.90	 4.42																										
EGEE 3	st059c01	B	2006-06-26T00:30:00z	 +10.909	 -4.987		 101.0	13	 35.749	2.424	105.60	 0.02		16.221	  1.12	 6.14																										
EGEE 3	st059c01	B	2006-06-26T00:30:00z	 +10.909	 -4.987		 130.0	12	 35.666			 0.02		17.950	  1.22	 6.37																										
EGEE 3	st059c01	B	2006-06-26T00:30:00z	 +10.909	 -4.987		 160.0	11	 35.556			 0.02		24.771	  1.58	 8.37																										
EGEE 3	st059c01	B	2006-06-26T00:30:00z	 +10.909	 -4.987		 299.0	10	 35.011			 0.01		34.304	  2.05	14.17																										
EGEE 3	st059c01	B	2006-06-26T00:30:00z	 +10.909	 -4.987		 501.0	 9	 34.698			 0.00		39.441	  2.42	20.98																										
EGEE 3	st059c01	B	2006-06-26T00:30:00z	 +10.909	 -4.987		 798.0	 8	 34.513	3.144	136.80	 0.00		35.693	  2.37	29.48																										
EGEE 3	st059c01	B	2006-06-26T00:30:00z	 +10.909	 -4.987		 997.0	 7	 34.608			 0.00		34.286	  2.32	32.14																										
EGEE 3	st059c01	B	2006-06-26T00:30:00z	 +10.909	 -4.987		1196.0	 6	 34.809			 0.00		27.905	  1.93	25.98																										
EGEE 3	st059c01	B	2006-06-26T00:30:00z	 +10.909	 -4.987		1400.0	 5	 34.901			 0.00		24.152	  1.70	23.31																										
EGEE 3	st059c01	B	2006-06-26T00:30:00z	 +10.909	 -4.987		1501.0	 4	 34.932			 0.00		22.609	  1.59	21.56																										
EGEE 3	st059c01	B	2006-06-26T00:30:00z	 +10.909	 -4.987		1602.0	 3	 34.949	5.207	226.50	 0.00		21.163	  1.48	21.36																										
EGEE 3	st059c01	B	2006-06-26T00:30:00z	 +10.909	 -4.987		1701.0	 2	 34.956	5.310	230.90	 0.00		20.536	  1.44	22.20																										
EGEE 3	st059c01	B	2006-06-26T00:30:00z	 +10.909	 -4.987		1701.0	 1	 34.958	5.310	230.90	 0.00		20.339	  1.32	21.49																										
EGEE 3	st060c01	B	2006-06-26T05:50:00z	 +10.646	 -5.346			22																																		
EGEE 3	st060c01	B	2006-06-26T05:50:00z	 +10.646	 -5.346		   1.4	21	 31.066	5.070	221.90	 0.03		0.001	  0.08	18.71																										
EGEE 3	st060c01	B	2006-06-26T05:50:00z	 +10.646	 -5.346		   8.5	20	 36.016	4.042	176.20	 0.04		1.172	  0.14	 2.33																										
EGEE 3	st060c01	B	2006-06-26T05:50:00z	 +10.646	 -5.346		  20.0	19	 35.992	3.380	147.30	 0.55		6.512	  0.25	 2.80																										
EGEE 3	st060c01	B	2006-06-26T05:50:00z	 +10.646	 -5.346		  40.0	18	 35.949	2.818	122.80	 0.30		12.682	  0.47	 3.89																										
EGEE 3	st060c01	B	2006-06-26T05:50:00z	 +10.646	 -5.346		  60.0	17	 35.836	2.501	109.00	 0.20		15.365	  0.72	 4.64																										
EGEE 3	st060c01	B	2006-06-26T05:50:00z	 +10.646	 -5.346		  79.0	16	 35.787	2.377	103.50	 0.07		16.768	  0.88	 5.58																										
EGEE 3	st060c01	B	2006-06-26T05:50:00z	 +10.646	 -5.346		  99.5	15	 35.677	2.146	 93.40	 0.03		19.418	  1.06	 5.99																										
EGEE 3	st060c01	B	2006-06-26T05:50:00z	 +10.646	 -5.346		 129.0	14	 35.605	1.501	 65.30	 0.01		23.352	  1.32	 8.06																										
EGEE 3	st060c01	B	2006-06-26T05:50:00z	 +10.646	 -5.346		 159.0	13	 35.547	1.723	 75.00	 0.02		23.124	  1.36	 8.06																										
EGEE 3	st060c01	B	2006-06-26T05:50:00z	 +10.646	 -5.346		 300.0	12	 35.051	0.940	 40.90	 0.00		34.101	  1.98	13.56																										
EGEE 3	st060c01	B	2006-06-26T05:50:00z	 +10.646	 -5.346		 499.0	11	 34.700	1.138	 49.50	 0.00		40.365	  2.48	21.08																										
EGEE 3	st060c01	B	2006-06-26T05:50:00z	 +10.646	 -5.346		 800.0	10	 34.510	3.202	139.30	 0.00		36.214	  2.42	29.58																										
EGEE 3	st060c01	B	2006-06-26T05:50:00z	 +10.646	 -5.346		1000.0	 9	 34.622	3.446	149.90	 0.00		34.397	  2.29	31.60																										
EGEE 3	st060c01	B	2006-06-26T05:50:00z	 +10.646	 -5.346		1199.0	 8	 34.793	4.027	175.20	 0.00		29.589	  2.01	27.75																										
EGEE 3	st060c01	B	2006-06-26T05:50:00z	 +10.646	 -5.346		1400.0	 7	 34.913	4.789	208.30	 0.00		24.742	  1.66	22.66																										
EGEE 3	st060c01	B	2006-06-26T05:50:00z	 +10.646	 -5.346		1499.0	 6	 34.937	5.059	220.10	 0.00		23.453	  1.53	21.13																										
EGEE 3	st060c01	B	2006-06-26T05:50:00z	 +10.646	 -5.346		1600.0	 5	 34.950	5.217	226.90	 0.00		22.573	  1.43	20.82																										
EGEE 3	st060c01	B	2006-06-26T05:50:00z	 +10.646	 -5.346		1700.0	 4	 34.948	5.279	229.60	 0.00		22.270	  1.41	21.62																										
EGEE 3	st060c01	B	2006-06-26T05:50:00z	 +10.646	 -5.346		1799.0	 3	 34.947	5.306	230.70	 0.00		22.241	  1.38	24.73																										
EGEE 3	st060c01	B	2006-06-26T05:50:00z	 +10.646	 -5.346		1799.0	 2	 34.947	5.306	230.70	 0.00		22.202	  1.37	24.34																										
EGEE 3	st060c01	B	2006-06-26T05:50:00z	 +10.646	 -5.346		1902.0	 1	 34.946	5.388	234.30	 0.00		22.103	  1.37	28.56																										
EGEE 3	st061c01	B	2006-06-26T10:10:00z	 +10.332	 -5.661			22																																		
EGEE 3	st061c01	B	2006-06-26T10:10:00z	 +10.332	 -5.661			21																																		
EGEE 3	st061c01	B	2006-06-26T10:10:00z	 +10.332	 -5.661			20																																		
EGEE 3	st061c01	B	2006-06-26T10:10:00z	 +10.332	 -5.661			19																																		
EGEE 3	st061c01	B	2006-06-26T10:10:00z	 +10.332	 -5.661			18																																		
EGEE 3	st061c01	B	2006-06-26T10:10:00z	 +10.332	 -5.661			17																																		
EGEE 3	st061c01	B	2006-06-26T10:10:00z	 +10.332	 -5.661		   1.5	16				 0.01		0.050	  0.09	 1.81																										
EGEE 3	st061c01	B	2006-06-26T10:10:00z	 +10.332	 -5.661		   1.5	15				 0.00		0.146	  0.09	 1.85																										
EGEE 3	st061c01	B	2006-06-26T10:10:00z	 +10.332	 -5.661		   1.5	14				 0.00		0.107	  0.09	 1.99																										
EGEE 3	st061c01	B	2006-06-26T10:10:00z	 +10.332	 -5.661		   1.5	13				 0.00		0.045	  0.10	 1.89																										
EGEE 3	st061c01	B	2006-06-26T10:10:00z	 +10.332	 -5.661		   1.5	12				 0.01		0.033	  0.10	 1.96																										
EGEE 3	st061c01	B	2006-06-26T10:10:00z	 +10.332	 -5.661		   1.5	11				 0.01		0.051	  0.10	 1.81																										
EGEE 3	st061c01	B	2006-06-26T10:10:00z	 +10.332	 -5.661		   1.5	10				 0.00		0.066	  0.09	 1.84																										
EGEE 3	st061c01	B	2006-06-26T10:10:00z	 +10.332	 -5.661		   1.5	 9				 0.01		0.238	  0.09	 1.74																										
EGEE 3	st061c01	B	2006-06-26T10:10:00z	 +10.332	 -5.661		   1.5	 8				 0.00		0.064	  0.11	 1.81																										
EGEE 3	st061c01	B	2006-06-26T10:10:00z	 +10.332	 -5.661			 7																																		
EGEE 3	st061c01	B	2006-06-26T10:10:00z	 +10.332	 -5.661		   5.0	 6				 0.00		0.088	  0.26	 1.84																										
EGEE 3	st061c01	B	2006-06-26T10:10:00z	 +10.332	 -5.661		  16.8	 5				 0.14		9.154	  0.74	 2.78																										
EGEE 3	st061c01	B	2006-06-26T10:10:00z	 +10.332	 -5.661		  17.0	 4				 0.13		9.112	  0.76	 2.85																										
EGEE 3	st061c01	B	2006-06-26T10:10:00z	 +10.332	 -5.661		  25.7	 3				 0.25		11.030	  0.88	 3.00																										
EGEE 3	st061c01	B	2006-06-26T10:10:00z	 +10.332	 -5.661		  49.9	 2				 0.13		15.714	  1.15	 4.70																										
EGEE 3	st061c01	B	2006-06-26T10:10:00z	 +10.332	 -5.661		 101.0	 1				 0.01		23.312	  1.56	 7.32																										
EGEE 3	st062c01	B	2006-06-26T11:20:00z	 +10.334	 -5.666		   1.3	22	 30.941	5.112	223.80	 0.01		0.037	  0.09	 1.05																										
EGEE 3	st062c01	B	2006-06-26T11:20:00z	 +10.334	 -5.666		  10.0	21	 35.807	4.238	184.70	 0.04		1.823	  0.46	 2.25																										
EGEE 3	st062c01	B	2006-06-26T11:20:00z	 +10.334	 -5.666		  20.0	20	 35.944	3.393	147.80	 0.12		9.146	  0.77	 2.51																										
EGEE 3	st062c01	B	2006-06-26T11:20:00z	 +10.334	 -5.666		  40.0	19	 35.880	2.671	116.30	 0.24		14.080	  1.05	 4.07																										
EGEE 3	st062c01	B	2006-06-26T11:20:00z	 +10.334	 -5.666		  60.0	18	 35.795	2.406	104.80	 0.07		16.551	  1.20	 4.96																										
EGEE 3	st062c01	B	2006-06-26T11:20:00z	 +10.334	 -5.666		  81.0	17	 35.716	1.596	 69.50	 0.02		21.505	  1.48	 6.71																										
EGEE 3	st062c01	B	2006-06-26T11:20:00z	 +10.334	 -5.666		 100.0	16	 35.658	1.284	 55.90	 0.01		23.641	  1.58	 7.29																										
EGEE 3	st062c01	B	2006-06-26T11:20:00z	 +10.334	 -5.666		 130.0	15	 35.575	1.430	 62.30	 0.00		24.146	  1.61	 7.54																										
EGEE 3	st062c01	B	2006-06-26T11:20:00z	 +10.334	 -5.666		 158.0	14	 35.518	1.438	 62.60	 0.00		24.586	  1.62	 7.73																										
EGEE 3	st062c01	B	2006-06-26T11:20:00z	 +10.334	 -5.666		 299.0	13	 35.031	1.042	 45.40	 0.00		33.410	  2.09	12.89																										
EGEE 3	st062c01	B	2006-06-26T11:20:00z	 +10.334	 -5.666		 499.0	12	 34.665	1.374	 59.80	 0.00		39.215	  2.50	21.90																										
EGEE 3	st062c01	B	2006-06-26T11:20:00z	 +10.334	 -5.666		 799.0	11	 34.506	3.091	134.50	 0.00		36.185	  2.42	29.34																										
EGEE 3	st062c01	B	2006-06-26T11:20:00z	 +10.334	 -5.666		 998.0	10	 34.601	3.364	146.40	 0.00		34.309	  2.33	31.65																										
EGEE 3	st062c01	B	2006-06-26T11:20:00z	 +10.334	 -5.666		1199.0	 9	 34.778	3.965	172.50	 0.00		29.648	  2.03	27.66																										
EGEE 3	st062c01	B	2006-06-26T11:20:00z	 +10.334	 -5.666		1399.0	 8	 34.903	4.709	204.80	 0.00		24.791	  1.70	23.63																										
EGEE 3	st062c01	B	2006-06-26T11:20:00z	 +10.334	 -5.666		1497.0	 7	 34.936	5.019	218.30	 0.00		23.111	  1.60	20.57																										
EGEE 3	st062c01	B	2006-06-26T11:20:00z	 +10.334	 -5.666		1599.0	 6	 34.949	5.180	225.30	 0.00		22.182	  1.50	20.32																										
EGEE 3	st062c01	B	2006-06-26T11:20:00z	 +10.334	 -5.666		1700.0	 5	 34.947	5.230	227.40	 0.00		22.182	  1.52	21.45																										
EGEE 3	st062c01	B	2006-06-26T11:20:00z	 +10.334	 -5.666		1700.0	 4	 34.947	5.239	227.80	 0.00		22.143	  1.50	21.53																										
EGEE 3	st062c01	B	2006-06-26T11:20:00z	 +10.334	 -5.666		1799.0	 3	 34.946	5.289	230.00	 0.00		21.957	  1.52	23.78																										
EGEE 3	st062c01	B	2006-06-26T11:20:00z	 +10.334	 -5.666		1899.0	 2	 34.947	5.368	233.40	 0.00		21.586	  1.48	25.42																										
EGEE 3	st062c01	B	2006-06-26T11:20:00z	 +10.334	 -5.666		2001.0	 1	 34.945	5.416	235.50	 0.00		21.449	  1.48	26.54																										
EGEE 3	st063c01	B	2006-06-26T16:45:00z	  +9.996	 -6.002		   1.0	22	 34.950	4.801	209.60	 0.00		0.078	  0.14	 4.52																										
EGEE 3	st063c01	B	2006-06-26T16:45:00z	  +9.996	 -6.002		  10.0	21	 35.820	4.684	204.20	 0.02		0.371	  0.30	 2.51																										
EGEE 3	st063c01	B	2006-06-26T16:45:00z	  +9.996	 -6.002		  20.0	20	 35.966	3.640	158.60	 0.26		7.289	  0.61	 2.80																										
EGEE 3	st063c01	B	2006-06-26T16:45:00z	  +9.996	 -6.002		  38.0	19	 35.942	3.037	132.30	 0.13		12.231	  0.90	 3.65																										
EGEE 3	st063c01	B	2006-06-26T16:45:00z	  +9.996	 -6.002		  58.0	18	 35.787	2.378	103.60	 0.05		16.858	  1.19	 4.95																										
EGEE 3	st063c01	B	2006-06-26T16:45:00z	  +9.996	 -6.002		  79.0	17	 35.743	2.251	 98.00	 0.02		18.000	  1.29	 6.21																										
EGEE 3	st063c01	B	2006-06-26T16:45:00z	  +9.996	 -6.002		 100.0	16	 35.656	1.339	 58.30	 0.01		23.521	  1.58	 7.56																										
EGEE 3	st063c01	B	2006-06-26T16:45:00z	  +9.996	 -6.002		 128.0	15	 35.582	1.209	 52.70	 0.00		24.846	  1.66	 7.63																										
EGEE 3	st063c01	B	2006-06-26T16:45:00z	  +9.996	 -6.002		 158.0	14	 35.515	1.095	 47.70	 0.01		26.239	  1.74	 7.93																										
EGEE 3	st063c01	B	2006-06-26T16:45:00z	  +9.996	 -6.002		 299.0	13	 35.025	0.850	 37.00	 0.01		34.601	  2.14	13.45																										
EGEE 3	st063c01	B	2006-06-26T16:45:00z	  +9.996	 -6.002		 499.0	12	 34.681	1.293	 56.30	 0.01		39.335	  2.50	20.81																										
EGEE 3	st063c01	B	2006-06-26T16:45:00z	  +9.996	 -6.002		 799.0	11	 34.515	2.799	121.80	 0.01		37.156	  2.52	30.08																										
EGEE 3	st063c01	B	2006-06-26T16:45:00z	  +9.996	 -6.002		 998.0	10	 34.605	3.364	146.40	 0.01		34.155	  2.36	32.50																										
EGEE 3	st063c01	B	2006-06-26T16:45:00z	  +9.996	 -6.002		1199.0	 9	 34.742	3.754	163.30	 0.01		30.750	  2.14	30.41																										
EGEE 3	st063c01	B	2006-06-26T16:45:00z	  +9.996	 -6.002		1399.0	 8	 34.898	4.674	203.40	 0.01		25.004	  1.76	23.12																										
EGEE 3	st063c01	B	2006-06-26T16:45:00z	  +9.996	 -6.002		1499.0	 7	 34.927	4.936	214.70	 0.00		23.550	  1.67	22.00																										
EGEE 3	st063c01	B	2006-06-26T16:45:00z	  +9.996	 -6.002		1599.0	 6	 34.944	5.161	224.50	 0.00		22.456	  1.59	21.78																										
EGEE 3	st063c01	B	2006-06-26T16:45:00z	  +9.996	 -6.002		1599.0	 5	 34.944	5.136	223.40	 0.00		22.505	  1.59	21.34																										
EGEE 3	st063c01	B	2006-06-26T16:45:00z	  +9.996	 -6.002		1698.0	 4	 34.951	5.252	228.40	 0.00		21.948	  1.54	21.48																										
EGEE 3	st063c01	B	2006-06-26T16:45:00z	  +9.996	 -6.002		1798.0	 3	 34.945	5.255	228.50	 0.00		21.918	  1.54	23.59																										
EGEE 3	st063c01	B	2006-06-26T16:45:00z	  +9.996	 -6.002		1899.0	 2	 34.945	5.333	231.90	 0.01		21.795	  1.53	24.55																										
EGEE 3	st063c01	B	2006-06-26T16:45:00z	  +9.996	 -6.002		2000.0	 1	 34.948	5.402	234.90	 0.00		21.420	  1.52	26.13																										
EGEE 3	st064c01	B	2006-06-26T21:45:00z	  +9.495	 -6.005		   0.0	22	 35.831	4.738	206.60	 0.00		0.215	  0.18	 2.28																										
EGEE 3	st064c01	B	2006-06-26T21:45:00z	  +9.495	 -6.005		   9.0	21	 35.910	4.505	196.30	 0.01		0.797	  0.32	 2.47																										
EGEE 3	st064c01	B	2006-06-26T21:45:00z	  +9.495	 -6.005		  20.0	20	 35.916	3.538	154.20	 0.26		7.283	  0.69	 3.38																										
EGEE 3	st064c01	B	2006-06-26T21:45:00z	  +9.495	 -6.005		  39.0	19	 35.961	3.078	134.10	 0.11		11.348	  0.89	 3.50																										
EGEE 3	st064c01	B	2006-06-26T21:45:00z	  +9.495	 -6.005		  59.0	18	 35.847	2.579	112.30	 0.02		15.142	  1.10	 4.80																										
EGEE 3	st064c01	B	2006-06-26T21:45:00z	  +9.495	 -6.005		  78.0	17	 35.753	2.334	101.70	 0.01		17.416	  1.25	 5.53																										
EGEE 3	st064c01	B	2006-06-26T21:45:00z	  +9.495	 -6.005		  99.0	16	 35.669	2.162	 94.10	 0.00		19.436	  1.34	 6.19																										
EGEE 3	st064c01	B	2006-06-26T21:45:00z	  +9.495	 -6.005		 129.0	15	 35.598	1.655	 72.00	 0.00		22.739	  1.52	 7.27																										
EGEE 3	st064c01	B	2006-06-26T21:45:00z	  +9.495	 -6.005		 159.0	14	 35.511	1.261	 54.90	 0.00		25.612	  1.65	 8.45																										
EGEE 3	st064c01	B	2006-06-26T21:45:00z	  +9.495	 -6.005		 299.0	13	 35.023	0.782	 34.00	 0.00		34.680	  2.15	14.14																										
EGEE 3	st064c01	B	2006-06-26T21:45:00z	  +9.495	 -6.005		 499.0	12	 34.662	1.287	 56.00	 0.00		39.850	  2.50	21.42																										
EGEE 3	st064c01	B	2006-06-26T21:45:00z	  +9.495	 -6.005		 799.0	11	 34.517	2.710	117.90	 0.00		37.974	  2.48	30.75																										
EGEE 3	st064c01	B	2006-06-26T21:45:00z	  +9.495	 -6.005		1000.0	10	 34.604	3.377	146.90	 0.00		34.260	  2.31	31.60																										
EGEE 3	st064c01	B	2006-06-26T21:45:00z	  +9.495	 -6.005		1199.0	 9	 34.754	3.860	167.90	 0.00		30.420	  2.04	28.94																										
EGEE 3	st064c01	B	2006-06-26T21:45:00z	  +9.495	 -6.005		1399.0	 8	 34.887	4.646	202.00	 0.00		24.889	  1.74	24.24																										
EGEE 3	st064c01	B	2006-06-26T21:45:00z	  +9.495	 -6.005		1500.0	 7	 34.925	4.907	213.40	 0.00		23.326	  1.60	22.24																										
EGEE 3	st064c01	B	2006-06-26T21:45:00z	  +9.495	 -6.005		1499.0	 6	 34.924	4.904	213.20	 0.00		23.453	  1.62	22.51																										
EGEE 3	st064c01	B	2006-06-26T21:45:00z	  +9.495	 -6.005		1600.0	 5	 34.946	5.123	222.70	 0.00		22.446	  1.55	22.09																										
EGEE 3	st064c01	B	2006-06-26T21:45:00z	  +9.495	 -6.005		1699.0	 4	 34.951	5.242	227.90	 0.00		22.045	  1.52	22.30																										
EGEE 3	st064c01	B	2006-06-26T21:45:00z	  +9.495	 -6.005		1799.0	 3	 34.944	5.230	227.40	 0.00		22.221	  1.51	23.88																										
EGEE 3	st064c01	B	2006-06-26T21:45:00z	  +9.495	 -6.005		1899.0	 2	 34.947	5.330	231.70	 0.00		21.762	  1.49	25.17																										
EGEE 3	st064c01	B	2006-06-26T21:45:00z	  +9.495	 -6.005		2000.0	 1	 34.945	5.374	233.70	 0.00		21.645	  1.50	26.10																										
EGEE 3	st065c01	B	2006-06-27T02:30:00z	  +8.996	 -6.001		   0.9	22	 35.891	4.714	205.60	 0.00		0.134	  0.15	 2.04																										
EGEE 3	st065c01	B	2006-06-27T02:30:00z	  +8.996	 -6.001		  11.0	21	 35.892	4.695	204.70	 0.00		0.163	  0.17	 2.04																										
EGEE 3	st065c01	B	2006-06-27T02:30:00z	  +8.996	 -6.001		  21.0	20	 35.871	4.354	189.80	 0.05		1.944	  0.35	 2.90																										
EGEE 3	st065c01	B	2006-06-27T02:30:00z	  +8.996	 -6.001		  41.0	19	 35.828	2.860	124.60	 0.43		12.030	  0.90	 4.66																										
EGEE 3	st065c01	B	2006-06-27T02:30:00z	  +8.996	 -6.001		  60.0	18	 35.783	2.215	 96.50	 0.24		16.508	  1.19	 5.43																										
EGEE 3	st065c01	B	2006-06-27T02:30:00z	  +8.996	 -6.001		  79.0	17	 35.745	2.111	 92.00	 0.08		18.328	  1.28	 5.73																										
EGEE 3	st065c01	B	2006-06-27T02:30:00z	  +8.996	 -6.001		  99.0	16	 35.679	1.934	 84.20	 0.03		20.320	  1.36	 5.97																										
EGEE 3	st065c01	B	2006-06-27T02:30:00z	  +8.996	 -6.001		 130.0	15	 35.595	1.363	 59.40	 0.01		24.049	  1.57	 7.84																										
EGEE 3	st065c01	B	2006-06-27T02:30:00z	  +8.996	 -6.001		 160.0	14	 35.595	1.128	 49.10	 0.01		26.013	  1.68	 8.47																										
EGEE 3	st065c01	B	2006-06-27T02:30:00z	  +8.996	 -6.001		 300.0	13	 34.986	0.162	  7.00	 0.01		35.592	  2.18	14.79																										
EGEE 3	st065c01	B	2006-06-27T02:30:00z	  +8.996	 -6.001		 499.0	12	 34.674	1.316	 57.30	 0.01		39.491	  2.47	21.09																										
EGEE 3	st065c01	B	2006-06-27T02:30:00z	  +8.996	 -6.001		 799.0	11	 34.512	2.737	119.10	 0.00		37.843	  2.48	30.97																										
EGEE 3	st065c01	B	2006-06-27T02:30:00z	  +8.996	 -6.001		 999.0	10	 34.596	3.327	144.80	 0.00		34.646	  2.34	32.85																										
EGEE 3	st065c01	B	2006-06-27T02:30:00z	  +8.996	 -6.001		1201.0	 9	 34.756	3.858	167.80	 0.01		30.287	  2.06	28.94																										
EGEE 3	st065c01	B	2006-06-27T02:30:00z	  +8.996	 -6.001		1398.0	 8	 34.880	4.508	196.10	 0.00		25.627	  1.77	25.43																										
EGEE 3	st065c01	B	2006-06-27T02:30:00z	  +8.996	 -6.001		1398.0	 7	 34.880	4.514	196.30	 0.00		25.656	  1.77	25.42																										
EGEE 3	st065c01	B	2006-06-27T02:30:00z	  +8.996	 -6.001		1499.0	 6	 34.914	4.832	210.10	 0.01		23.935	  1.66	23.15																										
EGEE 3	st065c01	B	2006-06-27T02:30:00z	  +8.996	 -6.001		1601.0	 5	 34.933	5.022	218.40	 0.00		22.755	  1.58	22.52																										
EGEE 3	st065c01	B	2006-06-27T02:30:00z	  +8.996	 -6.001		1698.0	 4	 34.944	5.196	225.90	 0.01		22.000	  1.52	22.35																										
EGEE 3	st065c01	B	2006-06-27T02:30:00z	  +8.996	 -6.001		1799.0	 3	 34.945	5.271	229.20	 0.00		21.836	  1.50	23.27																										
EGEE 3	st065c01	B	2006-06-27T02:30:00z	  +8.996	 -6.001		1900.0	 2	 34.945	5.358	233.00	 0.01		21.460	  1.49	24.77																										
EGEE 3	st065c01	B	2006-06-27T02:30:00z	  +8.996	 -6.001		2004.0	 1	 34.942	5.366	233.30	 0.00		21.680	  1.50	26.80																										
EGEE 3	st066c01	B	2006-06-27T08:10:00z	  +8.501	 -6.003		   0.0	22	 35.901	4.717	205.70	 0.00		0.127	  0.11	 2.24																										
EGEE 3	st066c01	B	2006-06-27T08:10:00z	  +8.501	 -6.003		  10.0	21	 35.897	4.691	204.60	 0.00		0.193	  0.15	 2.16																										
EGEE 3	st066c01	B	2006-06-27T08:10:00z	  +8.501	 -6.003		  20.0	20	 35.888	4.235	184.60	 0.08		1.693	  0.29	 2.97																										
EGEE 3	st066c01	B	2006-06-27T08:10:00z	  +8.501	 -6.003		  40.0	19	 35.838	2.846	124.00	 0.31		11.314	  0.75	 3.29																										
EGEE 3	st066c01	B	2006-06-27T08:10:00z	  +8.501	 -6.003		  59.0	18	 35.763	1.884	 82.10	 0.21		18.596	  1.20	 6.35																										
EGEE 3	st066c01	B	2006-06-27T08:10:00z	  +8.501	 -6.003		  80.0	17	 35.723	2.539	110.60	 0.11		16.685	  1.11	 4.90																										
EGEE 3	st066c01	B	2006-06-27T08:10:00z	  +8.501	 -6.003		  99.0	16	 35.626	1.618	 70.50	 0.02		22.446	  1.42	 6.76																										
EGEE 3	st066c01	B	2006-06-27T08:10:00z	  +8.501	 -6.003		 130.0	15	 35.557	1.458	 63.50	 0.01		23.942	  1.50	 7.53																										
EGEE 3	st066c01	B	2006-06-27T08:10:00z	  +8.501	 -6.003		 158.0	14	 35.501	1.180	 51.40	 0.01		25.957	  1.62	 8.54																										
EGEE 3	st066c01	B	2006-06-27T08:10:00z	  +8.501	 -6.003		 299.0	13	 34.977	0.606	 26.40	 0.00		36.611	  2.21	15.54																										
EGEE 3	st066c01	B	2006-06-27T08:10:00z	  +8.501	 -6.003		 499.0	12	 34.659	1.567	 68.20	 0.01		38.955	  2.39	21.24																										
EGEE 3	st066c01	B	2006-06-27T08:10:00z	  +8.501	 -6.003		 800.0	11	 34.514	2.764	120.30	 0.00		37.471	  2.42	30.40																										
EGEE 3	st066c01	B	2006-06-27T08:10:00z	  +8.501	 -6.003		 998.0	10	 34.594	4.300	187.10	 0.00		34.773	  2.29	32.48																										
EGEE 3	st066c01	B	2006-06-27T08:10:00z	  +8.501	 -6.003		1199.0	 9	 34.747	3.804	165.50	 0.00		30.584	  2.03	29.39																										
EGEE 3	st066c01	B	2006-06-27T08:10:00z	  +8.501	 -6.003		1199.0	 8	 34.749	3.813	165.80	 0.01		30.403	  2.05	29.25																										
EGEE 3	st066c01	B	2006-06-27T08:10:00z	  +8.501	 -6.003		1399.0	 7	 34.873	4.517	196.40	 0.00		25.719	  1.74	24.75																										
EGEE 3	st066c01	B	2006-06-27T08:10:00z	  +8.501	 -6.003		1499.0	 6	 34.908	4.781	207.90	 0.00		24.273	  1.64	23.55																										
EGEE 3	st066c01	B	2006-06-27T08:10:00z	  +8.501	 -6.003		1599.0	 5	 34.930	4.994	217.10	 0.00		23.031	  1.55	22.73																										
EGEE 3	st066c01	B	2006-06-27T08:10:00z	  +8.501	 -6.003		1699.0	 4	 34.939	5.146	223.70	 0.00		22.568	  1.50	22.72																										
EGEE 3	st066c01	B	2006-06-27T08:10:00z	  +8.501	 -6.003		1799.0	 3	 34.942	5.252	228.30	 0.00		22.022	  1.45	23.80																										
EGEE 3	st066c01	B	2006-06-27T08:10:00z	  +8.501	 -6.003		1899.0	 2	 34.942	5.303	230.60	 0.00		21.914	  1.40	24.77																										
EGEE 3	st066c01	B	2006-06-27T08:10:00z	  +8.501	 -6.003		2000.0	 1	 34.943	5.373	233.60	 0.00		21.938	  1.43	25.98																										
EGEE 3	st067c01	B	2006-06-27T19:10:00z	  +7.984	 -5.971			22																																		
EGEE 3	st067c01	B	2006-06-27T19:10:00z	  +7.984	 -5.971			21																																		
EGEE 3	st067c01	B	2006-06-27T19:10:00z	  +7.984	 -5.971			20																																		
EGEE 3	st067c01	B	2006-06-27T19:10:00z	  +7.984	 -5.971			19																																		
EGEE 3	st067c01	B	2006-06-27T19:10:00z	  +7.984	 -5.971			18																																		
EGEE 3	st067c01	B	2006-06-27T19:10:00z	  +7.984	 -5.971			17																																		
EGEE 3	st067c01	B	2006-06-27T19:10:00z	  +7.984	 -5.971			16																																		
EGEE 3	st067c01	B	2006-06-27T19:10:00z	  +7.984	 -5.971			15																																		
EGEE 3	st067c01	B	2006-06-27T19:10:00z	  +7.984	 -5.971		   1.4	14				 0.00		0.117	  0.19	 2.19																										
EGEE 3	st067c01	B	2006-06-27T19:10:00z	  +7.984	 -5.971		  10.0	13				 0.02		0.438	  0.34	 2.47																										
EGEE 3	st067c01	B	2006-06-27T19:10:00z	  +7.984	 -5.971		  19.5	12				 0.25		8.039	  0.73	 4.08																										
EGEE 3	st067c01	B	2006-06-27T19:10:00z	  +7.984	 -5.971		  40.0	11				 0.36		13.805	  1.11	 5.57																										
EGEE 3	st067c01	B	2006-06-27T19:10:00z	  +7.984	 -5.971		  60.0	10				 0.13		16.875	  1.28	 6.15																										
EGEE 3	st067c01	B	2006-06-27T19:10:00z	  +7.984	 -5.971		  80.0	 9				 0.05		17.427	  1.28	 5.76																										
EGEE 3	st067c01	B	2006-06-27T19:10:00z	  +7.984	 -5.971		  98.3	 8				 0.03		19.894	  1.37	 5.40																										
EGEE 3	st067c01	B	2006-06-27T19:10:00z	  +7.984	 -5.971		  98.3	 7				 0.03		19.745	  1.39	 5.57																										
EGEE 3	st067c01	B	2006-06-27T19:10:00z	  +7.984	 -5.971		 130.0	 6				 0.01		21.676	  1.48	 6.53																										
EGEE 3	st067c01	B	2006-06-27T19:10:00z	  +7.984	 -5.971		 159.2	 5				 0.00		26.090	  1.73	 8.73																										
EGEE 3	st067c01	B	2006-06-27T19:10:00z	  +7.984	 -5.971		 299.3	 4				 0.00		36.036	  2.26	15.04																										
EGEE 3	st067c01	B	2006-06-27T19:10:00z	  +7.984	 -5.971		 499.5	 3				 0.00		37.407	  2.39	21.16																										
EGEE 3	st067c01	B	2006-06-27T19:10:00z	  +7.984	 -5.971		 840.5	 2				 0.00		36.371	  2.44	31.44																										
EGEE 3	st067c01	B	2006-06-27T19:10:00z	  +7.984	 -5.971		1000.0	 1				 0.00		34.202	  2.34	32.64																										
EGEE 3	st068c01	B	2006-06-28T08:00:00z	  +7.987	 -5.970			22																																		
EGEE 3	st068c01	B	2006-06-28T08:00:00z	  +7.987	 -5.970			21																																		
EGEE 3	st068c01	B	2006-06-28T08:00:00z	  +7.987	 -5.970			20																																		
EGEE 3	st068c01	B	2006-06-28T08:00:00z	  +7.987	 -5.970		   0.0	19				 0.00		0.146	  0.20	 1.94																										
EGEE 3	st068c01	B	2006-06-28T08:00:00z	  +7.987	 -5.970		   0.0	18				 0.01		0.139	  0.20	 1.85																										
EGEE 3	st068c01	B	2006-06-28T08:00:00z	  +7.987	 -5.970		   0.0	17				 0.00		0.191	  0.19	 1.85																										
EGEE 3	st068c01	B	2006-06-28T08:00:00z	  +7.987	 -5.970		   0.0	16				 0.00		0.008	  0.21	 1.87																										
EGEE 3	st068c01	B	2006-06-28T08:00:00z	  +7.987	 -5.970			15																																		
EGEE 3	st068c01	B	2006-06-28T08:00:00z	  +7.987	 -5.970			14																																		
EGEE 3	st068c01	B	2006-06-28T08:00:00z	  +7.987	 -5.970			13																																		
EGEE 3	st068c01	B	2006-06-28T08:00:00z	  +7.987	 -5.970			12																																		
EGEE 3	st068c01	B	2006-06-28T08:00:00z	  +7.987	 -5.970			11																																		
EGEE 3	st068c01	B	2006-06-28T08:00:00z	  +7.987	 -5.970			10																																		
EGEE 3	st068c01	B	2006-06-28T08:00:00z	  +7.987	 -5.970			 9																																		
EGEE 3	st068c01	B	2006-06-28T08:00:00z	  +7.987	 -5.970			 8																																		
EGEE 3	st068c01	B	2006-06-28T08:00:00z	  +7.987	 -5.970		  14.0	 7				 0.12		5.651	  0.59	 3.11																										
EGEE 3	st068c01	B	2006-06-28T08:00:00z	  +7.987	 -5.970		  14.0	 6				 0.13		5.836	  0.62	 3.21																										
EGEE 3	st068c01	B	2006-06-28T08:00:00z	  +7.987	 -5.970		  14.0	 5				 0.14		5.922	  0.63	 3.12																										
EGEE 3	st068c01	B	2006-06-28T08:00:00z	  +7.987	 -5.970		  14.0	 4				 0.14		6.276	  0.65	 3.13																										
EGEE 3	st068c01	B	2006-06-28T08:00:00z	  +7.987	 -5.970		  24.6	 3				 0.57		11.126	  0.92	 4.30																										
EGEE 3	st068c01	B	2006-06-28T08:00:00z	  +7.987	 -5.970		 130.0	 2				 0.01		23.273	  1.55	 7.13																										
EGEE 3	st068c01	B	2006-06-28T08:00:00z	  +7.987	 -5.970		 130.0	 1				 0.01		23.071	  1.57	 7.28																										
EGEE 3	st069c01	B	2006-06-28T21:30:00z	  +7.989	 -5.991		   1.0	22	 35.828	4.714	205.50	 0.00		0.147	  0.20	 2.07																										
EGEE 3	st069c01	B	2006-06-28T21:30:00z	  +7.989	 -5.991		  10.0	21	 35.939	4.168	181.60	 0.09		3.190	  0.47	 2.99																										
EGEE 3	st069c01	B	2006-06-28T21:30:00z	  +7.989	 -5.991		  19.0	20	 35.851	3.241	141.20	 0.31		9.294	  0.84	 4.48																										
EGEE 3	st069c01	B	2006-06-28T21:30:00z	  +7.989	 -5.991		  40.0	19	 35.828	2.496	108.70	 0.30		13.931	  1.12	 5.74																										
EGEE 3	st069c01	B	2006-06-28T21:30:00z	  +7.989	 -5.991		  60.0	18	 35.770	2.210	 96.20	 0.10		16.239	  1.26	 6.42																										
EGEE 3	st069c01	B	2006-06-28T21:30:00z	  +7.989	 -5.991		  79.0	17	 35.727	2.214	 96.40	 0.04		17.507	  1.32	 6.27																										
EGEE 3	st069c01	B	2006-06-28T21:30:00z	  +7.989	 -5.991		 100.0	16	 35.646	2.196	 95.60	 0.03		18.338	  1.39	 5.84																										
EGEE 3	st069c01	B	2006-06-28T21:30:00z	  +7.989	 -5.991		 129.0	15	 35.559	1.569	 68.30	 0.00		22.230	  1.60	 7.78																										
EGEE 3	st069c01	B	2006-06-28T21:30:00z	  +7.989	 -5.991		 159.0	14	 35.488	1.123	 48.90	 0.00		25.544	  1.73	 9.02																										
EGEE 3	st069c01	B	2006-06-28T21:30:00z	  +7.989	 -5.991		 299.0	13	 34.939	0.749	 32.60	 0.00		35.404	  2.24	15.90																										
EGEE 3	st069c01	B	2006-06-28T21:30:00z	  +7.989	 -5.991		 499.0	12	 34.663	1.582	 68.80	 0.00		37.817	  2.44	21.73																										
EGEE 3	st069c01	B	2006-06-28T21:30:00z	  +7.989	 -5.991		 799.0	11	 34.512	2.771	120.60	 0.00		38.217	  2.50	30.98																										
EGEE 3	st069c01	B	2006-06-28T21:30:00z	  +7.989	 -5.991		 999.0	10	 34.594	3.349	145.70	 0.00		34.720	  2.35	33.08																										
EGEE 3	st069c01	B	2006-06-28T21:30:00z	  +7.989	 -5.991		 999.0	 9	 34.594	3.351	145.80	 0.00		35.245	  2.35	33.02																										
EGEE 3	st069c01	B	2006-06-28T21:30:00z	  +7.989	 -5.991		1199.0	 8	 34.751	3.827	166.40	 0.00		29.783	  2.11	29.52																										
EGEE 3	st069c01	B	2006-06-28T21:30:00z	  +7.989	 -5.991		1399.0	 7	 34.879	4.530	197.00	 0.00		27.231	  1.78	24.43																										
EGEE 3	st069c01	B	2006-06-28T21:30:00z	  +7.989	 -5.991		1500.0	 6	 34.913	4.848	210.80	 0.00		24.254	  1.70	23.51																										
EGEE 3	st069c01	B	2006-06-28T21:30:00z	  +7.989	 -5.991		1599.0	 5	 34.928	4.997	217.30	 0.00		23.345	  1.65	23.48																										
EGEE 3	st069c01	B	2006-06-28T21:30:00z	  +7.989	 -5.991		1700.0	 4	 34.940	5.179	225.20	 0.00		22.554	  1.55	23.04																										
EGEE 3	st069c01	B	2006-06-28T21:30:00z	  +7.989	 -5.991		1797.0	 3	 34.945	5.278	229.40	 0.00		21.742	  1.55	23.65																										
EGEE 3	st069c01	B	2006-06-28T21:30:00z	  +7.989	 -5.991		1892.0	 2	 34.944	5.338	232.00	 0.00		23.198	  1.54	25.27																										
EGEE 3	st069c01	B	2006-06-28T21:30:00z	  +7.989	 -5.991		2001.0	 1	 34.942	5.373	233.60	 0.00		20.394	  1.53	27.00																										
EGEE 3	st070c01	B	2006-06-29T08:30:00z	  +5.997	 -6.008			22																																		
EGEE 3	st070c01	B	2006-06-29T08:30:00z	  +5.997	 -6.008			21																																		
EGEE 3	st070c01	B	2006-06-29T08:30:00z	  +5.997	 -6.008			20																																		
EGEE 3	st070c01	B	2006-06-29T08:30:00z	  +5.997	 -6.008			19																																		
EGEE 3	st070c01	B	2006-06-29T08:30:00z	  +5.997	 -6.008			18																																		
EGEE 3	st070c01	B	2006-06-29T08:30:00z	  +5.997	 -6.008			17																																		
EGEE 3	st070c01	B	2006-06-29T08:30:00z	  +5.997	 -6.008			16																																		
EGEE 3	st070c01	B	2006-06-29T08:30:00z	  +5.997	 -6.008			15																																		
EGEE 3	st070c01	B	2006-06-29T08:30:00z	  +5.997	 -6.008			14																																		
EGEE 3	st070c01	B	2006-06-29T08:30:00z	  +5.997	 -6.008		   0.9	13				 0.00		0.010	  0.19	 1.76																										
EGEE 3	st070c01	B	2006-06-29T08:30:00z	  +5.997	 -6.008		   0.9	12				 0.00		0.000	  0.21	 1.82																										
EGEE 3	st070c01	B	2006-06-29T08:30:00z	  +5.997	 -6.008		  10.0	11				 0.00		0.029	  0.23	 1.90																										
EGEE 3	st070c01	B	2006-06-29T08:30:00z	  +5.997	 -6.008		  15.0	10				 0.01		0.452	  0.31	 2.04																										
EGEE 3	st070c01	B	2006-06-29T08:30:00z	  +5.997	 -6.008		  24.6	 9				 0.22		8.623	  0.76	 2.99																										
EGEE 3	st070c01	B	2006-06-29T08:30:00z	  +5.997	 -6.008		  24.6	 8				 0.28		9.634	  0.85	 3.00																										
EGEE 3	st070c01	B	2006-06-29T08:30:00z	  +5.997	 -6.008		  24.6	 7				 0.25		8.874	  0.83	 3.03																										
EGEE 3	st070c01	B	2006-06-29T08:30:00z	  +5.997	 -6.008		  24.6	 6				 0.35		10.742	  0.92	 3.09																										
EGEE 3	st070c01	B	2006-06-29T08:30:00z	  +5.997	 -6.008		  24.6	 5				 0.37		10.651	  0.94	 3.15																										
EGEE 3	st070c01	B	2006-06-29T08:30:00z	  +5.997	 -6.008		  40.0	 4				 0.11		15.098	  1.11	 3.92																										
EGEE 3	st070c01	B	2006-06-29T08:30:00z	  +5.997	 -6.008		  40.0	 3				 0.10		15.460	  1.13	 3.91																										
EGEE 3	st070c01	B	2006-06-29T08:30:00z	  +5.997	 -6.008		 129.0	 2				 0.01		21.784	  1.47	 6.64																										
EGEE 3	st070c01	B	2006-06-29T08:30:00z	  +5.997	 -6.008		 129.0	 1				 0.01		21.920	  1.49	 7.08																										
EGEE 3	st071c01	B	2006-06-29T10:45:00z	  +5.997	 -6.024		   1.0	22	 35.663	4.750	207.20	 0.00		0.000	  0.17	 1.60																										
EGEE 3	st071c01	B	2006-06-29T10:45:00z	  +5.997	 -6.024		  10.0	21	 35.672	4.702	205.10	 0.00		0.000	  0.20	 1.63																										
EGEE 3	st071c01	B	2006-06-29T10:45:00z	  +5.997	 -6.024		  20.0	20	 35.744	3.342	145.60	 0.15		8.157	  0.74	 2.80																										
EGEE 3	st071c01	B	2006-06-29T10:45:00z	  +5.997	 -6.024		  40.0	19	 35.751	2.646	115.30	 0.11		14.821	  1.06	 3.63																										
EGEE 3	st071c01	B	2006-06-29T10:45:00z	  +5.997	 -6.024		  60.0	18	 35.679	2.381	103.70	 0.04		17.847	  1.24	 4.93																										
EGEE 3	st071c01	B	2006-06-29T10:45:00z	  +5.997	 -6.024		  80.0	17	 35.636	2.241	 97.60	 0.01		19.403	  1.33	 5.91																										
EGEE 3	st071c01	B	2006-06-29T10:45:00z	  +5.997	 -6.024		 100.0	16	 35.574	2.050	 89.30	 0.00		21.134	  1.43	 6.38																										
EGEE 3	st071c01	B	2006-06-29T10:45:00z	  +5.997	 -6.024		 129.0	15	 35.515	1.918	 83.50	 0.00		22.083	  1.49	 6.99																										
EGEE 3	st071c01	B	2006-06-29T10:45:00z	  +5.997	 -6.024		 160.0	14	 35.441	1.586	 69.10	 0.00		24.498	  1.61	 7.59																										
EGEE 3	st071c01	B	2006-06-29T10:45:00z	  +5.997	 -6.024		 300.0	13	 34.962	0.717	 31.20	 0.00		36.244	  2.25	15.04																										
EGEE 3	st071c01	B	2006-06-29T10:45:00z	  +5.997	 -6.024		 500.0	12	 34.642	1.700	 74.00	 0.00		37.983	  2.42	21.27																										
EGEE 3	st071c01	B	2006-06-29T10:45:00z	  +5.997	 -6.024		 800.0	11	 34.508	3.020	131.40	 0.00		36.029	  2.41	30.53																										
EGEE 3	st071c01	B	2006-06-29T10:45:00z	  +5.997	 -6.024		 800.0	10	 34.510	3.048	132.60	 0.00		36.097	  2.41	30.81																										
EGEE 3	st071c01	B	2006-06-29T10:45:00z	  +5.997	 -6.024		1000.0	 9	 34.602	3.436	149.50	 0.00		33.508	  2.28	32.06																										
EGEE 3	st071c01	B	2006-06-29T10:45:00z	  +5.997	 -6.024		1201.0	 8	 34.769	3.945	171.60	 0.00		29.531	  2.03	28.13																										
EGEE 3	st071c01	B	2006-06-29T10:45:00z	  +5.997	 -6.024		1403.0	 7	 34.888	4.612	200.50	 0.00		25.084	  1.74	24.07																										
EGEE 3	st071c01	B	2006-06-29T10:45:00z	  +5.997	 -6.024		1501.0	 6	 34.919	4.873	211.90	 0.00		23.746	  1.65	22.39																										
EGEE 3	st071c01	B	2006-06-29T10:45:00z	  +5.997	 -6.024		1601.0	 5	 34.937	5.058	219.90	 0.00		22.798	  1.58	21.84																										
EGEE 3	st071c01	B	2006-06-29T10:45:00z	  +5.997	 -6.024		1699.0	 4	 34.941	5.204	226.30	 0.00		22.290	  1.55	22.23																										
EGEE 3	st071c01	B	2006-06-29T10:45:00z	  +5.997	 -6.024		1800.0	 3	 34.947	5.316	231.10	 0.00		21.752	  1.52	22.82																										
EGEE 3	st071c01	B	2006-06-29T10:45:00z	  +5.997	 -6.024		1898.0	 2	 34.947	5.356	232.90	 0.00		21.488	  1.51	24.33																										
EGEE 3	st071c01	B	2006-06-29T10:45:00z	  +5.997	 -6.024		2002.0	 1	 34.946	5.396	234.60	 0.00		21.458	  1.47	24.63																										
EGEE 3	st072c01	B	2006-06-30T06:00:00z	  +2.837	 -6.007			22																																		
EGEE 3	st072c01	B	2006-06-30T06:00:00z	  +2.837	 -6.007			21																																		
EGEE 3	st072c01	B	2006-06-30T06:00:00z	  +2.837	 -6.007			20																																		
EGEE 3	st072c01	B	2006-06-30T06:00:00z	  +2.837	 -6.007			19																																		
EGEE 3	st072c01	B	2006-06-30T06:00:00z	  +2.837	 -6.007			18																																		
EGEE 3	st072c01	B	2006-06-30T06:00:00z	  +2.837	 -6.007			17																																		
EGEE 3	st072c01	B	2006-06-30T06:00:00z	  +2.837	 -6.007			16																																		
EGEE 3	st072c01	B	2006-06-30T06:00:00z	  +2.837	 -6.007			15																																		
EGEE 3	st072c01	B	2006-06-30T06:00:00z	  +2.837	 -6.007		   1.5	14	 35.277	4.702	205.20	 0.00		0.186	  0.16	 1.42																										
EGEE 3	st072c01	B	2006-06-30T06:00:00z	  +2.837	 -6.007		  10.0	13	 35.276	4.714	205.70	 0.00		0.010	  0.17	 1.56																										
EGEE 3	st072c01	B	2006-06-30T06:00:00z	  +2.837	 -6.007		  20.0	12	 35.285	4.691	204.70	 0.00		0.117	  0.17	 1.64																										
EGEE 3	st072c01	B	2006-06-30T06:00:00z	  +2.837	 -6.007		  40.0	11	 35.802	2.851	124.20	 0.96		11.047	  0.90	 3.28																										
EGEE 3	st072c01	B	2006-06-30T06:00:00z	  +2.837	 -6.007		  59.0	10	 35.783	2.834	123.40	 0.02		14.896	  1.13	 5.00																										
EGEE 3	st072c01	B	2006-06-30T06:00:00z	  +2.837	 -6.007		  80.0	 9	 35.630	2.005	 87.30	 0.00		20.423	  1.43	 6.56																										
EGEE 3	st072c01	B	2006-06-30T06:00:00z	  +2.837	 -6.007		  99.0	 8	 35.572	1.923	 83.80	 0.00		21.653	  1.50	 7.22																										
EGEE 3	st072c01	B	2006-06-30T06:00:00z	  +2.837	 -6.007		 130.0	 7	 35.474	1.659	 72.30	 0.00		23.735	  1.62	 8.43																										
EGEE 3	st072c01	B	2006-06-30T06:00:00z	  +2.837	 -6.007		 160.0	 6	 35.406	1.336	 58.20	 0.00		26.302	  1.74	 9.63																										
EGEE 3	st072c01	B	2006-06-30T06:00:00z	  +2.837	 -6.007		 300.0	 5	 35.011	1.991	 86.70	 0.01		28.616	  1.86	11.84																										
EGEE 3	st072c01	B	2006-06-30T06:00:00z	  +2.837	 -6.007		 499.0	 4	 34.664	1.529	 66.50	 0.00		38.586	  2.47	21.36																										
EGEE 3	st072c01	B	2006-06-30T06:00:00z	  +2.837	 -6.007		 799.5	 3	 34.510	2.966	129.10	 0.00		37.446	  2.53	31.04																										
EGEE 3	st072c01	B	2006-06-30T06:00:00z	  +2.837	 -6.007		 799.5	 2	 34.485	2.747	119.50	 0.00		37.309	  2.50	30.46																										
EGEE 3	st072c01	B	2006-06-30T06:00:00z	  +2.837	 -6.007		 999.0	 1	 34.606	3.432	149.30	 0.00		33.800	  2.36	32.91																										
