//ODV Spreadsheet file : /home/proussel/Documents/OUTILS/CTD/chimie/conversion/PIRATAFR22_CHIMIE_odv.txt
//Data treated : 2020-09-24T15:18:55
//<InstrumentType>Chemical bottle analysis</InstrumentType>
//<Source>/home/proussel/Documents/OUTILS/CTD/chimie/conversion/PIRATAFR22_CHIMIE.xlsx</Sources>
//<DataType>Bottles</DataType>
//<Creator>Pierre.Rousselot@ird.fr</Creator>
//
Cruise	Station	Type	yyyy-mm-ddThh:mm:ss	Longitude [degrees_east]	Latitude [degrees_north]	Bot. Depth [m]	DEPTH [m]	Bottle nb	PSAL [Psu]	DOX1 [ml/l]	DOX2 [micromole/kg]	NTIW [micromole/kg]	NTAW+NTIW [micromole/kg]	NTAW [micromole/kg]	PHOW [micromole/kg]	SLCW [micromole/kg]	CHC3 [microgramme/l]	CHCZ [microgramme/l]	PERP [microgramme/l]	BFUP [microgramme/l]	FUCP [microgramme/l]	NEXW [microgramme/l]	PXAP [microgramme/l]	VIOW [microgramme/l]	HFUP [microgramme/l]	DXAP [microgramme/l]	AXAP [microgramme/l]	TXAP [microgramme/l]	ZXAP [microgramme/l]	LUTW [microgramme/l]	CHBD [microgramme/l]	CH2P [microgramme/l]	CHLB [microgramme/l]	AACP [microgramme/l]	BBCP [microgramme/l]	PHEP [microgramme/l]	CHAD [microgramme/l]	CH1P [microgramme/l]	CPHL [microgramme/l]	PHEA [microgramme/l]	CXAP [microgramme/l]
PIRATA Fr22	st001c01	B	2012-03-22T16:53:00z	 -19.000	+10.500		2000.0	11	 34.955	5.365	233.30	 0.02	 22.200	22.200	  1.20	23.60																										
PIRATA Fr22	st001c01	B	2012-03-22T16:53:00z	 -19.000	+10.500		2000.0	10	 34.954	5.395	234.60	 0.01	 22.300	22.300	  1.29	24.40																										
PIRATA Fr22	st001c01	B	2012-03-22T16:53:00z	 -19.000	+10.500		2000.0	 9	 34.954	5.409	235.20	 0.02	 22.400	22.400	  1.35	24.40																										
PIRATA Fr22	st001c01	B	2012-03-22T16:53:00z	 -19.000	+10.500		2000.0	 8	 34.954	5.353	232.70	 0.01	 22.300	22.300	  1.36	24.40																										
PIRATA Fr22	st001c01	B	2012-03-22T16:53:00z	 -19.000	+10.500		2000.0	 7	 34.954	5.352	232.70	 0.01	 22.500	22.500	  1.38	24.30																										
PIRATA Fr22	st001c01	B	2012-03-22T16:53:00z	 -19.000	+10.500		2000.0	 6	 34.955	5.340	232.10	 0.03	 22.700	22.700	  1.40	24.20																										
PIRATA Fr22	st001c01	B	2012-03-22T16:53:00z	 -19.000	+10.500		2000.0	 5	 34.956	5.369	233.40	 0.03	 22.700	22.600	  1.41	24.30																										
PIRATA Fr22	st001c01	B	2012-03-22T16:53:00z	 -19.000	+10.500		2000.0	 4	 34.955	5.324	231.40	 0.02	 22.600	22.500	  1.41	24.20																										
PIRATA Fr22	st001c01	B	2012-03-22T16:53:00z	 -19.000	+10.500		2000.0	 3	 34.955	5.382	233.90	 0.02	 22.700	22.600	  1.40	24.20																										
PIRATA Fr22	st001c01	B	2012-03-22T16:53:00z	 -19.000	+10.500		2000.0	 2	 34.955	5.331	231.70	 0.02	 22.500	22.500	  1.41	24.30																										
PIRATA Fr22	st001c01	B	2012-03-22T16:53:00z	 -19.000	+10.500		2000.0	 1	 34.955	5.327	231.50	 0.02	 22.500	22.500	  1.42	24.20																										
PIRATA Fr22	st002c01	B	2012-03-25T18:00:00z	 -23.000	 +0.000		   2.0	11	 36.105	4.590	200.30	 0.01	  0.200	0.200	  0.09	 1.30	0.0125	0.0162	0.0070	0.0108	0.0086	0.0017	0.0000	0.0017	0.0375	0.0103	0.0007	0.0000	0.1433		0.0103	0.0191		0.0328			0.1158	0.1434		0.0016		
PIRATA Fr22	st002c01	B	2012-03-25T18:00:00z	 -23.000	 +0.000		   9.6	10	 36.091	4.592	200.40	 0.04	  0.200	0.100	  0.08	 1.30																										
PIRATA Fr22	st002c01	B	2012-03-25T18:00:00z	 -23.000	 +0.000		  20.0	 9	 36.097	4.550	198.50	 0.02	  0.100	0.100	  0.07	 1.30	0.0064	0.0097	0.0071	0.0052	0.0056	0.0006		0.0017	0.0214	0.0115			0.1085		0.0033	0.0057		0.0189			0.0625	0.0906		0.0011		
PIRATA Fr22	st002c01	B	2012-03-25T18:00:00z	 -23.000	 +0.000		  40.1	 8	 36.317	4.451	194.10	 0.02	  0.200	0.200	  0.08	 1.50	0.0503	0.0532	0.0129	0.0386	0.0217	0.0057	0.0042	0.0034	0.1229	0.0143	0.0047		0.2117		0.0826	0.0923		0.0851			0.3355	0.3571		0.0073		
PIRATA Fr22	st002c01	B	2012-03-25T18:00:00z	 -23.000	 +0.000		  60.1	 7	 36.571	4.272	186.10	 0.21	  2.400	2.200	  0.27	 1.80	0.0773	0.0700	0.0087	0.0922	0.0285	0.0114	0.0129	0.0039	0.1157	0.0103	0.0073		0.0867		0.2210	0.1321		0.0776			0.2343	0.3881		0.0084		
PIRATA Fr22	st002c01	B	2012-03-25T18:00:00z	 -23.000	 +0.000		  79.9	 6	 35.759	3.750	163.20	 0.07	 11.400	11.400	  0.70	 4.40	0.0306	0.0197	0.0024	0.0418	0.0092	0.0015	0.0012	0.0012	0.0460	0.0038	0.0006		0.0112		0.0706	0.0189		0.0207			0.0432	0.1107		0.0024		
PIRATA Fr22	st002c01	B	2012-03-25T18:00:00z	 -23.000	 +0.000		  99.7	 5	 35.624	3.545	154.30	 0.03	 13.700	13.700	  0.83	 5.20	0.0233	0.0127	0.0012	0.0291	0.0060	0.0010	0.0008	0.0007	0.0363	0.0026			0.0059		0.0464	0.0073		0.0121			0.0236	0.0770		0.0016		
PIRATA Fr22	st002c01	B	2012-03-25T18:00:00z	 -23.000	 +0.000		 500.3	 4	 34.591	3.168	137.80	 0.02	 32.400	32.400	  1.91	19.60																										
PIRATA Fr22	st002c01	B	2012-03-25T18:00:00z	 -23.000	 +0.000		 999.9	 3	 34.629	3.644	158.50	 0.02	 33.000	33.000	  2.08	30.30																										
PIRATA Fr22	st002c01	B	2012-03-25T18:00:00z	 -23.000	 +0.000		2000.7	 2	 34.968	5.680	246.80	 0.03	 20.200	20.100	  1.28	20.00																										
PIRATA Fr22	st002c01	B	2012-03-25T18:00:00z	 -23.000	 +0.000		2000.8	 1	 34.974	5.627	244.60	 0.02	 20.400	20.400	  1.24	18.70																										
PIRATA Fr22	st003c01	B	2012-03-29T16:30:00z	  -9.867	 +0.067		   2.1	11	 35.885	4.559	199.00	 0.00	  0.100	0.100	  0.06	 1.20	0.0075	0.0125	0.0090	0.0069	0.0093			0.0013	0.0221	0.0109			0.1339		0.0052	0.0052		0.0220			0.0780	0.0978		0.0018		
PIRATA Fr22	st003c01	B	2012-03-29T16:30:00z	  -9.867	 +0.067		  10.0	10	 35.877	4.601	200.80	 0.00	  0.000	0.000	  0.06	 1.10																										
PIRATA Fr22	st003c01	B	2012-03-29T16:30:00z	  -9.867	 +0.067		  20.5	 9	 35.878	4.561	199.00	 0.00	  0.100	0.100	  0.07	 1.10	0.0108	0.0156	0.0078	0.0091	0.0107	0.0009		0.0011	0.0324	0.0083			0.1312		0.0072	0.0093		0.0270			0.0852	0.1269		0.0017		
PIRATA Fr22	st003c01	B	2012-03-29T16:30:00z	  -9.867	 +0.067		  40.6	 8	 35.878	4.451	194.10	 0.02	  0.300	0.300	  0.09	 1.50	0.1463	0.1301	0.0275	0.1195	0.0747	0.0119	0.0250	0.0113	0.3492	0.0305	0.0049		0.0961		0.0249	0.1713		0.0578			0.1469	0.8453				
PIRATA Fr22	st003c01	B	2012-03-29T16:30:00z	  -9.867	 +0.067		  60.2	 7	 36.369	4.181	182.10	 0.23	  4.300	4.000	  0.31	 2.30	0.1114	0.0714	0.0089	0.1096	0.0430	0.0099	0.0199	0.0040	0.1821	0.0140	0.0031		0.0361		0.0526	0.1559		0.0352		0.0031	0.0793	0.4747				
PIRATA Fr22	st003c01	B	2012-03-29T16:30:00z	  -9.867	 +0.067		  79.4	 6	 35.698	3.052	132.80	 0.07	 15.600	15.500	  0.85	 5.50	0.0515	0.0294	0.0033	0.0615	0.0169	0.0016	0.0019	0.0009	0.0691	0.0055			0.0188		0.1334			0.0284			0.0623	0.1650		0.0026		
PIRATA Fr22	st003c01	B	2012-03-29T16:30:00z	  -9.867	 +0.067		 101.0	 5	 35.644	2.876	125.20	 0.07	 16.800	16.700	  0.95	 6.00	0.0338	0.0177	0.0012	0.0407	0.0109	0.0012	0.0011	0.0006	0.0450	0.0036			0.0097		0.0963			0.0179			0.0388	0.1061				
PIRATA Fr22	st003c01	B	2012-03-29T16:30:00z	  -9.867	 +0.067		 503.0	 4	 34.581	3.098	134.70	 0.02	 33.000	33.000	  1.89	20.50																										
PIRATA Fr22	st003c01	B	2012-03-29T16:30:00z	  -9.867	 +0.067		1009.0	 3	 34.587	3.603	156.60	 0.02	 34.100	34.000	  2.04	30.90																										
PIRATA Fr22	st003c01	B	2012-03-29T16:30:00z	  -9.867	 +0.067		1009.0	 2	 34.588	3.519	153.00	 0.00	 34.100	34.100	  2.11	31.00																										
PIRATA Fr22	st003c01	B	2012-03-29T16:30:00z	  -9.867	 +0.067		2021.0	 1	 34.959	5.704	247.90	 0.01	 20.500	20.400	  1.27	22.40																										
PIRATA Fr22	st004c01	B	2012-03-30T18:25:00z	  -7.000	 +0.000		   2.3	11	 35.227	4.595	200.70	 0.00	  0.000	0.000	  0.02	 1.00																										
PIRATA Fr22	st004c01	B	2012-03-30T18:25:00z	  -7.000	 +0.000		  10.1	10	 35.253	4.594	200.60	 0.00	  0.000	0.000	  0.00	 0.90																										
PIRATA Fr22	st004c01	B	2012-03-30T18:25:00z	  -7.000	 +0.000		  20.5	 9	 35.309	4.630	202.20	 0.00	  0.100	0.100	  0.00	 1.00																										
PIRATA Fr22	st004c01	B	2012-03-30T18:25:00z	  -7.000	 +0.000		  40.1	 8	 36.025	4.531	197.60	 0.00	  0.100	0.100	  0.07	 1.40																										
PIRATA Fr22	st004c01	B	2012-03-30T18:25:00z	  -7.000	 +0.000		  59.9	 7	 36.449	4.269	186.00	 0.20	  2.700	2.500	  0.28	 2.00																										
PIRATA Fr22	st004c01	B	2012-03-30T18:25:00z	  -7.000	 +0.000		  80.2	 6	 35.893	3.645	158.70	 0.17	 10.800	10.600	  0.69	 4.00																										
PIRATA Fr22	st004c01	B	2012-03-30T18:25:00z	  -7.000	 +0.000		 100.1	 5	 35.746	3.289	143.20	 0.21	 13.300	13.100	  0.78	 4.90																										
PIRATA Fr22	st004c01	B	2012-03-30T18:25:00z	  -7.000	 +0.000		 500.6	 4	 34.604	3.043	132.30	 0.02	 32.500	32.500	  1.99	19.90																										
PIRATA Fr22	st004c01	B	2012-03-30T18:25:00z	  -7.000	 +0.000		 500.0	 3	 34.605	3.092	134.50	 1.36	 31.200	29.900	  1.97	19.80																										
PIRATA Fr22	st004c01	B	2012-03-30T18:25:00z	  -7.000	 +0.000		1001.3	 2	 34.612	3.586	155.90	 0.45	 31.600	31.100	  2.08	30.80																										
PIRATA Fr22	st004c01	B	2012-03-30T18:25:00z	  -7.000	 +0.000		2000.6	 1	 34.973	5.535	240.60	 0.01	 20.700	20.700	  1.37	17.70																										
PIRATA Fr22	st005c01	B	2012-03-30T23:28:00z	  -7.000	 +0.500		   2.4	11	 34.876	4.735	206.90	 0.00	  0.000	0.000	  0.00	 0.90																										
PIRATA Fr22	st005c01	B	2012-03-30T23:28:00z	  -7.000	 +0.500		  10.0	10	 34.874	4.730	206.60	 0.00	  0.000	0.000	  0.09	 0.90																										
PIRATA Fr22	st005c01	B	2012-03-30T23:28:00z	  -7.000	 +0.500		  20.0	 9	 34.879	4.739	207.00	 0.00	  0.100	0.100	  0.04	 0.90																										
PIRATA Fr22	st005c01	B	2012-03-30T23:28:00z	  -7.000	 +0.500		  40.0	 8	 35.539	4.535	197.90	 0.00	  0.100	0.100	  0.05	 1.10																										
PIRATA Fr22	st005c01	B	2012-03-30T23:28:00z	  -7.000	 +0.500		  60.0	 7	 36.071	3.552	154.70	 0.37	  7.600	7.300	  0.51	 3.20																										
PIRATA Fr22	st005c01	B	2012-03-30T23:28:00z	  -7.000	 +0.500		  80.0	 6	 35.755	2.958	128.80	 0.11	 15.300	15.200	  0.96	 5.20																										
PIRATA Fr22	st005c01	B	2012-03-30T23:28:00z	  -7.000	 +0.500		 100.0	 5	 35.610	3.287	143.10	 0.03	 15.500	15.400	  0.98	 5.50																										
PIRATA Fr22	st005c01	B	2012-03-30T23:28:00z	  -7.000	 +0.500		 100.0	 4	 35.610	3.282	142.90	 0.04	 15.500	15.500	  1.00	 5.60																										
PIRATA Fr22	st005c01	B	2012-03-30T23:28:00z	  -7.000	 +0.500		 500.0	 3	 34.606	3.058	133.00	 0.03	 33.000	33.000	  2.12	19.60																										
PIRATA Fr22	st005c01	B	2012-03-30T23:28:00z	  -7.000	 +0.500		1000.0	 2	 34.620	3.608	156.90	 0.00	 33.900	33.900	  2.29	30.60																										
PIRATA Fr22	st005c01	B	2012-03-30T23:28:00z	  -7.000	 +0.500		1999.0	 1	 34.970	5.634	244.90	 0.00	 20.500	20.500	  1.42	19.40																										
PIRATA Fr22	st006c01	B	2012-03-31T04:25:00z	  -7.000	 +1.000		   2.0	11	 34.645	4.897	214.00	 0.00	  0.000	0.000	  0.13	 0.90	0.0052	0.0083	0.0046	0.0045	0.0050			0.0011	0.0161	0.0051			0.1141		0.0069	0.0065		0.0221			0.0849	0.0748		0.0016		
PIRATA Fr22	st006c01	B	2012-03-31T04:25:00z	  -7.000	 +1.000		  10.0	10	 34.645	4.619	201.80	 0.00	  0.000	0.000	  0.12	 1.00																										
PIRATA Fr22	st006c01	B	2012-03-31T04:25:00z	  -7.000	 +1.000		  20.0	 9	 34.648	4.552	198.90	 0.00	  0.000	0.000	  0.12	 1.10	0.0060	0.0092	0.0063	0.0052	0.0057	0.0008		0.0008	0.0179	0.0050			0.1185			0.0088		0.0221			0.0913	0.0779		0.0013		
PIRATA Fr22	st006c01	B	2012-03-31T04:25:00z	  -7.000	 +1.000		  40.0	 8	 35.505	4.534	198.00	 0.00	  0.100	0.100	  0.17	 1.20	0.0400	0.0402	0.0200	0.0256	0.0611	0.0045	0.0057	0.0015	0.0584	0.0147	0.0011		0.1258			0.0520		0.0537		0.0067	0.1638	0.3261		0.0057		
PIRATA Fr22	st006c01	B	2012-03-31T04:25:00z	  -7.000	 +1.000		  60.0	 7	 35.768	4.878	212.80	 0.68	 10.500	9.800	  0.72	 3.30	0.0905	0.0530	0.0130	0.0778	0.0616	0.0183	0.0270	0.0021	0.1104	0.0124	0.0019		0.0316		0.0634	0.2138		0.0387			0.0799	0.4632				
PIRATA Fr22	st006c01	B	2012-03-31T04:25:00z	  -7.000	 +1.000		  80.0	 6	 35.706	2.951	128.60	 0.05	 18.000	17.900	  1.15	 5.90	0.0403	0.0219	0.0027	0.0476	0.0172	0.0026	0.0037	0.0005	0.0504	0.0044			0.0169		0.1349			0.0262			0.0563	0.1404		0.0027		
PIRATA Fr22	st006c01	B	2012-03-31T04:25:00z	  -7.000	 +1.000		  80.0	 5	 35.695	2.450	106.70	 0.06	 18.000	17.900	  1.15	 6.00																										
PIRATA Fr22	st006c01	B	2012-03-31T04:25:00z	  -7.000	 +1.000		 101.0	 4	 35.557	2.447	106.50	 0.00	 16.300	16.300	  1.09	 6.10	0.0149	0.0069	0.0004	0.0192	0.0048				0.0201	0.0015			0.0029		0.0329			0.0068			0.0120	0.0453		0.0011		
PIRATA Fr22	st006c01	B	2012-03-31T04:25:00z	  -7.000	 +1.000		 504.0	 3	 34.596	3.359	146.30	 0.00	 32.400	32.400	  2.07	20.90																										
PIRATA Fr22	st006c01	B	2012-03-31T04:25:00z	  -7.000	 +1.000		1007.0	 2	 34.635	3.149	137.00	 0.00	 33.000	33.000	  2.23	31.00																										
PIRATA Fr22	st006c01	B	2012-03-31T04:25:00z	  -7.000	 +1.000		2019.0	 1		3.509	152.50	 0.00	  0.000	0.000	  0.13	 1.00																										
PIRATA Fr22	st007c01	B	2012-03-31T09:30:00z	  -7.000	 +1.500		   2.2	11	 34.652	4.525	197.70	 0.00	  0.000	0.000	  0.01	 0.80																										
PIRATA Fr22	st007c01	B	2012-03-31T09:30:00z	  -7.000	 +1.500		  10.0	10	 34.651	4.526	197.80	 0.00	  0.000	0.000	  0.00	 0.80																										
PIRATA Fr22	st007c01	B	2012-03-31T09:30:00z	  -7.000	 +1.500		  20.0	 9	 34.650	4.539	198.40	 0.00	  0.000	0.000	  0.00	 0.80																										
PIRATA Fr22	st007c01	B	2012-03-31T09:30:00z	  -7.000	 +1.500		  41.0	 8	 35.014	4.574	199.80	 0.00	  0.000	0.000	  0.00	 0.90																										
PIRATA Fr22	st007c01	B	2012-03-31T09:30:00z	  -7.000	 +1.500		  61.0	 7	 35.780	3.283	143.00	 0.82	  9.700	8.900	  0.59	 2.70																										
PIRATA Fr22	st007c01	B	2012-03-31T09:30:00z	  -7.000	 +1.500		  60.0	 6	 35.776	3.198	139.30	 0.73	 10.500	9.800	  0.64	 3.10																										
PIRATA Fr22	st007c01	B	2012-03-31T09:30:00z	  -7.000	 +1.500		  80.0	 5	 35.605	2.907	126.50	 0.02	 16.700	16.700	  0.98	 6.00																										
PIRATA Fr22	st007c01	B	2012-03-31T09:30:00z	  -7.000	 +1.500		 100.0	 4	 35.564	3.011	131.00	 0.00	 16.600	16.600	  0.99	 6.10																										
PIRATA Fr22	st007c01	B	2012-03-31T09:30:00z	  -7.000	 +1.500		 500.0	 3	 34.587	3.045	132.40	 0.00	 32.700	32.700	  1.96	21.90																										
PIRATA Fr22	st007c01	B	2012-03-31T09:30:00z	  -7.000	 +1.500		1000.0	 2	 34.661	3.724	161.90	 0.00	 32.700	32.700	  2.07	30.70																										
PIRATA Fr22	st007c01	B	2012-03-31T09:30:00z	  -7.000	 +1.500		2000.0	 1	 34.962	5.659	245.90	 0.00	 20.000	20.000	  1.27	22.30																										
PIRATA Fr22	st008c01	B	2012-03-31T14:22:00z	  -7.000	 +2.000		   2.0	11	 34.839	4.525	197.70	 0.00	  0.000	0.000	  0.00	 1.20	0.0044	0.0054	0.0030	0.0037	0.0038			0.0017	0.0146	0.0092	0.0000	0.0033	0.1175		0.0042	0.0047		0.0149			0.0704	0.0561		0.0008		
PIRATA Fr22	st008c01	B	2012-03-31T14:22:00z	  -7.000	 +2.000		  10.0	10	 34.835	4.558	199.10	 0.00	  0.000	0.000	  0.00	 1.20																										
PIRATA Fr22	st008c01	B	2012-03-31T14:22:00z	  -7.000	 +2.000		  20.0	 9	 34.840	4.556	199.10	 0.00	  0.000	0.000	  0.00	 1.20	0.0061	0.0085	0.0050	0.0051	0.0048			0.0019	0.0207	0.0089		0.0018	0.1278		0.0054	0.0075		0.0191			0.0775	0.0736		0.0010		
PIRATA Fr22	st008c01	B	2012-03-31T14:22:00z	  -7.000	 +2.000		  40.0	 8	 35.023	4.598	200.80	 0.00	  0.000	0.000	  0.00	 1.40	0.0108	0.0140	0.0055	0.0103	0.0069			0.0022	0.0344	0.0071	0.0000	0.0010	0.1451		0.0119	0.0142		0.0309			0.1284	0.1039		0.0018		
PIRATA Fr22	st008c01	B	2012-03-31T14:22:00z	  -7.000	 +2.000		  40.0	 7	 35.021	4.600	200.90	 0.00	  0.000	0.000	  0.01	 1.40																										
PIRATA Fr22	st008c01	B	2012-03-31T14:22:00z	  -7.000	 +2.000		  60.0	 6	 35.724	2.658	115.70	 0.15	 17.000	16.800	  1.02	 5.30	0.0565	0.0474	0.0075	0.0760	0.0339	0.0170	0.0229	0.0042	0.0922	0.0105	0.0019	0.0007	0.0728		0.1095	0.1421		0.0521		0.0033	0.1237	0.3150		0.0047		
PIRATA Fr22	st008c01	B	2012-03-31T14:22:00z	  -7.000	 +2.000		  80.0	 5	 35.618	3.025	131.70	 0.04	 16.300	16.200	  1.03	 6.50	0.0384	0.0221	0.0021	0.0462	0.0179	0.0037	0.0015	0.0005	0.0515	0.0046			0.0178		0.1114	0.0217		0.0286		0.0015	0.0626	0.1226		0.0025		
PIRATA Fr22	st008c01	B	2012-03-31T14:22:00z	  -7.000	 +2.000		 101.0	 4	 35.581	2.893	125.90	 0.00	 17.100	17.100	  1.13	 6.40	0.0072	0.0030		0.0064	0.0037				0.0137	0.0010			0.0010		0.0060	0.0046		0.0026		0.0009	0.0029	0.0244		0.0005		
PIRATA Fr22	st008c01	B	2012-03-31T14:22:00z	  -7.000	 +2.000		 504.0	 3	 34.635	2.330	101.30	 0.00	 35.500	35.500	  2.30	22.00																										
PIRATA Fr22	st008c01	B	2012-03-31T14:22:00z	  -7.000	 +2.000		1008.0	 2	 34.352	3.608	156.90	 0.00	 31.900	31.900	  2.26	29.90																										
PIRATA Fr22	st008c01	B	2012-03-31T14:22:00z	  -7.000	 +2.000		2020.0	 1	 34.960	5.619	244.20	 0.01	 20.300	20.300	  1.40	23.70																										
PIRATA Fr22	st009c01	B	2012-03-31T19:15:00z	  -7.000	 +2.500		   2.2	11	 34.675	4.505	196.90	 0.00	  0.000	0.000	  0.02	 1.30																										
PIRATA Fr22	st009c01	B	2012-03-31T19:15:00z	  -7.000	 +2.500		  10.0	10	 34.675	4.520	197.50	 0.00	  0.000	0.000	  0.03	 1.20																										
PIRATA Fr22	st009c01	B	2012-03-31T19:15:00z	  -7.000	 +2.500		  19.0	 9	 34.683	4.520	197.50	 0.00	  0.000	0.000	  0.01	 1.20																										
PIRATA Fr22	st009c01	B	2012-03-31T19:15:00z	  -7.000	 +2.500		  19.2	 8	 34.705	4.516	197.30	 0.00	  0.000	0.000	  0.00	 1.10																										
PIRATA Fr22	st009c01	B	2012-03-31T19:15:00z	  -7.000	 +2.500		  40.0	 7	 35.284	4.492	196.00	 0.03	  0.900	0.900	  0.07	 1.40																										
PIRATA Fr22	st009c01	B	2012-03-31T19:15:00z	  -7.000	 +2.500		  59.0	 6	 35.700	2.923	127.30	 0.19	 14.900	14.700	  0.96	 4.90																										
PIRATA Fr22	st009c01	B	2012-03-31T19:15:00z	  -7.000	 +2.500		  80.0	 5	 35.611	2.928	127.40	 0.03	 15.400	15.400	  1.08	 5.90																										
PIRATA Fr22	st009c01	B	2012-03-31T19:15:00z	  -7.000	 +2.500		 100.2	 4	 35.585	2.969	129.20	 0.01	 15.700	15.700	  1.10	 6.20																										
PIRATA Fr22	st009c01	B	2012-03-31T19:15:00z	  -7.000	 +2.500		 500.9	 3	 34.655	2.178	 94.70	 0.00	 33.900	33.900	  2.31	21.30																										
PIRATA Fr22	st009c01	B	2012-03-31T19:15:00z	  -7.000	 +2.500		1009.1	 2	 34.658	3.430	149.10	 0.00	 31.300	31.300	  2.29	30.60																										
PIRATA Fr22	st009c01	B	2012-03-31T19:15:00z	  -7.000	 +2.500		2019.5	 1	 34.959	5.562	241.70	 0.00	 19.200	19.200	  1.43	23.50																										
PIRATA Fr22	st010c01	B	2012-04-01T00:15:00z	  -7.000	 +3.000		   2.0	11	 34.633	4.517	197.30	 0.00	  0.000	0.000	  0.00	 1.60	0.0061	0.0076	0.0059	0.0050	0.0035			0.0011	0.0218	0.0086			0.0825		0.0036	0.0056		0.0174		0.0013	0.0361	0.0838		0.0013		
PIRATA Fr22	st010c01	B	2012-04-01T00:15:00z	  -7.000	 +3.000		  10.0	10	 34.645	4.525	197.70	 0.00	  0.000	0.000	  0.00	 1.60																										
PIRATA Fr22	st010c01	B	2012-04-01T00:15:00z	  -7.000	 +3.000		  10.0	 9	 34.640	4.523	197.60	 0.00	  0.000	0.000	  0.00	 1.30																										
PIRATA Fr22	st010c01	B	2012-04-01T00:15:00z	  -7.000	 +3.000		  20.0	 8	 34.948	4.571	199.70	 0.00	  0.000	0.000	  0.00	 1.10	0.0060	0.0083	0.0071	0.0061	0.0037			0.0012	0.0196	0.0074			0.1304		0.0070	0.0059		0.0204			0.0672	0.0759		0.0011		
PIRATA Fr22	st010c01	B	2012-04-01T00:15:00z	  -7.000	 +3.000		  41.0	 7	 35.600	4.694	204.80	 0.03	  0.000	0.000	  0.00	 1.50	0.0189	0.0207	0.0086	0.0183	0.0088	0.0025	0.0014	0.0017	0.0533	0.0097	0.0023	0.0010	0.1333		0.0209	0.0184		0.0406			0.1382	0.1742		0.0029		
PIRATA Fr22	st010c01	B	2012-04-01T00:15:00z	  -7.000	 +3.000		  60.0	 6	 35.720	2.887	125.70	 0.26	 15.300	15.100	  0.90	 4.80	0.0890	0.0595	0.0084	0.0915	0.0362	0.0212	0.0237	0.0038	0.1316	0.0121	0.0063		0.0676		0.1541	0.1548		0.0558			0.1352	0.4429				
PIRATA Fr22	st010c01	B	2012-04-01T00:15:00z	  -7.000	 +3.000		  80.0	 5	 35.615	2.907	126.50	 0.06	 16.800	16.800	  1.03	 6.30	0.0493	0.0275	0.0032	0.0559	0.0229	0.0058	0.0021	0.0012	0.0582	0.0056			0.0227		0.1265	0.0394		0.0350			0.0770	0.1610		0.0034		
PIRATA Fr22	st010c01	B	2012-04-01T00:15:00z	  -7.000	 +3.000		 101.0	 4	 35.603	2.985	129.90	 0.02	 16.500	16.400	  1.06	 6.40	0.0302	0.0163	0.0014	0.0327	0.0125	0.0029	0.0008	0.0009	0.0491	0.0036			0.0093		0.0631	0.0197		0.0197			0.0386	0.1003		0.0022		
PIRATA Fr22	st010c01	B	2012-04-01T00:15:00z	  -7.000	 +3.000		 505.0	 3	 34.675	2.104	 91.50	 1.80	 33.700	31.900	  2.14	21.20																										
PIRATA Fr22	st010c01	B	2012-04-01T00:15:00z	  -7.000	 +3.000		1008.0	 2	 34.651	3.510	152.60	 0.00	 33.000	33.000	  2.18	30.30																										
PIRATA Fr22	st010c01	B	2012-04-01T00:15:00z	  -7.000	 +3.000		2011.0	 1	 34.955	5.447	236.80	 0.00	 21.200	21.200	  1.39	25.80																										
PIRATA Fr22	st011c01	B	2012-04-01T04:50:00z	  -7.000	 +3.500		   1.7	11	 34.684	4.509	197.10	 0.00	  0.000	0.000	  0.01	 1.30																										
PIRATA Fr22	st011c01	B	2012-04-01T04:50:00z	  -7.000	 +3.500		   1.7	10	 34.684	4.498	196.50	 0.00	  0.000	0.000	  0.00	 1.10																										
PIRATA Fr22	st011c01	B	2012-04-01T04:50:00z	  -7.000	 +3.500		   9.7	 9	 34.684	4.502	196.70	 0.00	  0.000	0.000	  0.00	 1.20																										
PIRATA Fr22	st011c01	B	2012-04-01T04:50:00z	  -7.000	 +3.500		  19.6	 8	 34.729	4.686	204.80	 0.00	  0.000	0.000	  0.00	 1.20																										
PIRATA Fr22	st011c01	B	2012-04-01T04:50:00z	  -7.000	 +3.500		  40.0	 7	 35.714	4.535	197.60	 0.02	  0.300	0.200	  0.00	 1.40																										
PIRATA Fr22	st011c01	B	2012-04-01T04:50:00z	  -7.000	 +3.500		  59.1	 6	 35.738	2.901	126.30	 0.46	 14.500	14.000	  0.89	 4.10																										
PIRATA Fr22	st011c01	B	2012-04-01T04:50:00z	  -7.000	 +3.500		  79.9	 5	 35.664	2.631	114.50	 0.13	 17.700	17.500	  1.07	 5.50																										
PIRATA Fr22	st011c01	B	2012-04-01T04:50:00z	  -7.000	 +3.500		 100.7	 4	 35.574	2.933	127.60	 0.02	 17.300	17.200	  1.05	 6.40																										
PIRATA Fr22	st011c01	B	2012-04-01T04:50:00z	  -7.000	 +3.500		 500.5	 3	 34.678	2.109	 91.80	 0.00	 35.900	35.900	  2.17	22.00																										
PIRATA Fr22	st011c01	B	2012-04-01T04:50:00z	  -7.000	 +3.500		1000.8	 2	 34.677	3.499	152.10	 0.00	 32.800	32.800	  2.10	28.90																										
PIRATA Fr22	st011c01	B	2012-04-01T04:50:00z	  -7.000	 +3.500		2020.1	 1	 34.953	5.484	238.40	 0.00	 21.200	21.200	  1.35	25.60																										
PIRATA Fr22	st012c01	B	2012-04-01T09:45:00z	  -7.000	 +4.000		   2.0	11	 34.758	4.511	197.10	 0.00	  0.000	0.000	  0.06	 1.30																										
PIRATA Fr22	st012c01	B	2012-04-01T09:45:00z	  -7.000	 +4.000		  10.0	10	 34.830	4.542	198.50	 0.00	  0.000	0.000	  0.04	 1.30																										
PIRATA Fr22	st012c01	B	2012-04-01T09:45:00z	  -7.000	 +4.000		  20.0	 9	 35.195	4.589	200.40	 0.00	  0.000	0.000	  0.07	 1.10																										
PIRATA Fr22	st012c01	B	2012-04-01T09:45:00z	  -7.000	 +4.000		  40.0	 8	 35.936	4.520	197.10	 0.00	  0.000	0.000	  0.20	 1.30																										
PIRATA Fr22	st012c01	B	2012-04-01T09:45:00z	  -7.000	 +4.000		  60.0	 7	 35.936	2.899	126.30	 0.01	  0.000	0.000	  0.21	 1.50																										
PIRATA Fr22	st012c01	B	2012-04-01T09:45:00z	  -7.000	 +4.000		  80.0	 6	 35.809	2.801	121.90	 0.06	 15.000	15.000	  0.99	 4.40																										
PIRATA Fr22	st012c01	B	2012-04-01T09:45:00z	  -7.000	 +4.000		 101.0	 5	 35.709	2.745	119.50	 0.03	 16.600	16.500	  1.04	 5.30																										
PIRATA Fr22	st012c01	B	2012-04-01T09:45:00z	  -7.000	 +4.000		 503.0	 4	 34.675	2.158	 93.80	 0.00	 35.400	35.400	  2.21	21.00																										
PIRATA Fr22	st012c01	B	2012-04-01T09:45:00z	  -7.000	 +4.000		1009.0	 3	 34.667	3.463	150.60	 0.00	 32.900	32.900	  2.23	30.30																										
PIRATA Fr22	st012c01	B	2012-04-01T09:45:00z	  -7.000	 +4.000		1008.0	 2	 34.666	3.398	147.70	 0.00	 32.600	32.600	  2.25	29.90																										
PIRATA Fr22	st012c01	B	2012-04-01T09:45:00z	  -7.000	 +4.000		2020.0	 1	 34.956	5.501	239.10	 0.00	 21.100	21.100	  1.43	24.30																										
PIRATA Fr22	st014c01	B	2012-04-07T23:05:00z	 -10.000	 +1.500		   1.8	11	 34.851	4.518	197.40	 0.01	  0.100	0.100	  0.01	 1.20																										
PIRATA Fr22	st014c01	B	2012-04-07T23:05:00z	 -10.000	 +1.500		  10.4	10	 34.849	4.500	196.60	 0.00	  0.000	0.000	  0.00	 1.20																										
PIRATA Fr22	st014c01	B	2012-04-07T23:05:00z	 -10.000	 +1.500		  19.9	 9	 34.852	4.531	198.00	 0.04	  0.100	0.100	  0.02	 1.50																										
PIRATA Fr22	st014c01	B	2012-04-07T23:05:00z	 -10.000	 +1.500		  40.0	 8	 35.252	4.564	199.30	 0.04	  0.100	0.100	  0.04	 1.40																										
PIRATA Fr22	st014c01	B	2012-04-07T23:05:00z	 -10.000	 +1.500		  60.2	 7	 35.796	2.863	124.70	 0.68	 13.900	13.200	  0.90	 4.00																										
PIRATA Fr22	st014c01	B	2012-04-07T23:05:00z	 -10.000	 +1.500		  80.0	 6	 35.620	2.473	107.60	 0.06	 18.800	18.700	  1.18	 6.20																										
PIRATA Fr22	st014c01	B	2012-04-07T23:05:00z	 -10.000	 +1.500		 101.0	 5	 35.529	2.246	 97.80	 0.03	 20.900	20.900	  1.33	 7.00																										
PIRATA Fr22	st014c01	B	2012-04-07T23:05:00z	 -10.000	 +1.500		 503.0	 4	 34.611	2.978	129.60	 0.05	 32.800	32.700	  2.06	21.10																										
PIRATA Fr22	st014c01	B	2012-04-07T23:05:00z	 -10.000	 +1.500		1008.0	 3	 34.629	3.468	150.80	 0.01	 32.900	32.800	  2.19	30.80																										
PIRATA Fr22	st014c01	B	2012-04-07T23:05:00z	 -10.000	 +1.500		2023.0	 2	 34.962	5.648	245.50	 0.01	 20.000	20.000	  1.33	22.80																										
PIRATA Fr22	st014c01	B	2012-04-07T23:05:00z	 -10.000	 +1.500		2021.0	 1	 34.956	5.647	245.40	 0.04	 20.300	20.200	  1.32	22.10																										
PIRATA Fr22	st015c01	B	2012-04-08T03:44:00z	 -10.000	 +1.000		   1.7	11	 34.779	4.515	197.30	 0.04	  0.000	0.000	  0.07	 3.50	0.0045	0.0089	0.0046	0.0051	0.0057			0.0013	0.0199	0.0065			0.0903		0.0048	0.0099		0.0203			0.1054	0.0895				
PIRATA Fr22	st015c01	B	2012-04-08T03:44:00z	 -10.000	 +1.000		  10.0	10	 34.779	4.522	197.60	 0.01	  0.000	0.000	  0.03	 1.40																										
PIRATA Fr22	st015c01	B	2012-04-08T03:44:00z	 -10.000	 +1.000		  20.0	 9	 34.788	4.513	197.20	 0.00	  0.000	0.000	  0.02	 1.40	0.0046	0.0082	0.0040	0.0050	0.0054			0.0011	0.0197	0.0056			0.0848		0.0051	0.0093		0.0187			0.0981	0.0792				
PIRATA Fr22	st015c01	B	2012-04-08T03:44:00z	 -10.000	 +1.000		  39.0	 8	 35.391	4.631	202.20	 0.01	  0.000	0.000	  0.02	 1.30	0.0086	0.0121	0.0082	0.0080	0.0057			0.0011	0.0295	0.0064			0.0897		0.0093	0.0139		0.0238			0.1382	0.1045				
PIRATA Fr22	st015c01	B	2012-04-08T03:44:00z	 -10.000	 +1.000		  60.0	 7	 35.763	3.594	156.60	 0.00	  5.200	5.200	  0.46	 1.60	0.0983	0.0716	0.0303	0.0790	0.0508	0.0177	0.0185	0.0043	0.1517	0.0196	0.0068		0.0365		0.0412	0.2019		0.0402			0.1242	0.5688				
PIRATA Fr22	st015c01	B	2012-04-08T03:44:00z	 -10.000	 +1.000		  81.0	 6	 35.647	2.419	105.30	 0.23	 18.400	18.200	  1.16	 6.50	0.0451	0.0215	0.0017	0.0418	0.0271	0.0024	0.0021		0.0476	0.0046			0.0093		0.0887	0.0221		0.0238			0.0698	0.1606				
PIRATA Fr22	st015c01	B	2012-04-08T03:44:00z	 -10.000	 +1.000		 100.0	 5	 35.470	2.802	122.00	 0.05	 18.500	18.400	  1.18	 7.30	0.0090	0.0041		0.0093	0.0050				0.0128	0.0009			0.0011		0.0099	0.0046		0.0060			0.0080	0.0312				
PIRATA Fr22	st015c01	B	2012-04-08T03:44:00z	 -10.000	 +1.000		 503.0	 4	 34.587	3.032	131.90	 0.00	 32.900	32.900	  2.03	21.00																										
PIRATA Fr22	st015c01	B	2012-04-08T03:44:00z	 -10.000	 +1.000		1008.0	 3	 34.631	3.510	152.60	 0.01	 33.000	33.000	  2.13	30.60																										
PIRATA Fr22	st015c01	B	2012-04-08T03:44:00z	 -10.000	 +1.000		1008.0	 2	 34.631	3.508	152.60	 0.00	 33.100	33.100	  2.15	31.20																										
PIRATA Fr22	st015c01	B	2012-04-08T03:44:00z	 -10.000	 +1.000		2019.0	 1	 34.974	5.578	242.40	 0.03	 20.000	19.900	  1.29	20.10																										
PIRATA Fr22	st016c01	B	2012-04-08T09:50:00z	 -10.000	 +0.500		   1.7	11	 34.849	4.538	198.30	 0.05	  0.100	0.000	  0.05	 0.70																										
PIRATA Fr22	st016c01	B	2012-04-08T09:50:00z	 -10.000	 +0.500		  10.2	10	 34.856	4.532	198.00	 0.00	  0.000	0.000	  0.00	 0.80																										
PIRATA Fr22	st016c01	B	2012-04-08T09:50:00z	 -10.000	 +0.500		  19.8	 9	 35.045	4.639	202.60	 0.00	  0.000	0.000	  0.00	 0.70																										
PIRATA Fr22	st016c01	B	2012-04-08T09:50:00z	 -10.000	 +0.500		  40.2	 8	 35.798	4.146	180.80	 0.00	  0.100	0.100	  0.10	 1.70																										
PIRATA Fr22	st016c01	B	2012-04-08T09:50:00z	 -10.000	 +0.500		  60.3	 7	 35.804	2.675	116.50	 0.30	 13.500	13.200	  0.88	 4.50																										
PIRATA Fr22	st016c01	B	2012-04-08T09:50:00z	 -10.000	 +0.500		  80.6	 6	 35.754	3.159	137.60	 0.17	 13.600	13.400	  0.93	 5.00																										
PIRATA Fr22	st016c01	B	2012-04-08T09:50:00z	 -10.000	 +0.500		 100.7	 5	 35.582	3.145	136.90	 0.04	 15.300	15.200	  1.04	 6.00																										
PIRATA Fr22	st016c01	B	2012-04-08T09:50:00z	 -10.000	 +0.500		 504.1	 4	 34.589	3.127	136.00	 0.00	 31.800	31.800	  2.04	20.00																										
PIRATA Fr22	st016c01	B	2012-04-08T09:50:00z	 -10.000	 +0.500		 503.6	 3	 34.589	3.094	134.60	 0.00	 31.700	31.700	  2.06	20.00																										
PIRATA Fr22	st016c01	B	2012-04-08T09:50:00z	 -10.000	 +0.500		 503.4	 2	 34.590	3.078	133.90	 0.00	 32.000	32.000	  2.06	20.20																										
PIRATA Fr22	st016c01	B	2012-04-08T09:50:00z	 -10.000	 +0.500		 503.4	 1	 34.590	3.084	134.10	 0.00	 31.900	31.900	  2.10	20.00																										
PIRATA Fr22	st017c01	B	2012-04-09T03:10:00z	 -10.000	 +0.000		   1.6	11	 34.873	4.471	195.30	 0.00	  0.000	0.000	  0.00	 1.10																										
PIRATA Fr22	st017c01	B	2012-04-09T03:10:00z	 -10.000	 +0.000		  10.7	10	 34.870	4.472	195.40	 0.00	  0.000	0.000	  0.01	 1.20	0.0040	0.0073	0.0045	0.0039	0.0058			0.0008	0.0170	0.0062			0.0708		0.0040	0.0054		0.0192			0.0896	0.0873				
PIRATA Fr22	st017c01	B	2012-04-09T03:10:00z	 -10.000	 +0.000		  19.3	 9	 35.288	4.515	197.20	 0.02	  0.000	0.000	  0.02	 1.20	0.0053	0.0097	0.0075	0.0052	0.0081			0.0009	0.0199	0.0072		0.0006	0.0825		0.0043	0.0063		0.0225			0.0958	0.1034				
PIRATA Fr22	st017c01	B	2012-04-09T03:10:00z	 -10.000	 +0.000		  40.3	 8	 36.207	4.469	194.80	 0.12	  1.300	1.100	  0.13	 2.10	0.1616	0.1795	0.0298	0.1068	0.4870	0.0020	0.0095		0.1816	0.0500	0.0014	0.0018	0.0625		0.0262	0.0742			0.0564		0.2094	1.1176				
PIRATA Fr22	st017c01	B	2012-04-09T03:10:00z	 -10.000	 +0.000		  60.2	 7	 36.203	3.818	166.30	 0.38	  6.500	6.100	  0.38	 3.20	0.0747	0.0429	0.0127	0.0651	0.0346	0.0069	0.0106	0.0032	0.1002	0.0093	0.0035		0.0202		0.0490	0.1037		0.0286			0.0896	0.3201				
PIRATA Fr22	st017c01	B	2012-04-09T03:10:00z	 -10.000	 +0.000		  81.0	 6	 35.928	3.772	164.20	 0.27	  9.300	9.000	  0.54	 3.90	0.0535	0.0292	0.0044	0.0602	0.0143	0.0029	0.0023		0.0725	0.0061	0.0020		0.0130		0.0641	0.0287		0.0202			0.0711	0.1887				
PIRATA Fr22	st017c01	B	2012-04-09T03:10:00z	 -10.000	 +0.000		 101.2	 5	 35.602	3.324	144.70	 0.06	 14.500	14.500	  0.80	 5.70	0.0266	0.0127	0.0017	0.0312	0.0073				0.0391	0.0033			0.0040		0.0511			0.0123			0.0339	0.0848				
PIRATA Fr22	st017c01	B	2012-04-09T03:10:00z	 -10.000	 +0.000		 101.2	 4	 35.601	3.327	144.80	 0.06	 14.600	14.500	  0.86	 5.80																										
PIRATA Fr22	st017c01	B	2012-04-09T03:10:00z	 -10.000	 +0.000		 503.8	 3	 34.600	3.055	132.90	 0.01	 31.100	31.100	  1.91	19.20																										
PIRATA Fr22	st017c01	B	2012-04-09T03:10:00z	 -10.000	 +0.000		1008.6	 2	 34.619	3.587	156.00	 0.01	 32.000	31.900	  2.09	30.70																										
PIRATA Fr22	st017c01	B	2012-04-09T03:10:00z	 -10.000	 +0.000		2020.7	 1	 34.955	5.664	246.20	 0.00	 19.700	19.700	  1.22	23.60																										
PIRATA Fr22	st018c01	B	2012-04-09T08:25:00z	 -10.000	 -0.500		   2.4	11	 35.546	4.496	196.30	 0.00	  0.000	0.000	  0.05	 0.80																										
PIRATA Fr22	st018c01	B	2012-04-09T08:25:00z	 -10.000	 -0.500		  10.0	10	 35.547	4.495	196.20	 0.01	  0.000	0.000	  0.03	 1.40																										
PIRATA Fr22	st018c01	B	2012-04-09T08:25:00z	 -10.000	 -0.500		  19.8	 9	 35.567	4.499	196.40	 0.03	  0.000	0.000	  0.04	 1.70																										
PIRATA Fr22	st018c01	B	2012-04-09T08:25:00z	 -10.000	 -0.500		  39.2	 8	 36.222	4.470	194.90	 0.07	  0.600	0.500	  0.15	 1.80																										
PIRATA Fr22	st018c01	B	2012-04-09T08:25:00z	 -10.000	 -0.500		  60.3	 7	 36.264	4.026	175.40	 0.38	  4.700	4.400	  0.37	 2.90																										
PIRATA Fr22	st018c01	B	2012-04-09T08:25:00z	 -10.000	 -0.500		  80.5	 6	 35.877	3.692	160.70	 0.25	 10.200	9.900	  0.66	 4.30																										
PIRATA Fr22	st018c01	B	2012-04-09T08:25:00z	 -10.000	 -0.500		  80.5	 5	 35.870	3.672	159.90	 0.24	 10.200	10.000	  0.69	 4.50																										
PIRATA Fr22	st018c01	B	2012-04-09T08:25:00z	 -10.000	 -0.500		 101.8	 4	 35.605	3.366	146.50	 0.05	 14.500	14.400	  0.91	 5.80																										
PIRATA Fr22	st018c01	B	2012-04-09T08:25:00z	 -10.000	 -0.500		 501.0	 3	 34.574	3.158	137.40	 0.04	 31.800	31.700	  2.02	19.70																										
PIRATA Fr22	st018c01	B	2012-04-09T08:25:00z	 -10.000	 -0.500		 501.0	 2	 34.574	3.039	132.20	 0.01	 31.800	31.800	  2.03	22.40																										
PIRATA Fr22	st018c01	B	2012-04-09T08:25:00z	 -10.000	 -0.500		 501.0	 1	 34.576	3.174	138.10	 0.00	 31.500	31.600	  2.04	22.00																										
PIRATA Fr22	st019c01	B	2012-04-09T13:05:00z	 -10.000	 -1.000		   1.2	11	 35.872	4.515	197.10	 0.00	  0.000	0.000	  0.08	 1.10	0.0032	0.0080	0.0064	0.0041	0.0066				0.0148	0.0143		0.0032	0.1107		0.0041	0.0042			0.0211		0.1266	0.1068				
PIRATA Fr22	st019c01	B	2012-04-09T13:05:00z	 -10.000	 -1.000		  10.7	10	 35.868	4.521	197.30	 0.00	  0.000	0.000	  0.07	 1.10																										
PIRATA Fr22	st019c01	B	2012-04-09T13:05:00z	 -10.000	 -1.000		  19.9	 9	 35.881	4.541	198.20	 0.00	  0.000	0.000	  0.06	 1.10	0.0041	0.0106	0.0068	0.0056	0.0073			0.0020	0.0205	0.0109		0.0016	0.1180		0.0059	0.0078		0.0257			0.1516	0.1055				
PIRATA Fr22	st019c01	B	2012-04-09T13:05:00z	 -10.000	 -1.000		  40.1	 8	 36.080	4.541	198.10	 0.00	  0.000	0.000	  0.09	 1.30	0.0141	0.0212	0.0195	0.0139	0.0126			0.0023	0.0447	0.0118	0.0006	0.0007	0.1334		0.0179	0.0283		0.0426			0.2757	0.1867				
PIRATA Fr22	st019c01	B	2012-04-09T13:05:00z	 -10.000	 -1.000		  62.6	 7	 36.171	3.776	164.50	 0.16	  4.700	4.500	  0.50	 2.80	0.0933	0.0728	0.0153	0.1040	0.0360	0.0121	0.0046		0.1697	0.0134		0.0039	0.0597		0.0963	0.1328		0.0518			0.2317	0.4196				
PIRATA Fr22	st019c01	B	2012-04-09T13:05:00z	 -10.000	 -1.000		  62.1	 6	 36.168	3.752	163.40	 0.16	  4.900	4.700	  0.53	 2.90																										
PIRATA Fr22	st019c01	B	2012-04-09T13:05:00z	 -10.000	 -1.000		  81.6	 5	 35.996	3.520	153.30	 0.39	  9.600	9.200	  0.72	 3.90	0.0556	0.0403	0.0078	0.0582	0.0230	0.0068	0.0082	0.0030	0.0745	0.0071	0.0044		0.0327		0.0890	0.1083		0.0365			0.1483	0.2632				
PIRATA Fr22	st019c01	B	2012-04-09T13:05:00z	 -10.000	 -1.000		  99.9	 4	 35.645	3.489	151.90	 0.11	 13.200	13.100	  0.90	 5.10	0.0352	0.0199	0.0031	0.0410	0.0101	0.0015	0.0007		0.0502	0.0040	0.0007		0.0090		0.0710	0.0173		0.0183			0.0577	0.1207				
PIRATA Fr22	st019c01	B	2012-04-09T13:05:00z	 -10.000	 -1.000		 499.0	 3	 34.611	3.081	134.00	 0.00	 30.900	31.000	  2.04	19.10																										
PIRATA Fr22	st019c01	B	2012-04-09T13:05:00z	 -10.000	 -1.000		 499.0	 2	 34.610	3.079	133.90	 0.00	 31.100	31.100	  2.07	19.30																										
PIRATA Fr22	st019c01	B	2012-04-09T13:05:00z	 -10.000	 -1.000		 499.0	 1	 34.611	3.077	133.80	 0.00	 31.300	31.300	  2.07	19.30																										
PIRATA Fr22	st020c01	B	2012-04-09T18:02:00z	 -10.000	 -1.500		   1.9	11	 36.011	4.559	199.00	 0.00	  0.000	0.000	  0.12	 1.20																										
PIRATA Fr22	st020c01	B	2012-04-09T18:02:00z	 -10.000	 -1.500		  10.3	10	 36.009	4.559	198.90	 0.00	  0.000	0.000	  0.08	 1.20																										
PIRATA Fr22	st020c01	B	2012-04-09T18:02:00z	 -10.000	 -1.500		  20.0	 9	 36.022	4.565	199.20	 0.00	  0.000	0.000	  0.06	 1.10																										
PIRATA Fr22	st020c01	B	2012-04-09T18:02:00z	 -10.000	 -1.500		  40.0	 8	 36.124	4.427	193.00	 0.02	  0.400	0.400	  0.20	 1.90																										
PIRATA Fr22	st020c01	B	2012-04-09T18:02:00z	 -10.000	 -1.500		  40.0	 7	 36.111	4.347	189.50	 0.03	  1.000	1.000	  0.20	 1.90																										
PIRATA Fr22	st020c01	B	2012-04-09T18:02:00z	 -10.000	 -1.500		  61.0	 6	 35.775	3.049	132.70	 0.30	 14.100	13.800	  0.97	 4.90																										
PIRATA Fr22	st020c01	B	2012-04-09T18:02:00z	 -10.000	 -1.500		  80.0	 5	 35.590	3.088	134.40	 0.07	 16.000	15.900	  1.08	 5.90																										
PIRATA Fr22	st020c01	B	2012-04-09T18:02:00z	 -10.000	 -1.500		 102.0	 4	 35.559	3.020	131.50	 0.04	 16.800	16.800	  1.12	 6.10																										
PIRATA Fr22	st020c01	B	2012-04-09T18:02:00z	 -10.000	 -1.500		 503.0	 3	 34.665	2.762	120.10	 0.00	 31.900	31.900	  2.06	18.50																										
PIRATA Fr22	st020c01	B	2012-04-09T18:02:00z	 -10.000	 -1.500		 503.0	 2	 34.664	2.760	120.00	 0.00	 31.700	31.700	  2.07	18.70																										
PIRATA Fr22	st020c01	B	2012-04-09T18:02:00z	 -10.000	 -1.500		 503.0	 1	 34.665	2.786	121.20	 0.00	 32.100	32.100	  2.08	18.60																										
PIRATA Fr22	st021c01	B	2012-04-09T22:55:00z	 -10.000	 -2.000		   2.5	11	 35.971	4.577	199.80	 0.00	  0.000	0.000	  0.08	 0.90	0.0036	0.0070	0.0028	0.0035	0.0066			0.0009	0.0145	0.0061		0.0007	0.1035		0.0045	0.0064		0.0217			0.1092	0.0890				
PIRATA Fr22	st021c01	B	2012-04-09T22:55:00z	 -10.000	 -2.000		   9.9	10	 35.973	4.550	198.50	 0.00	  0.000	0.000	  0.07	 0.90																										
PIRATA Fr22	st021c01	B	2012-04-09T22:55:00z	 -10.000	 -2.000		  20.2	 9	 35.984	4.557	198.90	 0.00	  0.000	0.000	  0.06	 0.90																										
PIRATA Fr22	st021c01	B	2012-04-09T22:55:00z	 -10.000	 -2.000		  20.1	 8	 35.985	4.560	199.00	 0.00	  0.000	0.000	  0.07	 1.00	0.0035	0.0075	0.0041	0.0040	0.0068			0.0008	0.0149	0.0053			0.1003		0.0050	0.0073		0.0199			0.1164	0.0680				
PIRATA Fr22	st021c01	B	2012-04-09T22:55:00z	 -10.000	 -2.000		  40.4	 7	 35.890	3.946	171.90	 0.16	  4.200	4.000	  0.53	 2.80	0.1202	0.0939	0.0296	0.1169	0.0396	0.0190	0.0126	0.0097	0.2295	0.0270	0.0076	0.0030	0.0670		0.0292	0.2042		0.0462			0.1617	0.7025				
PIRATA Fr22	st021c01	B	2012-04-09T22:55:00z	 -10.000	 -2.000		  60.9	 6	 35.659	2.827	123.00	 0.23	 16.300	16.100	  1.07	 5.60	0.0713	0.0416	0.0060	0.0792	0.0232	0.0080	0.0103		0.0912	0.0098	0.0026		0.0384		0.0779	0.1105		0.0352			0.1304	0.3052				
PIRATA Fr22	st021c01	B	2012-04-09T22:55:00z	 -10.000	 -2.000		  80.6	 5	 35.572	2.800	121.80	 0.06	 17.500	17.400	  1.15	 6.20	0.0486	0.0252	0.0024	0.0544	0.0143	0.0030	0.0028		0.0559	0.0041	0.0007		0.0169		0.1073	0.0397		0.0278			0.0982	0.1642				
PIRATA Fr22	st021c01	B	2012-04-09T22:55:00z	 -10.000	 -2.000		 101.4	 4	 35.510	2.802	121.90	 0.01	 18.100	18.100	  1.21	 6.60	0.0166	0.0080		0.0172	0.0053				0.0264	0.0018			0.0023		0.0268	0.0092		0.0076			0.0192	0.0543				
PIRATA Fr22	st021c01	B	2012-04-09T22:55:00z	 -10.000	 -2.000		 503.6	 3	 34.626	3.164	137.60	 0.00	 30.600	30.600	  1.97	17.90																										
PIRATA Fr22	st021c01	B	2012-04-09T22:55:00z	 -10.000	 -2.000		 503.1	 2	 34.626	3.191	138.80	 0.00	 30.700	30.700	  2.00	17.90																										
PIRATA Fr22	st021c01	B	2012-04-09T22:55:00z	 -10.000	 -2.000		 502.4	 1	 34.627	3.183	138.40	 0.00	 30.800	30.800	  2.01	18.00																										
PIRATA Fr22	st022c01	B	2012-04-10T03:32:00z	 -10.000	 -2.500		   1.7	11	 35.765	4.560	199.00	 0.00	  0.000	0.000	  0.05	 0.80																										
PIRATA Fr22	st022c01	B	2012-04-10T03:32:00z	 -10.000	 -2.500		  10.3	10	 35.763	4.554	198.80	 0.00	  0.000	0.000	  0.05	 0.80																										
PIRATA Fr22	st022c01	B	2012-04-10T03:32:00z	 -10.000	 -2.500		  10.3	 9	 35.765	4.551	198.60	 0.00	  0.000	0.000	  0.07	 0.90																										
PIRATA Fr22	st022c01	B	2012-04-10T03:32:00z	 -10.000	 -2.500		  19.5	 8	 35.815	4.565	199.20	 0.00	  0.000	0.000	  0.09	 0.90																										
PIRATA Fr22	st022c01	B	2012-04-10T03:32:00z	 -10.000	 -2.500		  40.8	 7	 35.754	2.992	130.30	 0.52	 13.100	12.600	  0.91	 4.50																										
PIRATA Fr22	st022c01	B	2012-04-10T03:32:00z	 -10.000	 -2.500		  60.5	 6	 35.589	2.758	120.10	 0.12	 17.500	17.400	  1.12	 5.90																										
PIRATA Fr22	st022c01	B	2012-04-10T03:32:00z	 -10.000	 -2.500		  79.7	 5	 35.535	2.666	116.00	 0.03	 18.500	18.400	  1.20	 6.40																										
PIRATA Fr22	st022c01	B	2012-04-10T03:32:00z	 -10.000	 -2.500		 100.7	 4	 35.506	2.811	122.30	 0.02	 18.300	18.300	  1.23	 6.60																										
PIRATA Fr22	st022c01	B	2012-04-10T03:32:00z	 -10.000	 -2.500		 503.3	 3	 34.624	2.462	107.10	 0.00	 34.700	34.700	  2.16	19.90																										
PIRATA Fr22	st022c01	B	2012-04-10T03:32:00z	 -10.000	 -2.500		 503.3	 2	 34.625	2.458	106.90	 0.00	 35.000	35.000	  2.19	19.90																										
PIRATA Fr22	st022c01	B	2012-04-10T03:32:00z	 -10.000	 -2.500		 503.1	 1	 34.626	2.454	106.80	 0.00	 34.800	34.800	  2.20	19.80																										
PIRATA Fr22	st023c01	B	2012-04-10T09:45:00z	 -10.000	 -3.000		   2.1	11	 35.555	4.567	199.40	 0.02	  0.000	0.000	  0.04	 0.80	0.0034	0.0088	0.0057	0.0042	0.0054			0.0013	0.0193	0.0118		0.0010	0.0940		0.0048	0.0079		0.0243			0.1204	0.1038				
PIRATA Fr22	st023c01	B	2012-04-10T09:45:00z	 -10.000	 -3.000		   2.3	10	 35.554	4.566	199.30	 0.00	  0.000	0.000	  0.04	 0.80																										
PIRATA Fr22	st023c01	B	2012-04-10T09:45:00z	 -10.000	 -3.000		  10.2	 9	 35.554	4.565	199.30	 0.00	  0.000	0.000	  0.05	 0.80																										
PIRATA Fr22	st023c01	B	2012-04-10T09:45:00z	 -10.000	 -3.000		  20.0	 8	 35.569	4.592	200.40	 0.00	  0.100	0.100	  0.03	 0.90	0.0039	0.0104	0.0074	0.0057	0.0064	0.0022			0.0234	0.0102			0.0965		0.0056	0.0090		0.0262			0.1271	0.1143				
PIRATA Fr22	st023c01	B	2012-04-10T09:45:00z	 -10.000	 -3.000		  39.9	 7	 35.754	4.351	189.60	 0.00	  3.000	3.000	  0.36	 2.10	0.0249	0.0449	0.0220	0.0729	0.0238	0.0176	0.0235	0.0095	0.1224	0.0184	0.0065		0.0428		0.0680	0.0729			0.0315		0.0767	0.4266				
PIRATA Fr22	st023c01	B	2012-04-10T09:45:00z	 -10.000	 -3.000		  60.2	 6	 35.683	2.896	126.10	 0.05	 14.700	14.600	  0.98	 4.70	0.0418	0.0472	0.0111	0.1013	0.0400	0.0108	0.0173		0.1180	0.0124	0.0036		0.0227		0.0184	0.0641		0.0292			0.0823	0.3696				
PIRATA Fr22	st023c01	B	2012-04-10T09:45:00z	 -10.000	 -3.000		  80.3	 5	 35.590	2.706	117.80	 0.50	 17.500	17.000	  1.14	 5.80	0.0405	0.0247	0.0021	0.0545	0.0192	0.0038	0.0049		0.0560	0.0055	0.0010		0.0163		0.0633	0.0478		0.0263			0.0833	0.1720				
PIRATA Fr22	st023c01	B	2012-04-10T09:45:00z	 -10.000	 -3.000		 101.2	 4	 35.563	2.660	115.70	 0.03	 18.000	18.000	  1.17	 6.10	0.0189	0.0128		0.0329	0.0102	0.0020	0.0015		0.0289	0.0027	0.0006		0.0084		0.0411	0.0170		0.0182			0.0499	0.0881				
PIRATA Fr22	st023c01	B	2012-04-10T09:45:00z	 -10.000	 -3.000		 502.4	 3	 34.608	2.644	115.00	 0.01	 34.000	34.000	  2.11	20.40																										
PIRATA Fr22	st023c01	B	2012-04-10T09:45:00z	 -10.000	 -3.000		 504.2	 2	 34.606	2.637	114.70	 0.00	 34.000	34.000	  2.15	20.30																										
PIRATA Fr22	st023c01	B	2012-04-10T09:45:00z	 -10.000	 -3.000		 503.7	 1	 34.613	2.637	114.70	 0.00	 34.000	34.000	  2.17	20.00																										
PIRATA Fr22	st024c01	B	2012-04-10T15:00:00z	 -10.000	 -3.500		   1.1	11	 35.460	4.560	199.10	 0.00	  0.100	0.100	  0.00	 0.80																										
PIRATA Fr22	st024c01	B	2012-04-10T15:00:00z	 -10.000	 -3.500		  10.1	10	 35.463	4.580	200.00	 0.00	  0.200	0.200	  0.00	 0.90																										
PIRATA Fr22	st024c01	B	2012-04-10T15:00:00z	 -10.000	 -3.500		  21.7	 9	 35.505	4.628	202.00	 0.00	  0.200	0.200	  0.00	 0.90																										
PIRATA Fr22	st024c01	B	2012-04-10T15:00:00z	 -10.000	 -3.500		  39.5	 8	 35.766	3.352	146.00	 0.20	 10.900	10.700	  0.80	 4.10																										
PIRATA Fr22	st024c01	B	2012-04-10T15:00:00z	 -10.000	 -3.500		  60.7	 7	 35.603	2.865	124.70	 0.10	 16.700	16.600	  1.10	 5.90																										
PIRATA Fr22	st024c01	B	2012-04-10T15:00:00z	 -10.000	 -3.500		  80.7	 6	 35.578	2.865	124.70	 0.00	 17.200	17.200	  1.10	 6.10																										
PIRATA Fr22	st024c01	B	2012-04-10T15:00:00z	 -10.000	 -3.500		 100.6	 5	 35.545	2.757	120.00	 0.00	 18.000	18.000	  1.20	 6.40																										
PIRATA Fr22	st024c01	B	2012-04-10T15:00:00z	 -10.000	 -3.500		 503.3	 4	 34.656	2.196	 95.50	 0.00	 34.900	34.900	  2.20	19.70																										
PIRATA Fr22	st024c01	B	2012-04-10T15:00:00z	 -10.000	 -3.500		 503.3	 3	 34.655	2.218	 96.40	 0.00	 34.900	34.900	  2.20	19.70																										
PIRATA Fr22	st024c01	B	2012-04-10T15:00:00z	 -10.000	 -3.500		 504.3	 2	 34.654	2.241	 97.50	 0.00	 34.700	34.700	  2.20	20.00																										
PIRATA Fr22	st024c01	B	2012-04-10T15:00:00z	 -10.000	 -3.500		 503.6	 1	 34.658	2.251	 97.90	 0.00	 34.900	34.900	  2.20	19.80																										
PIRATA Fr22	st025c01	B	2012-04-10T19:59:00z	 -10.000	 -4.000		   2.0	11	 35.510	4.590	200.40	 0.00	  0.000	0.000	  0.04	 0.90	0.0066	0.0116	0.0086	0.0062	0.0068	0.0013	0.0011	0.0017	0.0278	0.0109		0.0013	0.0998		0.0038	0.0171		0.0237			0.0780	0.1410				
PIRATA Fr22	st025c01	B	2012-04-10T19:59:00z	 -10.000	 -4.000		  10.5	10	 35.511	4.595	200.60	 0.00	  0.000	0.000	  0.04	 0.90																										
PIRATA Fr22	st025c01	B	2012-04-10T19:59:00z	 -10.000	 -4.000		  21.0	 9	 35.531	4.596	200.60	 0.00	  0.000	0.000	  0.04	 0.90	0.0081	0.0125	0.0109	0.0073	0.0081	0.0007	0.0014	0.0014	0.0308	0.0105	0.0007	0.0013	0.0971		0.0049	0.0172		0.0214			0.0797	0.1375				
PIRATA Fr22	st025c01	B	2012-04-10T19:59:00z	 -10.000	 -4.000		  40.5	 8	 35.958	3.954	172.20	 0.14	  5.500	5.400	  0.52	 3.20	0.0623	0.0732	0.0140	0.0900	0.0271	0.0090	0.0037	0.0053	0.1377	0.0147	0.0043	0.0020	0.1222		0.0250	0.1281		0.0385			0.1848	0.4138				
PIRATA Fr22	st025c01	B	2012-04-10T19:59:00z	 -10.000	 -4.000		  61.0	 7	 35.616	2.671	116.20	 0.18	 17.300	17.200	  1.12	 6.20	0.0963	0.0595	0.0061	0.1011	0.0401	0.0122	0.0159		0.1171	0.0114	0.0024		0.0473		0.0958	0.1702		0.0447			0.1481	0.4248				
PIRATA Fr22	st025c01	B	2012-04-10T19:59:00z	 -10.000	 -4.000		  80.1	 6	 35.593	2.665	116.00	 0.11	 17.700	17.600	  1.15	 6.50	0.0622	0.0361	0.0039	0.0770	0.0279	0.0052	0.0022		0.0663	0.0070	0.0017		0.0225		0.1155	0.0253		0.0313			0.1083	0.2172				
PIRATA Fr22	st025c01	B	2012-04-10T19:59:00z	 -10.000	 -4.000		 100.0	 5	 35.532	2.497	108.70	 0.02	 19.300	19.300	  1.25	 7.20	0.0131	0.0069		0.0130	0.0059	0.0006		0.0005	0.0197	0.0013	0.0006		0.0028		0.0177	0.0066		0.0055			0.0121	0.0441				
PIRATA Fr22	st025c01	B	2012-04-10T19:59:00z	 -10.000	 -4.000		 100.0	 4	 35.531	2.484	108.10	 0.02	 19.200	19.200	  1.27	 7.10																										
PIRATA Fr22	st025c01	B	2012-04-10T19:59:00z	 -10.000	 -4.000		 503.0	 3	 34.636	2.257	 98.20	 0.00	 35.400	35.400	  2.26	20.10																										
PIRATA Fr22	st025c01	B	2012-04-10T19:59:00z	 -10.000	 -4.000		 503.0	 2	 34.634	2.257	 98.20	 0.00	 35.600	35.600	  2.22	20.40																										
PIRATA Fr22	st025c01	B	2012-04-10T19:59:00z	 -10.000	 -4.000		 503.0	 1	 34.638	2.257	 98.10	 0.00	 35.800	35.800	  2.25	20.20																										
PIRATA Fr22	st026c01	B	2012-04-11T00:30:00z	 -10.000	 -4.500		   2.0	11	 35.702	4.550	198.60	 0.00	  0.100	0.100	  0.01	 0.70																										
PIRATA Fr22	st026c01	B	2012-04-11T00:30:00z	 -10.000	 -4.500		  10.3	10	 35.703	4.553	198.70	 0.00	  0.100	0.100	  0.01	 0.60																										
PIRATA Fr22	st026c01	B	2012-04-11T00:30:00z	 -10.000	 -4.500		  19.6	 9	 35.721	4.562	199.10	 0.00	  0.200	0.200	  0.04	 0.70																										
PIRATA Fr22	st026c01	B	2012-04-11T00:30:00z	 -10.000	 -4.500		  40.5	 8	 36.114	4.289	186.90	 0.08	  2.400	2.300	  0.38	 2.30																										
PIRATA Fr22	st026c01	B	2012-04-11T00:30:00z	 -10.000	 -4.500		  60.3	 7	 35.715	2.774	120.80	 0.40	 15.300	14.900	  0.96	 4.90																										
PIRATA Fr22	st026c01	B	2012-04-11T00:30:00z	 -10.000	 -4.500		  80.2	 6	 35.532	1.925	 83.80	 0.07	 22.300	22.200	  1.35	 7.20																										
PIRATA Fr22	st026c01	B	2012-04-11T00:30:00z	 -10.000	 -4.500		  80.6	 5	 35.535	1.919	 83.50	 0.09	 22.100	22.000	  1.35	 7.20																										
PIRATA Fr22	st026c01	B	2012-04-11T00:30:00z	 -10.000	 -4.500		 100.8	 4	 35.485	1.865	 81.20	 0.02	 23.100	23.100	  1.42	 7.70																										
PIRATA Fr22	st026c01	B	2012-04-11T00:30:00z	 -10.000	 -4.500		 503.8	 3	 34.707	1.887	 82.10	 0.00	 35.600	35.600	  2.18	18.70																										
PIRATA Fr22	st026c01	B	2012-04-11T00:30:00z	 -10.000	 -4.500		 503.2	 2	 34.706	1.853	 80.60	 0.00	 35.800	35.800	  2.19	18.80																										
PIRATA Fr22	st026c01	B	2012-04-11T00:30:00z	 -10.000	 -4.500		 503.1	 1	 34.708	1.891	 82.30	 0.00	 35.800	35.800	  2.21	19.00																										
PIRATA Fr22	st027c01	B	2012-04-11T05:30:00z	 -10.000	 -5.000		   1.8	11	 35.829	4.557	198.90	 0.00	  0.000	0.000	  0.09	 0.80	0.0054	0.0102	0.0047	0.0064	0.0061			0.0009	0.0226	0.0061			0.0747		0.0067	0.0071		0.0188			0.1079	0.0809				
PIRATA Fr22	st027c01	B	2012-04-11T05:30:00z	 -10.000	 -5.000		  10.3	10	 35.830	4.541	198.20	 0.00	  0.000	0.000	  0.09	 0.80																										
PIRATA Fr22	st027c01	B	2012-04-11T05:30:00z	 -10.000	 -5.000		  20.4	 9	 35.831	4.546	198.40	 0.00	  0.000	0.000	  0.07	 0.70	0.0063	0.0105	0.0041	0.0068	0.0070			0.0008	0.0228	0.0064			0.0814		0.0073	0.0059		0.0200			0.1129	0.0795				
PIRATA Fr22	st027c01	B	2012-04-11T05:30:00z	 -10.000	 -5.000		  40.0	 8	 36.210	4.874	212.50	 0.00	  0.000	0.000	  0.11	 1.30	0.0203	0.0219	0.0067	0.0171	0.0075			0.0013	0.0557	0.0073			0.1094		0.0141	0.0237		0.0362			0.2286	0.1621				
PIRATA Fr22	st027c01	B	2012-04-11T05:30:00z	 -10.000	 -5.000		  61.5	 7	 36.026	3.734	162.70	 0.25	  6.600	6.300	  0.55	 2.70	0.0632	0.0496	0.0134	0.0670	0.0125	0.0175	0.0025	0.0041	0.1153	0.0090	0.0015	0.0007	0.0712		0.0709	0.1679		0.0485			0.2296	0.3111				
PIRATA Fr22	st027c01	B	2012-04-11T05:30:00z	 -10.000	 -5.000		  61.5	 6	 36.025	3.724	162.20	 0.25	  6.700	6.400	  0.58	 2.70																										
PIRATA Fr22	st027c01	B	2012-04-11T05:30:00z	 -10.000	 -5.000		  81.0	 5	 35.779	1.993	 86.80	 0.66	 14.200	13.500	  0.96	 4.70	0.0654	0.0407	0.0061	0.0789	0.0198	0.0093	0.0069		0.0792	0.0073	0.0019		0.0327		0.1072	0.0974		0.0399			0.1512	0.2716				
PIRATA Fr22	st027c01	B	2012-04-11T05:30:00z	 -10.000	 -5.000		  99.8	 4	 35.476	2.576	112.10	 0.05	 19.200	19.200	  1.25	 6.60	0.0232	0.0133	0.0023	0.0294	0.0078	0.0019	0.0009		0.0287	0.0026	0.0014		0.0063		0.0683	0.0167		0.0175			0.0500	0.0841				
PIRATA Fr22	st027c01	B	2012-04-11T05:30:00z	 -10.000	 -5.000		 502.0	 3	 34.619	2.284	 99.30	 0.00	 37.400	37.400	  2.27	21.40																										
PIRATA Fr22	st027c01	B	2012-04-11T05:30:00z	 -10.000	 -5.000		 502.0	 2	 34.617	2.286	 99.40	 0.00	 35.700	35.700	  2.28	21.60																										
PIRATA Fr22	st027c01	B	2012-04-11T05:30:00z	 -10.000	 -5.000		 502.0	 1	 34.617	2.312	100.60	 0.00	 36.000	36.000	  2.32	21.40																										
PIRATA Fr22	st028c01	B	2012-04-11T09:56:00z	 -10.000	 -5.500		   2.5	11	 35.912	4.540	198.10	 0.00	  0.000	0.000	  0.04	 0.80																										
PIRATA Fr22	st028c01	B	2012-04-11T09:56:00z	 -10.000	 -5.500		  10.2	10	 35.915			 0.00	  0.100	0.100	  0.03	 0.80																										
PIRATA Fr22	st028c01	B	2012-04-11T09:56:00z	 -10.000	 -5.500		  20.8	 9	 35.912	4.545	198.40	 0.00	  0.100	0.100	  0.03	 0.70																										
PIRATA Fr22	st028c01	B	2012-04-11T09:56:00z	 -10.000	 -5.500		  40.1	 8	 35.914	4.542	198.20	 0.00	  0.100	0.100	  0.03	 0.70																										
PIRATA Fr22	st028c01	B	2012-04-11T09:56:00z	 -10.000	 -5.500		  39.9	 7	 35.912	4.550	198.60	 0.00	  0.100	0.100	  0.04	 0.70																										
PIRATA Fr22	st028c01	B	2012-04-11T09:56:00z	 -10.000	 -5.500		  60.4	 6	 36.220	4.836	210.90	 0.00	  0.200	0.200	  0.04	 1.10																										
PIRATA Fr22	st028c01	B	2012-04-11T09:56:00z	 -10.000	 -5.500		  81.4	 5	 36.067	3.758	163.70	 0.28	  7.200	6.900	  0.60	 3.00																										
PIRATA Fr22	st028c01	B	2012-04-11T09:56:00z	 -10.000	 -5.500		 101.4	 4	 35.768	2.711	118.00	 0.22	 15.900	15.700	  1.00	 5.20																										
PIRATA Fr22	st028c01	B	2012-04-11T09:56:00z	 -10.000	 -5.500		 503.2	 3	 34.612	2.298	 99.90	 0.00	 36.000	36.000	  2.19	21.70																										
PIRATA Fr22	st028c01	B	2012-04-11T09:56:00z	 -10.000	 -5.500		 503.1	 2	 34.613	2.335	101.50	 0.00	 36.000	36.000	  2.25	21.70																										
PIRATA Fr22	st028c01	B	2012-04-11T09:56:00z	 -10.000	 -5.500		 503.2	 1	 34.614	2.346	102.00	 0.00	 35.700	35.700	  2.28	21.80																										
PIRATA Fr22	st029c01	B	2012-04-12T00:18:00z	 -10.000	 -6.000		   1.8	11	 36.084	4.527	197.50	 0.00	  0.100	0.100	  0.05	 0.90	0.0045	0.0071	0.0022	0.0050	0.0043			0.0008	0.0206	0.0056			0.0881		0.0055	0.0067		0.0175			0.1054	0.0601				
PIRATA Fr22	st029c01	B	2012-04-12T00:18:00z	 -10.000	 -6.000		  11.4	10	 36.085	4.527	197.50	 0.00	  0.100	0.100	  0.06	 0.90																										
PIRATA Fr22	st029c01	B	2012-04-12T00:18:00z	 -10.000	 -6.000		  20.3	 9	 36.082	4.524	197.40	 0.00	  0.100	0.100	  0.07	 0.90	0.0048	0.0074	0.0021	0.0048	0.0042			0.0007	0.0205	0.0053			0.0881		0.0060	0.0073		0.0184			0.1083	0.0593				
PIRATA Fr22	st029c01	B	2012-04-12T00:18:00z	 -10.000	 -6.000		  19.9	 8	 36.085	4.531	197.70	 0.00	  0.100	0.100	  0.05	 0.90																										
PIRATA Fr22	st029c01	B	2012-04-12T00:18:00z	 -10.000	 -6.000		  39.9	 7	 36.084	4.532	197.70	 0.00	  0.100	0.100	  0.06	 0.90	0.0049	0.0075	0.0020	0.0048	0.0041	0.0005		0.0007	0.0201	0.0056			0.0927		0.0057	0.0069		0.0195			0.1148	0.0604				
PIRATA Fr22	st029c01	B	2012-04-12T00:18:00z	 -10.000	 -6.000		  59.6	 6	 36.247	4.651	202.90	 0.00	  0.100	0.100	  0.08	 0.90	0.0185	0.0203	0.0054	0.0135	0.0063	0.0013		0.0011	0.0534	0.0063		0.0007	0.0977		0.0221	0.0179		0.0293			0.2283	0.1206				
PIRATA Fr22	st029c01	B	2012-04-12T00:18:00z	 -10.000	 -6.000		  80.9	 5	 36.178	4.368	190.30	 0.07	  2.200	2.100	  0.31	 2.20	0.0638	0.0548	0.0111	0.0801	0.0123	0.0143	0.0020	0.0074	0.1101	0.0091	0.0025	0.0004	0.0823		0.0687	0.2149		0.0510			0.2736	0.3341				
PIRATA Fr22	st029c01	B	2012-04-12T00:18:00z	 -10.000	 -6.000		 101.0	 4	 36.032	3.664	159.20	 0.30	  7.900	7.600	  0.62	 3.10	0.0549	0.0440	0.0061	0.0728	0.0118	0.0113	0.0028	0.0052	0.0806	0.0062	0.0017	0.0003	0.0580		0.0969	0.1635		0.0470			0.2370	0.2571				
PIRATA Fr22	st029c01	B	2012-04-12T00:18:00z	 -10.000	 -6.000		 504.4	 3	 34.595	2.145	 93.30	 0.00	 37.400	37.400	  2.28	22.70																										
PIRATA Fr22	st029c01	B	2012-04-12T00:18:00z	 -10.000	 -6.000		 504.5	 2	 34.594	2.129	 92.60	 0.00	 37.800	37.800	  2.34	23.00																										
PIRATA Fr22	st029c01	B	2012-04-12T00:18:00z	 -10.000	 -6.000		 503.7	 1	 34.596	2.219	 96.50	 0.00	 37.500	37.500	  2.37	22.90																										
PIRATA Fr22	st030c01	B	2012-04-12T04:58:00z	 -10.000	 -6.500		   1.7	11	 36.205	4.516	197.00	 0.00	  0.100	0.100	  0.05	 0.90																										
PIRATA Fr22	st030c01	B	2012-04-12T04:58:00z	 -10.000	 -6.500		  10.2	10	 36.205	4.530	197.60	 0.00	  0.100	0.100	  0.05	 0.90																										
PIRATA Fr22	st030c01	B	2012-04-12T04:58:00z	 -10.000	 -6.500		  10.2	 9	 36.204	4.516	197.10	 0.00	  0.100	0.100	  0.04	 0.90																										
PIRATA Fr22	st030c01	B	2012-04-12T04:58:00z	 -10.000	 -6.500		  20.0	 8	 36.205	4.516	197.00	 0.00	  0.100	0.100	  0.07	 0.90																										
PIRATA Fr22	st030c01	B	2012-04-12T04:58:00z	 -10.000	 -6.500		  41.0	 7	 36.205	4.517	197.10	 0.00	  0.100	0.100	  0.07	 0.90																										
PIRATA Fr22	st030c01	B	2012-04-12T04:58:00z	 -10.000	 -6.500		  61.8	 6	 36.274	4.595	200.40	 0.00	  0.100	0.100	  0.07	 1.00																										
PIRATA Fr22	st030c01	B	2012-04-12T04:58:00z	 -10.000	 -6.500		  80.5	 5	 36.234	4.730	206.20	 0.00	  0.200	0.200	  0.16	 1.50																										
PIRATA Fr22	st030c01	B	2012-04-12T04:58:00z	 -10.000	 -6.500		 100.0	 4	 35.998	3.533	153.90	 0.34	  8.600	8.300	  0.65	 3.20																										
PIRATA Fr22	st030c01	B	2012-04-12T04:58:00z	 -10.000	 -6.500		 500.0	 3	 34.641	1.715	 74.60	 0.00	 38.100	38.100	  2.35	21.20																										
PIRATA Fr22	st030c01	B	2012-04-12T04:58:00z	 -10.000	 -6.500		 501.0	 2	 34.638	1.725	 75.00	 0.00	 38.600	38.600	  2.37	21.30																										
PIRATA Fr22	st030c01	B	2012-04-12T04:58:00z	 -10.000	 -6.500		 501.0	 1	 34.636	1.766	 76.80	 0.00	 38.600	38.600	  2.40	21.70																										
PIRATA Fr22	st031c01	B	2012-04-12T09:10:00z	 -10.000	 -7.000		   2.4	11	 36.287	4.532	197.70	 0.00	  0.100	0.100	  0.08	 0.90	0.0040	0.0083	0.0034	0.0051	0.0032	0.0005		0.0014	0.0226	0.0092		0.0019	0.0847		0.0045	0.0075		0.0139			0.0957	0.0648				
PIRATA Fr22	st031c01	B	2012-04-12T09:10:00z	 -10.000	 -7.000		   2.2	10	 36.292	4.534	197.80	 0.01	  0.200	0.100	  0.09	 0.90																										
PIRATA Fr22	st031c01	B	2012-04-12T09:10:00z	 -10.000	 -7.000		  10.6	 9	 36.292	4.536	197.90	 0.00	  0.100	0.100	  0.08	 0.90																										
PIRATA Fr22	st031c01	B	2012-04-12T09:10:00z	 -10.000	 -7.000		  20.1	 8	 36.291	4.535	197.80	 0.00	  0.100	0.100	  0.09	 0.90	0.0043	0.0071	0.0026	0.0057	0.0036			0.0017	0.0234	0.0086		0.0006	0.0839		0.0058	0.0100		0.0156			0.0988	0.0644				
PIRATA Fr22	st031c01	B	2012-04-12T09:10:00z	 -10.000	 -7.000		  40.6	 7	 36.292	4.529	197.60	 0.00	  0.100	0.100	  0.09	 0.90	0.0047	0.0101	0.0025	0.0060	0.0036	0.0006		0.0014	0.0246	0.0057			0.0816		0.0055	0.0085		0.0154			0.1019	0.0682				
PIRATA Fr22	st031c01	B	2012-04-12T09:10:00z	 -10.000	 -7.000		  60.6	 6	 36.432	5.011	218.40	 0.00	  0.100	0.100	  0.10	 1.10	0.0194	0.0242	0.0077	0.0187	0.0058	0.0015		0.0015	0.0591	0.0069			0.1078		0.0180	0.0269		0.0312			0.2445	0.1468				
PIRATA Fr22	st031c01	B	2012-04-12T09:10:00z	 -10.000	 -7.000		  79.5	 5	 36.302	4.524	197.10	 0.05	  1.700	1.600	  0.27	 1.90	0.0671	0.0568	0.0205	0.0774	0.0143	0.0083	0.0009	0.0037	0.1327	0.0090	0.0023	0.0007	0.0825		0.0399	0.1466		0.0421			0.2634	0.3321				
PIRATA Fr22	st031c01	B	2012-04-12T09:10:00z	 -10.000	 -7.000		  99.6	 4	 35.918	3.049	132.70	 0.56	 12.700	12.100	  0.84	 3.90	0.0632	0.0448	0.0062	0.0829	0.0173	0.0080	0.0024	0.0030	0.0869	0.0055	0.0018		0.0491		0.1241	0.1147		0.0444			0.2119	0.2572				
PIRATA Fr22	st031c01	B	2012-04-12T09:10:00z	 -10.000	 -7.000		 503.8	 3	 34.690	1.831	 79.70	 0.00	 36.100	36.100	  2.13	18.60																										
PIRATA Fr22	st031c01	B	2012-04-12T09:10:00z	 -10.000	 -7.000		 503.2	 2	 34.690	1.836	 79.90	 0.00	 36.400	36.400	  2.19	18.70																										
PIRATA Fr22	st031c01	B	2012-04-12T09:10:00z	 -10.000	 -7.000		 503.6	 1	 34.691	1.840	 80.00	 0.00	 36.200	36.200	  2.22	19.10																										
PIRATA Fr22	st032c01	B	2012-04-12T13:50:00z	 -10.000	 -7.500		   2.0	11	 36.392	4.525	197.40	 0.00	  0.100	0.100	  0.07	 0.70																										
PIRATA Fr22	st032c01	B	2012-04-12T13:50:00z	 -10.000	 -7.500		  10.0	10	 36.392	4.533	197.70	 0.00	  0.100	0.100	  0.08	 0.70																										
PIRATA Fr22	st032c01	B	2012-04-12T13:50:00z	 -10.000	 -7.500		  10.2	 9	 36.390	4.540	198.10	 0.00	  0.100	0.100	  0.09	 0.80																										
PIRATA Fr22	st032c01	B	2012-04-12T13:50:00z	 -10.000	 -7.500		  20.2	 8	 36.387	4.538	198.00	 0.00	  0.100	0.100	  0.10	 0.80																										
PIRATA Fr22	st032c01	B	2012-04-12T13:50:00z	 -10.000	 -7.500		  40.1	 7	 36.399	4.572	199.40	 0.00	  0.100	0.100	  0.08	 0.70																										
PIRATA Fr22	st032c01	B	2012-04-12T13:50:00z	 -10.000	 -7.500		  60.5	 6	 36.611	5.049	220.00	 0.00	  0.100	0.100	  0.09	 0.90																										
PIRATA Fr22	st032c01	B	2012-04-12T13:50:00z	 -10.000	 -7.500		  80.3	 5	 36.427	4.728	205.90	 0.00	  0.500	0.500	  0.21	 1.50																										
PIRATA Fr22	st032c01	B	2012-04-12T13:50:00z	 -10.000	 -7.500		 100.6	 4	 35.924	3.053	132.90	 0.46	 13.300	12.800	  0.88	 3.70																										
PIRATA Fr22	st032c01	B	2012-04-12T13:50:00z	 -10.000	 -7.500		 503.8	 3	 34.630	2.044	 88.90	 0.00	 36.800	36.800	  2.28	20.00																										
PIRATA Fr22	st032c01	B	2012-04-12T13:50:00z	 -10.000	 -7.500		 504.2	 2	 34.629	2.041	 88.80	 0.00	 36.800	36.800	  2.34	20.00																										
PIRATA Fr22	st032c01	B	2012-04-12T13:50:00z	 -10.000	 -7.500		 503.3	 1	 34.630	2.054	 89.30	 0.00	 37.000	37.000	  2.37	20.00																										
PIRATA Fr22	st033c01	B	2012-04-12T18:47:00z	 -10.000	 -8.000		   1.8	11	 36.490	4.561	198.90	 0.00	  0.100	0.100	  0.08	 0.20	0.0030	0.0053	0.0013	0.0032	0.0024			0.0007	0.0148	0.0054		0.0004	0.0490		0.0023	0.0035		0.0089			0.0554	0.0375				
PIRATA Fr22	st033c01	B	2012-04-12T18:47:00z	 -10.000	 -8.000		  10.3	10	 36.493	4.565	199.10	 0.00	  0.100	0.100	  0.10	 0.20																										
PIRATA Fr22	st033c01	B	2012-04-12T18:47:00z	 -10.000	 -8.000		  20.0	 9	 36.492	4.558	198.80	 0.00	  0.100	0.100	  0.09	 0.20	0.0029	0.0052	0.0014	0.0035	0.0025			0.0006	0.0156	0.0051		0.0006	0.0498		0.0022	0.0030		0.0090			0.0601	0.0369				
PIRATA Fr22	st033c01	B	2012-04-12T18:47:00z	 -10.000	 -8.000		  41.0	 8	 36.494	4.565	199.10	 0.00	  0.100	0.100	  0.08	 0.10	0.0033	0.0054	0.0010	0.0033	0.0024			0.0006	0.0163	0.0045			0.0565		0.0035	0.0037		0.0101			0.0729	0.0398				
PIRATA Fr22	st033c01	B	2012-04-12T18:47:00z	 -10.000	 -8.000		  60.0	 7	 36.502	4.547	198.30	 0.00	  0.100	0.100	  0.08	 0.20	0.0052	0.0116	0.0119	0.0047	0.0028			0.0007	0.0252	0.0072			0.0507		0.0049	0.0053		0.0118			0.0919	0.0650				
PIRATA Fr22	st033c01	B	2012-04-12T18:47:00z	 -10.000	 -8.000		  79.8	 6	 36.627	5.053	220.20	 0.00	  0.100	0.100	  0.10	 0.40	0.0174	0.0198	0.0048	0.0187	0.0036	0.0015		0.0013	0.0645	0.0065			0.0361		0.0068	0.0250		0.0127			0.0930	0.1177				
PIRATA Fr22	st033c01	B	2012-04-12T18:47:00z	 -10.000	 -8.000		 101.0	 5	 36.375	4.368	190.20	 0.11	  2.800	2.700	  0.37	 1.30	0.0461	0.0396	0.0098	0.0601	0.0098	0.0060	0.0006	0.0029	0.0925	0.0076	0.0011	0.0005	0.0262		0.0138	0.0836		0.0152			0.0647	0.2179				
PIRATA Fr22	st033c01	B	2012-04-12T18:47:00z	 -10.000	 -8.000		 101.0	 4	 36.373	4.364	190.00	 0.11	  2.900	2.800	  0.37	 1.30																										
PIRATA Fr22	st033c01	B	2012-04-12T18:47:00z	 -10.000	 -8.000		 502.0	 3	 34.679	1.394	 60.60	 0.00	 38.900	38.900	  2.37	19.40																										
PIRATA Fr22	st033c01	B	2012-04-12T18:47:00z	 -10.000	 -8.000		 502.0	 2	 34.678	1.391	 60.50	 0.00	 39.400	39.400	  2.45	19.30																										
PIRATA Fr22	st033c01	B	2012-04-12T18:47:00z	 -10.000	 -8.000		 502.0	 1	 34.679	1.361	 59.20	 0.00	 39.300	39.300	  2.48	19.30																										
PIRATA Fr22	st034c01	B	2012-04-12T22:45:00z	 -10.000	 -8.500		   3.0	11	 36.513	4.575	199.50	 0.00	  0.100	0.100	  0.12	 0.60																										
PIRATA Fr22	st034c01	B	2012-04-12T22:45:00z	 -10.000	 -8.500		  10.1	10	 36.512	4.570	199.30	 0.00	  0.100	0.100	  0.12	 0.70																										
PIRATA Fr22	st034c01	B	2012-04-12T22:45:00z	 -10.000	 -8.500		  20.5	 9	 36.510	4.579	199.70	 0.00	  0.100	0.100	  0.12	 0.60																										
PIRATA Fr22	st034c01	B	2012-04-12T22:45:00z	 -10.000	 -8.500		  40.3	 8	 36.502	4.591	200.20	 0.00	  0.000	0.000	  0.12	 0.60																										
PIRATA Fr22	st034c01	B	2012-04-12T22:45:00z	 -10.000	 -8.500		  60.8	 7	 36.631	5.049	220.00	 0.00	  0.000	0.000	  0.11	 0.70																										
PIRATA Fr22	st034c01	B	2012-04-12T22:45:00z	 -10.000	 -8.500		  79.7	 6	 36.490	4.759	207.30	 0.00	  0.200	0.200	  0.24	 1.20																										
PIRATA Fr22	st034c01	B	2012-04-12T22:45:00z	 -10.000	 -8.500		  80.1	 5	 36.485	4.743	206.60	 0.00	  0.300	0.300	  0.24	 1.20																										
PIRATA Fr22	st034c01	B	2012-04-12T22:45:00z	 -10.000	 -8.500		 100.2	 4	 36.045	3.439	149.70	 0.28	 10.800	10.600	  0.78	 3.00																										
PIRATA Fr22	st034c01	B	2012-04-12T22:45:00z	 -10.000	 -8.500		 506.2	 3	 34.681	1.838	 79.90	 0.00	 36.900	36.900	  2.30	18.90																										
PIRATA Fr22	st034c01	B	2012-04-12T22:45:00z	 -10.000	 -8.500		 504.5	 2	 34.679	1.820	 79.10	 0.00	 36.900	36.900	  2.35	19.00																										
PIRATA Fr22	st034c01	B	2012-04-12T22:45:00z	 -10.000	 -8.500		 504.8	 1	 34.680	1.830	 79.60	 0.00	 37.300	37.300	  2.39	19.20																										
PIRATA Fr22	st035c01	B	2012-04-13T03:05:00z	 -10.000	 -9.000		   1.7	11	 36.553	4.595	200.40	 0.00	  0.100	0.100	  0.15	 0.60	0.0027	0.0052	0.0027	0.0043	0.0029			0.0008	0.0149	0.0047			0.0524		0.0021	0.0046		0.0084			0.0450	0.0419				
PIRATA Fr22	st035c01	B	2012-04-13T03:05:00z	 -10.000	 -9.000		   9.7	10	 36.553	4.589	200.10	 0.00	  0.100	0.100	  0.15	 0.60																										
PIRATA Fr22	st035c01	B	2012-04-13T03:05:00z	 -10.000	 -9.000		  20.4	 9	 36.551	4.598	200.50	 0.00	  0.100	0.100	  0.15	 0.60	0.0026	0.0048	0.0026	0.0042	0.0029			0.0007	0.0152	0.0047		0.0004	0.0599		0.0024	0.0037		0.0095			0.0528	0.0423				
PIRATA Fr22	st035c01	B	2012-04-13T03:05:00z	 -10.000	 -9.000		  39.7	 8	 36.553	4.584	199.90	 0.00	  0.100	0.100	  0.13	 0.50	0.0028	0.0049	0.0023	0.0043	0.0030			0.0008	0.0150	0.0046			0.0613		0.0024	0.0048		0.0104			0.0556	0.0420				
PIRATA Fr22	st035c01	B	2012-04-13T03:05:00z	 -10.000	 -9.000		  60.6	 7	 36.607	4.747	207.00	 0.00	  0.100	0.100	  0.14	 0.60	0.0067	0.0106	0.0060	0.0090	0.0042	0.0008		0.0009	0.0318	0.0064		0.0005	0.0758		0.0048	0.0096		0.0143			0.0807	0.0776				
PIRATA Fr22	st035c01	B	2012-04-13T03:05:00z	 -10.000	 -9.000		  60.8	 6	 36.645	4.853	211.50	 0.02	  0.200	0.200	  0.13	 0.60																										
PIRATA Fr22	st035c01	B	2012-04-13T03:05:00z	 -10.000	 -9.000		  80.5	 5	 36.690	5.052	220.10	 0.00	  0.100	0.100	  0.14	 0.70	0.0206	0.0216	0.0112	0.0210	0.0052	0.0019		0.0015	0.0589	0.0071	0.0005	0.0003	0.0876		0.0111	0.0352		0.0212			0.1463	0.1413				
PIRATA Fr22	st035c01	B	2012-04-13T03:05:00z	 -10.000	 -9.000		 101.3	 4	 36.272	3.974	173.00	 0.33	  6.900	6.500	  0.30	 2.10	0.0511	0.0370	0.0096	0.0700	0.0110	0.0096	0.0019	0.0031	0.0851	0.0065	0.0008		0.0446		0.0882	0.1131		0.0405			0.1846	0.2287				
PIRATA Fr22	st035c01	B	2012-04-13T03:05:00z	 -10.000	 -9.000		 504.1	 3	 34.648	1.980	 86.10	 0.00	 37.700	37.700	  2.27	19.80																										
PIRATA Fr22	st035c01	B	2012-04-13T03:05:00z	 -10.000	 -9.000		 504.4	 2	 34.647	1.967	 85.50	 0.00	 38.100	38.100	  2.33	19.90																										
PIRATA Fr22	st035c01	B	2012-04-13T03:05:00z	 -10.000	 -9.000		 504.0	 1	 34.649	1.969	 85.60	 0.01	 38.100	38.100	  2.34	19.80																										
PIRATA Fr22	st036c01	B	2012-04-13T07:25:00z	 -10.000	 -9.500		   2.0	11	 36.630	4.631	201.90	 0.00	  0.100	0.100	  0.12	 0.60																										
PIRATA Fr22	st036c01	B	2012-04-13T07:25:00z	 -10.000	 -9.500		  10.2	10	 36.630	4.643	202.40	 0.01	  0.100	0.000	  0.11	 0.60																										
PIRATA Fr22	st036c01	B	2012-04-13T07:25:00z	 -10.000	 -9.500		  19.8	 9	 36.631	4.607	200.90	 0.01	  0.100	0.100	  0.13	 0.60																										
PIRATA Fr22	st036c01	B	2012-04-13T07:25:00z	 -10.000	 -9.500		  40.7	 8	 36.630	4.609	201.00	 0.00	  0.100	0.100	  0.11	 0.60																										
PIRATA Fr22	st036c01	B	2012-04-13T07:25:00z	 -10.000	 -9.500		  40.8	 7	 36.630	4.608	200.90	 0.00	  0.100	0.100	  0.09	 0.60																										
PIRATA Fr22	st036c01	B	2012-04-13T07:25:00z	 -10.000	 -9.500		  61.0	 6	 36.665	4.727	206.10	 0.00	  0.100	0.100	  0.10	 0.60																										
PIRATA Fr22	st036c01	B	2012-04-13T07:25:00z	 -10.000	 -9.500		  81.0	 5	 36.749	5.084	221.50	 0.00	  0.100	0.100	  0.09	 0.60																										
PIRATA Fr22	st036c01	B	2012-04-13T07:25:00z	 -10.000	 -9.500		 102.0	 4	 36.163	3.717	161.80	 0.36	  9.400	9.000	  0.68	 2.60																										
PIRATA Fr22	st036c01	B	2012-04-13T07:25:00z	 -10.000	 -9.500		 501.0	 3	 34.667	1.987	 86.40	 0.00	 36.100	36.100	  2.23	18.90																										
PIRATA Fr22	st036c01	B	2012-04-13T07:25:00z	 -10.000	 -9.500		 502.0	 2	 34.666	2.033	 88.40	 0.00	 36.100	36.100	  2.25	19.00																										
PIRATA Fr22	st036c01	B	2012-04-13T07:25:00z	 -10.000	 -9.500		 502.0	 1	 34.668	2.046	 89.00	 0.00	 36.400	36.400	  2.26	19.00																										
PIRATA Fr22	st037c01	B	2012-04-13T20:01:00z	 -10.000	-10.000		   1.9	11	 36.631	4.622	201.50	 0.03	  0.100	0.000	  0.12	 0.50	0.0023	0.0043	0.0015	0.0040	0.0028			0.0008	0.0135	0.0052			0.0529		0.0012	0.0037		0.0077			0.0392	0.0352				
PIRATA Fr22	st037c01	B	2012-04-13T20:01:00z	 -10.000	-10.000		   9.8	10	 36.630	4.629	201.90	 0.02	  0.100	0.100	  0.10	 0.50																										
PIRATA Fr22	st037c01	B	2012-04-13T20:01:00z	 -10.000	-10.000		  20.8	 9	 36.629	4.628	201.80	 0.02	  0.100	0.000	  0.11	 0.60	0.0021	0.0043	0.0018	0.0041	0.0026			0.0007	0.0135	0.0049		0.0006	0.0518		0.0018	0.0035		0.0079			0.0382	0.0343				
PIRATA Fr22	st037c01	B	2012-04-13T20:01:00z	 -10.000	-10.000		  20.9	 8	 36.630	4.624	201.60	 0.06	  0.100	0.100	  0.10	 0.60																										
PIRATA Fr22	st037c01	B	2012-04-13T20:01:00z	 -10.000	-10.000		  40.5	 7	 36.628	4.625	201.70	 0.01	  0.000	0.000	  0.10	 0.50	0.0032	0.0058	0.0023	0.0045	0.0030			0.0008	0.0163	0.0045		0.0004	0.0544		0.0024	0.0048		0.0094			0.0418	0.0429				
PIRATA Fr22	st037c01	B	2012-04-13T20:01:00z	 -10.000	-10.000		  62.0	 6	 36.712	4.911	214.10	 0.05	  0.100	0.100	  0.07	 0.60	0.0082	0.0143	0.0049	0.0124	0.0057	0.0010		0.0011	0.0383	0.0066			0.0820		0.0054	0.0120		0.0152			0.0951	0.0862				
PIRATA Fr22	st037c01	B	2012-04-13T20:01:00z	 -10.000	-10.000		  81.0	 5	 36.622	5.010	218.20	 0.00	  0.100	0.100	  0.11	 0.80	0.0204	0.0299	0.0138	0.0318	0.0066	0.0015			0.0871	0.0083	0.0005	0.0005	0.0854		0.0156	0.0479		0.0318			0.2113	0.1852				
PIRATA Fr22	st037c01	B	2012-04-13T20:01:00z	 -10.000	-10.000		 102.0	 4	 36.334	4.187	182.30	 0.23	  4.900	4.600	  0.43	 1.70	0.0333	0.0383	0.0100	0.0657	0.0105	0.0117	0.0024	0.0068	0.0866	0.0072	0.0008	0.0002	0.0525		0.0549	0.0777		0.0409			0.1718	0.2247				
PIRATA Fr22	st037c01	B	2012-04-13T20:01:00z	 -10.000	-10.000		 501.0	 3	 34.650	1.862	 81.00	 0.04	 37.200	37.200	  2.29	20.10																										
PIRATA Fr22	st037c01	B	2012-04-13T20:01:00z	 -10.000	-10.000		 501.0	 2	 34.648	1.853	 80.60	 0.04	 37.700	37.700	  2.34	20.20																										
PIRATA Fr22	st037c01	B	2012-04-13T20:01:00z	 -10.000	-10.000		 501.0	 1	 34.648	1.842	 80.10	 0.06	 37.400	37.300	  2.40	20.20																										
PIRATA Fr22	st038c01	B	2012-04-16T06:00:00z	  -4.000	 -3.000		   1.6	11	 34.869	4.540	198.30	 0.02	  0.100	0.000	  0.00	 0.70																										
PIRATA Fr22	st038c01	B	2012-04-16T06:00:00z	  -4.000	 -3.000		   9.5	10	 34.955	4.523	197.50	 0.00	  0.000	0.000	  0.00	 0.70																										
PIRATA Fr22	st038c01	B	2012-04-16T06:00:00z	  -4.000	 -3.000		  19.0	 9	 34.971	4.530	197.80	 0.03	  0.100	0.000	  0.00	 0.80																										
PIRATA Fr22	st038c01	B	2012-04-16T06:00:00z	  -4.000	 -3.000		  40.0	 8	 35.708	4.713	205.40	 0.05	  0.900	0.800	  0.25	 1.60																										
PIRATA Fr22	st038c01	B	2012-04-16T06:00:00z	  -4.000	 -3.000		  59.0	 7	 35.709	3.270	142.40	 0.32	 12.500	12.200	  0.85	 4.30																										
PIRATA Fr22	st038c01	B	2012-04-16T06:00:00z	  -4.000	 -3.000		  82.0	 6	 35.666	2.891	125.90	 0.58	 16.100	15.500	  1.02	 5.10																										
PIRATA Fr22	st038c01	B	2012-04-16T06:00:00z	  -4.000	 -3.000		  82.0	 5	 35.666	2.902	126.30	 0.58	 16.000	15.400	  1.02	 5.10																										
PIRATA Fr22	st038c01	B	2012-04-16T06:00:00z	  -4.000	 -3.000		 104.0	 4	 35.567	2.923	127.20	 0.07	 16.600	16.600	  1.09	 5.80																										
PIRATA Fr22	st038c01	B	2012-04-16T06:00:00z	  -4.000	 -3.000		 503.0	 3	 34.666	2.172	 94.50	 0.00	 34.700	34.700	  2.17	18.70																										
PIRATA Fr22	st038c01	B	2012-04-16T06:00:00z	  -4.000	 -3.000		1008.0	 2	 34.606	3.561	154.80	 0.00	 32.700	32.700	  2.19	30.70																										
PIRATA Fr22	st038c01	B	2012-04-16T06:00:00z	  -4.000	 -3.000		2019.0	 1	 34.955	5.555	241.40	 0.00	 20.200	20.200	  1.32	22.90																										
PIRATA Fr22	st039c01	B	2012-04-16T10:00:00z	  -4.000	 -2.500		   2.0	11	 34.897	4.524	197.60	 0.00	  0.000	0.000	  0.00	 0.70																										
PIRATA Fr22	st039c01	B	2012-04-16T10:00:00z	  -4.000	 -2.500		   9.9	10	 34.898	4.521	197.50	 0.00	  0.000	0.000	  0.00	 0.70																										
PIRATA Fr22	st039c01	B	2012-04-16T10:00:00z	  -4.000	 -2.500		  20.1	 9	 34.960	4.528	197.80	 0.00	  0.000	0.000	  0.00	 0.70																										
PIRATA Fr22	st039c01	B	2012-04-16T10:00:00z	  -4.000	 -2.500		  40.0	 8	 35.765	4.684	204.10	 0.00	  0.100	0.100	  0.25	 2.00																										
PIRATA Fr22	st039c01	B	2012-04-16T10:00:00z	  -4.000	 -2.500		  60.4	 7	 35.696	2.846	123.90	 0.32	 15.600	15.200	  1.02	 4.70																										
PIRATA Fr22	st039c01	B	2012-04-16T10:00:00z	  -4.000	 -2.500		  60.1	 6	 35.696	2.834	123.40	 0.32	 15.300	15.000	  1.02	 4.70																										
PIRATA Fr22	st039c01	B	2012-04-16T10:00:00z	  -4.000	 -2.500		  80.3	 5	 35.591	2.873	125.10	 0.15	 16.700	16.600	  1.04	 5.70																										
PIRATA Fr22	st039c01	B	2012-04-16T10:00:00z	  -4.000	 -2.500		 100.6	 4	 35.570	3.041	132.30	 0.09	 16.000	15.900	  1.02	 5.60																										
PIRATA Fr22	st039c01	B	2012-04-16T10:00:00z	  -4.000	 -2.500		 503.2	 3	 34.609	2.659	115.70	 0.03	 33.200	33.100	  2.09	19.30																										
PIRATA Fr22	st039c01	B	2012-04-16T10:00:00z	  -4.000	 -2.500		1007.3	 2	 34.615	3.579	155.60	 0.00	 32.100	32.100	  2.14	29.70																										
PIRATA Fr22	st039c01	B	2012-04-16T10:00:00z	  -4.000	 -2.500		1006.5	 1	 34.616	3.566	155.00	 0.02	 32.000	32.000	  2.14	29.60																										
PIRATA Fr22	st040c01	B	2012-04-16T15:04:00z	  -4.000	 -2.000		   1.6	11	 34.886	4.545	198.50	 0.05	  0.100	0.000	  0.00	 0.70	0.0041	0.0087	0.0073	0.0051	0.0077			0.0012	0.0203	0.0117		0.0030	0.1080		0.0042	0.0073		0.0199			0.1035	0.0942				
PIRATA Fr22	st040c01	B	2012-04-16T15:04:00z	  -4.000	 -2.000		  10.0	10	 34.892	4.535	198.10	 0.04	  0.100	0.000	  0.00	 1.10																										
PIRATA Fr22	st040c01	B	2012-04-16T15:04:00z	  -4.000	 -2.000		  20.3	 9	 34.974	4.550	198.70	 0.01	  0.000	0.000	  0.00	 1.10	0.0057	0.0109	0.0054	0.0070	0.0103	0.0008		0.0014	0.0247	0.0099		0.0015	0.1077		0.0051	0.0095		0.0241			0.1146	0.1091				
PIRATA Fr22	st040c01	B	2012-04-16T15:04:00z	  -4.000	 -2.000		  40.1	 8	 35.978	4.498	196.10	 0.05	  0.300	0.300	  0.21	 1.70	0.0690	0.0718	0.0183	0.0676	0.0365	0.0093	0.0111	0.0055	0.1755	0.0214	0.0089	0.0024	0.0978		0.0166	0.1022			0.0461		0.1794	0.5587				
PIRATA Fr22	st040c01	B	2012-04-16T15:04:00z	  -4.000	 -2.000		  39.6	 7	 35.955	4.440	193.60	 0.07	  0.800	0.700	  0.24	 1.80																										
PIRATA Fr22	st040c01	B	2012-04-16T15:04:00z	  -4.000	 -2.000		  60.7	 6	 35.757	3.017	131.40	 0.54	 13.100	12.600	  0.87	 4.00	0.0781	0.0649	0.0168	0.1009	0.0407	0.0144	0.0244	0.0063	0.1794	0.0156	0.0031		0.0188		0.0197	0.1339		0.0248			0.0659	0.4984				
PIRATA Fr22	st040c01	B	2012-04-16T15:04:00z	  -4.000	 -2.000		  80.2	 5	 35.615	2.983	129.80	 0.12	 16.100	16.000	  1.04	 5.70	0.0479	0.0300	0.0030	0.0722	0.0198	0.0011	0.0025		0.0599	0.0060	0.0007		0.0184		0.0752	0.0806		0.0249			0.0815	0.1792				
PIRATA Fr22	st040c01	B	2012-04-16T15:04:00z	  -4.000	 -2.000		 100.7	 4	 35.589	2.973	129.40	 0.03	 16.300	16.300	  1.06	 6.20	0.0303	0.0135	0.0016	0.0278	0.0091		0.0006	0.0007	0.0642	0.0038			0.0025		0.0142	0.0099		0.0086			0.0169	0.1018				
PIRATA Fr22	st040c01	B	2012-04-16T15:04:00z	  -4.000	 -2.000		 503.0	 3	 34.593	2.739	119.10	 1.09	 32.300	31.200	  2.00	20.80																										
PIRATA Fr22	st040c01	B	2012-04-16T15:04:00z	  -4.000	 -2.000		1007.0	 2	 34.636	3.649	158.70	 0.09	 32.000	31.900	  2.08	31.60																										
PIRATA Fr22	st040c01	B	2012-04-16T15:04:00z	  -4.000	 -2.000		2021.0	 1	 34.954	5.573	242.20	 0.05	 20.800	20.700	  1.29	24.40																										
PIRATA Fr22	st041c01	B	2012-04-16T19:19:00z	  -4.000	 -1.500		   2.2	11	 34.865	4.521	197.50	 0.03	  0.000	0.000	  0.00	 0.80																										
PIRATA Fr22	st041c01	B	2012-04-16T19:19:00z	  -4.000	 -1.500		   9.6	10	 34.868	4.530	197.90	 0.05	  0.000	0.000	  0.00	 0.80																										
PIRATA Fr22	st041c01	B	2012-04-16T19:19:00z	  -4.000	 -1.500		  20.5	 9	 34.942	4.522	197.50	 0.05	  0.000	0.000	  0.00	 0.80																										
PIRATA Fr22	st041c01	B	2012-04-16T19:19:00z	  -4.000	 -1.500		  19.9	 8	 34.962	4.525	197.60	 0.02	  0.000	0.000	  0.00	 0.80																										
PIRATA Fr22	st041c01	B	2012-04-16T19:19:00z	  -4.000	 -1.500		  40.3	 7	 36.073	3.847	167.60	 0.16	  3.100	2.900	  0.42	 2.50																										
PIRATA Fr22	st041c01	B	2012-04-16T19:19:00z	  -4.000	 -1.500		  60.4	 6	 35.763	3.017	131.40	 0.36	 13.800	13.400	  0.93	 4.70																										
PIRATA Fr22	st041c01	B	2012-04-16T19:19:00z	  -4.000	 -1.500		  80.0	 5	 35.630	3.037	132.20	 0.04	 15.400	15.400	  1.01	 5.70																										
PIRATA Fr22	st041c01	B	2012-04-16T19:19:00z	  -4.000	 -1.500		 100.0	 4	 35.604	3.018	131.40	 0.03	 15.800	15.700	  1.03	 5.90																										
PIRATA Fr22	st041c01	B	2012-04-16T19:19:00z	  -4.000	 -1.500		 504.0	 3	 34.566	3.203	139.30	 0.00	 31.500	31.500	  2.01	20.20																										
PIRATA Fr22	st041c01	B	2012-04-16T19:19:00z	  -4.000	 -1.500		1007.0	 2	 34.626	3.585	155.90	 0.04	 32.400	32.400	  2.12	31.30																										
PIRATA Fr22	st041c01	B	2012-04-16T19:19:00z	  -4.000	 -1.500		1008.0	 1	 34.626	3.586	155.90	 0.00	 32.100	32.100	  2.13	31.60																										
PIRATA Fr22	st042c01	B	2012-04-17T00:18:00z	  -4.000	 -1.000		   1.6	11	 34.648	4.521	197.50	 0.00	  0.000	0.000	  0.00	 0.80	0.0045	0.0084	0.0072	0.0044	0.0066			0.0010	0.0176	0.0083	0.0012	0.0011	0.1026		0.0041	0.0117			0.0168		0.0770	0.0927				
PIRATA Fr22	st042c01	B	2012-04-17T00:18:00z	  -4.000	 -1.000		  11.0	10	 34.648	4.530	197.90	 0.00	  0.000	0.000	  0.00	 0.80																										
PIRATA Fr22	st042c01	B	2012-04-17T00:18:00z	  -4.000	 -1.000		  10.6	 9	 34.648	4.522	197.50	 0.00	  0.000	0.000	  0.00	 0.80																										
PIRATA Fr22	st042c01	B	2012-04-17T00:18:00z	  -4.000	 -1.000		  18.6	 8	 34.660	4.525	197.60	 0.00	  0.000	0.000	  0.00	 0.90	0.0042	0.0079	0.0042	0.0050	0.0073			0.0012	0.0182	0.0078			0.1005		0.0040	0.0113			0.0184		0.0800	0.0897				
PIRATA Fr22	st042c01	B	2012-04-17T00:18:00z	  -4.000	 -1.000		  40.4	 7	 36.322	3.847	167.60	 0.10	  0.500	0.420	  0.20	 1.90	0.1237	0.0982	0.0249	0.1016	0.0776	0.0193	0.0132	0.0084	0.1807	0.0252	0.0104	0.0019	0.1161		0.0706	0.2525		0.0753			0.3143	0.7133				
PIRATA Fr22	st042c01	B	2012-04-17T00:18:00z	  -4.000	 -1.000		  60.8	 6	 35.974	3.017	131.40	 0.50	  9.900	9.460	  0.70	 3.70	0.0698	0.0389		0.0697	0.0244	0.0063	0.0071		0.0965	0.0091	0.0019		0.0246		0.0539	0.0878		0.0277			0.0959	0.2786				
PIRATA Fr22	st042c01	B	2012-04-17T00:18:00z	  -4.000	 -1.000		  81.1	 5	 35.693	3.037	132.20	 0.20	 14.200	14.010	  1.00	 5.20	0.0409	0.0205		0.0480	0.0119	0.0018	0.0020	0.0012	0.0483	0.0046			0.0144		0.1183			0.0259			0.0860	0.1377				
PIRATA Fr22	st042c01	B	2012-04-17T00:18:00z	  -4.000	 -1.000		 101.1	 4	 35.622	3.018	131.40	 0.10	 14.800	14.730	  1.00	 5.60	0.0224	0.0115		0.0298	0.0065				0.0267	0.0024			0.0054		0.0619			0.0141			0.0388	0.0715				
PIRATA Fr22	st042c01	B	2012-04-17T00:18:00z	  -4.000	 -1.000		 503.6	 3	 34.570	3.203	139.30	 0.00	 31.400	31.390	  2.10	20.80																										
PIRATA Fr22	st042c01	B	2012-04-17T00:18:00z	  -4.000	 -1.000		1008.5	 2	 34.636	3.585	155.90	 0.00	 32.100	32.090	  2.20	31.50																										
PIRATA Fr22	st042c01	B	2012-04-17T00:18:00z	  -4.000	 -1.000		2020.2	 1	 34.961	3.586	155.90	 0.00	 19.800	19.760	  1.30	22.80																										
PIRATA Fr22	st043c01	B	2012-04-17T04:33:00z	  -4.000	 -0.500		   1.5	11	 34.326	4.506	196.90	 0.00	  0.000	0.000	  0.00	 0.40																										
PIRATA Fr22	st043c01	B	2012-04-17T04:33:00z	  -4.000	 -0.500		   1.0	10	 34.326	4.505	196.90	 0.00	  0.000	0.000	  0.00	 0.40																										
PIRATA Fr22	st043c01	B	2012-04-17T04:33:00z	  -4.000	 -0.500		  10.5	 9	 34.325	4.507	197.00	 0.00	  0.000	0.000	  0.00	 0.60																										
PIRATA Fr22	st043c01	B	2012-04-17T04:33:00z	  -4.000	 -0.500		  20.5	 8	 34.328	4.518	197.40	 0.00	  0.000	0.000	  0.00	 0.60																										
PIRATA Fr22	st043c01	B	2012-04-17T04:33:00z	  -4.000	 -0.500		  41.0	 7	 36.224	4.591	200.10	 0.00	  0.100	0.020	  0.20	 0.40																										
PIRATA Fr22	st043c01	B	2012-04-17T04:33:00z	  -4.000	 -0.500		  61.0	 6	 36.122	3.806	165.70	 0.60	  7.100	6.520	  0.50	 2.70																										
PIRATA Fr22	st043c01	B	2012-04-17T04:33:00z	  -4.000	 -0.500		  81.0	 5	 35.812	3.486	151.80	 0.20	 11.400	11.210	  0.80	 4.00																										
PIRATA Fr22	st043c01	B	2012-04-17T04:33:00z	  -4.000	 -0.500		 101.0	 4	 35.673	2.880	125.30	 0.10	 13.200	13.070	  0.90	 4.70																										
PIRATA Fr22	st043c01	B	2012-04-17T04:33:00z	  -4.000	 -0.500		 505.0	 3	 34.583	3.058	133.00	 1.20	 30.900	29.720	  0.30	20.90																										
PIRATA Fr22	st043c01	B	2012-04-17T04:33:00z	  -4.000	 -0.500		1006.0	 2	 34.620	3.609	156.90	 0.00	 32.300	32.300	  2.20	31.40																										
PIRATA Fr22	st043c01	B	2012-04-17T04:33:00z	  -4.000	 -0.500		1006.0	 1	 34.624	3.632	157.90	 0.00	 32.300	32.230	  2.30	31.30																										
PIRATA Fr22	st044c01	B	2012-04-17T09:38:00z	  -4.000	 +0.000		   2.2	11	 34.438	4.488	196.10	 0.00	  0.000	0.000	  0.00	 0.20	0.0063	0.0127	0.0092	0.0066	0.0058	0.0011		0.0028	0.0275	0.0148	0.0020	0.0036	0.1205		0.0056	0.0126		0.0252			0.1126	0.1337				
PIRATA Fr22	st044c01	B	2012-04-17T09:38:00z	  -4.000	 +0.000		  10.1	10	 34.434	4.488	196.20	 0.00	  0.000	0.000	  0.01	 0.00																										
PIRATA Fr22	st044c01	B	2012-04-17T09:38:00z	  -4.000	 +0.000		  20.1	 9	 34.436	4.487	196.10	 0.00	  0.000	0.000	  0.02	 0.10	0.0065	0.0161	0.0136	0.0076	0.0066	0.0015		0.0030	0.0301	0.0135	0.0019	0.0021	0.1284		0.0072	0.0168		0.0270			0.1286	0.1381				
PIRATA Fr22	st044c01	B	2012-04-17T09:38:00z	  -4.000	 +0.000		  41.3	 8	 36.007	4.159	181.30	 0.11	  1.500	1.400	  0.24	 1.10	0.1975	0.1602	0.0461	0.1175	0.1346	0.0223	0.0235	0.0068	0.3139	0.0381	0.0290	0.0031	0.0892		0.0567	0.2685		0.0793			0.2661	1.0750				
PIRATA Fr22	st044c01	B	2012-04-17T09:38:00z	  -4.000	 +0.000		  60.3	 7	 36.204	3.874	168.70	 0.56	  6.300	5.700	  0.48	 2.20	0.0658	0.0360	0.0054	0.0598	0.0334	0.0044	0.0063		0.0827	0.0075	0.0020		0.0216		0.0698	0.0773		0.0291			0.1080	0.2609				
PIRATA Fr22	st044c01	B	2012-04-17T09:38:00z	  -4.000	 +0.000		  81.1	 6	 35.908	3.704	161.20	 0.33	  9.600	9.200	  0.67	 3.00	0.0457	0.0244	0.0031	0.0484	0.0196	0.0017	0.0017		0.0535	0.0046			0.0122		0.0771	0.0358		0.0242			0.0803	0.1549				
PIRATA Fr22	st044c01	B	2012-04-17T09:38:00z	  -4.000	 +0.000		 100.4	 5	 35.787	3.516	153.00	 0.17	 11.500	11.400	  0.78	 3.90	0.0355	0.0179		0.0396	0.0128	0.0007	0.0010		0.0417	0.0035			0.0079		0.0617	0.0226		0.0176			0.0571	0.1169				
PIRATA Fr22	st044c01	B	2012-04-17T09:38:00z	  -4.000	 +0.000		 504.1	 4	 34.580	3.060	133.10	 0.03	 32.300	32.300	  2.12	20.10																										
PIRATA Fr22	st044c01	B	2012-04-17T09:38:00z	  -4.000	 +0.000		 504.3	 3	 34.579	3.056	132.90	 0.00	 32.100	32.100	  2.18	20.20																										
PIRATA Fr22	st044c01	B	2012-04-17T09:38:00z	  -4.000	 +0.000		1009.1	 2	 34.618	3.614	157.10	 0.03	 32.000	32.000	  2.28	30.50																										
PIRATA Fr22	st044c01	B	2012-04-17T09:38:00z	  -4.000	 +0.000		2019.9	 1	 34.551	3.005	130.70	 0.00	 33.400	33.400	  2.31	23.20																										
PIRATA Fr22	st045c01	B	2012-04-17T13:43:00z	  -4.000	 +0.500		   1.4	11	 34.484	4.484	196.00	 0.02	  0.000	0.000	  0.01	 0.70																										
PIRATA Fr22	st045c01	B	2012-04-17T13:43:00z	  -4.000	 +0.500		  10.7	10	 34.481	4.463	195.10	 0.02	  0.000	0.000	  0.00	 0.70																										
PIRATA Fr22	st045c01	B	2012-04-17T13:43:00z	  -4.000	 +0.500		  20.3	 9	 34.483	4.468	195.30	 0.00	  0.000	0.000	  0.01	 0.70																										
PIRATA Fr22	st045c01	B	2012-04-17T13:43:00z	  -4.000	 +0.500		  40.1	 8	 35.842	3.704	161.40	 0.17	  4.200	4.000	  0.36	 1.90																										
PIRATA Fr22	st045c01	B	2012-04-17T13:43:00z	  -4.000	 +0.500		  59.1	 7	 35.838	3.021	131.50	 0.34	 13.000	12.700	  0.82	 4.20																										
PIRATA Fr22	st045c01	B	2012-04-17T13:43:00z	  -4.000	 +0.500		  80.3	 6	 35.745	3.105	135.20	 0.11	 13.900	13.800	  0.90	 4.70																										
PIRATA Fr22	st045c01	B	2012-04-17T13:43:00z	  -4.000	 +0.500		 100.8	 5	 35.653	3.136	136.50	 0.05	 14.700	14.700	  0.95	 5.20																										
PIRATA Fr22	st045c01	B	2012-04-17T13:43:00z	  -4.000	 +0.500		 504.0	 4	 34.608	2.965	129.00	 0.02	 32.000	32.000	  2.01	19.90																										
PIRATA Fr22	st045c01	B	2012-04-17T13:43:00z	  -4.000	 +0.500		 503.3	 3	 34.610	2.965	128.90	 2.15	 29.400	27.200	  1.92	19.90																										
PIRATA Fr22	st045c01	B	2012-04-17T13:43:00z	  -4.000	 +0.500		1007.3	 2	 34.609	3.571	155.20	 0.00	 32.500	32.500	  2.12	30.90																										
PIRATA Fr22	st045c01	B	2012-04-17T13:43:00z	  -4.000	 +0.500		1006.5	 1	 34.610	3.582	155.70	 0.00	 32.600	32.600	  2.16	31.00																										
PIRATA Fr22	st046c01	B	2012-04-17T18:24:00z	  -4.000	 +1.000		   1.4	11	 34.526	4.474	195.50	 0.00	  0.000	0.000	  0.01	 0.60	0.0036	0.0071	0.0038	0.0044	0.0050			0.0011	0.0190	0.0056			0.0916		0.0040	0.0059		0.0168			0.0917	0.0646				
PIRATA Fr22	st046c01	B	2012-04-17T18:24:00z	  -4.000	 +1.000		   9.7	10	 34.550	4.469	195.30	 0.00	  0.000	0.000	  0.00	 0.70																										
PIRATA Fr22	st046c01	B	2012-04-17T18:24:00z	  -4.000	 +1.000		  20.0	 9	 34.555	4.473	195.50	 0.00	  0.000	0.000	  0.00	 0.60	0.0048	0.0096	0.0032	0.0065	0.0057	0.0006	0.0012		0.0231	0.0057			0.0935		0.0063	0.0091		0.0184			0.1031	0.0712				
PIRATA Fr22	st046c01	B	2012-04-17T18:24:00z	  -4.000	 +1.000		  40.5	 8	 35.060	4.619	201.70	 0.02	  0.100	0.000	  0.00	 0.60	0.0180	0.0249	0.0150	0.0181	0.0098	0.0025	0.0014	0.0022	0.0543	0.0094	0.0024		0.1059		0.0128	0.0366		0.0328			0.1733	0.2039				
PIRATA Fr22	st046c01	B	2012-04-17T18:24:00z	  -4.000	 +1.000		  60.7	 7	 35.764	2.706	117.80	 0.76	 13.200	12.500	  0.82	 3.20	0.1250	0.0798	0.0237	0.0975	0.0642	0.0124	0.0218	0.0062	0.1846	0.0181	0.0083		0.0237		0.0445	0.1887		0.0345			0.0828	0.6071				
PIRATA Fr22	st046c01	B	2012-04-17T18:24:00z	  -4.000	 +1.000		  80.7	 6	 35.711	2.705	117.70	 0.05	 15.800	15.700	  0.98	 5.10	0.0560	0.0292	0.0034	0.0530	0.0281	0.0021	0.0029		0.0655	0.0068	0.0005		0.0158		0.1034	0.0438		0.0279			0.0838	0.1897				
PIRATA Fr22	st046c01	B	2012-04-17T18:24:00z	  -4.000	 +1.000		 100.0	 5	 35.635	3.014	131.20	 0.02	 15.000	14.900	  0.96	 5.30	0.0324	0.0168		0.0333	0.0200	0.0023	0.0009		0.0331	0.0033			0.0064		0.0724	0.0154		0.0171			0.0513	0.1066				
PIRATA Fr22	st046c01	B	2012-04-17T18:24:00z	  -4.000	 +1.000		 504.0	 4	 34.583	3.022	131.40	 0.00	 32.000	32.000	  2.02	20.60																										
PIRATA Fr22	st046c01	B	2012-04-17T18:24:00z	  -4.000	 +1.000		1009.0	 3	 34.633	3.494	151.90	 0.00	 32.400	32.400	  2.12	30.20																										
PIRATA Fr22	st046c01	B	2012-04-17T18:24:00z	  -4.000	 +1.000		2016.0	 2	 34.964	5.672	246.50	 0.00	 19.500	19.500	  1.23	20.30																										
PIRATA Fr22	st046c01	B	2012-04-17T18:24:00z	  -4.000	 +1.000		2019.0	 1	 34.961	5.676	246.70	 0.00	 19.300	19.300	  1.20	20.30																										
PIRATA Fr22	st047c01	B	2012-04-17T23:30:00z	  -4.000	 +1.500		   2.3	11	 34.592	4.478	195.70	 0.00	  0.000	0.000	  0.00	 0.50																										
PIRATA Fr22	st047c01	B	2012-04-17T23:30:00z	  -4.000	 +1.500		  10.2	10	 34.592	4.472	195.40	 0.00	  0.000	0.000	  0.00	 0.40																										
PIRATA Fr22	st047c01	B	2012-04-17T23:30:00z	  -4.000	 +1.500		  20.8	 9	 34.619	4.479	195.70	 0.00	  0.000	0.000	  0.00	 0.30																										
PIRATA Fr22	st047c01	B	2012-04-17T23:30:00z	  -4.000	 +1.500		  40.1	 8	 35.545	4.682	204.20	 0.00	  0.000	0.000	  0.00	 0.40																										
PIRATA Fr22	st047c01	B	2012-04-17T23:30:00z	  -4.000	 +1.500		  60.4	 7	 35.776	2.923	127.20	 0.28	 14.300	14.000	  0.93	 4.00																										
PIRATA Fr22	st047c01	B	2012-04-17T23:30:00z	  -4.000	 +1.500		  80.4	 6	 35.714	3.016	131.30	 0.07	 14.900	14.900	  0.99	 4.70																										
PIRATA Fr22	st047c01	B	2012-04-17T23:30:00z	  -4.000	 +1.500		 102.1	 5	 35.686	3.018	131.40	 0.02	 15.100	15.100	  1.00	 4.80																										
PIRATA Fr22	st047c01	B	2012-04-17T23:30:00z	  -4.000	 +1.500		 100.2	 4	 35.688	3.016	131.30	 0.02	 15.000	15.000	  0.96	 4.90																										
PIRATA Fr22	st047c01	B	2012-04-17T23:30:00z	  -4.000	 +1.500		 503.8	 3	 34.621	2.761	120.10	 0.03	 33.400	33.300	  2.13	20.20																										
PIRATA Fr22	st047c01	B	2012-04-17T23:30:00z	  -4.000	 +1.500		1008.5	 2	 34.648	3.494	151.90	 0.00	 32.200	32.200	  2.19	29.40																										
PIRATA Fr22	st047c01	B	2012-04-17T23:30:00z	  -4.000	 +1.500		1007.5	 1	 34.650	3.493	151.80	 0.02	 32.600	32.600	  2.21	29.30																										
PIRATA Fr22	st048c01	B	2012-04-18T04:01:00z	  -4.000	 +2.000		   2.1	11	 34.791	4.483	195.90	 0.00	  0.000	0.000	  0.01	 0.40	0.0053	0.0098	0.0071	0.0049	0.0038	0.0011		0.0015	0.0213	0.0060			0.0747		0.0059	0.0112			0.0225		0.1146	0.1059				
PIRATA Fr22	st048c01	B	2012-04-18T04:01:00z	  -4.000	 +2.000		  10.2	10	 34.791	4.474	195.50	 0.00	  0.000	0.000	  0.01	 0.60																										
PIRATA Fr22	st048c01	B	2012-04-18T04:01:00z	  -4.000	 +2.000		  20.4	 9	 34.793	4.477	195.60	 0.00	  0.000	0.000	  0.01	 0.50	0.0063	0.0094	0.0055	0.0056	0.0042			0.0012	0.0230	0.0053			0.0846		0.0086	0.0135		0.0238			0.1442	0.0858				
PIRATA Fr22	st048c01	B	2012-04-18T04:01:00z	  -4.000	 +2.000		  40.4	 8	 35.367	4.739	206.70	 0.01	  0.200	0.200	  0.01	 0.80	0.0460	0.0422	0.0130	0.0376	0.0159	0.0043	0.0009	0.0037	0.1089	0.0152	0.0058		0.0965		0.0249	0.0875		0.0476			0.2081	0.3627				
PIRATA Fr22	st048c01	B	2012-04-18T04:01:00z	  -4.000	 +2.000		  59.5	 7	 35.776	3.041	132.40	 0.21	 13.500	13.300	  0.86	 4.30	0.0668	0.0376	0.0124	0.0696	0.0201	0.0085	0.0124		0.0869	0.0088	0.0021		0.0236		0.0600	0.1247		0.0281			0.0877	0.2911				
PIRATA Fr22	st048c01	B	2012-04-18T04:01:00z	  -4.000	 +2.000		  79.1	 6	 35.697	2.599	113.10	 0.07	 16.800	16.800	  1.12	 5.30	0.0388	0.0196	0.0028	0.0397	0.0132	0.0019	0.0013		0.0464	0.0040			0.0114		0.1252			0.0262			0.0783	0.1227				
PIRATA Fr22	st048c01	B	2012-04-18T04:01:00z	  -4.000	 +2.000		  79.4	 5	 35.697	2.605	113.40	 0.06	 16.900	16.800	  1.13	 5.20																										
PIRATA Fr22	st048c01	B	2012-04-18T04:01:00z	  -4.000	 +2.000		 100.7	 4	 35.669	2.845	123.80	 0.02	 16.000	16.000	  1.05	 5.00	0.0210	0.0093		0.0215	0.0069				0.0314	0.0030			0.0041		0.0529			0.0107			0.0325	0.0624				
PIRATA Fr22	st048c01	B	2012-04-18T04:01:00z	  -4.000	 +2.000		 503.8	 3	 34.650	2.155	 93.70	 0.00	 35.800	35.800	  2.26	20.20																										
PIRATA Fr22	st048c01	B	2012-04-18T04:01:00z	  -4.000	 +2.000		1008.3	 2	 34.647	3.500	152.20	 0.00	 32.700	32.700	  2.17	28.30																										
PIRATA Fr22	st048c01	B	2012-04-18T04:01:00z	  -4.000	 +2.000		2021.0	 1	 34.953	5.553	241.30	 0.00	 20.100	20.100	  1.28	22.00																										
PIRATA Fr22	st049c01	B	2012-04-18T08:00:00z	  -4.000	 +2.500		   2.4	11	 34.759	4.487	196.10	 0.00	  0.000	0.000	  0.03	 0.60																										
PIRATA Fr22	st049c01	B	2012-04-18T08:00:00z	  -4.000	 +2.500		  10.2	10	 34.759	4.482	195.80	 0.00	  0.000	0.000	  0.03	 0.70																										
PIRATA Fr22	st049c01	B	2012-04-18T08:00:00z	  -4.000	 +2.500		  19.8	 9	 34.766	4.487	196.10	 0.00	  0.000	0.000	  0.03	 0.70																										
PIRATA Fr22	st049c01	B	2012-04-18T08:00:00z	  -4.000	 +2.500		  40.7	 8	 35.706	4.494	195.80	 0.05	  0.600	0.500	  0.17	 1.70																										
PIRATA Fr22	st049c01	B	2012-04-18T08:00:00z	  -4.000	 +2.500		  59.4	 7	 35.803	3.223	140.30	 0.54	 12.200	11.700	  0.80	 3.70																										
PIRATA Fr22	st049c01	B	2012-04-18T08:00:00z	  -4.000	 +2.500		  59.8	 6	 35.798	3.196	139.20	 0.52	 12.600	12.000	  0.83	 3.70																										
PIRATA Fr22	st049c01	B	2012-04-18T08:00:00z	  -4.000	 +2.500		  80.3	 5	 35.704	2.731	118.90	 0.07	 16.600	16.500	  1.04	 4.90																										
PIRATA Fr22	st049c01	B	2012-04-18T08:00:00z	  -4.000	 +2.500		 100.4	 4	 35.660	2.938	127.90	 0.02	 16.000	15.900	  1.03	 5.20																										
PIRATA Fr22	st049c01	B	2012-04-18T08:00:00z	  -4.000	 +2.500		 503.0	 3	 34.684	2.002	 87.10	 1.69	 34.300	32.600	  2.15	20.70																										
PIRATA Fr22	st049c01	B	2012-04-18T08:00:00z	  -4.000	 +2.500		1007.0	 2	 34.654	3.504	152.30	 0.03	 32.600	32.500	  2.16	29.90																										
PIRATA Fr22	st049c01	B	2012-04-18T08:00:00z	  -4.000	 +2.500		1008.0	 1	 34.655	3.511	152.60	 0.00	 32.800	32.800	  2.22	29.90																										
PIRATA Fr22	st050c01	B	2012-04-18T12:50:00z	  -4.000	 +3.000		   1.5	11	 34.803	4.488	196.10	 0.00	  0.000	0.000	  0.00	 0.40	0.0031	0.0063	0.0070	0.0038	0.0037			0.0014	0.0155	0.0133	0.0009	0.0041	0.0899		0.0032	0.0044		0.0179			0.0974	0.0780				
PIRATA Fr22	st050c01	B	2012-04-18T12:50:00z	  -4.000	 +3.000		  10.2	10	 34.799	4.493	196.30	 0.00	  0.000	0.000	  0.00	 0.40																										
PIRATA Fr22	st050c01	B	2012-04-18T12:50:00z	  -4.000	 +3.000		  20.6	 9	 34.801	4.486	196.00	 0.00	  0.000	0.000	  0.00	 0.40	0.0043	0.0097	0.0058	0.0056	0.0050	0.0005		0.0017	0.0226	0.0113			0.0835		0.0042	0.0090		0.0217			0.1073	0.0879				
PIRATA Fr22	st050c01	B	2012-04-18T12:50:00z	  -4.000	 +3.000		  40.1	 8	 34.985	4.492	196.20																															
PIRATA Fr22	st050c01	B	2012-04-18T12:50:00z	  -4.000	 +3.000		  40.0	 7	 35.149	4.380	191.20	 0.02	  0.800	0.700	  0.07	 0.90	0.0228	0.0285	0.0082	0.0207	0.0113	0.0039	0.0032	0.0023	0.0560	0.0103	0.0017	0.0011	0.0929		0.0174	0.0508		0.0323			0.1659	0.2068				
PIRATA Fr22	st050c01	B	2012-04-18T12:50:00z	  -4.000	 +3.000		  59.9	 6	 35.794	2.715	118.20	 0.31	 14.200	13.900	  0.98	 4.00	0.0849	0.0609	0.0136	0.0804	0.0348	0.0146	0.0229	0.0070	0.1238	0.0123	0.0027		0.0395		0.0667	0.2013		0.0390			0.1319	0.4571				
PIRATA Fr22	st050c01	B	2012-04-18T12:50:00z	  -4.000	 +3.000		  80.3	 5	 35.743	2.948	128.30	 0.14	 14.700	14.500	  1.00	 4.80	0.0460	0.0295	0.0037	0.0472	0.0207	0.0039	0.0037		0.0610	0.0060	0.0010		0.0181		0.0927	0.0650		0.0291			0.0881	0.1834				
PIRATA Fr22	st050c01	B	2012-04-18T12:50:00z	  -4.000	 +3.000		 101.2	 4	 35.700	2.972	129.40	 0.06	 15.000	15.000	  1.01	 4.90	0.0260	0.0152	0.0012	0.0292	0.0112	0.0011	0.0013		0.0338	0.0022	0.0003		0.0090		0.0872			0.0184			0.0550	0.0943				
PIRATA Fr22	st050c01	B	2012-04-18T12:50:00z	  -4.000	 +3.000		 504.9	 3	 34.703	1.927	 83.80	 0.01	 35.600	35.500	  2.22	20.00																										
PIRATA Fr22	st050c01	B	2012-04-18T12:50:00z	  -4.000	 +3.000		1008.6	 2	 34.655	3.498	152.10	 0.01	 32.300	32.300	  2.23	30.10																										
PIRATA Fr22	st050c01	B	2012-04-18T12:50:00z	  -4.000	 +3.000		2014.9	 1	 34.957	5.478	238.10	 0.01	 20.300	20.300	  1.41	24.00																										
PIRATA Fr22	st051c01	B	2012-04-18T17:09:00z	  -4.000	 +3.500		   1.2	11	 34.807	4.507	196.90	 0.00	  0.000	0.000	  0.00	 0.50																										
PIRATA Fr22	st051c01	B	2012-04-18T17:09:00z	  -4.000	 +3.500		  10.5	10	 34.809	4.512	197.20	 0.00	  0.000	0.000	  0.00	 0.90																										
PIRATA Fr22	st051c01	B	2012-04-18T17:09:00z	  -4.000	 +3.500		  20.0	 9	 34.906	4.542	198.50																															
PIRATA Fr22	st051c01	B	2012-04-18T17:09:00z	  -4.000	 +3.500		  19.7	 8	 34.914	4.532	198.00	 0.00	  0.000	0.000	  0.00	 0.90																										
PIRATA Fr22	st051c01	B	2012-04-18T17:09:00z	  -4.000	 +3.500		  40.5	 7	 35.701	4.784	208.60	 0.00	  0.000	0.000	  0.00	 0.80																										
PIRATA Fr22	st051c01	B	2012-04-18T17:09:00z	  -4.000	 +3.500		  61.0	 6	 35.808	2.835	123.40	 0.10	 12.800	12.700	  0.90	 3.80																										
PIRATA Fr22	st051c01	B	2012-04-18T17:09:00z	  -4.000	 +3.500		  80.2	 5	 35.741	2.397	104.30	 0.10	 17.500	17.400	  1.20	 5.50																										
PIRATA Fr22	st051c01	B	2012-04-18T17:09:00z	  -4.000	 +3.500		 101.8	 4	 35.682	2.605	113.40	 0.00	 17.200	17.100	  1.20	 5.70																										
PIRATA Fr22	st051c01	B	2012-04-18T17:09:00z	  -4.000	 +3.500		 503.5	 3	 34.681	2.010	 87.40	 0.00	 35.700	35.700	  2.40	20.70																										
PIRATA Fr22	st051c01	B	2012-04-18T17:09:00z	  -4.000	 +3.500		1009.0	 2	 34.675	3.589	156.00																															
PIRATA Fr22	st051c01	B	2012-04-18T17:09:00z	  -4.000	 +3.500		1008.0	 1	 34.676	3.566	155.00																															
PIRATA Fr22	st052c01	B	2012-04-18T21:40:00z	  -4.000	 +4.000		   2.1	11	 34.968	4.524	197.60	 0.00	  0.000	0.000	  0.00	 0.70	0.0042	0.0081	0.0046	0.0058	0.0071	0.0007		0.0014	0.0234	0.0070		0.0008	0.1257		0.0046	0.0086		0.0247			0.1153	0.0866				
PIRATA Fr22	st052c01	B	2012-04-18T21:40:00z	  -4.000	 +4.000		  10.3	10	 34.990	4.547	198.60																															
PIRATA Fr22	st052c01	B	2012-04-18T21:40:00z	  -4.000	 +4.000		  10.2	 9	 34.989	4.533	198.00	 0.00	  0.000	0.000	  0.00	 0.80																										
PIRATA Fr22	st052c01	B	2012-04-18T21:40:00z	  -4.000	 +4.000		  20.3	 8	 35.300	4.615	201.50	 0.00	  0.100	0.100	  0.00	 0.90	0.0145	0.0170	0.0087	0.0129	0.0120	0.0015	0.0004	0.0016	0.0469	0.0090			0.1131		0.0106	0.0184		0.0336			0.1654	0.1520				
PIRATA Fr22	st052c01	B	2012-04-18T21:40:00z	  -4.000	 +4.000		  40.1	 7	 35.897	4.730	206.10	 0.50	  0.100	0.000	  0.10	 0.80	0.0286	0.0367	0.0169	0.0301	0.0156	0.0054	0.0037	0.0025	0.0952	0.0111	0.0036		0.0968		0.0312	0.0472		0.0612			0.2651	0.3252				
PIRATA Fr22	st052c01	B	2012-04-18T21:40:00z	  -4.000	 +4.000		  60.7	 6	 35.816	2.971	129.40	 0.20	 10.700	10.500	  0.80	 3.30	0.0559	0.0433	0.0123	0.0709	0.0373	0.0098		0.0124	0.0804	0.0090	0.0033		0.0367		0.0749	0.1021		0.0424			0.1504	0.3281				
PIRATA Fr22	st052c01	B	2012-04-18T21:40:00z	  -4.000	 +4.000		  80.7	 5	 35.740	2.369	103.10	 0.00	 17.000	16.900	  1.20	 5.50	0.0269	0.0169	0.0021	0.0368	0.0187	0.0022	0.0023		0.0478	0.0044			0.0093		0.0474	0.0174		0.0220			0.0623	0.1221				
PIRATA Fr22	st052c01	B	2012-04-18T21:40:00z	  -4.000	 +4.000		 100.5	 4	 35.705	2.303	100.20	 0.10	 18.100	18.100	  1.30	 5.80	0.0228	0.0112		0.0277	0.0109	0.0015	0.0012		0.0368	0.0028			0.0046		0.0403	0.0161		0.0129			0.0315	0.0841				
PIRATA Fr22	st052c01	B	2012-04-18T21:40:00z	  -4.000	 +4.000		 505.0	 3	 34.679	2.159	 93.90	 0.00	 35.000	35.000	  2.40	19.90																										
PIRATA Fr22	st052c01	B	2012-04-18T21:40:00z	  -4.000	 +4.000		1012.9	 2	 34.669	3.476	151.10																															
PIRATA Fr22	st052c01	B	2012-04-18T21:40:00z	  -4.000	 +4.000		1011.7	 1	 34.667	3.474	151.00																															
PIRATA Fr22	st053c01	B	2012-04-19T02:08:00z	  -4.000	 +4.500		   1.8	11	 35.489	4.605	201.00																															
PIRATA Fr22	st053c01	B	2012-04-19T02:08:00z	  -4.000	 +4.500		   1.9	10	 35.489	4.579	199.90	 0.00	  0.000	0.000	  0.02	 0.90																										
PIRATA Fr22	st053c01	B	2012-04-19T02:08:00z	  -4.000	 +4.500		  10.1	 9	 35.488	4.602	200.90	 0.00	  0.000	0.000	  0.03	 0.90																										
PIRATA Fr22	st053c01	B	2012-04-19T02:08:00z	  -4.000	 +4.500		  20.4	 8	 35.498	4.622	201.70	 0.00	  0.000	0.000	  0.01	 0.80																										
PIRATA Fr22	st053c01	B	2012-04-19T02:08:00z	  -4.000	 +4.500		  39.9	 7	 35.819	3.000	130.70	 0.46	  9.800	9.300	  0.74	 3.10																										
PIRATA Fr22	st053c01	B	2012-04-19T02:08:00z	  -4.000	 +4.500		  59.9	 6	 35.799	2.736	119.10	 0.09	 14.500	14.400	  0.99	 3.90																										
PIRATA Fr22	st053c01	B	2012-04-19T02:08:00z	  -4.000	 +4.500		  79.9	 5	 35.726	2.399	104.40	 0.02	 17.100	17.100	  1.17	 5.30																										
PIRATA Fr22	st053c01	B	2012-04-19T02:08:00z	  -4.000	 +4.500		 101.5	 4	 35.683	2.752	119.80	 0.03	 16.000	16.000	  1.12	 5.00																										
PIRATA Fr22	st053c01	B	2012-04-19T02:08:00z	  -4.000	 +4.500		 504.3	 3	 34.697	1.995	 86.70	 0.03	 34.900	34.900	  2.30	19.90																										
PIRATA Fr22	st053c01	B	2012-04-19T02:08:00z	  -4.000	 +4.500		1004.8	 2	 34.659	3.442	149.60																															
PIRATA Fr22	st053c01	B	2012-04-19T02:08:00z	  -4.000	 +4.500		1005.6	 1	 34.671	3.426	148.90																															
PIRATA Fr22	st054c01	B	2012-04-19T04:52:00z	  -4.000	 +4.750		   1.7	11	 35.487	4.607	201.10																															
PIRATA Fr22	st054c01	B	2012-04-19T04:52:00z	  -4.000	 +4.750		   1.3	10	 35.486	4.607	201.10	 0.00	  0.000	0.000	  0.08	 1.50	0.0065	0.0142	0.0082	0.0068	0.0147	0.0006	0.0004	0.0016	0.0251	0.0104			0.0765		0.0051	0.0142			0.0249		0.0929	0.1520				
PIRATA Fr22	st054c01	B	2012-04-19T04:52:00z	  -4.000	 +4.750		  10.2	 9	 35.483	4.610	201.20	 0.00	  0.000	0.000	  0.08	 1.50																										
PIRATA Fr22	st054c01	B	2012-04-19T04:52:00z	  -4.000	 +4.750		  20.2	 8	 35.565	4.689	204.60	 0.00	  0.000	0.000	  0.05	 1.00	0.0179	0.0223	0.0130	0.0112	0.0157	0.0022	0.0010	0.0024	0.0449	0.0119			0.0981		0.0085	0.0306		0.0342			0.1458	0.2094				
PIRATA Fr22	st054c01	B	2012-04-19T04:52:00z	  -4.000	 +4.750		  40.4	 7	 35.848	3.826	166.70	 0.38	  2.600	2.200	  0.42	 2.20	0.1054	0.0815	0.0348	0.0633	0.0580	0.0196	0.0368	0.0102	0.1899	0.0248	0.0130		0.0504		0.0448	0.2366		0.0559			0.1562	0.7294				
PIRATA Fr22	st054c01	B	2012-04-19T04:52:00z	  -4.000	 +4.750		  60.4	 6	 35.798	2.949	128.40	 0.13	 12.200	12.000	  0.86	 3.60	0.0698	0.0434	0.0114	0.0500	0.0529	0.0065	0.0128	0.0032	0.0811	0.0100	0.0030		0.0253		0.0679	0.1021		0.0342			0.1125	0.3128				
PIRATA Fr22	st054c01	B	2012-04-19T04:52:00z	  -4.000	 +4.750		  80.3	 5	 35.775	2.444	106.40	 0.05	 16.100	16.000	  1.09	 5.00	0.0313	0.0150	0.0020	0.0297	0.0182	0.0019	0.0021	0.0011	0.0332	0.0033			0.0069		0.0635	0.0298		0.0174			0.0448	0.1075				
PIRATA Fr22	st054c01	B	2012-04-19T04:52:00z	  -4.000	 +4.750		 101.0	 4	 35.728	2.455	106.90	 0.05	 16.800	16.700	  1.12	 5.50	0.0206	0.0091		0.0223	0.0107	0.0012	0.0011		0.0215	0.0021			0.0041		0.0432	0.0155		0.0113			0.0266	0.0682				
PIRATA Fr22	st054c01	B	2012-04-19T04:52:00z	  -4.000	 +4.750		 503.0	 3	 34.697	2.025	 88.10	 0.03	 35.100	35.000	  2.25	21.20																										
PIRATA Fr22	st054c01	B	2012-04-19T04:52:00z	  -4.000	 +4.750		1007.0	 2	 34.655	3.414	148.40																															
PIRATA Fr22	st054c01	B	2012-04-19T04:52:00z	  -4.000	 +4.750		1007.0	 1	 34.657	3.413	148.40																															
PIRATA Fr22	st055c01	B	2012-04-23T17:45:00z	  +0.000	 -2.000		   1.2	11	 34.543	4.555	199.00	 0.00	  0.000	0.000	  0.00	 0.60	0.0045	0.0087	0.0024	0.0046	0.0069			0.0013	0.0212	0.0086		0.0010	0.1195		0.0043	0.0056		0.0233			0.1036	0.0886				
PIRATA Fr22	st055c01	B	2012-04-23T17:45:00z	  +0.000	 -2.000		  10.1	10	 34.540	4.546	198.60	 0.00	  0.000	0.000	  0.00	 0.60																										
PIRATA Fr22	st055c01	B	2012-04-23T17:45:00z	  +0.000	 -2.000		  20.1	 9	 34.649	4.573	199.80	 0.00	  0.000	0.000	  0.00	 0.50	0.0074	0.0122	0.0034	0.0074	0.0096			0.0012	0.0307	0.0082			0.1239		0.0058	0.0107		0.0256			0.1140	0.1151				
PIRATA Fr22	st055c01	B	2012-04-23T17:45:00z	  +0.000	 -2.000		  42.0	 8	 35.875	4.618	201.30	 0.00	  0.100	0.100	  0.19	 1.20	0.0681	0.0811	0.0201	0.0721	0.0871	0.0041	0.0098	0.0060	0.1803	0.0299	0.0063	0.0027	0.1863		0.0244	0.0630		0.0725			0.2986	0.6154				
PIRATA Fr22	st055c01	B	2012-04-23T17:45:00z	  +0.000	 -2.000		  60.1	 7	 35.825	3.198	139.20	 0.28	 12.300	12.000	  0.85	 4.00	0.0665	0.0388	0.0062	0.0537	0.0570	0.0032	0.0079	0.0019	0.0746	0.0090	0.0020		0.0223		0.0592	0.0635		0.0282			0.0870	0.2842				
PIRATA Fr22	st055c01	B	2012-04-23T17:45:00z	  +0.000	 -2.000		  80.7	 6	 35.780	3.208	139.70	 0.20	 12.900	12.700	  0.89	 4.40	0.0447	0.0253	0.0018	0.0453	0.0290	0.0021	0.0028		0.0483	0.0051	0.0005		0.0137		0.0812	0.0249		0.0240			0.0733	0.1560				
PIRATA Fr22	st055c01	B	2012-04-23T17:45:00z	  +0.000	 -2.000		 100.2	 5	 35.760	3.143	136.80	 0.14	 13.400	13.300	  0.95	 4.60	0.0356	0.0182	0.0017	0.0356	0.0176	0.0010	0.0015		0.0448	0.0043	0.0005		0.0119		0.1010			0.0233			0.0765	0.1239				
PIRATA Fr22	st055c01	B	2012-04-23T17:45:00z	  +0.000	 -2.000		 504.0	 4	 34.591	2.999	130.40	 0.02	 32.400	32.400	  2.16	19.90																										
PIRATA Fr22	st055c01	B	2012-04-23T17:45:00z	  +0.000	 -2.000		1009.0	 3	 34.599	3.481	151.40																															
PIRATA Fr22	st055c01	B	2012-04-23T17:45:00z	  +0.000	 -2.000		2017.0	 2	 34.951	5.545	241.00																															
PIRATA Fr22	st055c01	B	2012-04-23T17:45:00z	  +0.000	 -2.000		2018.0	 1	 34.951	5.543	240.90																															
PIRATA Fr22	st056c01	B	2012-04-23T22:17:00z	  +0.000	 -1.500		   1.3	10	 34.356	4.530	198.00	 0.00	  0.000	0.000	  0.00	 0.70																										
PIRATA Fr22	st056c01	B	2012-04-23T22:17:00z	  +0.000	 -1.500		  10.0	 9	 34.360	4.529	198.00	 0.00	  0.000	0.000	  0.00	 0.70																										
PIRATA Fr22	st056c01	B	2012-04-23T22:17:00z	  +0.000	 -1.500		  20.0	 8	 34.397	4.556	199.10	 0.00	  0.000	0.000	  0.00	 0.70																										
PIRATA Fr22	st056c01	B	2012-04-23T22:17:00z	  +0.000	 -1.500		  40.0	 7	 35.958	4.575	199.40	 0.01	  0.200	0.100	  0.17	 1.20																										
PIRATA Fr22	st056c01	B	2012-04-23T22:17:00z	  +0.000	 -1.500		  80.9	 6	 35.694	2.796	121.70	 0.09	 15.400	15.300	  1.02	 4.70																										
PIRATA Fr22	st056c01	B	2012-04-23T22:17:00z	  +0.000	 -1.500		 100.8	 5	 35.680	2.816	122.60	 0.03	 15.700	15.700	  1.06	 5.20																										
PIRATA Fr22	st056c01	B	2012-04-23T22:17:00z	  +0.000	 -1.500		 503.0	 4	 34.620	2.934	127.60	 0.01	 31.700	31.700	  2.10	19.10																										
PIRATA Fr22	st056c01	B	2012-04-23T22:17:00z	  +0.000	 -1.500		1009.0	 3	 34.586	3.551	154.40																															
PIRATA Fr22	st056c01	B	2012-04-23T22:17:00z	  +0.000	 -1.500		1009.0	 2	 34.586	3.558	154.70																															
PIRATA Fr22	st056c01	B	2012-04-23T22:17:00z	  +0.000	 -1.500		2022.0	 1	 34.957	5.607	243.70																															
PIRATA Fr22	st057c01	B	2012-04-24T03:14:00z	  +0.000	 -1.000		   2.2	11	 34.196	4.509	197.00	 0.00	  0.000	0.000	  0.00	 0.50	0.0067	0.0101	0.0096	0.0048	0.0065			0.0006	0.0202	0.0081			0.0903		0.0056	0.0079		0.0193			0.0650	0.0935		0.0015		
PIRATA Fr22	st057c01	B	2012-04-24T03:14:00z	  +0.000	 -1.000		  10.4	10	 34.195	4.496	196.50	 0.00	  0.000	0.000	  0.00	 0.50																										
PIRATA Fr22	st057c01	B	2012-04-24T03:14:00z	  +0.000	 -1.000		  19.4	 9	 34.213	4.480	195.80	 0.00	  0.000	0.000	  0.00	 0.60	0.0073	0.0091	0.0050	0.0053	0.0070			0.0008	0.0223	0.0073			0.1001		0.0068	0.0082		0.0240			0.0805	0.1027		0.0024		
PIRATA Fr22	st057c01	B	2012-04-24T03:14:00z	  +0.000	 -1.000		  40.4	 8	 36.086	4.105	178.90	 0.07	  1.300	1.300	  0.33	 1.70	0.0986	0.0672	0.0154	0.0844	0.0349	0.0134	0.0213	0.0055	0.2161	0.0217	0.0052		0.0533		0.0221	0.1461		0.0393			0.0831	0.5307		0.0061		
PIRATA Fr22	st057c01	B	2012-04-24T03:14:00z	  +0.000	 -1.000		  60.8	 7	 35.944	3.302	143.80	 0.57	 10.000	9.400	  0.78	 3.20	0.0896	0.0529	0.0052	0.1004	0.0274	0.0074	0.0143	0.0031	0.1368	0.0118	0.0034		0.0406		0.0873	0.1105		0.0353			0.0945	0.3713		0.0048		
PIRATA Fr22	st057c01	B	2012-04-24T03:14:00z	  +0.000	 -1.000		  80.2	 6	 35.788	3.122	135.90	 0.07	 13.300	13.200	  0.94	 4.10	0.0453	0.0244		0.0578	0.0140	0.0018	0.0029		0.0570	0.0048			0.0214		0.1622			0.0312			0.0711	0.1479		0.0028		
PIRATA Fr22	st057c01	B	2012-04-24T03:14:00z	  +0.000	 -1.000		 100.3	 5	 35.697	3.195	139.10	 0.03	 13.900	13.900	  0.94	 4.60	0.0201	0.0097		0.0272	0.0052	0.0006	0.0006		0.0242	0.0019			0.0057		0.0653			0.0133			0.0259	0.0605		0.0018		
PIRATA Fr22	st057c01	B	2012-04-24T03:14:00z	  +0.000	 -1.000		 503.0	 4	 34.585	3.005	130.70	 0.01	 32.400	32.400	  2.17	20.30																										
PIRATA Fr22	st057c01	B	2012-04-24T03:14:00z	  +0.000	 -1.000		1007.0	 3	 34.602	3.581	155.70																															
PIRATA Fr22	st057c01	B	2012-04-24T03:14:00z	  +0.000	 -1.000		2020.0	 2	 34.965	5.686	247.10																															
PIRATA Fr22	st057c01	B	2012-04-24T03:14:00z	  +0.000	 -1.000		2020.0	 1	 34.966	5.698	247.60																															
PIRATA Fr22	st058c01	B	2012-04-24T08:30:00z	  +0.000	 -0.500		   1.9	11	 34.188	4.461	195.00	 0.03	  0.000	0.000	  0.00	 0.40																										
PIRATA Fr22	st058c01	B	2012-04-24T08:30:00z	  +0.000	 -0.500		  10.7	10	 34.189	4.477	195.70	 0.06	  0.100	0.000	  0.00	 0.60																										
PIRATA Fr22	st058c01	B	2012-04-24T08:30:00z	  +0.000	 -0.500		  19.4	 9	 34.251	4.478	195.70	 0.07	  0.000	0.000	  0.00	 0.50																										
PIRATA Fr22	st058c01	B	2012-04-24T08:30:00z	  +0.000	 -0.500		  40.6	 8	 36.174	4.263	185.80	 0.13	  0.700	0.500	  0.20	 1.30																										
PIRATA Fr22	st058c01	B	2012-04-24T08:30:00z	  +0.000	 -0.500		  60.3	 7	 36.096	3.782	164.70	 0.47	  7.400	6.900	  0.56	 2.70																										
PIRATA Fr22	st058c01	B	2012-04-24T08:30:00z	  +0.000	 -0.500		  80.6	 6	 35.859	3.360	146.30	 0.31	 11.200	10.900	  0.82	 3.80																										
PIRATA Fr22	st058c01	B	2012-04-24T08:30:00z	  +0.000	 -0.500		 100.5	 5	 35.737	3.275	142.50	 0.08	 13.000	13.000	  0.90	 4.20																										
PIRATA Fr22	st058c01	B	2012-04-24T08:30:00z	  +0.000	 -0.500		 100.5	 4	 35.735	3.300	143.70																															
PIRATA Fr22	st058c01	B	2012-04-24T08:30:00z	  +0.000	 -0.500		 503.0	 3	 34.603	2.980	129.60	 0.02	 32.200	32.100	  2.10	19.20																										
PIRATA Fr22	st058c01	B	2012-04-24T08:30:00z	  +0.000	 -0.500		1007.0	 2	 34.602	3.597	156.40																															
PIRATA Fr22	st058c01	B	2012-04-24T08:30:00z	  +0.000	 -0.500		2021.0	 1	 34.964	5.698	247.60																															
PIRATA Fr22	st059c01	B	2012-04-24T22:40:00z	  +0.000	 +0.000		   2.1	11	 34.576	4.464	195.10	 0.00	  0.000	0.000	  0.00	 0.70	0.0183	0.0093	0.0009	0.0265	0.0084				0.0281	0.0022			0.0055			0.0608		0.0142			0.0251	0.0651				
PIRATA Fr22	st059c01	B	2012-04-24T22:40:00z	  +0.000	 +0.000		  10.0	10	 34.578	4.465	195.20	 0.05	  0.100	0.000	  0.00	 0.80																										
PIRATA Fr22	st059c01	B	2012-04-24T22:40:00z	  +0.000	 +0.000		  19.4	 9	 34.578	4.461	195.00	 0.04	  0.100	0.100	  0.01	 0.60	0.0043	0.0046	0.0027	0.0037	0.0032			0.0010	0.0159	0.0051			0.0862		0.0039	0.0066		0.0140			0.0448	0.0495		0.0009		
PIRATA Fr22	st059c01	B	2012-04-24T22:40:00z	  +0.000	 +0.000		  40.1	 8	 36.323	4.312	187.90	 0.19	  0.700	0.500	  0.21	 1.70	0.0828	0.0768	0.0167	0.0980	0.0404	0.0122	0.0113	0.0060	0.2103	0.0203	0.0138		0.0590		0.0268	0.1249		0.0444			0.0901	0.5498		0.0061		
PIRATA Fr22	st059c01	B	2012-04-24T22:40:00z	  +0.000	 +0.000		  60.0	 7	 36.124	3.800	165.50	 0.47	  7.100	6.600	  0.55	 2.90	0.0479	0.0312	0.0039	0.0686	0.0253	0.0046	0.0056	0.0012	0.0750	0.0073	0.0023		0.0276		0.0900	0.0520		0.0315			0.0735	0.2236		0.0034		
PIRATA Fr22	st059c01	B	2012-04-24T22:40:00z	  +0.000	 +0.000		  81.0	 6	 35.817	3.460	150.60																															
PIRATA Fr22	st059c01	B	2012-04-24T22:40:00z	  +0.000	 +0.000		  81.0	 5	 35.812	3.423	149.00	 0.18	 11.400	11.300	  0.81	 4.10	0.0307	0.0163	0.0012	0.0387	0.0108	0.0009	0.0012	0.0006	0.0421	0.0039			0.0096		0.0768			0.0170			0.0355	0.1027		0.0023		
PIRATA Fr22	st059c01	B	2012-04-24T22:40:00z	  +0.000	 +0.000		 101.0	 4	 35.736	3.397	147.90	 0.09	 12.400	12.300	  0.88	 4.30	0.0292	0.0155	0.0010	0.0367	0.0102	0.0010	0.0011	0.0006	0.0406	0.0038			0.0096		0.0797			0.0169			0.0352	0.0972		0.0021		
PIRATA Fr22	st059c01	B	2012-04-24T22:40:00z	  +0.000	 +0.000		 503.0	 3	 34.604	2.986	129.80	 0.03	 32.000	32.000	  2.09	19.40																										
PIRATA Fr22	st059c01	B	2012-04-24T22:40:00z	  +0.000	 +0.000		1008.0	 2	 34.603	3.510	152.60																															
PIRATA Fr22	st059c01	B	2012-04-24T22:40:00z	  +0.000	 +0.000		2021.0	 1	 34.963	5.674	246.60																															
PIRATA Fr22	st060c01	B	2012-04-25T04:04:00z	  +0.000	 +0.500		   1.9	11	 34.545	4.514	197.30	 0.00	  0.000	0.000	  0.01	 0.70																										
PIRATA Fr22	st060c01	B	2012-04-25T04:04:00z	  +0.000	 +0.500		  10.6	10	 34.549	4.478	195.70	 0.00	  0.000	0.000	  0.02	 1.20																										
PIRATA Fr22	st060c01	B	2012-04-25T04:04:00z	  +0.000	 +0.500		  20.2	 9	 34.566	4.462	195.00	 0.03	  0.100	0.000	  0.04	 1.00																										
PIRATA Fr22	st060c01	B	2012-04-25T04:04:00z	  +0.000	 +0.500		  40.1	 8	 36.014	4.131	180.00	 0.22	  2.300	2.100	  0.26	 1.60																										
PIRATA Fr22	st060c01	B	2012-04-25T04:04:00z	  +0.000	 +0.500		  60.4	 7	 36.006	3.448	150.10	 0.47	  9.500	9.000	  0.66	 3.50																										
PIRATA Fr22	st060c01	B	2012-04-25T04:04:00z	  +0.000	 +0.500		  60.3	 6	 35.984	3.393	147.80																															
PIRATA Fr22	st060c01	B	2012-04-25T04:04:00z	  +0.000	 +0.500		  80.8	 5	 35.752	3.220	140.20	 0.07	 13.100	13.100	  0.89	 4.70																										
PIRATA Fr22	st060c01	B	2012-04-25T04:04:00z	  +0.000	 +0.500		 101.0	 4	 35.698	3.392	147.60	 0.03	 12.700	12.600	  0.90	 4.90																										
PIRATA Fr22	st060c01	B	2012-04-25T04:04:00z	  +0.000	 +0.500		 503.0	 3	 34.611	2.970	129.20	 0.01	 31.900	31.900	  2.06	18.80																										
PIRATA Fr22	st060c01	B	2012-04-25T04:04:00z	  +0.000	 +0.500		1007.0	 2	 34.623	3.508	152.50																															
PIRATA Fr22	st060c01	B	2012-04-25T04:04:00z	  +0.000	 +0.500		2001.0	 1	 34.960	5.656	245.80																															
PIRATA Fr22	st061c01	B	2012-04-25T08:46:00z	  +0.000	 +1.000		   2.2	11	 34.739	4.450	194.50	 0.00	  0.000	0.000	  0.00	 0.60	0.0049	0.0076	0.0035	0.0045	0.0041			0.0014	0.0164	0.0114			0.0897		0.0041	0.0068		0.0157			0.0627	0.0645		0.0013		
PIRATA Fr22	st061c01	B	2012-04-25T08:46:00z	  +0.000	 +1.000		  10.1	10	 34.740	4.447	194.30	 0.00	  0.100	0.100	  0.00	 0.80																										
PIRATA Fr22	st061c01	B	2012-04-25T08:46:00z	  +0.000	 +1.000		  20.0	 9	 34.744	4.448	194.40	 0.03	  0.100	0.000	  0.00	 0.90	0.0053	0.0086	0.0042	0.0051	0.0042			0.0014	0.0179	0.0084			0.0919		0.0051	0.0076		0.0168			0.0697	0.0682		0.0015		
PIRATA Fr22	st061c01	B	2012-04-25T08:46:00z	  +0.000	 +1.000		  40.4	 8	 35.829	4.006	174.60																															
PIRATA Fr22	st061c01	B	2012-04-25T08:46:00z	  +0.000	 +1.000		  40.4	 7	 35.817	4.010	174.80	 0.11	  1.000	0.900	  0.13	 1.10	0.0442	0.0412	0.0117	0.0458	0.0182	0.0096	0.0132	0.0050	0.0906	0.0138	0.0060		0.0893		0.0246	0.1055		0.0425			0.0979	0.3501		0.0050		
PIRATA Fr22	st061c01	B	2012-04-25T08:46:00z	  +0.000	 +1.000		  60.7	 6	 35.770	2.704	117.70	 0.13	 14.600	14.500	  0.88	 4.30	0.0668	0.0399	0.0058	0.0752	0.0291	0.0057	0.0089	0.0021	0.0899	0.0084			0.0342		0.1304	0.0810		0.0409			0.0873	0.2738		0.0053		
PIRATA Fr22	st061c01	B	2012-04-25T08:46:00z	  +0.000	 +1.000		  80.4	 5	 35.706	2.902	126.30	 0.08	 15.000	14.900	  0.95	 5.10	0.0559	0.0374	0.0071	0.0728	0.0310	0.0066	0.0081	0.0022	0.0900	0.0080	0.0035		0.0341		0.1193	0.0740		0.0405			0.0868	0.2622		0.0060		
PIRATA Fr22	st061c01	B	2012-04-25T08:46:00z	  +0.000	 +1.000		 100.3	 4	 35.669	3.140	136.60	 0.06	 14.400	14.300	  0.94	 5.30	0.0311	0.0186	0.0018	0.0463	0.0168	0.0023	0.0017	0.0019	0.0470	0.0041			0.0143		0.1077			0.0269			0.0506	0.1253		0.0031		
PIRATA Fr22	st061c01	B	2012-04-25T08:46:00z	  +0.000	 +1.000		 505.0	 3	 34.617	2.901	126.20	 0.04	 32.400	32.300	  2.00	18.80																										
PIRATA Fr22	st061c01	B	2012-04-25T08:46:00z	  +0.000	 +1.000		1007.0	 2	 34.628	3.514	152.80																															
PIRATA Fr22	st061c01	B	2012-04-25T08:46:00z	  +0.000	 +1.000		2020.0	 1	 34.960	5.667	246.30																															
PIRATA Fr22	st062c01	B	2012-04-25T13:55:00z	  +0.000	 +1.500		   0.0	11		4.467	195.20	 0.00	  0.000	0.000	  0.04	 0.60																										
PIRATA Fr22	st062c01	B	2012-04-25T13:55:00z	  +0.000	 +1.500		  10.0	10		4.499	196.60	 0.01	  0.000	0.000	  0.03	 0.90																										
PIRATA Fr22	st062c01	B	2012-04-25T13:55:00z	  +0.000	 +1.500		  20.0	 9		4.478	195.70	 0.00	  0.000	0.000	  0.00	 0.80																										
PIRATA Fr22	st062c01	B	2012-04-25T13:55:00z	  +0.000	 +1.500		  20.0	 8		4.475	195.60																															
PIRATA Fr22	st062c01	B	2012-04-25T13:55:00z	  +0.000	 +1.500		  40.0	 7		4.563	199.00	 0.02	  0.100	0.100	  0.05	 1.00																										
PIRATA Fr22	st062c01	B	2012-04-25T13:55:00z	  +0.000	 +1.500		  60.0	 6		3.206	139.60	 0.33	 10.100	9.800	  0.66	 3.00																										
PIRATA Fr22	st062c01	B	2012-04-25T13:55:00z	  +0.000	 +1.500		  80.0	 5		3.056	133.00	 0.10	 13.800	13.700	  0.90	 4.70																										
PIRATA Fr22	st062c01	B	2012-04-25T13:55:00z	  +0.000	 +1.500		 100.0	 4		2.980	129.70	 0.03	 14.600	14.600	  0.97	 5.40																										
PIRATA Fr22	st062c01	B	2012-04-25T13:55:00z	  +0.000	 +1.500		 500.0	 3		2.782	121.00	 0.03	 31.900	31.900	  2.00	17.80																										
PIRATA Fr22	st062c01	B	2012-04-25T13:55:00z	  +0.000	 +1.500		1000.0	 2		3.495	151.90																															
PIRATA Fr22	st062c01	B	2012-04-25T13:55:00z	  +0.000	 +1.500		2000.0	 1																																		
PIRATA Fr22	st063c01	B	2012-04-25T18:50:00z	  +0.000	 +2.000		   2.3	11	 34.624	4.465	195.20	 0.03	  0.100	0.000	  0.00	 0.90	0.0046	0.0059	0.0030	0.0042	0.0037	0.0008		0.0014	0.0153	0.0060			0.0926		0.0027	0.0051		0.0123			0.0448	0.0485		0.0005		
PIRATA Fr22	st063c01	B	2012-04-25T18:50:00z	  +0.000	 +2.000		   9.8	10	 34.616	4.478	195.70	 0.04	  0.100	0.000	  0.00	 1.10																										
PIRATA Fr22	st063c01	B	2012-04-25T18:50:00z	  +0.000	 +2.000		  10.0	 9	 34.602	4.478	195.70																															
PIRATA Fr22	st063c01	B	2012-04-25T18:50:00z	  +0.000	 +2.000		  20.1	 8	 34.657	4.481	195.80	 0.01	  0.000	0.000	  0.00	 0.90	0.0056	0.0076	0.0035	0.0049	0.0041	0.0011		0.0010	0.0200	0.0056			0.1046		0.0041	0.0067		0.0148			0.0529	0.0558		0.0008		
PIRATA Fr22	st063c01	B	2012-04-25T18:50:00z	  +0.000	 +2.000		  40.0	 7	 35.187	4.789	209.00	 0.00	  0.000	0.000	  0.00	 0.80	0.0186	0.0189	0.0053	0.0160	0.0093	0.0027	0.0010	0.0011	0.0538	0.0092			0.1273		0.0128	0.0265		0.0299			0.1053	0.1546		0.0023		
PIRATA Fr22	st063c01	B	2012-04-25T18:50:00z	  +0.000	 +2.000		  60.7	 6	 35.821	2.883	125.50	 0.46	 12.200	11.700	  0.79	 4.00	0.0689	0.0483	0.0065	0.0752	0.0333	0.0164	0.0288	0.0054	0.0952	0.0099	0.0025		0.0495		0.0775	0.1693		0.0384			0.0848	0.3830				
PIRATA Fr22	st063c01	B	2012-04-25T18:50:00z	  +0.000	 +2.000		  80.5	 5	 35.785	2.906	126.50	 0.13	 14.200	14.000	  0.93	 4.80	0.0559	0.0325	0.0053	0.0672	0.0201	0.0036	0.0038	0.0012	0.0756	0.0066			0.0237		0.1413	0.0169		0.0312			0.0693	0.1973		0.0025		
PIRATA Fr22	st063c01	B	2012-04-25T18:50:00z	  +0.000	 +2.000		 101.0	 4	 35.695	2.780	121.00	 0.07	 15.700	15.600	  1.05	 5.30	0.0263	0.0143	0.0010	0.0359	0.0094	0.0020	0.0015	0.0005	0.0331	0.0028			0.0088		0.0824			0.0163			0.0334	0.0873		0.0013		
PIRATA Fr22	st063c01	B	2012-04-25T18:50:00z	  +0.000	 +2.000		 504.3	 3	 34.657	2.403	104.50	 0.01	 34.500	34.500	  2.24	19.40																										
PIRATA Fr22	st063c01	B	2012-04-25T18:50:00z	  +0.000	 +2.000		1008.5	 2	 34.648	3.467	150.70																															
PIRATA Fr22	st063c01	B	2012-04-25T18:50:00z	  +0.000	 +2.000		2023.1	 1	 34.956	5.550	241.20																															
PIRATA Fr22	st064c01	B	2012-04-27T23:14:00z	  +6.000	 -0.500		   1.8	11	 33.119	4.552	199.20	 0.03	  0.000	0.000	  0.00	 1.30																										
PIRATA Fr22	st064c01	B	2012-04-27T23:14:00z	  +6.000	 -0.500		  10.0	10	 33.130	4.534	198.30	 0.03	  0.000	0.000	  0.00	 1.40																										
PIRATA Fr22	st064c01	B	2012-04-27T23:14:00z	  +6.000	 -0.500		  20.3	 9	 33.650	4.559	199.30	 0.00	  0.000	0.000	  0.00	 1.30																										
PIRATA Fr22	st064c01	B	2012-04-27T23:14:00z	  +6.000	 -0.500		  40.9	 8	 36.338	4.216	183.70	 0.16	  0.800	0.700	  0.20	 1.60																										
PIRATA Fr22	st064c01	B	2012-04-27T23:14:00z	  +6.000	 -0.500		  59.9	 7	 36.184	3.810	165.90	 0.86	  5.900	5.000	  0.43	 2.40																										
PIRATA Fr22	st064c01	B	2012-04-27T23:14:00z	  +6.000	 -0.500		  80.4	 6	 36.095	3.673	160.00	 0.57	  7.200	6.700	  0.52	 2.90																										
PIRATA Fr22	st064c01	B	2012-04-27T23:14:00z	  +6.000	 -0.500		 100.0	 5	 36.065	3.640	158.50	 0.45	  8.100	7.700	  0.58	 3.10																										
PIRATA Fr22	st064c01	B	2012-04-27T23:14:00z	  +6.000	 -0.500		 503.0	 4	 34.637	2.524	109.80	 0.04	 34.200	34.100	  2.12	19.20																										
PIRATA Fr22	st064c01	B	2012-04-27T23:14:00z	  +6.000	 -0.500		1009.0	 3	 34.611	3.484	151.50	 0.04	 33.200	33.200	  2.27	30.90																										
PIRATA Fr22	st064c01	B	2012-04-27T23:14:00z	  +6.000	 -0.500		1009.0	 2	 34.611	3.485	151.50	 0.04	 33.200	33.200	  2.35	31.40																										
PIRATA Fr22	st064c01	B	2012-04-27T23:14:00z	  +6.000	 -0.500		2020.0	 1	 34.959	5.618	244.10	 0.04	 19.800	19.800	  1.41	23.00																										
PIRATA Fr22	st065c01	B	2012-04-28T04:00:00z	  +6.000	 +0.000		   2.8	11	 33.245	4.513	197.40	 0.02	  0.100	0.000	  0.00	 1.00	0.0134	0.0206	0.0133	0.0100	0.0182	0.0012		0.0016	0.0390	0.0109	0.0005		0.1171		0.0160	0.0166		0.0368			0.1249	0.1903		0.0029		
PIRATA Fr22	st065c01	B	2012-04-28T04:00:00z	  +6.000	 +0.000		  10.0	10	 33.245	4.515	197.50	 0.02	  0.000	0.000	  0.00	 1.50																										
PIRATA Fr22	st065c01	B	2012-04-28T04:00:00z	  +6.000	 +0.000		  20.0	 9	 33.291	4.518	197.60	 0.04	  0.100	0.000	  0.01	 1.40	0.0137	0.0197	0.0106	0.0105	0.0184	0.0010	0.0006	0.0015	0.0388	0.0100	0.0008		0.1185		0.0152	0.0179		0.0365			0.1261	0.1783		0.0033		
PIRATA Fr22	st065c01	B	2012-04-28T04:00:00z	  +6.000	 +0.000		  39.0	 8	 36.319	4.367	190.30	 0.07	  0.300	0.200	  0.17	 1.50	0.0760	0.0602	0.0207	0.0713	0.0280	0.0055	0.0091	0.0022	0.1638	0.0164	0.0068		0.0555		0.0486	0.0910		0.0451			0.1210	0.4295				
PIRATA Fr22	st065c01	B	2012-04-28T04:00:00z	  +6.000	 +0.000		  60.3	 7	 36.221	3.857	168.00	 0.86	  5.200	4.400	  0.45	 2.40	0.0737	0.0464	0.0140	0.0853	0.0299	0.0059	0.0115	0.0017	0.1051	0.0119	0.0040		0.0236		0.0451	0.0992		0.0276			0.0611	0.3334				
PIRATA Fr22	st065c01	B	2012-04-28T04:00:00z	  +6.000	 +0.000		  79.8	 6	 36.017	3.556	154.80	 0.38	  8.500	8.100	  0.61	 3.30	0.0509	0.0291	0.0056	0.0605	0.0175	0.0028	0.0055	0.0007	0.0751	0.0068	0.0009		0.0247		0.1090	0.0359		0.0304			0.0711	0.1906		0.0035		
PIRATA Fr22	st065c01	B	2012-04-28T04:00:00z	  +6.000	 +0.000		 100.0	 5	 36.012	3.545	154.30	 0.28	  8.500	8.200	  0.66	 3.40	0.0396	0.0216	0.0039	0.0468	0.0127	0.0023	0.0037	0.0005	0.0575	0.0050	0.0012		0.0170		0.0876	0.0274		0.0221			0.0528	0.1460		0.0036		
PIRATA Fr22	st065c01	B	2012-04-28T04:00:00z	  +6.000	 +0.000		 504.0	 4	 34.602	2.727	118.60	 0.01	 33.100	33.100	  2.23	20.40																										
PIRATA Fr22	st065c01	B	2012-04-28T04:00:00z	  +6.000	 +0.000		 503.0	 3	 34.602	2.741	119.20	 0.03	 33.300	33.300	  2.32	21.30																										
PIRATA Fr22	st065c01	B	2012-04-28T04:00:00z	  +6.000	 +0.000		1008.0	 2	 34.611	3.516	152.90	 0.01	 32.300	32.200	  2.42	30.90																										
PIRATA Fr22	st065c01	B	2012-04-28T04:00:00z	  +6.000	 +0.000		2020.0	 1	 34.958	5.595	243.10	 0.03	 19.300	19.300	  1.52	24.00																										
PIRATA Fr22	st066c01	B	2012-04-28T08:34:00z	  +6.000	 +0.500		   2.7	11	 33.221	4.506	197.10	 0.02	  0.100	0.000	  0.00	 0.90																										
PIRATA Fr22	st066c01	B	2012-04-28T08:34:00z	  +6.000	 +0.500		  10.0	10	 33.224	4.506	197.10	 0.02	  0.000	0.000	  0.00	 1.20																										
PIRATA Fr22	st066c01	B	2012-04-28T08:34:00z	  +6.000	 +0.500		  20.0	 9	 33.896	4.535	198.20	 0.02	  0.100	0.000	  0.00	 1.20																										
PIRATA Fr22	st066c01	B	2012-04-28T08:34:00z	  +6.000	 +0.500		  41.0	 8	 36.158	4.358	190.00	 0.08	  0.500	0.400	  0.09	 1.60																										
PIRATA Fr22	st066c01	B	2012-04-28T08:34:00z	  +6.000	 +0.500		  60.0	 7	 36.027	3.452	150.40	 0.86	  8.100	7.200	  0.64	 3.10																										
PIRATA Fr22	st066c01	B	2012-04-28T08:34:00z	  +6.000	 +0.500		  80.0	 6	 35.941	3.328	144.90	 0.27	  9.900	9.700	  0.73	 3.90																										
PIRATA Fr22	st066c01	B	2012-04-28T08:34:00z	  +6.000	 +0.500		  98.0	 5	 35.903	3.369	146.70	 0.12	 10.200	10.100	  0.78	 4.20																										
PIRATA Fr22	st066c01	B	2012-04-28T08:34:00z	  +6.000	 +0.500		  98.0	 4	 35.904	3.368	146.70	 0.12	 10.200	10.100	  0.79	 4.20																										
PIRATA Fr22	st066c01	B	2012-04-28T08:34:00z	  +6.000	 +0.500		 503.0	 3	 34.592	2.859	124.30	 0.04	 32.500	32.500	  2.21	20.70																										
PIRATA Fr22	st066c01	B	2012-04-28T08:34:00z	  +6.000	 +0.500		1007.0	 2	 34.622	3.479	151.20	 0.03	 32.100	32.000	  2.34	31.20																										
PIRATA Fr22	st066c01	B	2012-04-28T08:34:00z	  +6.000	 +0.500		2018.0	 1	 34.960	5.605	243.60	 0.03	 19.100	19.100	  1.43	23.60																										
PIRATA Fr22	st067c01	B	2012-04-28T13:17:00z	  +6.000	 +1.000		   1.8	11	 33.147	4.488	196.40	 0.05	  0.100	0.000	  0.00	 1.20	0.0062	0.0094	0.0061	0.0047	0.0075	0.0007		0.0015	0.0184	0.0156			0.1195		0.0029	0.0069			0.0243		0.0535	0.1150		0.0128		
PIRATA Fr22	st067c01	B	2012-04-28T13:17:00z	  +6.000	 +1.000		  10.4	10	 33.143	4.503	197.00	 0.00	  0.000	0.000	  0.00	 1.50																										
PIRATA Fr22	st067c01	B	2012-04-28T13:17:00z	  +6.000	 +1.000		  20.0	 9	 33.500	4.511	197.30	 0.05	  0.100	0.000	  0.00	 1.40																										
PIRATA Fr22	st067c01	B	2012-04-28T13:17:00z	  +6.000	 +1.000		  40.0	 8	 36.144	4.434	193.30	 0.08	  0.300	0.200	  0.10	 1.40	0.0509	0.0581	0.0142	0.0414	0.0253	0.0080	0.0122	0.0069	0.1272	0.0162	0.0100		0.1068		0.0172	0.0881		0.0466			0.1042	0.4362				
PIRATA Fr22	st067c01	B	2012-04-28T13:17:00z	  +6.000	 +1.000		  60.0	 7	 35.987	3.321	144.60	 0.96	  8.500	7.600	  0.57	 3.10	0.0796	0.0614	0.0165	0.0695	0.0320	0.0118	0.0181	0.0048	0.1447	0.0120	0.0084		0.0392		0.0668	0.1361		0.0394			0.0815	0.4179				
PIRATA Fr22	st067c01	B	2012-04-28T13:17:00z	  +6.000	 +1.000		  80.0	 6	 35.926	3.346	145.70	 0.11	 10.200	10.100	  0.73	 4.00	0.0093	0.0154	0.0100	0.0076	0.0119	0.0014	0.0010	0.0023	0.0276	0.0133	0.0005		0.1343		0.0057	0.0146		0.0255			0.0743	0.1365		0.0023		
PIRATA Fr22	st067c01	B	2012-04-28T13:17:00z	  +6.000	 +1.000		  80.0	 5	 35.926	3.343	145.60	 0.15	 10.300	10.100	  0.71	 4.10	0.0384	0.0237	0.0029	0.0478	0.0153	0.0028	0.0034	0.0009	0.0604	0.0047	0.0006		0.0165		0.0832	0.0218		0.0234			0.0482	0.1447		0.0030		
PIRATA Fr22	st067c01	B	2012-04-28T13:17:00z	  +6.000	 +1.000		 101.0	 4	 35.869	3.570	155.40	 0.10	 10.900	10.800	  0.73	 4.40	0.0227	0.0140	0.0015	0.0309	0.0086	0.0017	0.0017	0.0007	0.0313	0.0026			0.0098		0.0737	0.0143		0.0188			0.0368	0.0808		0.0024		
PIRATA Fr22	st067c01	B	2012-04-28T13:17:00z	  +6.000	 +1.000		 504.0	 3	 34.622	2.717	118.20	 0.05	 33.200	33.100	  2.02	20.30																										
PIRATA Fr22	st067c01	B	2012-04-28T13:17:00z	  +6.000	 +1.000		1008.0	 2	 34.619	3.498	152.10	 0.05	 32.700	32.700	  2.16	31.40																										
PIRATA Fr22	st067c01	B	2012-04-28T13:17:00z	  +6.000	 +1.000		2018.0	 1	 34.961	5.598	243.30	 0.05	 19.400	19.400	  1.24	23.60																										
PIRATA Fr22	st068c01	B	2012-04-28T14:24:00z	  +6.000	 +1.033		 500.0	11	 34.628	2.679	116.50	 0.07	 32.400	32.300	  2.00	20.30																										
PIRATA Fr22	st068c01	B	2012-04-28T14:24:00z	  +6.000	 +1.033		 500.0	10	 34.628	2.645	115.00	 0.07	 32.600	32.500	  2.10	20.80																										
PIRATA Fr22	st068c01	B	2012-04-28T14:24:00z	  +6.000	 +1.033		 500.0	 9	 34.628	2.642	114.90	 0.06	 32.800	32.700	  2.09	20.70																										
PIRATA Fr22	st068c01	B	2012-04-28T14:24:00z	  +6.000	 +1.033		 500.0	 8	 34.628	2.640	114.80	 0.06	 32.200	32.200	  2.08	20.90																										
PIRATA Fr22	st068c01	B	2012-04-28T14:24:00z	  +6.000	 +1.033		 500.0	 7	 34.627	2.642	114.90	 0.06	 32.800	32.700	  2.01	20.80																										
PIRATA Fr22	st068c01	B	2012-04-28T14:24:00z	  +6.000	 +1.033		 500.0	 6	 34.628	2.642	114.90	 0.06	 33.100	33.000	  2.04	20.90																										
PIRATA Fr22	st068c01	B	2012-04-28T14:24:00z	  +6.000	 +1.033		 500.0	 5	 34.628	2.646	115.00	 0.06	 33.100	33.000	  2.06	20.80																										
PIRATA Fr22	st068c01	B	2012-04-28T14:24:00z	  +6.000	 +1.033		 500.0	 4	 34.628	2.630	114.40	 0.06	 33.000	32.900	  2.06	20.80																										
PIRATA Fr22	st068c01	B	2012-04-28T14:24:00z	  +6.000	 +1.033		 500.0	 3	 34.629	2.632	114.50	 0.06	 33.100	33.000	  2.06	20.80																										
PIRATA Fr22	st068c01	B	2012-04-28T14:24:00z	  +6.000	 +1.033		 500.0	 2	 34.629	2.622	114.00	 0.06	 33.200	33.200	  2.06	20.90																										
PIRATA Fr22	st068c01	B	2012-04-28T14:24:00z	  +6.000	 +1.033		 500.0	 1	 34.629	2.618	113.90	 0.06	 32.900	32.800	  2.05	20.90																										
