//ODV Spreadsheet file : /media/irdcampagnes/PIRATA/PIRATA-FR35/data-final/CHIMIE/PIRATA-FR35_CHIMIE_odv.txt
//Data treated : 2025-10-02T11:36:48
//<InstrumentType>Chemical bottle analysis</InstrumentType>
//<Source>/media/irdcampagnes/PIRATA/PIRATA-FR35/data-final/CHIMIE/PIRATA-FR35_CHIMIE.xlsx</Sources>
//<DataType>Bottles</DataType>
//<Creator>Pierre.Rousselot@ird.fr</Creator>
//
Cruise	Station	Type	yyyy-mm-ddThh:mm:ss	Longitude [degrees_east]	Latitude [degrees_north]	Bot. Depth [m]	DEPTH [m]	Bottle nb	PSAL [Psu]	DOX1 [ml/l]	DOX2 [micromole/kg]	NTIW [micromole/kg]	NTAW+NTIW [micromole/kg]	NTAW [micromole/kg]	PHOW [micromole/kg]	SLCW [micromole/kg]	CHC3 [microgramme/l]	CHCZ [microgramme/l]	PERP [microgramme/l]	BFUP [microgramme/l]	FUCP [microgramme/l]	NEXW [microgramme/l]	PXAP [microgramme/l]	VIOW [microgramme/l]	HFUP [microgramme/l]	ATXA [microgramme/l]	DXAP [microgramme/l]	AXAP [microgramme/l]	TXAP [microgramme/l]	ZXAP [microgramme/l]	LUTW [microgramme/l]	CHBD [microgramme/l]	CH2P [microgramme/l]	CHLB [microgramme/l]	AACP [microgramme/l]	BBCP [microgramme/l]	PHEP [microgramme/l]	CHAD [microgramme/l]	CH1P [microgramme/l]	CPHL [microgramme/l]	PHEA [microgramme/l]	CXAP [microgramme/l]	TEMP [°C]	PHPH [pH unit]	PHTP [°C]	ALKY [micromole/kg]
PIRATA-FR35	st001c01	B	2025-03-01T16:58:10z	 -23.726	+13.714		   3.0	24																																			22.8430				
PIRATA-FR35	st001c01	B	2025-03-01T16:58:10z	 -23.726	+13.714		   3.0	23																																			22.8400				
PIRATA-FR35	st001c01	B	2025-03-01T16:58:10z	 -23.726	+13.714		   3.0	22																																			22.8360				
PIRATA-FR35	st001c01	B	2025-03-01T16:58:10z	 -23.726	+13.714		   3.0	21																																			22.8360				
PIRATA-FR35	st001c01	B	2025-03-01T16:58:10z	 -23.726	+13.714		2002.0	20																																			3.6080				
PIRATA-FR35	st001c01	B	2025-03-01T16:58:10z	 -23.726	+13.714		2002.0	19																																			3.6070				
PIRATA-FR35	st001c01	B	2025-03-01T16:58:10z	 -23.726	+13.714		2002.0	18																																			3.6070				
PIRATA-FR35	st001c01	B	2025-03-01T16:58:10z	 -23.726	+13.714		2002.0	17																																			3.6060				
PIRATA-FR35	st001c01	B	2025-03-01T16:58:10z	 -23.726	+13.714		2002.0	16																																			3.6050				
PIRATA-FR35	st001c01	B	2025-03-01T16:58:10z	 -23.726	+13.714		2002.0	15	34.9722	5.345	238.69	 0.02	 21.767	21.745	  1.48	24.12																											3.6030	7.7170	25.0000	2329.5600	
PIRATA-FR35	st001c01	B	2025-03-01T16:58:10z	 -23.726	+13.714		2002.0	14	34.9697	5.304	236.87	 0.03	 21.754	21.728	  1.45	24.05																											3.6020	7.7160	25.0000	2333.3830	
PIRATA-FR35	st001c01	B	2025-03-01T16:58:10z	 -23.726	+13.714		2001.0	13	34.9729	5.302	236.80	 0.02	 21.787	21.764	  1.51	24.10																											3.6010	7.7170	25.0000	2330.4030	
PIRATA-FR35	st001c01	B	2025-03-01T16:58:10z	 -23.726	+13.714		2001.0	12	34.9668	5.302	236.81	 0.03	 21.781	21.756	  1.48	24.16																											3.6000	7.7170	25.0000	2329.2260	
PIRATA-FR35	st001c01	B	2025-03-01T16:58:10z	 -23.726	+13.714		2002.0	11	34.9707	5.303	236.84	 0.03	 21.749	21.720	  1.49	24.15																											3.5990	7.7140	25.0000	2332.8520	
PIRATA-FR35	st001c01	B	2025-03-01T16:58:10z	 -23.726	+13.714		2001.0	10	34.9714	5.293	236.40	 0.03	 21.757	21.730	  1.48	24.10																											3.5990	7.7140	25.0000	2330.6660	
PIRATA-FR35	st001c01	B	2025-03-01T16:58:10z	 -23.726	+13.714		2001.0	 9	34.9716	5.294	236.44	 0.03	 21.772	21.747	  1.52	24.10																											3.5990	7.7180	25.0000	2331.4770	
PIRATA-FR35	st001c01	B	2025-03-01T16:58:10z	 -23.726	+13.714		2001.0	 8	34.9704	5.294	236.45	 0.03	 21.748	21.723	  1.46	24.04																											3.5990	7.7150	25.0000	2330.9800	
PIRATA-FR35	st001c01	B	2025-03-01T16:58:10z	 -23.726	+13.714		2001.0	 7	34.9717	5.299	236.66	 0.03	 21.761	21.731	  1.47	24.11																											3.5980	7.7160	25.0000	2332.9770	
PIRATA-FR35	st001c01	B	2025-03-01T16:58:10z	 -23.726	+13.714		2001.0	 6	34.9710	5.299	236.65	 0.02	 21.729	21.706	  1.50	24.06																											3.5980	7.7090	25.0000	2328.7790	
PIRATA-FR35	st001c01	B	2025-03-01T16:58:10z	 -23.726	+13.714		2001.0	 5	34.9713	5.303	236.81	 0.03	 21.735	21.707	  1.46	24.05																											3.5980	7.7150	25.0000	2329.1250	
PIRATA-FR35	st001c01	B	2025-03-01T16:58:10z	 -23.726	+13.714		2001.0	 4	34.9691	5.364	239.57	 0.03	 21.751	21.724	  1.48	24.08																											3.5980	7.7130	25.0000	2332.1840	
PIRATA-FR35	st001c01	B	2025-03-01T16:58:10z	 -23.726	+13.714		2001.0	 3	34.9712	5.340	238.50	 0.03	 21.764	21.739	  1.47	24.12																											3.5970	7.7140	25.0000	2331.3720	
PIRATA-FR35	st001c01	B	2025-03-01T16:58:10z	 -23.726	+13.714		2000.0	 2	34.9723	5.305	236.92	 0.03	 21.754	21.727	  1.50	24.09																											3.5970	7.7150	25.0000	2326.8260	
PIRATA-FR35	st001c01	B	2025-03-01T16:58:10z	 -23.726	+13.714		2000.0	 1	34.9718	5.309	237.08	 0.03	 21.717	21.689	  1.46	24.07																											3.5970	7.7110	25.0000	2325.4610	
PIRATA-FR35	st002c01	B	2025-03-02T07:11:22z	 -22.988	+11.485		   2.0	18																																			25.1330				
PIRATA-FR35	st002c01	B	2025-03-02T07:11:22z	 -22.988	+11.485		   2.0	17	35.7284	4.737	211.53																																25.1330	8.0780	25.0000	2334.7170	
PIRATA-FR35	st002c01	B	2025-03-02T07:11:22z	 -22.988	+11.485		   5.0	16				 0.02	  0.053	0.035	  0.04	 0.81																											25.1310				
PIRATA-FR35	st002c01	B	2025-03-02T07:11:22z	 -22.988	+11.485		  13.0	15	35.7330	4.745	211.91	 0.02	  0.056	0.033	  0.01	 0.78																											25.1420	8.0790	25.0000	2334.2800	
PIRATA-FR35	st002c01	B	2025-03-02T07:11:22z	 -22.988	+11.485		  22.0	14	35.7337	4.729	211.19	 0.00	  0.053	0.050	  0.01	 0.78	0.0083	0.0106	0.0041	0.0087	0.0077			0.0012	0.0251	0.0064	0.0042	0.0011	0.0000	0.0815		0.0097	0.0076	0.0173	0.0225	0.0000		0.0950	0.1015	0.1965	0.0024		25.1410	8.0790	25.0000	2342.9290	
PIRATA-FR35	st002c01	B	2025-03-02T07:11:22z	 -22.988	+11.485		  32.0	13				 0.01	  0.061	0.053	  0.04	 0.78	0.0075	0.0095	0.0043	0.0075	0.0070			0.0012	0.0233	0.0062	0.0040	0.0005	0.0000	0.0755		0.0089	0.0074	0.0163	0.0209	0.0000		0.0875	0.0892	0.1767	0.0021		25.1440				
PIRATA-FR35	st002c01	B	2025-03-02T07:11:22z	 -22.988	+11.485		  42.0	12	35.7286	4.751	212.16	 0.01	  0.052	0.047	  0.02	 0.78	0.0082	0.0121	0.0051	0.0084	0.0074	0.0009		0.0012	0.0258	0.0027	0.0060	0.0000	0.0000	0.0842		0.0098	0.0971	0.1069	0.0241	0.0000		0.0971	0.1119	0.2090	0.0027		25.1420	8.0790	25.0000	2340.8620	
PIRATA-FR35	st002c01	B	2025-03-02T07:11:22z	 -22.988	+11.485		  52.0	11				 0.00	  0.054	0.051	  0.01	 0.86	0.0673	0.0486	0.0220	0.0713	0.0266	0.0168	0.0231	0.0068	0.1315	0.0079	0.0157	0.0031	0.0061	0.0259		0.0085	0.1314	0.1399	0.0000	0.0241		0.0357	0.4458	0.4815	0.0053		22.3250				
PIRATA-FR35	st002c01	B	2025-03-02T07:11:22z	 -22.988	+11.485		  61.0	10	35.7464	2.308	103.08	 0.05	  1.205	1.154	  0.11	 1.18	0.0560	0.0332	0.0136	0.0608	0.0275	0.0132	0.0181	0.0041	0.0813	0.0024	0.0092	0.0000	0.0038	0.0163		0.0245	0.1073	0.1318	0.0190	0.0000	0.0038	0.0346	0.2931	0.3277	0.0037		17.4600	7.7050	25.0000	2350.1620	
PIRATA-FR35	st002c01	B	2025-03-02T07:11:22z	 -22.988	+11.485		  72.0	 9				 0.48	 16.959	16.483	  1.00	 4.58	0.0486	0.0273	0.0106	0.0550	0.0277	0.0081	0.0096	0.0025	0.0640	0.0060	0.0071	0.0012	0.0019	0.0187		0.0549	0.0581	0.1130	0.0228	0.0000	0.0045	0.0445	0.2158	0.2603	0.0040		16.2200				
PIRATA-FR35	st002c01	B	2025-03-02T07:11:22z	 -22.988	+11.485		  81.0	 8	35.6009	2.252	100.56	 0.17	 21.108	20.934	  1.31	 5.74	0.0422	0.0212	0.0063	0.0467	0.0226	0.0039	0.0036	0.0016	0.0620	0.0022	0.0058	0.0011	0.0011	0.0133		0.1087	0.0061	0.1148	0.0254	0.0000	0.0047	0.0479	0.1533	0.2012	0.0050		15.3950				
PIRATA-FR35	st002c01	B	2025-03-02T07:11:22z	 -22.988	+11.485		  91.0	 7				 0.08	 21.014	20.930	  1.29	 6.66	0.0379	0.0185	0.0032	0.0401	0.0174	0.0039	0.0031	0.0017	0.0530	0.0019	0.0047	0.0008	0.0004	0.0093		0.1043	0.0059	0.1102	0.0229	0.0000	0.0032	0.0411	0.1256	0.1667	0.0049		14.8870				
PIRATA-FR35	st002c01	B	2025-03-02T07:11:22z	 -22.988	+11.485		 100.0	 6	35.5016	1.856	 82.89	 0.06	 22.967	22.913	  1.43	 7.10	0.0301	0.0139	0.0018	0.0325	0.0136	0.0035	0.0027	0.0014	0.0429	0.0026	0.0038	0.0008	0.0004	0.0055		0.0723	0.0046	0.0769	0.0157	0.0000		0.0268	0.0932	0.1200	0.0034		14.5730	7.6250	25.0000	2332.2490	
PIRATA-FR35	st002c01	B	2025-03-02T07:11:22z	 -22.988	+11.485		 200.0	 5	35.2696	2.084	 93.06	 0.03	 23.817	23.785	  1.50	 7.42																											12.6240	7.6030	25.0000	2324.8130	
PIRATA-FR35	st002c01	B	2025-03-02T07:11:22z	 -22.988	+11.485		 301.0	 4	35.2292	1.379	 61.58	 0.01	 25.587	25.576	  1.61	 9.34																											11.6310	7.5310	25.0000	2322.9030	
PIRATA-FR35	st002c01	B	2025-03-02T07:11:22z	 -22.988	+11.485		 401.0	 3				 0.01	 30.357	30.343	  1.88	11.44																											10.8710				
PIRATA-FR35	st002c01	B	2025-03-02T07:11:22z	 -22.988	+11.485		 499.0	 2	35.1183	1.032	 46.08	 0.01	 35.202	35.190	  2.16	15.61																											9.7920	7.4790	25.0000	2316.1650	
PIRATA-FR35	st002c01	B	2025-03-02T07:11:22z	 -22.988	+11.485		 499.0	 1	35.1191	1.048	 46.79	 0.02	 35.223	35.202	  2.14	15.61																											9.7940	7.4830	25.0000	2311.7460	
PIRATA-FR35	st003c01	B	2025-03-05T11:28:02z	 -12.249	 +2.997		   3.0	13									0.0181	0.0211	0.0075	0.0122	0.0174	0.0036	0.0026	0.0039	0.0629	0.0046	0.0130	0.0016		0.1130		0.0063	0.0155	0.0218	0.0317	0.0000		0.0637	0.2394	0.3031	0.0037		29.7110				
PIRATA-FR35	st003c01	B	2025-03-05T11:28:02z	 -12.249	 +2.997		   3.0	12	34.3481	4.502	201.06	 0.01	  0.092	0.085	  0.01	 0.74																											29.6950	8.1350	25.0000	2248.8490	
PIRATA-FR35	st003c01	B	2025-03-05T11:28:02z	 -12.249	 +2.997		  21.0	11	34.6702	4.539	202.69	 0.00	  0.050	0.046	  0.00	 0.67	0.0194	0.0217	0.0109	0.0141	0.0143	0.0023	0.0020	0.0030	0.0647	0.0043	0.0088	0.0014	0.0006	0.0993		0.0088	0.0157	0.0245	0.0000	0.0317		0.0764	0.2193	0.2957	0.0038		30.0660	8.1350	25.0000	2270.7800	
PIRATA-FR35	st003c01	B	2025-03-05T11:28:02z	 -12.249	 +2.997		  40.0	10	35.6273	4.078	182.11	 0.02	  0.376	0.355	  0.04	 1.21	0.0396	0.0347	0.0123	0.0363	0.0183	0.0046	0.0050	0.0032	0.0972	0.0020	0.0094	0.0021	0.0031	0.0790		0.0376	0.0489	0.0865	0.0452	0.0000	0.0023	0.1563	0.2647	0.4210	0.0052		24.8940	7.9690	25.0000	2343.1430	
PIRATA-FR35	st003c01	B	2025-03-05T11:28:02z	 -12.249	 +2.997		  60.0	 9	35.7328	2.391	106.77	 0.21	 18.085	17.876	  1.20	 5.42	0.0697	0.0363	0.0065	0.0624	0.0542	0.0061	0.0088	0.0024	0.0805	0.0024	0.0086	0.0018	0.0025	0.0286		0.0872	0.0578	0.1450	0.0336	0.0000	0.0054	0.0671	0.2679	0.3350	0.0063		16.7530	7.7160	25.0000	2359.9340	
PIRATA-FR35	st003c01	B	2025-03-05T11:28:02z	 -12.249	 +2.997		  82.0	 8	35.6662	2.525	112.76	 0.06	 18.909	18.851	  1.25	 5.97	0.0409	0.0195	0.0059	0.0370	0.0230	0.0025	0.0029	0.0014	0.0611		0.0056	0.0010	0.0007	0.0106		0.0967	0.0062	0.1029	0.0221	0.0000	0.0026	0.0430	0.1322	0.1752	0.0058		16.0130				
PIRATA-FR35	st003c01	B	2025-03-05T11:28:02z	 -12.249	 +2.997		 100.0	 7	35.6320	2.501	111.69	 0.04	 18.974	18.933	  1.26	 6.17	0.0360	0.0171	0.0079	0.0329	0.0188	0.0022	0.0027	0.0013	0.0559	0.0047		0.0012		0.0069		0.0824	0.0054	0.0878	0.0195	0.0000		0.0349	0.1148	0.1497	0.0054		15.7030	7.7060	25.0000	2352.7200	
PIRATA-FR35	st003c01	B	2025-03-05T11:28:02z	 -12.249	 +2.997		 150.0	 6	35.5231	2.897	129.37	 0.01	 18.181	18.172	  1.23	 6.39																											14.8510	7.7190	25.0000	2352.8500	
PIRATA-FR35	st003c01	B	2025-03-05T11:28:02z	 -12.249	 +2.997		 201.0	 5	35.4771	2.709	120.98	 0.01	 19.461	19.452	  1.28	 6.81																											14.5180	7.6990	25.0000	2346.1170	
PIRATA-FR35	st003c01	B	2025-03-05T11:28:02z	 -12.249	 +2.997		 300.0	 4	35.1467	1.588	 70.90	 0.01	 30.269	30.259	  1.89	11.86																											11.6550	7.5340	25.0000	2332.7050	
PIRATA-FR35	st003c01	B	2025-03-05T11:28:02z	 -12.249	 +2.997		 401.0	 3	34.8246	1.972	 88.06	 0.01	 33.019	33.009	  2.10	15.79																											8.9440	7.5140	25.0000	2315.5030	
PIRATA-FR35	st003c01	B	2025-03-05T11:28:02z	 -12.249	 +2.997		 401.0	 2	34.8236	1.959	 87.47	 0.02	 33.066	33.045	  2.10	15.85																											8.9470	7.5160	25.0000	2310.3870	
PIRATA-FR35	st003c01	B	2025-03-05T11:28:02z	 -12.249	 +2.997		 497.0	 1	34.6755	2.623	117.15	 0.01	 33.014	33.001	  2.16	18.82																											7.5480	7.5390	25.0000	2306.0930	
PIRATA-FR35	st004c01	B	2025-03-06T03:59:44z	 -10.001	 +1.501		   2.0	13				 0.01	  0.052	0.040	  0.01	 0.64																											29.4360				
PIRATA-FR35	st004c01	B	2025-03-06T03:59:44z	 -10.001	 +1.501		   2.0	12	34.8908	4.553	203.32	 0.01	  0.049	0.035	  0.01	 0.63																											29.4390	8.1020	25.0000	2290.0820	
PIRATA-FR35	st004c01	B	2025-03-06T03:59:44z	 -10.001	 +1.501		  20.0	11	34.9070	4.522	201.95																																29.4670	8.1020	25.0000	2283.1070	
PIRATA-FR35	st004c01	B	2025-03-06T03:59:44z	 -10.001	 +1.501		  40.0	10				 0.01	  0.047	0.034	  0.02	 0.66																											29.4010				
PIRATA-FR35	st004c01	B	2025-03-06T03:59:44z	 -10.001	 +1.501		  40.0	 9	35.1324	4.531	202.37	 0.01	  0.061	0.055	  0.03	 0.69																											29.3990	8.0840	25.0000	2300.2100	
PIRATA-FR35	st004c01	B	2025-03-06T03:59:44z	 -10.001	 +1.501		  60.0	 8	35.6365	3.154	140.85	 0.43	  7.662	7.234	  0.56	 2.58																											19.3760	7.8190	25.0000	2359.6430	
PIRATA-FR35	st004c01	B	2025-03-06T03:59:44z	 -10.001	 +1.501		  81.0	 7	35.7815	2.677	119.57	 0.06	 17.951	17.887	  1.19	 5.83																											16.0460				
PIRATA-FR35	st004c01	B	2025-03-06T03:59:44z	 -10.001	 +1.501		 100.0	 6	35.5807	2.948	131.64	 0.02	 17.337	17.315	  1.17	 6.14																											15.2750	7.7360	25.0000	2345.1150	
PIRATA-FR35	st004c01	B	2025-03-06T03:59:44z	 -10.001	 +1.501		 201.0	 5	35.4662	2.462	109.96	 0.02	 20.956	20.938	  1.36	 7.41																											14.4320	7.6810	25.0000	2330.2520	
PIRATA-FR35	st004c01	B	2025-03-06T03:59:44z	 -10.001	 +1.501		 301.0	 4	35.0600	2.421	108.10	 0.02	 26.635	26.616	  1.69	11.16																											11.1570	7.6040	25.0000	2318.4730	
PIRATA-FR35	st004c01	B	2025-03-06T03:59:44z	 -10.001	 +1.501		 301.0	 3	35.0009	4.496	200.78	 0.01	  0.065	0.060	  0.05	 0.64																											11.1830	8.0960	25.0000	2293.4060	
PIRATA-FR35	st004c01	B	2025-03-06T03:59:44z	 -10.001	 +1.501		 400.0	 2	34.8007	2.382	106.40	 0.01	 31.703	31.690	  2.00	15.54																											8.8510	7.5460	25.0000	2307.7140	
PIRATA-FR35	st004c01	B	2025-03-06T03:59:44z	 -10.001	 +1.501		 498.0	 1	34.6564	2.498	111.58	 0.01	 34.276	34.265	  2.19	19.91																											7.3250	7.5260	25.0000	2307.1630	
PIRATA-FR35	st005c01	B	2025-03-06T07:53:49z	 -10.000	 +1.000		   3.0	12	35.2105	4.499	200.91	 0.01	  0.051	0.045	  0.01	 0.66	0.0066	0.0093	0.0062	0.0063	0.0063	0.0012		0.0018	0.0229	0.0026	0.0074	0.0010		0.0607		0.0061	0.0052	0.0113	0.0154	0.0000		0.0587	0.0731	0.1318	0.0041		28.9110	8.0760	25.0000	2308.4280	
PIRATA-FR35	st005c01	B	2025-03-06T07:53:49z	 -10.000	 +1.000		  20.0	11	35.2459	4.482	200.16	 0.01	  0.038	0.025	  0.01	 0.67	0.0070	0.0114	0.0090	0.0075	0.0068	0.0016		0.0022	0.0265	0.0061	0.0064	0.0010		0.0646		0.0068	0.0072	0.0140	0.0185	0.0000		0.0687	0.0876	0.1563	0.0043		28.9260	8.0720	25.0000	2312.1240	
PIRATA-FR35	st005c01	B	2025-03-06T07:53:49z	 -10.000	 +1.000		  40.0	10	35.3595	4.605	205.65	 0.01	  0.048	0.033	  0.02	 0.68	0.0136	0.0184	0.0130	0.0118	0.0071	0.0048		0.0025	0.0473	0.0064	0.0063		0.0032	0.0514		0.0087	0.0190	0.0277	0.0210	0.0000		0.0767	0.1322	0.2089	0.0053		28.5350	8.0690	25.0000	2315.7250	
PIRATA-FR35	st005c01	B	2025-03-06T07:53:49z	 -10.000	 +1.000		  60.0	 9	35.8529	2.862	127.82	 0.27	 11.957	11.687	  0.80	 3.38	0.0637	0.0394	0.0087	0.0729	0.0364	0.0203	0.0177	0.0045	0.0863	0.0013	0.0087	0.0017	0.0056	0.0348		0.0616	0.1184	0.1800	0.0344	0.0000	0.0033	0.0766	0.3098	0.3864	0.0080		19.6460	7.8000	25.0000	2359.9260	
PIRATA-FR35	st005c01	B	2025-03-06T07:53:49z	 -10.000	 +1.000		  80.0	 8	35.8679	2.980	133.11	 0.11	 14.142	14.035	  0.95	 4.42	0.0621	0.0319	0.0060	0.0716	0.0265	0.0100	0.0059	0.0023	0.0908	0.0023	0.0078	0.0015	0.0023	0.0210		0.0898	0.0382	0.1280	0.0298	0.0000	0.0024	0.0626	0.2222	0.2848	0.0062		18.0640				
PIRATA-FR35	st005c01	B	2025-03-06T07:53:49z	 -10.000	 +1.000		 100.0	 7	35.6649	2.869	128.15	 0.04	 16.903	16.861	  1.12	 5.61	0.0326	0.0162	0.0023	0.0384	0.0155	0.0041	0.0038		0.0457		0.0043	0.0009	0.0013	0.0097		0.0786	0.0204	0.0990	0.0216	0.0000		0.0408	0.1070	0.1478	0.0055		16.0910	7.7440	25.0000	2351.8060	
PIRATA-FR35	st005c01	B	2025-03-06T07:53:49z	 -10.000	 +1.000		 150.0	 6	35.5234	2.703	120.74	 0.03	 19.213	19.184	  1.27	 6.83																											14.8850	7.7070	25.0000	2342.7810	
PIRATA-FR35	st005c01	B	2025-03-06T07:53:49z	 -10.000	 +1.000		 201.0	 5	35.4480	2.210	 98.71	 0.03	 22.561	22.530	  1.45	 7.97																											14.3310	7.6560	25.0000	2338.5170	
PIRATA-FR35	st005c01	B	2025-03-06T07:53:49z	 -10.000	 +1.000		 201.0	 4	35.4505	2.209	 98.66	 0.03	 22.580	22.549	  1.47	 8.02																											14.3360	7.6560	25.0000	2336.0790	
PIRATA-FR35	st005c01	B	2025-03-06T07:53:49z	 -10.000	 +1.000		 300.0	 3	35.5006	2.620	117.02	 0.03	 20.171	20.140	  1.31	 7.06																											10.6500	7.6920	25.0000	2342.8370	
PIRATA-FR35	st005c01	B	2025-03-06T07:53:49z	 -10.000	 +1.000		 400.0	 2	34.7938	2.358	105.32	 0.03	 32.234	32.203	  2.02	15.90																											8.7850	7.5340	25.0000	2315.3390	
PIRATA-FR35	st005c01	B	2025-03-06T07:53:49z	 -10.000	 +1.000		 500.0	 1	34.6286	2.747	122.70	 0.03	 33.829	33.801	  2.17	20.50																											7.0000	7.5260	25.0000	2307.7120	
PIRATA-FR35	st006c01	B	2025-03-06T11:49:25z	  -9.998	 +0.501		   3.0	14																																			28.6180				
PIRATA-FR35	st006c01	B	2025-03-06T11:49:25z	  -9.998	 +0.501		   3.0	13	35.4922	4.506	201.25	 0.03	  0.045	0.019	  0.02	 0.72																											28.6180	8.0610	25.0000	2331.4710	
PIRATA-FR35	st006c01	B	2025-03-06T11:49:25z	  -9.998	 +0.501		   3.0	12																																			28.6280				
PIRATA-FR35	st006c01	B	2025-03-06T11:49:25z	  -9.998	 +0.501		  40.0	11																																			25.5550				
PIRATA-FR35	st006c01	B	2025-03-06T11:49:25z	  -9.998	 +0.501		  40.0	10	36.1727	4.163	185.93	 0.03	  0.177	0.144	  0.05	 0.99																											25.6600	7.9910	25.0000	2364.4710	
PIRATA-FR35	st006c01	B	2025-03-06T11:49:25z	  -9.998	 +0.501		  60.0	 9	35.8863	3.874	173.00	 0.24	  6.571	6.332	  0.52	 2.60																											20.7700	7.9040	25.0000	2388.7560	
PIRATA-FR35	st006c01	B	2025-03-06T11:49:25z	  -9.998	 +0.501		  79.0	 8	35.9800	3.710	165.67	 0.14	  9.847	9.705	  0.72	 3.47																											18.2130				
PIRATA-FR35	st006c01	B	2025-03-06T11:49:25z	  -9.998	 +0.501		 101.0	 7	35.6921	3.238	144.59	 0.06	 14.943	14.887	  1.01	 5.14																											16.1780	7.7740	25.0000	2358.3370	
PIRATA-FR35	st006c01	B	2025-03-06T11:49:25z	  -9.998	 +0.501		 150.0	 6	35.5781	3.086	137.83	 0.04	 16.672	16.636	  1.11	 5.90																											15.2700	7.7450	25.0000	2350.5880	
PIRATA-FR35	st006c01	B	2025-03-06T11:49:25z	  -9.998	 +0.501		 150.0	 5	35.5798	3.105	138.66	 0.04	 16.680	16.643	  1.11	 5.88																											15.2730	7.7450	25.0000	2349.1840	
PIRATA-FR35	st006c01	B	2025-03-06T11:49:25z	  -9.998	 +0.501		 200.0	 4	35.4611	2.271	101.44	 0.03	 22.177	22.143	  1.43	 7.76																											14.4490	7.6580	25.0000	2342.0120	
PIRATA-FR35	st006c01	B	2025-03-06T11:49:25z	  -9.998	 +0.501		 300.0	 3	35.0134	2.357	105.26	 0.03	 27.714	27.681	  1.74	11.78																											10.7970	7.5860	25.0000	2325.4810	
PIRATA-FR35	st006c01	B	2025-03-06T11:49:25z	  -9.998	 +0.501		 400.0	 2	34.8096	2.346	104.78	 0.03	 31.617	31.582	  1.98	15.26																											9.0290	7.5400	25.0000	2316.2930	
PIRATA-FR35	st006c01	B	2025-03-06T11:49:25z	  -9.998	 +0.501		 504.0	 1	34.6543	2.697	120.46	 0.03	 33.331	33.303	  2.13	19.44																											7.3540	7.5380	25.0000	2310.7990	
PIRATA-FR35	st007c01	B	2025-03-06T20:26:15z	  -9.852	 +0.019		   3.0	18									0.0033	0.0064	0.0028	0.0046	0.0055	0.0000		0.0011	0.0139	0.0034	0.0062		0.0013	0.0930		0.0042	0.0046	0.0088	0.0147	0.0000		0.0515	0.0476	0.0991	0.0018		28.6550				
PIRATA-FR35	st007c01	B	2025-03-06T20:26:15z	  -9.852	 +0.019		   3.0	17	35.6910	4.511	201.44	 0.03	  0.049	0.017	  0.03	 0.81																											28.6210	8.0540	25.0000	2343.9050	
PIRATA-FR35	st007c01	B	2025-03-06T20:26:15z	  -9.852	 +0.019		  24.0	16									0.0058	0.0104	0.0094	0.0081	0.0070	0.0013		0.0012	0.0278	0.0027	0.0094		0.0010	0.0845		0.0064	0.0093	0.0157	0.0177	0.0000		0.0597	0.0814	0.1411	0.0025		27.6930				
PIRATA-FR35	st007c01	B	2025-03-06T20:26:15z	  -9.852	 +0.019		  24.0	15	35.8595	4.523	201.99	 0.03	  0.040	0.015	  0.04	 0.88																											27.6940	8.0410	25.0000	2356.9660	
PIRATA-FR35	st007c01	B	2025-03-06T20:26:15z	  -9.852	 +0.019		  45.0	14									0.0774	0.0584	0.0165	0.0839	0.0261	0.0139	0.0095	0.0073	0.1807	0.0026	0.0178	0.0045	0.0038	0.0545		0.0249	0.0960	0.1209	0.0297	0.0000		0.0798	0.3721	0.4519	0.0094		23.3030				
PIRATA-FR35	st007c01	B	2025-03-06T20:26:15z	  -9.852	 +0.019		  45.0	13	36.1765	3.743	167.17	 0.17	  2.260	2.094	  0.27	 1.97																											23.2910	7.9430	25.0000	2383.6830	
PIRATA-FR35	st007c01	B	2025-03-06T20:26:15z	  -9.852	 +0.019		  59.0	12									0.0835	0.0507	0.0036	0.1039	0.0238	0.0088	0.0110	0.0035	0.1342		0.0140	0.0042	0.0041	0.0240		0.0319	0.0812	0.1131	0.0229	0.0000		0.0497	0.3299	0.3796	0.0087		20.6520				
PIRATA-FR35	st007c01	B	2025-03-06T20:26:15z	  -9.852	 +0.019		  59.0	11	36.2167	4.341	193.86	 0.23	  5.875	5.641	  0.49	 2.33																											20.4150	7.9110	25.0000	2389.2580	
PIRATA-FR35	st007c01	B	2025-03-06T20:26:15z	  -9.852	 +0.019		  80.0	10	35.8598			 0.09	 12.224	12.131	  0.86	 4.22	0.0401	0.0229	0.0024	0.0553	0.0116	0.0038	0.0020	0.0013	0.0685		0.0068	0.0017	0.0011	0.0115		0.0749	0.0206	0.0955	0.0214	0.0000		0.0437	0.1452	0.1889	0.0071		17.3560				
PIRATA-FR35	st007c01	B	2025-03-06T20:26:15z	  -9.852	 +0.019		 100.0	 9									0.0215	0.0118	0.0017	0.0295	0.0070	0.0037	0.0008	0.0007	0.0332	0.0022	0.0040	0.0011	0.0031	0.0049		0.0431	0.0179	0.0610	0.0119	0.0000		0.0218	0.0731	0.0949	0.0062		15.5940				
PIRATA-FR35	st007c01	B	2025-03-06T20:26:15z	  -9.852	 +0.019		 100.0	 8	35.6240	3.228	144.16	 0.04	 15.640	15.600	  1.06	 5.47																											15.5920	7.7620	25.0000	2349.7240	
PIRATA-FR35	st007c01	B	2025-03-06T20:26:15z	  -9.852	 +0.019		 200.0	 7	35.5040	2.614	116.73	 0.04	 19.806	19.764	  1.29	 6.87																											14.7450	7.6960	25.0000	2341.8820	
PIRATA-FR35	st007c01	B	2025-03-06T20:26:15z	  -9.852	 +0.019		 200.0	 6	35.5070	2.647	118.23	 0.04	 19.868	19.824	  1.29	 6.96																											14.7460	7.6970	25.0000	2342.1600	
PIRATA-FR35	st007c01	B	2025-03-06T20:26:15z	  -9.852	 +0.019		 300.0	 5	35.0099	2.293	102.39	 0.04	 28.216	28.181	  1.76	11.97																											10.7470	7.5810	25.0000	2314.3300	
PIRATA-FR35	st007c01	B	2025-03-06T20:26:15z	  -9.852	 +0.019		 500.0	 4	34.6423	2.839	126.79	 0.04	 32.970	32.934	  2.13	19.32																											7.3170	7.5430	25.0000	2303.9290	
PIRATA-FR35	st007c01	B	2025-03-06T20:26:15z	  -9.852	 +0.019		 800.0	 3	34.6444	2.815	125.73	 0.04	 33.037	32.999	  2.12	19.40																											4.9740	7.5470	25.0000	2300.8540	
PIRATA-FR35	st007c01	B	2025-03-06T20:26:15z	  -9.852	 +0.019		1500.0	 2	34.9613	5.174	231.05	 0.03	 22.175	22.142	  1.45	18.37																											4.3080	7.6940	25.0000	2324.0900	
PIRATA-FR35	st007c01	B	2025-03-06T20:26:15z	  -9.852	 +0.019		2001.0	 1	34.9666	5.719	255.42	 0.03	 20.067	20.034	  1.34	20.93																											3.5300	7.7240	25.0000	2329.2870	
PIRATA-FR35	st008c01	B	2025-03-07T06:41:23z	  -9.999	 -0.500		   2.0	14																																			28.1680				
PIRATA-FR35	st008c01	B	2025-03-07T06:41:23z	  -9.999	 -0.500		   2.0	13	35.8238	4.495	200.73	 0.03	  0.053	0.020	  0.05	 0.77																											28.1680	8.0420	25.0000	2376.1140	
PIRATA-FR35	st008c01	B	2025-03-07T06:41:23z	  -9.999	 -0.500		  20.0	12	36.0052	4.505	201.21	 0.03	  0.051	0.020	  0.05	 0.85																											27.7050	8.0500	25.0000	2370.6970	
PIRATA-FR35	st008c01	B	2025-03-07T06:41:23z	  -9.999	 -0.500		  40.0	11	36.4378	4.333	193.52																																25.0410	7.9940	25.0000	2421.3080	
PIRATA-FR35	st008c01	B	2025-03-07T06:41:23z	  -9.999	 -0.500		  55.0	10				 0.04	  0.213	0.175	  0.15	 1.30																											20.9920				
PIRATA-FR35	st008c01	B	2025-03-07T06:41:23z	  -9.999	 -0.500		  60.0	 9	36.2578	4.074	181.92	 0.30	  5.678	5.379	  0.54	 2.38																											20.3880	7.9080	25.0000	2399.7250	
PIRATA-FR35	st008c01	B	2025-03-07T06:41:23z	  -9.999	 -0.500		  80.0	 8	35.6932	3.265	145.81	 0.06	 14.592	14.531	  1.00	 5.05																											16.2240	7.7760	25.0000	2360.4790	
PIRATA-FR35	st008c01	B	2025-03-07T06:41:23z	  -9.999	 -0.500		  80.0	 7	35.6923	3.267	145.89	 0.06	 14.610	14.552	  1.00	 5.10																											16.0960	7.7770	25.0000	2360.4710	
PIRATA-FR35	st008c01	B	2025-03-07T06:41:23z	  -9.999	 -0.500		 100.0	 6	35.6521	3.192	142.56	 0.06	 15.367	15.309	  1.05	 5.39																											15.7900	7.7630	25.0000	2360.2320	
PIRATA-FR35	st008c01	B	2025-03-07T06:41:23z	  -9.999	 -0.500		 150.0	 5	35.5616	3.065	136.88	 0.04	 16.942	16.900	  1.14	 6.04																											15.1430	7.7410	25.0000	2350.5950	
PIRATA-FR35	st008c01	B	2025-03-07T06:41:23z	  -9.999	 -0.500		 200.0	 4	35.4913	2.490	111.21	 0.04	 20.504	20.464	  1.35	 7.21																											14.6810	7.6830	25.0000	2343.8620	
PIRATA-FR35	st008c01	B	2025-03-07T06:41:23z	  -9.999	 -0.500		 301.0	 3	35.1078	2.102	 93.88	 0.04	 27.384	27.346	  1.71	10.88																											11.0060	7.5840	25.0000	2324.2070	
PIRATA-FR35	st008c01	B	2025-03-07T06:41:23z	  -9.999	 -0.500		 400.0	 2	34.8419	2.558	114.22	 0.04	 29.691	29.655	  1.88	13.98																											9.3570	7.5680	25.0000	2313.5090	
PIRATA-FR35	st008c01	B	2025-03-07T06:41:23z	  -9.999	 -0.500		 503.0	 1	34.6171	2.956	132.00	 0.04	 32.394	32.358	  2.09	19.13																											7.1800	7.5530	25.0000	2306.2200	
PIRATA-FR35	st009c01	B	2025-03-07T10:37:56z	  -9.998	 -0.997		   3.0	12	35.8400	4.511	201.44						0.0035	0.0078	0.0041	0.0071	0.0076			0.0027	0.0193	0.0059	0.0111		0.0034	0.1090		0.0084	0.0088	0.0172	0.0176	0.0000		0.0715	0.0658	0.1373	0.0042		28.1900	8.0460	25.0000	2355.5100	
PIRATA-FR35	st009c01	B	2025-03-07T10:37:56z	  -9.998	 -0.997		  23.0	11	35.8768	4.510	201.41	 0.03	  0.052	0.022	  0.05	 0.74	0.0057	0.0113	0.0055	0.0096	0.0092			0.0028	0.0261	0.0055	0.0096		0.0024	0.1081		0.0097	0.0110	0.0207	0.0211	0.0000		0.0836	0.0835	0.1671	0.0044		27.9730	8.0440	25.0000	2356.5740	
PIRATA-FR35	st009c01	B	2025-03-07T10:37:56z	  -9.998	 -0.997		  42.0	10	36.3471	4.459	199.14	 0.03	  0.050	0.024	  0.05	 0.72	0.0156	0.0200	0.0080	0.0176	0.0078	0.0041		0.0020	0.0583		0.0094			0.1109		0.0204	0.0236	0.0440	0.0290	0.0000		0.1262	0.1183	0.2445	0.0059		25.0930	8.0020	25.0000	2392.0220	
PIRATA-FR35	st009c01	B	2025-03-07T10:37:56z	  -9.998	 -0.997		  62.0	 9	36.1847	3.888	173.62	 0.03	  0.115	0.088	  0.15	 1.06																											20.2100	7.8910	25.0000	2389.7850	
PIRATA-FR35	st009c01	B	2025-03-07T10:37:56z	  -9.998	 -0.997		  62.0	 8	36.1819	3.854	172.11	 0.29	  6.571	6.276	  0.66	 2.65	0.0681	0.0502	0.0069	0.0953	0.0286	0.0184	0.0127	0.0046	0.1417	0.0024	0.0138	0.0042		0.0535		0.0838	0.1022	0.1860	0.0409	0.0000		0.1104	0.3226	0.4330	0.0079		20.1540	7.8900	25.0000	2389.1660	
PIRATA-FR35	st009c01	B	2025-03-07T10:37:56z	  -9.998	 -0.997		  82.0	 7	35.7219	2.910	129.95	 0.30	  6.280	5.985	  0.56	 2.61	0.0286	0.0197	0.0027	0.0428	0.0127	0.0045	0.0034	0.0011	0.0437		0.0039	0.0015		0.0172		0.0744	0.0256	0.1000	0.0219	0.0000		0.0491	0.1187	0.1678	0.0052		16.6130				
PIRATA-FR35	st009c01	B	2025-03-07T10:37:56z	  -9.998	 -0.997		 100.0	 6	35.6345	3.019	134.83	 0.14	 15.862	15.718	  1.08	 5.07	0.0219	0.0145		0.0343	0.0095	0.0029	0.0017	0.0008	0.0324		0.0033	0.0009		0.0102		0.0658	0.0151	0.0809	0.0193	0.0000		0.0396	0.0853	0.1249	0.0072		15.7500	7.7450	25.0000	2352.1620	
PIRATA-FR35	st009c01	B	2025-03-07T10:37:56z	  -9.998	 -0.997		 151.0	 5	35.5244	2.850	127.26	 0.08	 16.633	16.554	  1.13	 5.59																											14.8790	7.7180	25.0000	2347.6720	
PIRATA-FR35	st009c01	B	2025-03-07T10:37:56z	  -9.998	 -0.997		 200.0	 4	35.4546	2.265	101.16	 0.04	 18.410	18.373	  1.22	 6.46																											14.3880	7.6590	25.0000	2338.7340	
PIRATA-FR35	st009c01	B	2025-03-07T10:37:56z	  -9.998	 -0.997		 299.0	 3				 0.04	 22.011	21.975	  1.42	 7.51																											10.9430				
PIRATA-FR35	st009c01	B	2025-03-07T10:37:56z	  -9.998	 -0.997		 401.0	 2	34.8382	2.329	104.03	 0.03	 30.999	30.966	  1.95	14.52																											9.3070	7.5450	25.0000	2309.5090	
PIRATA-FR35	st009c01	B	2025-03-07T10:37:56z	  -9.998	 -0.997		 500.0	 1	34.5930	3.035	135.53	 0.03	 32.707	32.675	  2.13	20.18																											6.8860	7.5500	25.0000	2301.9140	
PIRATA-FR35	st010c01	B	2025-03-07T14:30:58z	  -9.999	 -1.499		   3.0	14																																			28.5980				
PIRATA-FR35	st010c01	B	2025-03-07T14:30:58z	  -9.999	 -1.499		   3.0	13	35.7995	4.515	201.65	 0.03	  0.045	0.018	  0.04	 0.70																											28.6000	8.0460	25.0000	2355.7110	
PIRATA-FR35	st010c01	B	2025-03-07T14:30:58z	  -9.999	 -1.499		  20.0	12	35.8109	4.535	202.54	 0.03	  0.042	0.015	  0.05	 0.70																											28.2190	8.0460	25.0000	2353.4200	
PIRATA-FR35	st010c01	B	2025-03-07T14:30:58z	  -9.999	 -1.499		  40.0	11																																			24.5120				
PIRATA-FR35	st010c01	B	2025-03-07T14:30:58z	  -9.999	 -1.499		  40.0	10	35.8756	4.651	207.73	 0.03	  0.163	0.131	  0.18	 1.39																											24.5240	7.9870	25.0000	2364.9830	
PIRATA-FR35	st010c01	B	2025-03-07T14:30:58z	  -9.999	 -1.499		  39.0	 9	35.8717	4.658	208.03	 0.03	  0.142	0.110	  0.18	 1.38																											24.5860	7.9880	25.0000	2359.7050	
PIRATA-FR35	st010c01	B	2025-03-07T14:30:58z	  -9.999	 -1.499		  60.0	 8	35.7426	3.016	134.70	 0.58	 13.877	13.296	  0.97	 4.27																											17.8700	7.7820	25.0000	2350.6210	
PIRATA-FR35	st010c01	B	2025-03-07T14:30:58z	  -9.999	 -1.499		  80.0	 7	35.6033	2.903	129.64	 0.09	 17.160	17.072	  1.15	 5.76																											15.5560				
PIRATA-FR35	st010c01	B	2025-03-07T14:30:58z	  -9.999	 -1.499		 101.0	 6	35.5502	2.798	124.97	 0.05	 18.243	18.194	  1.21	 6.26																											15.0750	7.7200	25.0000	2349.9820	
PIRATA-FR35	st010c01	B	2025-03-07T14:30:58z	  -9.999	 -1.499		 151.0	 5	35.4888	2.486	111.03	 0.04	 20.578	20.543	  1.34	 7.16																											14.6120	7.6820	25.0000	2344.3130	
PIRATA-FR35	st010c01	B	2025-03-07T14:30:58z	  -9.999	 -1.499		 200.0	 4	35.4144	2.039	 91.05	 0.03	 23.610	23.576	  1.52	 8.10																											14.0600	7.6340	25.0000	2339.0770	
PIRATA-FR35	st010c01	B	2025-03-07T14:30:58z	  -9.999	 -1.499		 301.0	 3	35.1172	1.984	 88.62	 0.04	 27.937	27.901	  1.75	10.92																											11.0860	7.5760	25.0000	2326.9710	
PIRATA-FR35	st010c01	B	2025-03-07T14:30:58z	  -9.999	 -1.499		 400.0	 2	34.8257	2.461	109.93	 0.03	 30.738	30.704	  1.95	14.57																											9.2060	7.5520	25.0000	2312.5710	
PIRATA-FR35	st010c01	B	2025-03-07T14:30:58z	  -9.999	 -1.499		 500.0	 1	34.6380	2.857	127.60	 0.02	 32.604	32.579	  2.15	18.85																											7.3680	7.5460	25.0000	2307.9310	
PIRATA-FR35	st011c01	B	2025-03-07T18:30:06z	 -10.001	 -1.999		   2.0	13									0.0071	0.0106	0.0035	0.0071	0.0069			0.0010	0.0268		0.0111		0.0032	0.1341		0.0071	0.0108	0.0179	0.0205	0.0000		0.0658	0.0875	0.1533	0.0068		28.7370				
PIRATA-FR35	st011c01	B	2025-03-07T18:30:06z	 -10.001	 -1.999		   2.0	12	35.7683	4.506	201.25	 0.03	  0.065	0.038	  0.05	 0.79																											28.7380	8.0500	25.0000	2349.8710	
PIRATA-FR35	st011c01	B	2025-03-07T18:30:06z	 -10.001	 -1.999		  20.0	11	35.7653	4.518	201.77	 0.03	  0.061	0.034	  0.04	 0.75																											28.6080	8.0510	25.0000	2350.9590	
PIRATA-FR35	st011c01	B	2025-03-07T18:30:06z	 -10.001	 -1.999		  20.0	10	35.7606	4.511	201.47	 0.02	  0.065	0.042	  0.04	 0.73	0.0083	0.0114	0.0072	0.0079	0.0073			0.0017	0.0329	0.0037	0.0105		0.0030	0.1195		0.0066	0.0112	0.0178	0.0197	0.0000		0.0602	0.0950	0.1552	0.0068		28.6060	8.0490	25.0000	2348.6170	
PIRATA-FR35	st011c01	B	2025-03-07T18:30:06z	 -10.001	 -1.999		  50.0	 9	35.7980	3.806	169.98	 0.18	  6.657	6.473	  0.66	 2.53	0.0889	0.0646	0.0197	0.0836	0.0380	0.0274	0.0185	0.0073	0.2177	0.0055	0.0206	0.0052	0.0037	0.0709	0.0042	0.0369	0.1610	0.1979	0.0411	0.0000	0.0144	0.0929	0.5114	0.6043	0.0116		20.3730	7.8610	25.0000	2360.6570	
PIRATA-FR35	st011c01	B	2025-03-07T18:30:06z	 -10.001	 -1.999		  60.0	 8	35.7356	2.947	131.63	 0.53	 14.311	13.785	  1.01	 4.10	0.0656	0.0449	0.0123	0.0821	0.0327	0.0232	0.0222	0.0051	0.1249	0.0066	0.0145	0.0039		0.0306	0.0026	0.0333	0.1459	0.1792	0.0257	0.0000	0.0140	0.0565	0.3581	0.4146	0.0093		18.0910	7.7700	25.0000	2357.3070	
PIRATA-FR35	st011c01	B	2025-03-07T18:30:06z	 -10.001	 -1.999		  81.0	 7	35.6556	2.671	119.27	 0.19	 17.821	17.627	  1.19	 5.21	0.0400	0.0274	0.0055	0.0643	0.0254	0.0150	0.0147	0.0038	0.0691	0.0045	0.0080	0.0026		0.0263		0.0581	0.0573	0.1154	0.0242	0.0000	0.0045	0.0526	0.1867	0.2393	0.0072		16.0210				
PIRATA-FR35	st011c01	B	2025-03-07T18:30:06z	 -10.001	 -1.999		 101.0	 6	35.5722	2.817	125.82	 0.05	 18.089	18.035	  1.20	 5.81	0.0194	0.0135	0.0039	0.0331	0.0143	0.0067	0.0069	0.0029	0.0407	0.0050	0.0045	0.0021		0.0121		0.0632	0.0133	0.0765	0.0203	0.0000		0.0375	0.0795	0.1170	0.0064		15.2240	7.6870	25.0000	2344.7120	
PIRATA-FR35	st011c01	B	2025-03-07T18:30:06z	 -10.001	 -1.999		 150.0	 5	35.4997	2.498	111.57	 0.03	 20.484	20.450	  1.33	 6.71																											14.6940	7.7190	25.0000	2347.0990	
PIRATA-FR35	st011c01	B	2025-03-07T18:30:06z	 -10.001	 -1.999		 200.0	 4	35.4367	2.226	 99.40	 0.03	 22.467	22.436	  1.46	 7.29																											14.2400	7.6570	25.0000	2335.4360	
PIRATA-FR35	st011c01	B	2025-03-07T18:30:06z	 -10.001	 -1.999		 301.0	 3	35.6455	2.701	120.61	 0.17	 17.861	17.696	  1.20	 5.28																											11.2600	7.7250	25.0000	2348.5670	
PIRATA-FR35	st011c01	B	2025-03-07T18:30:06z	 -10.001	 -1.999		 400.0	 2	34.8899	1.934	 86.35	 0.02	 31.999	31.976	  2.00	13.21																											9.7460	7.5270	25.0000	2303.0870	
PIRATA-FR35	st011c01	B	2025-03-07T18:30:06z	 -10.001	 -1.999		 500.0	 1	34.6294	2.935	131.08	 0.03	 32.592	32.561	  2.11	17.61																											7.3540	7.5520	25.0000	2297.7530	
PIRATA-FR35	st012c01	B	2025-03-07T22:15:52z	 -10.002	 -2.495		   3.0	12	35.7059	4.533	202.46																																28.5500	8.0480	25.0000	2346.8100	
PIRATA-FR35	st012c01	B	2025-03-07T22:15:52z	 -10.002	 -2.495		   3.0	11	35.7059	4.528	202.20																																28.5500	8.0490	25.0000	2346.9160	
PIRATA-FR35	st012c01	B	2025-03-07T22:15:52z	 -10.002	 -2.495		  23.0	10	35.7514	4.601	205.48																																28.4160	8.0420	25.0000	2351.9980	
PIRATA-FR35	st012c01	B	2025-03-07T22:15:52z	 -10.002	 -2.495		  43.0	 9	35.7900	3.603	160.89																																19.2810	7.8350	25.0000	2360.4600	
PIRATA-FR35	st012c01	B	2025-03-07T22:15:52z	 -10.002	 -2.495		  62.0	 8	35.6985	2.639	117.87																																17.0010	7.7260	25.0000	2352.5750	
PIRATA-FR35	st012c01	B	2025-03-07T22:15:52z	 -10.002	 -2.495		  82.0	 7	35.6394	2.316	103.44																																15.8770				
PIRATA-FR35	st012c01	B	2025-03-07T22:15:52z	 -10.002	 -2.495		 100.0	 6	35.5964	2.142	 95.65																																15.4230	7.6670	25.0000	2347.9340	
PIRATA-FR35	st012c01	B	2025-03-07T22:15:52z	 -10.002	 -2.495		 151.0	 5	35.4533	2.006	 89.58																																14.3670	7.6320	25.0000	2337.6430	
PIRATA-FR35	st012c01	B	2025-03-07T22:15:52z	 -10.002	 -2.495		 199.0	 4	35.3519	1.985	 88.64																																13.5760	7.6170	25.0000	2334.0870	
PIRATA-FR35	st012c01	B	2025-03-07T22:15:52z	 -10.002	 -2.495		 300.0	 3																																			11.5470				
PIRATA-FR35	st012c01	B	2025-03-07T22:15:52z	 -10.002	 -2.495		 401.0	 2	34.8987	1.826	 81.53																																9.3380	7.5410	25.0000	2315.8660	
PIRATA-FR35	st012c01	B	2025-03-07T22:15:52z	 -10.002	 -2.495		 500.0	 1	34.6394	2.520	112.53																																7.3320	7.5170	25.0000	2303.7410	
PIRATA-FR35	st013c01	B	2025-03-08T02:15:30z	 -10.002	 -3.000		   3.0	12	35.7909	4.539	202.72	 0.02	  0.049	0.033	  0.06	 0.90	0.0063	0.0101	0.0077	0.0096	0.0085			0.0031	0.0316	0.0060	0.0105			0.0820		0.0084	0.0101	0.0185	0.0189	0.0000		0.0689	0.0851	0.1540	0.0054		28.2950	8.0530	25.0000	2355.9190	
PIRATA-FR35	st013c01	B	2025-03-08T02:15:30z	 -10.002	 -3.000		  23.0	11	35.9295	4.701	209.94	 0.03	  0.144	0.117	  0.13	 1.19	0.0164	0.0205	0.0126	0.0211	0.0101	0.0060		0.0024	0.0650	0.0070	0.0151	0.0025	0.0012	0.0879		0.0096	0.0177	0.0273	0.0215	0.0000		0.0792	0.1403	0.2195	0.0061		27.4970	8.0130	25.0000	2368.1490	
PIRATA-FR35	st013c01	B	2025-03-08T02:15:30z	 -10.002	 -3.000		  43.0	10	35.8023	3.520	157.21	 0.23	 10.442	10.210	  0.80	 3.45	0.0634	0.0544	0.0160	0.0963	0.0277	0.0139	0.0106	0.0070	0.1605	0.0037	0.0172	0.0045	0.0020	0.0585	0.0043	0.0299	0.0907	0.1206	0.0277	0.0000		0.0781	0.3266	0.4047	0.0083		19.1590	7.8320	25.0000	2361.6180	
PIRATA-FR35	st013c01	B	2025-03-08T02:15:30z	 -10.002	 -3.000		  62.0	 9	35.7267	2.935	131.06	 0.33	 15.210	14.877	  1.06	 4.41	0.0728	0.0485	0.0108	0.1102	0.0258	0.0130	0.0082	0.0035	0.1291	0.0026	0.0117	0.0027		0.0245	0.0008	0.0354	0.0764	0.1118	0.0198	0.0000		0.0499	0.2924	0.3423	0.0086		17.5950	7.7650	25.0000	2355.8200	
PIRATA-FR35	st013c01	B	2025-03-08T02:15:30z	 -10.002	 -3.000		  83.0	 8	35.6245	2.208	 98.60	 0.09	 20.661	20.574	  1.33	 5.78	0.0393	0.0235	0.0071	0.0566	0.0197	0.0096	0.0078	0.0023	0.0642		0.0066	0.0015		0.0186		0.0819	0.0395	0.1214	0.0271	0.0000		0.0533	0.1550	0.2083	0.0116		15.7630	7.6800	25.0000	2344.6210	
PIRATA-FR35	st013c01	B	2025-03-08T02:15:30z	 -10.002	 -3.000		 100.0	 7	35.5708	2.154	 96.21	 0.05	 21.714	21.664	  1.40	 6.33	0.0255	0.0154	0.0064	0.0356	0.0142	0.0060	0.0042	0.0018	0.0422		0.0044	0.0024		0.0082		0.0726	0.0154	0.0880	0.0194	0.0000		0.0355	0.0945	0.1300	0.0072		15.2810				
PIRATA-FR35	st013c01	B	2025-03-08T02:15:30z	 -10.002	 -3.000		 150.0	 6	35.4549	1.969	 87.95	 0.04	 23.794	23.757	  1.51	 7.36																											14.3420	7.6310	25.0000	2335.9160	
PIRATA-FR35	st013c01	B	2025-03-08T02:15:30z	 -10.002	 -3.000		 201.0	 5	35.2798	2.185	 97.58	 0.03	 24.670	24.638	  1.56	 8.26																											13.0280	7.6230	25.0000	2328.6520	
PIRATA-FR35	st013c01	B	2025-03-08T02:15:30z	 -10.002	 -3.000		 301.0	 4	35.0436	2.028	 90.57	 0.03	 29.100	29.069	  1.82	10.58																											11.1390	7.5620	25.0000	2316.2800	
PIRATA-FR35	st013c01	B	2025-03-08T02:15:30z	 -10.002	 -3.000		 401.0	 3																																			9.5690				
PIRATA-FR35	st013c01	B	2025-03-08T02:15:30z	 -10.002	 -3.000		 500.0	 2	34.6799	2.043	 91.22	 0.02	 36.110	36.089	  2.29	17.45																											7.6760	7.4870	25.0000	2303.1430	
PIRATA-FR35	st013c01	B	2025-03-08T02:15:30z	 -10.002	 -3.000		 500.0	 1	34.6801	2.025	 90.42	 0.03	 36.106	36.074	  2.31	17.69																											7.6870	7.4880	25.0000	2302.2260	
PIRATA-FR35	st014c01	B	2025-03-08T06:09:32z	 -10.005	 -3.499		   2.0	14																																			28.2140				
PIRATA-FR35	st014c01	B	2025-03-08T06:09:32z	 -10.005	 -3.499		   2.0	13	35.7764	4.514	201.62																																28.2110	8.0410	25.0000	2356.5780	
PIRATA-FR35	st014c01	B	2025-03-08T06:09:32z	 -10.005	 -3.499		  20.0	12	35.7862	4.527	202.16																																28.2050	8.0420	25.0000	2354.9650	
PIRATA-FR35	st014c01	B	2025-03-08T06:09:32z	 -10.005	 -3.499		  39.0	11																																			22.6000				
PIRATA-FR35	st014c01	B	2025-03-08T06:09:32z	 -10.005	 -3.499		  39.0	10	35.9925	4.210	188.02																																22.6100	7.9270	25.0000	2374.8490	
PIRATA-FR35	st014c01	B	2025-03-08T06:09:32z	 -10.005	 -3.499		  60.0	 9	35.7032	2.856	127.55																																16.9650	7.7500	25.0000	2354.1210	
PIRATA-FR35	st014c01	B	2025-03-08T06:09:32z	 -10.005	 -3.499		  80.0	 8	35.5361	2.633	117.60																																15.1180				
PIRATA-FR35	st014c01	B	2025-03-08T06:09:32z	 -10.005	 -3.499		 100.0	 7	35.4831	2.256	100.76																																14.5860	7.7010	25.0000	2342.4440	
PIRATA-FR35	st014c01	B	2025-03-08T06:09:32z	 -10.005	 -3.499		 150.0	 6	35.3612	2.235	 99.82																																13.6520	7.6380	25.0000	2333.6570	
PIRATA-FR35	st014c01	B	2025-03-08T06:09:32z	 -10.005	 -3.499		 201.0	 5	35.2841	2.215	 98.91																																13.1110	7.6660	25.0000	2327.0550	
PIRATA-FR35	st014c01	B	2025-03-08T06:09:32z	 -10.005	 -3.499		 298.0	 4	35.0684	2.011	 89.82																																11.3140	7.5690	25.0000	2312.4550	
PIRATA-FR35	st014c01	B	2025-03-08T06:09:32z	 -10.005	 -3.499		 401.0	 3																																			9.3240				
PIRATA-FR35	st014c01	B	2025-03-08T06:09:32z	 -10.005	 -3.499		 401.0	 2	34.8466	1.487	 66.42																																9.3230	7.4840	25.0000	2308.3280	
PIRATA-FR35	st014c01	B	2025-03-08T06:09:32z	 -10.005	 -3.499		 499.0	 1	34.6717	2.066	 92.29																																7.5870	7.4890	25.0000	2301.0390	
PIRATA-FR35	st015c01	B	2025-03-08T10:10:55z	 -10.002	 -3.998		   3.0	14									0.0086	0.0091	0.0041	0.0069	0.0072			0.0028	0.0228	0.0052	0.0142	0.0017	0.0041	0.0958		0.0076	0.0074	0.0150	0.0177	0.0000		0.0714	0.0753	0.1467	0.0083		28.4060				
PIRATA-FR35	st015c01	B	2025-03-08T10:10:55z	 -10.002	 -3.998		   3.0	13	35.8273	4.529	202.25	 0.02	  0.051	0.035	  0.05	 0.92																											28.3960	8.0450	25.0000	2355.9240	
PIRATA-FR35	st015c01	B	2025-03-08T10:10:55z	 -10.002	 -3.998		  23.0	12	36.1228	4.826	215.52	 0.03	  0.071	0.046	  0.12	 1.11	0.0147	0.0175	0.0082	0.0141	0.0093				0.0508	0.0058	0.0158	0.0020	0.0028	0.1082		0.0138	0.0130	0.0268	0.0209	0.0000		0.1020	0.1096	0.2116	0.0088		26.6780	8.0220	25.0000	2380.8470	
PIRATA-FR35	st015c01	B	2025-03-08T10:10:55z	 -10.002	 -3.998		  43.0	11	35.8996	3.575	159.64	 0.24	  8.930	8.692	  0.71	 2.89	0.0738	0.0560	0.0123	0.0886	0.0221	0.0142	0.0069	0.0058	0.1581	0.0036	0.0134	0.0033	0.0025	0.0360	0.0034	0.0252	0.0892	0.1144	0.0216	0.0000		0.0647	0.2899	0.3546	0.0102		20.3050	7.8540	25.0000	2364.3010	
PIRATA-FR35	st015c01	B	2025-03-08T10:10:55z	 -10.002	 -3.998		  62.0	10	35.5999	2.996	133.79	 0.24	 14.344	14.106	  0.99	 3.93	0.0789	0.0495	0.0069	0.1033	0.0271	0.0095	0.0074	0.0033	0.1233		0.0108			0.0261		0.0491	0.0503	0.0994	0.0184	0.0000		0.0441	0.2672	0.3113	0.0108		17.5750	7.7760	25.0000	2359.5210	
PIRATA-FR35	st015c01	B	2025-03-08T10:10:55z	 -10.002	 -3.998		  82.0	 9	35.8392	2.963	132.34	 0.09	 16.961	16.870	  1.15	 5.09	0.0610	0.0361	0.0061	0.0747	0.0210	0.0052	0.0036	0.0021	0.0827		0.0082	0.0030		0.0196		0.0707	0.0201	0.0908	0.0195	0.0000		0.0454	0.1856	0.2310	0.0102		15.3270				
PIRATA-FR35	st015c01	B	2025-03-08T10:10:55z	 -10.002	 -3.998		 100.0	 8	35.4440	2.754	123.01	 0.06	 19.800	19.739	  1.29	 6.26	0.0388	0.0236	0.0056	0.0418	0.0145	0.0050	0.0030	0.0018	0.0458		0.0054	0.0033		0.0112		0.0731	0.0166	0.0897	0.0169	0.0000		0.0378	0.1073	0.1451	0.0101		14.2360	7.6940	25.0000	2337.3820	
PIRATA-FR35	st015c01	B	2025-03-08T10:10:55z	 -10.002	 -3.998		 150.0	 7	35.2948	2.432	108.60	 0.03	 23.140	23.111	  1.48	 7.61																											13.1550	7.6450	25.0000	2327.4690	
PIRATA-FR35	st015c01	B	2025-03-08T10:10:55z	 -10.002	 -3.998		 201.0	 6	35.2090	2.478	110.67	 0.03	 24.229	24.198	  1.54	 8.26																											12.5160	7.6290	25.0000	2323.0870	
PIRATA-FR35	st015c01	B	2025-03-08T10:10:55z	 -10.002	 -3.998		 300.0	 5	35.0560	2.159	 96.42	 0.03	 28.024	27.998	  1.75	10.21																											11.2320	7.5760	25.0000	2314.2660	
PIRATA-FR35	st015c01	B	2025-03-08T10:10:55z	 -10.002	 -3.998		 300.0	 4	35.0523	2.156	 96.27	 0.03	 28.005	27.979	  1.77	10.34																											11.2400	7.5740	25.0000	2314.7510	
PIRATA-FR35	st015c01	B	2025-03-08T10:10:55z	 -10.002	 -3.998		 300.0	 3																																			11.2430				
PIRATA-FR35	st015c01	B	2025-03-08T10:10:55z	 -10.002	 -3.998		 401.0	 2	34.8430	1.676	 74.85	 0.03	 34.432	34.398	  2.15	14.39																											9.2410	7.4870	25.0000	2306.4650	
PIRATA-FR35	st015c01	B	2025-03-08T10:10:55z	 -10.002	 -3.998		 502.0	 1		2.276	101.66																																7.5800	7.6670	25.0000	2303.4230	
PIRATA-FR35	st016c01	B	2025-03-08T14:05:56z	 -10.003	 -4.500		   3.0	15																																			28.5210				
PIRATA-FR35	st016c01	B	2025-03-08T14:05:56z	 -10.003	 -4.500		   3.0	14	35.8591	4.506	201.26																																28.5230	8.0500	25.0000	2357.4560	
PIRATA-FR35	st016c01	B	2025-03-08T14:05:56z	 -10.003	 -4.500		  20.0	13	36.1578	3.438	153.53																																28.4010	8.0470	25.0000	2363.6580	
PIRATA-FR35	st016c01	B	2025-03-08T14:05:56z	 -10.003	 -4.500		  40.0	12	35.9435	4.564	203.84																																25.7020	8.0080	25.0000	2380.5280	
PIRATA-FR35	st016c01	B	2025-03-08T14:05:56z	 -10.003	 -4.500		  60.0	11																																			20.3910				
PIRATA-FR35	st016c01	B	2025-03-08T14:05:56z	 -10.003	 -4.500		  60.0	10	35.9409	4.769	212.98																																20.3830	7.8570	25.0000	2365.4050	
PIRATA-FR35	st016c01	B	2025-03-08T14:05:56z	 -10.003	 -4.500		  80.0	 9	35.8034	2.930	130.84																																16.9820				
PIRATA-FR35	st016c01	B	2025-03-08T14:05:56z	 -10.003	 -4.500		 100.0	 8	35.5451	2.949	131.72																																15.0020	7.7280	25.0000	2342.0240	
PIRATA-FR35	st016c01	B	2025-03-08T14:05:56z	 -10.003	 -4.500		 151.0	 7	35.2415	2.678	119.60																																12.7710	7.6570	25.0000	2327.1030	
PIRATA-FR35	st016c01	B	2025-03-08T14:05:56z	 -10.003	 -4.500		 201.0	 6	35.1598	2.335	104.27																																12.1010	7.6110	25.0000	2321.5460	
PIRATA-FR35	st016c01	B	2025-03-08T14:05:56z	 -10.003	 -4.500		 201.0	 5	35.1582	2.322	103.70																																12.1020	7.6140	25.0000	2323.0370	
PIRATA-FR35	st016c01	B	2025-03-08T14:05:56z	 -10.003	 -4.500		 301.0	 4	35.0090	2.043	 91.23																																10.8390	7.5580	25.0000	2313.0020	
PIRATA-FR35	st016c01	B	2025-03-08T14:05:56z	 -10.003	 -4.500		 301.0	 3																																			10.8380				
PIRATA-FR35	st016c01	B	2025-03-08T14:05:56z	 -10.003	 -4.500		 400.0	 2	34.8482	1.945	 86.87																																9.4110	7.5180	25.0000	2308.7440	
PIRATA-FR35	st016c01	B	2025-03-08T14:05:56z	 -10.003	 -4.500		 500.0	 1	34.7030	1.898	 84.75																																7.9000	7.4830	25.0000	2303.9270	
PIRATA-FR35	st017c01	B	2025-03-08T17:57:13z	 -10.001	 -5.000		   2.0	13	35.9297	4.489	200.48	 0.02	  0.043	0.024	  0.06	 0.88	0.0069	0.0113	0.0047	0.0066	0.0054			0.0017	0.0154	0.0033	0.0073		0.0032	0.0822		0.0043	0.0058	0.0101	0.0093	0.0000		0.0351	0.0395	0.0746	0.0083		28.5790	8.0530	25.0000	2366.2820	
PIRATA-FR35	st017c01	B	2025-03-08T17:57:13z	 -10.001	 -5.000		  20.0	12	35.9431	4.483	200.23	 0.02	  0.040	0.021	  0.08	 0.84	0.0073	0.0119	0.0044	0.0073	0.0056			0.0017	0.0183	0.0031	0.0070		0.0029	0.0921		0.0045	0.0057	0.0102	0.0108	0.0000		0.0375	0.0430	0.0805			28.3870	8.0420	25.0000	2366.7190	
PIRATA-FR35	st017c01	B	2025-03-08T17:57:13z	 -10.001	 -5.000		  40.0	11	36.2203	4.525	202.10	 0.01	  0.033	0.023	  0.08	 0.78	0.0107	0.0159	0.0058	0.0106	0.0063			0.0025	0.0353	0.0036	0.0077	0.0010		0.1013		0.0091	0.0093	0.0184	0.0154	0.0000		0.0598	0.0670	0.1268			28.0220			2386.7230	
PIRATA-FR35	st017c01	B	2025-03-08T17:57:13z	 -10.001	 -5.000		  60.0	10	36.0833	4.247	189.67	 0.13	  3.084	2.951	  0.35	 1.80	0.0561	0.0650	0.0152	0.0723	0.0167	0.0227	0.0036	0.0102	0.1552	0.0035	0.0123	0.0049		0.2022	0.0079	0.0587	0.2296	0.2883	0.0653	0.0000		0.2569	0.3289	0.5858	0.0224		22.2500	7.9450	25.0000	2375.2860	
PIRATA-FR35	st017c01	B	2025-03-08T17:57:13z	 -10.001	 -5.000		  80.0	 9	35.9170	3.239	144.66	 0.47	 11.190	10.723	  0.81	 3.16	0.0581	0.0497	0.0083	0.0763	0.0172	0.0250	0.0077	0.0073	0.1217	0.0036	0.0089	0.0027		0.0752		0.1604	0.1227	0.2831	0.0495	0.0000		0.1556	0.2557	0.4113	0.0227		19.8500				
PIRATA-FR35	st017c01	B	2025-03-08T17:57:13z	 -10.001	 -5.000		 100.0	 8	35.8363	2.858	127.63	 0.18	 14.935	14.754	  1.02	 4.11	0.0446	0.0330	0.0056	0.0679	0.0162	0.0096	0.0067	0.0033	0.0645		0.0071	0.0025		0.0256		0.1414	0.0378	0.1792	0.0325	0.0000		0.0750	0.1641	0.2391	0.0202		17.6620	7.8320	25.0000	2362.8550	
PIRATA-FR35	st017c01	B	2025-03-08T17:57:13z	 -10.001	 -5.000		 149.0	 7	35.2033	3.005	134.22	 0.03	 20.840	20.809	  1.36	 7.16																											12.5820	7.6760	25.0000	2319.3480	
PIRATA-FR35	st017c01	B	2025-03-08T17:57:13z	 -10.001	 -5.000		 149.0	 6	35.1999	3.001	134.02	 0.03	 20.919	20.893	  1.37	 7.22																											12.5900	7.6750	25.0000	2325.1620	
PIRATA-FR35	st017c01	B	2025-03-08T17:57:13z	 -10.001	 -5.000		 201.0	 5	35.0938	2.308	103.09	 0.02	 26.503	26.482	  1.68	10.06																											11.5790	7.5990	25.0000	2315.6470	
PIRATA-FR35	st017c01	B	2025-03-08T17:57:13z	 -10.001	 -5.000		 300.0	 4	34.9224	1.852	 82.71	 0.02	 31.712	31.690	  1.98	13.14																											10.0510	7.5260	25.0000	2308.6560	
PIRATA-FR35	st017c01	B	2025-03-08T17:57:13z	 -10.001	 -5.000		 300.0	 3																																			10.0530				
PIRATA-FR35	st017c01	B	2025-03-08T17:57:13z	 -10.001	 -5.000		 401.0	 2	34.7489	1.915	 85.54	 0.03	 34.918	34.891	  2.20	16.82																											8.4250	7.4920	25.0000	2302.8190	
PIRATA-FR35	st017c01	B	2025-03-08T17:57:13z	 -10.001	 -5.000		 501.0	 1	34.6431	2.236	 99.86	 0.03	 35.758	35.727	  2.30	19.27																											7.3460	7.4970	25.0000	2301.3190	
PIRATA-FR35	st018c01	B	2025-03-08T21:42:33z	 -10.001	 -5.505		   3.0	15																																			27.9630				
PIRATA-FR35	st018c01	B	2025-03-08T21:42:33z	 -10.001	 -5.505		   3.0	14	36.2716	4.527	202.19																																27.9620	8.0370	25.0000	2383.3480	
PIRATA-FR35	st018c01	B	2025-03-08T21:42:33z	 -10.001	 -5.505		  23.0	13	36.2711	4.533	202.46																																27.9700	8.0370	25.0000	2384.9570	
PIRATA-FR35	st018c01	B	2025-03-08T21:42:33z	 -10.001	 -5.505		  43.0	12	36.2647	4.546	203.02																																27.9030	8.0360	25.0000	2385.6500	
PIRATA-FR35	st018c01	B	2025-03-08T21:42:33z	 -10.001	 -5.505		  62.0	11																																			24.5080				
PIRATA-FR35	st018c01	B	2025-03-08T21:42:33z	 -10.001	 -5.505		  62.0	10	36.1360	4.611	205.91																																24.4370	7.9870	25.0000	2374.5750	
PIRATA-FR35	st018c01	B	2025-03-08T21:42:33z	 -10.001	 -5.505		  81.0	 9	36.0421	3.664	163.64																																21.6570				
PIRATA-FR35	st018c01	B	2025-03-08T21:42:33z	 -10.001	 -5.505		 101.0	 8	35.8075	2.880	128.64																																17.5630	7.7670	25.0000	2362.9230	
PIRATA-FR35	st018c01	B	2025-03-08T21:42:33z	 -10.001	 -5.505		 101.0	 7	35.8045	2.870	128.19																																17.5460				
PIRATA-FR35	st018c01	B	2025-03-08T21:42:33z	 -10.001	 -5.505		 150.0	 6	35.2309	2.870	128.16																																12.7110	7.6660	25.0000	2328.7930	
PIRATA-FR35	st018c01	B	2025-03-08T21:42:33z	 -10.001	 -5.505		 201.0	 5	35.0549	2.477	110.63																																11.2780	7.6050	25.0000	2318.3260	
PIRATA-FR35	st018c01	B	2025-03-08T21:42:33z	 -10.001	 -5.505		 302.0	 4	34.9081	2.058	 91.93																																9.9770	7.5410	25.0000	2310.5270	
PIRATA-FR35	st018c01	B	2025-03-08T21:42:33z	 -10.001	 -5.505		 301.0	 3																																			9.9790				
PIRATA-FR35	st018c01	B	2025-03-08T21:42:33z	 -10.001	 -5.505		 400.0	 2	34.7683	1.890	 84.41																																8.6120	7.4950	25.0000	2305.4430	
PIRATA-FR35	st018c01	B	2025-03-08T21:42:33z	 -10.001	 -5.505		 499.0	 1	34.6274	2.265	101.14																																7.1290	7.4940	25.0000	2300.7900	
PIRATA-FR35	st019c01	B	2025-03-09T02:36:38z	 -10.016	 -6.022		   2.0	19	36.2799	4.525	202.08	 0.01	  0.051	0.037	  0.09	 0.86	0.0088	0.0134	0.0067	0.0068	0.0050			0.0024	0.0236	0.0054	0.0058			0.0512		0.0080	0.0104	0.0184	0.0094	0.0000		0.0288	0.0541	0.0829			27.9610	8.0400	25.0000	2382.3400	
PIRATA-FR35	st019c01	B	2025-03-09T02:36:38z	 -10.016	 -6.022		  19.0	18	36.1990	4.522	201.96	 0.03	  0.051	0.025	  0.09	 0.83	0.0086	0.0135	0.0058	0.0069	0.0050			0.0024	0.0244	0.0054	0.0058			0.0555		0.0070	0.0116	0.0186	0.0098	0.0000		0.0314	0.0554	0.0868			27.9600	8.0430	25.0000	2380.7190	
PIRATA-FR35	st019c01	B	2025-03-09T02:36:38z	 -10.016	 -6.022		  40.0	17	36.1573	4.724	210.96	 0.02	  0.049	0.027	  0.10	 0.92	0.0142	0.0192	0.0070	0.0115	0.0062	0.0038		0.0026	0.0473	0.0063	0.0076			0.0702	0.0021	0.0122	0.0153	0.0275	0.0152	0.0000		0.0630	0.0889	0.1519			26.7640	8.0290	25.0000	2377.9490	
PIRATA-FR35	st019c01	B	2025-03-09T02:36:38z	 -10.016	 -6.022		  60.0	16	36.0756	4.701	209.94	 0.02	  0.048	0.025	  0.15	 1.14	0.0267	0.0302	0.0078	0.0284	0.0081	0.0068	0.0039	0.0039	0.0791	0.0057	0.0080	0.0015	0.0019	0.0986	0.0043	0.0230	0.0597	0.0827	0.0290	0.0000		0.1340	0.1510	0.2850	0.0125		24.9040	7.9990	25.0000	2371.4530	
PIRATA-FR35	st019c01	B	2025-03-09T02:36:38z	 -10.016	 -6.022		  80.0	15	36.0752	3.990	178.19	 0.27	  4.072	3.804	  0.43	 1.93	0.0592	0.0486	0.0100	0.0783	0.0158	0.0298	0.0060	0.0080	0.1252	0.0036	0.0102	0.0029		0.0693	0.0033	0.1074	0.1438	0.2512	0.0449	0.0000		0.1539	0.2765	0.4304	0.0150		22.5490				
PIRATA-FR35	st019c01	B	2025-03-09T02:36:38z	 -10.016	 -6.022		 100.0	14	35.9465	4.061	181.38	 0.23	 12.443	12.217	  0.88	 3.41	0.0408	0.0308	0.0047	0.0607	0.0147	0.0129	0.0061	0.0032	0.0621	0.0020	0.0072	0.0025	0.0022	0.0238	0.0019	0.1144	0.0515	0.1659	0.0295	0.0000		0.0752	0.1577	0.2329	0.0139		19.1180	7.8170	25.0000	2356.1590	
PIRATA-FR35	st019c01	B	2025-03-09T02:36:38z	 -10.016	 -6.022		 200.0	13	34.9741	3.185	142.24	 0.03	 26.229	26.201	  1.69	10.62																											10.6560	7.6090	25.0000	2305.1550	
PIRATA-FR35	st019c01	B	2025-03-09T02:36:38z	 -10.016	 -6.022		 300.0	12	34.8718	2.646	118.16	 0.02	 32.452	32.433	  2.03	13.74																											9.6040	7.5190	25.0000	2312.3410	
PIRATA-FR35	st019c01	B	2025-03-09T02:36:38z	 -10.016	 -6.022		 400.0	11	34.7383	1.912	 85.38	 0.03	 35.184	35.156	  2.23	16.63																											8.3230				
PIRATA-FR35	st019c01	B	2025-03-09T02:36:38z	 -10.016	 -6.022		 500.0	10	34.6317	1.874	 83.67	 0.02	 35.934	35.912	  2.31	19.48																											7.2160	7.4970	25.0000	2303.5420	
PIRATA-FR35	st019c01	B	2025-03-09T02:36:38z	 -10.016	 -6.022		 800.0	 9	34.5012	2.270	101.39	 0.02	 36.702	36.678	  2.46	28.38																											5.0220	7.5170	25.0000	2306.6070	
PIRATA-FR35	st019c01	B	2025-03-09T02:36:38z	 -10.016	 -6.022		 800.0	 8	34.5023	2.945	131.53	 0.02	 36.720	36.700	  2.46	28.58																											5.0160	7.5160	25.0000	2306.7130	
PIRATA-FR35	st019c01	B	2025-03-09T02:36:38z	 -10.016	 -6.022		1001.0	 7	34.5969	2.926	130.70	 0.03	 33.585	33.557	  2.29	30.96																											4.3240	7.5650	25.0000	2316.1540	
PIRATA-FR35	st019c01	B	2025-03-09T02:36:38z	 -10.016	 -6.022		1500.0	 6	34.9479	5.148	229.91	 0.02	 22.490	22.474	  1.50	19.51																											4.1350	7.6940	25.0000	2325.1780	
PIRATA-FR35	st019c01	B	2025-03-09T02:36:38z	 -10.016	 -6.022		2000.0	 5	34.9487	5.475	244.51	 0.02	 21.384	21.369	  1.42	22.94																											3.5880	7.7130	25.0000	2322.9160	
PIRATA-FR35	st019c01	B	2025-03-09T02:36:38z	 -10.016	 -6.022		2500.0	 4	34.9162	5.475	244.50	 0.02	 22.394	22.369	  1.50	33.88																											2.9370				
PIRATA-FR35	st019c01	B	2025-03-09T02:36:38z	 -10.016	 -6.022		2500.0	 3																																			2.9370				
PIRATA-FR35	st019c01	B	2025-03-09T02:36:38z	 -10.016	 -6.022		3001.0	 2	34.8924	5.438	242.88	 0.01	 23.235	23.223	  1.56	42.51																											2.5410	7.7110	25.0000	2346.5790	
PIRATA-FR35	st019c01	B	2025-03-09T02:36:38z	 -10.016	 -6.022		3402.0	 1	34.8877	5.423	242.19	 0.02	 23.444	23.428	  1.57	45.22																											2.4340	7.7110	25.0000	2349.6600	
PIRATA-FR35	st020c01	B	2025-03-09T19:12:36z	 -10.000	 -6.500		   2.0	15																																			28.1650				
PIRATA-FR35	st020c01	B	2025-03-09T19:12:36z	 -10.000	 -6.500		   2.0	14	36.2458	4.583	204.69																																28.1630	8.0460	25.0000	2378.5060	
PIRATA-FR35	st020c01	B	2025-03-09T19:12:36z	 -10.000	 -6.500		  20.0	13	36.2454	4.579	204.51																																28.1010	8.0450	25.0000	2377.2430	
PIRATA-FR35	st020c01	B	2025-03-09T19:12:36z	 -10.000	 -6.500		  40.0	12	36.2446	4.547	203.05																																28.0330	8.0440	25.0000	2375.6150	
PIRATA-FR35	st020c01	B	2025-03-09T19:12:36z	 -10.000	 -6.500		  60.0	11																																			24.6270				
PIRATA-FR35	st020c01	B	2025-03-09T19:12:36z	 -10.000	 -6.500		  60.0	10	36.2069	4.870	217.48																																24.5000	8.0110	25.0000	2377.4520	
PIRATA-FR35	st020c01	B	2025-03-09T19:12:36z	 -10.000	 -6.500		  60.0	 9	36.2073	4.899	218.80																																24.4960	8.0100	25.0000	2381.6840	
PIRATA-FR35	st020c01	B	2025-03-09T19:12:36z	 -10.000	 -6.500		  80.0	 8	36.0842	3.921	175.12																																21.8330				
PIRATA-FR35	st020c01	B	2025-03-09T19:12:36z	 -10.000	 -6.500		 100.0	 7	35.7831	2.715	121.24																																17.4940	7.7500	25.0000	2346.1550	
PIRATA-FR35	st020c01	B	2025-03-09T19:12:36z	 -10.000	 -6.500		 150.0	 6	35.2524	2.285	102.05																																12.7190	7.6170	25.0000	2325.1310	
PIRATA-FR35	st020c01	B	2025-03-09T19:12:36z	 -10.000	 -6.500		 200.0	 5	35.0452	2.201	 98.29																																11.1030	7.5770	25.0000	2317.8380	
PIRATA-FR35	st020c01	B	2025-03-09T19:12:36z	 -10.000	 -6.500		 300.0	 4	34.8752	2.034	 90.85																																9.6500	7.5270	25.0000	2311.0570	
PIRATA-FR35	st020c01	B	2025-03-09T19:12:36z	 -10.000	 -6.500		 300.0	 3																																			9.6330				
PIRATA-FR35	st020c01	B	2025-03-09T19:12:36z	 -10.000	 -6.500		 401.0	 2	34.7593	1.912	 85.38																																8.5060	7.4950	25.0000	2306.7590	
PIRATA-FR35	st020c01	B	2025-03-09T19:12:36z	 -10.000	 -6.500		 500.0	 1	34.6282	2.248	100.39																																7.0940	7.4930	25.0000	2302.7830	
PIRATA-FR35	st021c01	B	2025-03-09T23:32:13z	 -10.001	 -6.997		   3.0	13	36.2402	4.519	201.83	 0.01	  0.107	0.098	  0.09	 0.81	0.0074	0.0088	0.0054	0.0073	0.0052			0.0026	0.0188	0.0033	0.0059			0.0584		0.0077	0.0099	0.0176	0.0083	0.0000		0.0320	0.0415	0.0735			28.1620	8.0440	25.0000	2382.1440	
PIRATA-FR35	st021c01	B	2025-03-09T23:32:13z	 -10.001	 -6.997		  20.0	12	36.2366	4.520	201.87	 0.02	  0.048	0.031	  0.08	 0.77	0.0070	0.0084	0.0050	0.0070	0.0052			0.0026	0.0169	0.0035	0.0060			0.0714		0.0087	0.0096	0.0183	0.0093	0.0000		0.0392	0.0366	0.0758			28.1660	8.0440	25.0000	2382.7890	
PIRATA-FR35	st021c01	B	2025-03-09T23:32:13z	 -10.001	 -6.997		  40.0	11	36.2396	4.565	203.86	 0.02	  0.072	0.053	  0.12	 0.82																											28.1640	8.0440	25.0000	2382.4450	
PIRATA-FR35	st021c01	B	2025-03-09T23:32:13z	 -10.001	 -6.997		  40.0	10	36.2393	4.518	201.75	 0.01	  0.054	0.044	  0.11	 0.75	0.0072	0.0086	0.0054	0.0072	0.0053			0.0026	0.0178	0.0035	0.0059			0.0662		0.0075	0.0098	0.0173	0.0090	0.0000		0.0371	0.0407	0.0778	0.0094		28.1700	8.0440	25.0000	2381.6310	
PIRATA-FR35	st021c01	B	2025-03-09T23:32:13z	 -10.001	 -6.997		  59.0	 9	36.2074	4.884	218.12	 0.01	  0.079	0.065	  0.15	 1.12	0.0310	0.0319	0.0113	0.0359	0.0101	0.0088		0.0049	0.0953	0.0043	0.0106	0.0020		0.1213	0.0045	0.0238	0.0626	0.0864	0.0326	0.0000		0.1484	0.1846	0.3330	0.0120		24.3530	8.0070	25.0000	2383.1280	
PIRATA-FR35	st021c01	B	2025-03-09T23:32:13z	 -10.001	 -6.997		  80.0	 8	36.1221	4.098	183.01	 0.16	  5.303	5.143	  0.48	 2.06	0.0538	0.0438	0.0098	0.0789	0.0163	0.0299	0.0060	0.0092	0.1059	0.0044	0.0107	0.0051		0.0677	0.0048	0.0837	0.1574	0.2411	0.0397	0.0000		0.1304	0.2650	0.3954	0.0153		21.1220				
PIRATA-FR35	st021c01	B	2025-03-09T23:32:13z	 -10.001	 -6.997		 101.0	 7	36.0639	3.588	160.25	 0.37	  9.716	9.348	  0.73	 2.87	0.0435	0.0329	0.0065	0.0688	0.0151	0.0184	0.0061	0.0052	0.0668	0.0042	0.0077	0.0036	0.0018	0.0382	0.0017	0.1098	0.0755	0.1853	0.0329	0.0000		0.0982	0.1841	0.2823	0.0143		19.3910	7.8580	25.0000	2371.5530	
PIRATA-FR35	st021c01	B	2025-03-09T23:32:13z	 -10.001	 -6.997		 150.0	 6	35.3285	2.158	 96.39	 0.02	 24.201	24.176	  1.56	 7.89																											13.3730	7.6220	25.0000	2329.7940	
PIRATA-FR35	st021c01	B	2025-03-09T23:32:13z	 -10.001	 -6.997		 200.0	 5	35.1560	2.109	 94.19	 0.02	 26.913	26.895	  1.72	 9.51																											11.9260	7.5900	25.0000	2323.9520	
PIRATA-FR35	st021c01	B	2025-03-09T23:32:13z	 -10.001	 -6.997		 301.0	 4	34.9094	1.796	 80.22	 0.02	 32.327	32.302	  2.05	13.30																											9.9140	7.5140	25.0000	2310.9190	
PIRATA-FR35	st021c01	B	2025-03-09T23:32:13z	 -10.001	 -6.997		 301.0	 3																																			9.9080				
PIRATA-FR35	st021c01	B	2025-03-09T23:32:13z	 -10.001	 -6.997		 400.0	 2	34.7517	1.493	 66.67	 0.02	 36.959	36.935	  2.33	17.09																											8.3800	7.4590	25.0000	2305.3490	
PIRATA-FR35	st021c01	B	2025-03-09T23:32:13z	 -10.001	 -6.997		 500.0	 1	34.6247	2.220	 99.12	 0.02	 36.426	36.409	  2.37	19.76																											7.0710	7.4890	25.0000	2302.8450	
PIRATA-FR35	st022c01	B	2025-03-10T03:49:37z	 -10.000	 -7.499		   4.0	15																																			28.1940				
PIRATA-FR35	st022c01	B	2025-03-10T03:49:37z	 -10.000	 -7.499		   4.0	14	36.2610	4.507	201.28																																28.1940	8.0430	25.0000	2383.0220	
PIRATA-FR35	st022c01	B	2025-03-10T03:49:37z	 -10.000	 -7.499		  20.0	13	36.2465	4.510	201.40																																28.1990	8.0420	25.0000	2384.8080	
PIRATA-FR35	st022c01	B	2025-03-10T03:49:37z	 -10.000	 -7.499		  41.0	12	36.2617	4.674	208.76																																28.1830	8.0410	25.0000	2383.2870	
PIRATA-FR35	st022c01	B	2025-03-10T03:49:37z	 -10.000	 -7.499		  41.0	11	36.2523	4.369	195.12																																28.1730	8.0420	25.0000	2383.9630	
PIRATA-FR35	st022c01	B	2025-03-10T03:49:37z	 -10.000	 -7.499		  70.0	10																																			23.7240				
PIRATA-FR35	st022c01	B	2025-03-10T03:49:37z	 -10.000	 -7.499		  70.0	 9	36.1711	4.792	214.01																																23.5100	7.9910	25.0000	2382.8990	
PIRATA-FR35	st022c01	B	2025-03-10T03:49:37z	 -10.000	 -7.499		  80.0	 8	36.2131	4.230	188.91																																21.3400				
PIRATA-FR35	st022c01	B	2025-03-10T03:49:37z	 -10.000	 -7.499		 101.0	 7	35.8898	3.010	134.41																																17.7550	7.7830	25.0000	2362.6960	
PIRATA-FR35	st022c01	B	2025-03-10T03:49:37z	 -10.000	 -7.499		 151.0	 6	35.1832	2.070	 92.43																																12.1300	7.5930	25.0000	2321.5570	
PIRATA-FR35	st022c01	B	2025-03-10T03:49:37z	 -10.000	 -7.499		 201.0	 5	35.0421	1.987	 88.73																																11.0470	7.5610	25.0000	2313.5980	
PIRATA-FR35	st022c01	B	2025-03-10T03:49:37z	 -10.000	 -7.499		 301.0	 4	34.8884	1.712	 76.44																																9.7260	7.5080	25.0000	2306.9670	
PIRATA-FR35	st022c01	B	2025-03-10T03:49:37z	 -10.000	 -7.499		 301.0	 3																																			9.7310				
PIRATA-FR35	st022c01	B	2025-03-10T03:49:37z	 -10.000	 -7.499		 401.0	 2	34.8045	1.580	 70.58																																8.9400	7.4780	25.0000	2305.1170	
PIRATA-FR35	st022c01	B	2025-03-10T03:49:37z	 -10.000	 -7.499		 501.0	 1	34.6594	2.138	 95.47																																7.5080	7.4930	25.0000	2300.9490	
PIRATA-FR35	st023c01	B	2025-03-10T07:54:02z	 -10.000	 -8.000		   3.0	13	36.2517	4.527	202.20	 0.00	  0.062	0.061	  0.08	 0.89																											28.1120	8.0440	25.0000	2381.0660	
PIRATA-FR35	st023c01	B	2025-03-10T07:54:02z	 -10.000	 -8.000		   3.0	12	36.2515	4.527	202.16	 0.00	  0.058	0.057	  0.08	 0.90	0.0129	0.0125	0.0060	0.0087	0.0070	0.0025		0.0032	0.0262	0.0058	0.0086	0.0018		0.0906		0.0080	0.0117	0.0197	0.0141	0.0000		0.0552	0.0672	0.1224	0.0050		28.1130	8.0440	25.0000	2380.6250	
PIRATA-FR35	st023c01	B	2025-03-10T07:54:02z	 -10.000	 -8.000		  20.0	11	36.2482	4.523	201.99	 0.01	  0.063	0.055	  0.07	 0.86	0.0123	0.0121	0.0061	0.0080	0.0063			0.0035	0.0233	0.0057	0.0071			0.0795		0.0071	0.0097	0.0168	0.0133	0.0000		0.0489	0.0614	0.1103	0.0048		28.1170	8.0450	25.0000	2380.2860	
PIRATA-FR35	st023c01	B	2025-03-10T07:54:02z	 -10.000	 -8.000		  40.0	10	36.2545	4.540	202.74	 0.01	  0.059	0.054	  0.08	 0.86	0.0131	0.0132	0.0066	0.0087	0.0068			0.0033	0.0267	0.0089	0.0065			0.0826		0.0062	0.0095	0.0157	0.0139	0.0000		0.0501	0.0636	0.1137	0.0078		28.1070	8.0440	25.0000	2382.9330	
PIRATA-FR35	st023c01	B	2025-03-10T07:54:02z	 -10.000	 -8.000		  60.0	 9	36.2254	4.945	220.85	 0.01	  0.069	0.064	  0.15	 1.31	0.0312	0.0320	0.0129	0.0289	0.0102	0.0076		0.0040	0.0774	0.0088	0.0101	0.0032	0.0055	0.1206	0.0034	0.0203	0.0533	0.0736	0.0303	0.0000		0.1385	0.1737	0.3122	0.0090		24.5290	8.0090	25.0000	2384.0860	
PIRATA-FR35	st023c01	B	2025-03-10T07:54:02z	 -10.000	 -8.000		  80.0	 8	36.3470	4.676	208.81	 0.03	  0.543	0.511	  0.22	 1.50	0.0732	0.0617	0.0172	0.0847	0.0166	0.0356	0.0054	0.0098	0.1547	0.0043	0.0129	0.0056	0.0022	0.0980	0.0052	0.1011	0.1955	0.2966	0.0569	0.0000		0.2035	0.3481	0.5516	0.0153		22.0560				
PIRATA-FR35	st023c01	B	2025-03-10T07:54:02z	 -10.000	 -8.000		  99.0	 7	35.9684	3.217	143.69	 0.42	 12.747	12.324	  0.91	 3.84	0.0504	0.0336	0.0060	0.0717	0.0164	0.0235	0.0069	0.0061	0.0596	0.0033	0.0073	0.0034		0.0318	0.0027	0.1183	0.0834	0.2017	0.0329	0.0000		0.0901	0.1874	0.2775	0.0129		18.7040	7.8080	25.0000	2374.5050	
PIRATA-FR35	st023c01	B	2025-03-10T07:54:02z	 -10.000	 -8.000		 150.0	 6	35.2274	2.164	 96.63	 0.02	 25.672	25.653	  1.65	 9.29																											12.4540	7.6060	25.0000	2328.8080	
PIRATA-FR35	st023c01	B	2025-03-10T07:54:02z	 -10.000	 -8.000		 200.0	 5	35.0553	2.059	 91.97	 0.02	 28.312	28.296	  1.82	11.29																											11.1500	7.5680	25.0000	2319.8730	
PIRATA-FR35	st023c01	B	2025-03-10T07:54:02z	 -10.000	 -8.000		 301.0	 4	34.9236	1.556	 69.48	 0.02	 32.926	32.901	  2.08	14.21																											10.0040	7.5000	25.0000	2313.5740	
PIRATA-FR35	st023c01	B	2025-03-10T07:54:02z	 -10.000	 -8.000		 301.0	 3																																			10.0030				
PIRATA-FR35	st023c01	B	2025-03-10T07:54:02z	 -10.000	 -8.000		 401.0	 2	34.7668	1.694	 75.67	 0.01	 35.547	35.532	  2.28	17.30																											8.5460	7.4780	25.0000	2308.5860	
PIRATA-FR35	st023c01	B	2025-03-10T07:54:02z	 -10.000	 -8.000		 501.0	 1	34.6569	2.174	 97.10	 0.03	 35.531	35.501	  2.30	19.58																											7.4980	7.4960	25.0000	2305.9670	
PIRATA-FR35	st024c01	B	2025-03-10T12:06:58z	  -9.999	 -8.498		   3.0	15																																			28.1770				
PIRATA-FR35	st024c01	B	2025-03-10T12:06:58z	  -9.999	 -8.498		   3.0	14	36.2416	4.528	202.22																																28.1790	8.0460	25.0000	2381.8980	
PIRATA-FR35	st024c01	B	2025-03-10T12:06:58z	  -9.999	 -8.498		  20.0	13	36.2413	4.555	203.44																																28.0750	8.0470	25.0000	2382.6370	
PIRATA-FR35	st024c01	B	2025-03-10T12:06:58z	  -9.999	 -8.498		  40.0	12	36.2567	5.181	231.39																																27.8790	8.0450	25.0000	2383.0490	
PIRATA-FR35	st024c01	B	2025-03-10T12:06:58z	  -9.999	 -8.498		  60.0	11																																			24.3300				
PIRATA-FR35	st024c01	B	2025-03-10T12:06:58z	  -9.999	 -8.498		  60.0	10	36.4017	4.464	199.36																																24.4320	8.0300	25.0000	2403.3820	
PIRATA-FR35	st024c01	B	2025-03-10T12:06:58z	  -9.999	 -8.498		  80.0	 9	36.2934	4.628	206.68																																21.3620				
PIRATA-FR35	st024c01	B	2025-03-10T12:06:58z	  -9.999	 -8.498		  97.0	 8	35.8439	2.923	130.52																																17.4910	7.7740	25.0000	2367.6890	
PIRATA-FR35	st024c01	B	2025-03-10T12:06:58z	  -9.999	 -8.498		 151.0	 7	35.1771	2.140	 95.56																																12.1430	7.6000	25.0000	2328.4850	
PIRATA-FR35	st024c01	B	2025-03-10T12:06:58z	  -9.999	 -8.498		 200.0	 6	35.0447	2.035	 90.87																																11.0790	7.5620	25.0000	2322.0550	
PIRATA-FR35	st024c01	B	2025-03-10T12:06:58z	  -9.999	 -8.498		 296.0	 5	34.8957	1.768	 78.97																																9.7880	7.5150	25.0000	2313.1670	
PIRATA-FR35	st024c01	B	2025-03-10T12:06:58z	  -9.999	 -8.498		 399.0	 4	34.7666	1.637	 73.12																																8.5510	7.4740	25.0000	2307.7570	
PIRATA-FR35	st024c01	B	2025-03-10T12:06:58z	  -9.999	 -8.498		 399.0	 3																																			8.5530				
PIRATA-FR35	st024c01	B	2025-03-10T12:06:58z	  -9.999	 -8.498		 501.0	 2	34.6579	1.886	 84.22																																7.4290	7.4700	25.0000	2306.8260	
PIRATA-FR35	st024c01	B	2025-03-10T12:06:58z	  -9.999	 -8.498		 501.0	 1	34.6616	1.878	 83.85																																7.4290	7.4710	25.0000	2305.1940	
PIRATA-FR35	st025c01	B	2025-03-10T16:16:07z	 -10.000	 -9.000		   3.0	13	36.2878	4.403	196.62	 0.02	  0.046	0.028	  0.06	 0.80	0.0119	0.0097	0.0044	0.0080	0.0063			0.0032	0.0187	0.0037	0.0095		0.0023	0.0702		0.0068	0.0105	0.0173	0.0092	0.0000		0.0381	0.0466	0.0847	0.0086		28.0670	8.0470	25.0000	2383.2490	
PIRATA-FR35	st025c01	B	2025-03-10T16:16:07z	 -10.000	 -9.000		  20.0	12	36.2816	4.509	201.37	 0.02	  0.047	0.029	  0.07	 0.81	0.0122	0.0105	0.0037	0.0075	0.0077				0.0208	0.0040	0.0077		0.0027	0.0749		0.0075	0.0110	0.0185	0.0105	0.0000		0.0368	0.0449	0.0817			27.9140	8.0460	25.0000	2382.7090	
PIRATA-FR35	st025c01	B	2025-03-10T16:16:07z	 -10.000	 -9.000		  40.0	11	36.2892	4.560	203.63	 0.02	  0.049	0.025	  0.07	 0.74	0.0132	0.0122	0.0047	0.0085	0.0080			0.0032	0.0276	0.0054	0.0063		0.0029	0.0866		0.0086	0.0126	0.0212	0.0125	0.0000		0.0476	0.0555	0.1031			27.7570			2383.8190	
PIRATA-FR35	st025c01	B	2025-03-10T16:16:07z	 -10.000	 -9.000		  60.0	10	36.3352	5.085	227.12	 0.02	  0.060	0.045	  0.10	 0.83	0.0204	0.0205	0.0066	0.0167	0.0100	0.0058		0.0042	0.0530	0.0060	0.0077		0.0031	0.1029		0.0181	0.0200	0.0381	0.0193	0.0000		0.0887	0.0992	0.1879	0.0092		24.6880	8.0280	25.0000	2389.2500	
PIRATA-FR35	st025c01	B	2025-03-10T16:16:07z	 -10.000	 -9.000		  80.0	 9	36.1937	4.061	181.35	 0.18	  4.695	4.515	  0.49	 2.21	0.0572	0.0466	0.0078	0.0806	0.0164	0.0177	0.0056	0.0061	0.1088	0.0060	0.0065	0.0022	0.0025	0.0462	0.0029	0.0672	0.0943	0.1615	0.0282	0.0000		0.0971	0.2192	0.3163	0.0107		20.6480				
PIRATA-FR35	st025c01	B	2025-03-10T16:16:07z	 -10.000	 -9.000		 100.0	 8	35.7098	2.472	110.41	 0.11	 18.833	18.721	  1.25	 5.44	0.0452	0.0283	0.0042	0.0636	0.0151	0.0086	0.0067	0.0043	0.0548	0.0038	0.0055	0.0018	0.0018	0.0152		0.0832	0.0351	0.1183	0.0216	0.0000		0.0481	0.1453	0.1934	0.0103		16.5020	7.7150	25.0000	2355.2370	
PIRATA-FR35	st025c01	B	2025-03-10T16:16:07z	 -10.000	 -9.000		 150.0	 7	35.1942	2.081	 92.92	 0.02	 26.233	26.211	  1.68	 9.59																											12.2450	7.5990	25.0000	2326.6340	
PIRATA-FR35	st025c01	B	2025-03-10T16:16:07z	 -10.000	 -9.000		 201.0	 6	35.0207	1.967	 87.83	 0.02	 29.213	29.191	  1.86	11.84																											10.8810	7.5550	25.0000	2316.8650	
PIRATA-FR35	st025c01	B	2025-03-10T16:16:07z	 -10.000	 -9.000		 301.0	 5	34.8540	1.750	 78.14	 0.03	 33.462	33.436	  2.12	15.40																											9.7470	7.5050	25.0000	2311.9840	
PIRATA-FR35	st025c01	B	2025-03-10T16:16:07z	 -10.000	 -9.000		 401.0	 4	34.7884	1.623	 72.49	 0.03	 35.339	35.306	  2.25	16.95																											8.7560	7.4790	25.0000	2310.0200	
PIRATA-FR35	st025c01	B	2025-03-10T16:16:07z	 -10.000	 -9.000		 401.0	 3																																			8.7600				
PIRATA-FR35	st025c01	B	2025-03-10T16:16:07z	 -10.000	 -9.000		 401.0	 2	34.7889	1.619	 72.31	 0.03	 35.266	35.238	  2.24	16.86																											8.7630	7.4790	25.0000	2308.5900	
PIRATA-FR35	st025c01	B	2025-03-10T16:16:07z	 -10.000	 -9.000		 502.0	 1	34.6638	2.199	 98.21	 0.02	 35.271	35.252	  2.29	19.31																											7.5570	7.5030	25.0000	2305.2190	
PIRATA-FR35	st026c01	B	2025-03-10T21:11:43z	  -9.999	 -9.496		   3.0	15																																			27.2130				
PIRATA-FR35	st026c01	B	2025-03-10T21:11:43z	  -9.999	 -9.496		   3.0	14	36.5174	4.554	203.38																																27.2100	8.0340	25.0000	2404.9590	
PIRATA-FR35	st026c01	B	2025-03-10T21:11:43z	  -9.999	 -9.496		  24.0	13	36.5237	4.578	204.43																																26.9970	8.0330	25.0000	2403.4030	
PIRATA-FR35	st026c01	B	2025-03-10T21:11:43z	  -9.999	 -9.496		  43.0	12	36.5291	4.633	206.90																																26.8390	8.0330	25.0000	2398.1170	
PIRATA-FR35	st026c01	B	2025-03-10T21:11:43z	  -9.999	 -9.496		  62.0	11	36.5647	5.056	225.80																																23.2740	8.0240	25.0000	2407.4270	
PIRATA-FR35	st026c01	B	2025-03-10T21:11:43z	  -9.999	 -9.496		  82.0	10																																			20.0010				
PIRATA-FR35	st026c01	B	2025-03-10T21:11:43z	  -9.999	 -9.496		  82.0	 9	36.2107	3.837	171.37																																19.9820				
PIRATA-FR35	st026c01	B	2025-03-10T21:11:43z	  -9.999	 -9.496		 100.0	 8	35.8571	2.939	131.27																																17.4600	7.7690	25.0000	2364.5430	
PIRATA-FR35	st026c01	B	2025-03-10T21:11:43z	  -9.999	 -9.496		 149.0	 7	35.2344	2.151	 96.04																																12.5940	7.6100	25.0000	2328.5220	
PIRATA-FR35	st026c01	B	2025-03-10T21:11:43z	  -9.999	 -9.496		 201.0	 6	35.0739	2.114	 94.39																																11.2930	7.5740	25.0000	2321.4560	
PIRATA-FR35	st026c01	B	2025-03-10T21:11:43z	  -9.999	 -9.496		 299.0	 5	34.8732	1.855	 82.84																																9.6140	7.5140	25.0000	2312.2520	
PIRATA-FR35	st026c01	B	2025-03-10T21:11:43z	  -9.999	 -9.496		 299.0	 4	34.8514	2.004	 89.52																																9.6130	7.5200	25.0000	2313.5840	
PIRATA-FR35	st026c01	B	2025-03-10T21:11:43z	  -9.999	 -9.496		 299.0	 3																																			9.6120				
PIRATA-FR35	st026c01	B	2025-03-10T21:11:43z	  -9.999	 -9.496		 401.0	 2	34.7525	2.219	 99.12																																8.5830	7.5210	25.0000	2310.2930	
PIRATA-FR35	st026c01	B	2025-03-10T21:11:43z	  -9.999	 -9.496		 500.0	 1	34.6626	2.272	101.45																																7.6050	7.5070	25.0000	2305.9660	
PIRATA-FR35	st027c01	B	2025-03-11T01:36:59z	  -9.990	 -9.901		   3.0	19	36.5356	4.629	206.71	 0.02	  0.044	0.028	  0.11	 0.97	0.0113	0.0094	0.0036	0.0047	0.0040			0.0040	0.0191	0.0063	0.0044			0.0491		0.0058	0.0075	0.0133	0.0082	0.0000		0.0280	0.0426	0.0706			26.7920	8.0310	25.0000	2402.2730	
PIRATA-FR35	st027c01	B	2025-03-11T01:36:59z	  -9.990	 -9.901		  20.0	18	36.5373	4.611	205.92	 0.01	  0.043	0.030	  0.12	 0.95	0.0112	0.0090	0.0028	0.0047	0.0040				0.0189	0.0062	0.0046			0.0518		0.0058	0.0082	0.0140	0.0081	0.0000		0.0284	0.0426	0.0710			26.7970	8.0340	25.0000	2404.0560	
PIRATA-FR35	st027c01	B	2025-03-11T01:36:59z	  -9.990	 -9.901		  40.0	17	36.5347	4.707	210.24	 0.01	  0.047	0.032	  0.10	 0.91	0.0128	0.0096	0.0038	0.0054	0.0042			0.0037	0.0250	0.0068	0.0051			0.0660		0.0060	0.0085	0.0145	0.0100	0.0000		0.0359	0.0541	0.0900			26.6470	8.0310	25.0000	2400.3560	
PIRATA-FR35	st027c01	B	2025-03-11T01:36:59z	  -9.990	 -9.901		  60.0	16	36.6480	5.202	232.33	 0.01	  0.045	0.033	  0.12	 0.72	0.0133	0.0165	0.0113	0.0159	0.0062	0.0044		0.0043	0.0475	0.0072	0.0074			0.0578	0.0025	0.0076	0.0146	0.0222	0.0125	0.0000		0.0481	0.0970	0.1451	0.0095		22.6800	8.0160	25.0000	2416.1570	
PIRATA-FR35	st027c01	B	2025-03-11T01:36:59z	  -9.990	 -9.901		  80.0	15	36.2955	4.351	194.31	 0.13	  4.579	4.446	  0.47	 1.95	0.0572	0.0484	0.0206	0.0673	0.0140	0.0250	0.0066	0.0097	0.1374	0.0081	0.0113	0.0070	0.0045	0.0779	0.0055	0.0554	0.1600	0.2154	0.0404	0.0000		0.1369	0.2855	0.4224	0.0132		19.5000				
PIRATA-FR35	st027c01	B	2025-03-11T01:36:59z	  -9.990	 -9.901		 101.0	14	35.8251	2.970	132.65	 0.15	 15.762	15.614	  1.08	 4.58	0.0469	0.0294	0.0068	0.0699	0.0163	0.0099	0.0076	0.0045	0.0672	0.0040	0.0072	0.0055		0.0246	0.0013	0.1123	0.0382	0.1505	0.0287	0.0000		0.0742	0.1679	0.2421	0.0112		16.7200	7.7610	25.0000	2357.7790	
PIRATA-FR35	st027c01	B	2025-03-11T01:36:59z	  -9.990	 -9.901		 200.0	13	35.0416	1.959	 87.49	 0.03	 29.053	29.026	  1.86	11.47																											10.9980	7.5580	25.0000	2312.1230	
PIRATA-FR35	st027c01	B	2025-03-11T01:36:59z	  -9.990	 -9.901		 300.0	12	34.8605	1.969	 87.94	 0.02	 32.135	32.115	  2.04	14.43																											9.5320	7.5250	25.0000	2304.8640	
PIRATA-FR35	st027c01	B	2025-03-11T01:36:59z	  -9.990	 -9.901		 401.0	11	34.7546	1.975	 88.22	 0.02	 34.107	34.088	  2.18	16.81																											8.5460				
PIRATA-FR35	st027c01	B	2025-03-11T01:36:59z	  -9.990	 -9.901		 500.0	10	34.6701	2.169	 96.86	 0.03	 35.314	35.289	  2.27	19.00																											7.6900	7.5010	25.0000	2298.8240	
PIRATA-FR35	st027c01	B	2025-03-11T01:36:59z	  -9.990	 -9.901		 801.0	 9	34.5020	2.915	130.19	 0.02	 37.057	37.038	  2.51	31.17																											4.8900	7.5110	25.0000	2303.4610	
PIRATA-FR35	st027c01	B	2025-03-11T01:36:59z	  -9.990	 -9.901		1000.0	 8	34.5753	3.568	159.35	 0.01	 34.028	34.015	  2.33	33.66																											4.2640	7.5610	25.0000	2311.0460	
PIRATA-FR35	st027c01	B	2025-03-11T01:36:59z	  -9.990	 -9.901		1500.0	 7	34.9173	4.963	221.65	 0.02	 23.662	23.644	  1.59	22.18																											4.1330	7.6820	25.0000	2321.5520	
PIRATA-FR35	st027c01	B	2025-03-11T01:36:59z	  -9.990	 -9.901		2001.0	 6	34.9347	5.446	243.20	 0.03	 22.002	21.976	  1.49	26.73																											3.4860	7.7090	25.0000	2327.0670	
PIRATA-FR35	st027c01	B	2025-03-11T01:36:59z	  -9.990	 -9.901		2001.0	 5	34.9117	5.397	241.01	 0.02	 21.997	21.977	  1.47	26.72																											3.4860	7.7100	25.0000	2329.1580	
PIRATA-FR35	st027c01	B	2025-03-11T01:36:59z	  -9.990	 -9.901		2501.0	 4	34.9356	5.451	243.45	 0.01	 22.555	22.540	  1.52	35.88																											2.9600				
PIRATA-FR35	st027c01	B	2025-03-11T01:36:59z	  -9.990	 -9.901		2501.0	 3																																			2.9600				
PIRATA-FR35	st027c01	B	2025-03-11T01:36:59z	  -9.990	 -9.901		3000.0	 2	34.8873	5.418	241.98	 0.02	 23.315	23.299	  1.58	45.85																											2.5510	7.7100	25.0000	2349.3350	
PIRATA-FR35	st027c01	B	2025-03-11T01:36:59z	  -9.990	 -9.901		3699.0	 1	34.8886	5.421	242.11	 0.02	 23.322	23.304	  1.58	46.26																											2.4620	7.7080	25.0000	2355.9970	
PIRATA-FR35	st028c01	B	2025-03-17T01:23:24z	  -9.989	-19.933		   2.0	19	36.7461	5.253	234.61	 0.00	  0.043	0.042	  0.17	 1.02	0.0034	0.0053	0.0035	0.0054	0.0038			0.0036	0.0156	0.0042	0.0041		0.0009	0.0270	0.0010	0.0024	0.0044	0.0068	0.0045	0.0000		0.0132	0.0341	0.0473			25.0900	8.0010	25.0000	2426.8270	
PIRATA-FR35	st028c01	B	2025-03-17T01:23:24z	  -9.989	-19.933		  20.0	18	36.7463	4.814	214.98	 0.00	  0.044	0.043	  0.18	 1.15	0.0033	0.0052	0.0033	0.0057	0.0041			0.0037	0.0165		0.0046			0.0255		0.0024	0.0043	0.0067	0.0046	0.0000		0.0128	0.0340	0.0468			25.1050	7.9970	25.0000	2427.6200	
PIRATA-FR35	st028c01	B	2025-03-17T01:23:24z	  -9.989	-19.933		  40.0	17	36.7264	4.865	217.27	-0.01	  0.063	0.070	  0.18	 1.05	0.0043	0.0068	0.0042	0.0070	0.0045			0.0038	0.0211	0.0044	0.0053			0.0333		0.0020	0.0058	0.0078	0.0055	0.0000		0.0156	0.0443	0.0599			24.8530	8.0000	25.0000	2429.0890	
PIRATA-FR35	st028c01	B	2025-03-17T01:23:24z	  -9.989	-19.933		  59.0	16	36.4958	5.324	237.75	-0.01	  0.045	0.051	  0.18	 1.03	0.0063	0.0081	0.0047	0.0087	0.0046	0.0030		0.0027	0.0233	0.0026	0.0051			0.0314	0.0011	0.0022	0.0074	0.0096	0.0059	0.0000		0.0168	0.0559	0.0727	0.0070		22.2000	7.9940	25.0000	2411.5550	
PIRATA-FR35	st028c01	B	2025-03-17T01:23:24z	  -9.989	-19.933		  79.0	15	36.4648			-0.00	  0.048	0.052	  0.19	 0.98	0.0087	0.0107	0.0057	0.0108	0.0045	0.0026		0.0027	0.0294	0.0020	0.0053			0.0432	0.0015	0.0042	0.0091	0.0133	0.0079	0.0000		0.0319	0.0659	0.0978			21.3820				
PIRATA-FR35	st028c01	B	2025-03-17T01:23:24z	  -9.989	-19.933		  99.0	14	36.4344	5.225	233.35	 0.01	  0.048	0.038	  0.20	 1.00	0.0133	0.0144	0.0053	0.0181	0.0047	0.0030			0.0398	0.0020	0.0050			0.0401		0.0068	0.0186	0.0254	0.0117	0.0000		0.0596	0.0778	0.1374	0.0047		20.8720	7.9810	25.0000	2410.8620	
PIRATA-FR35	st028c01	B	2025-03-17T01:23:24z	  -9.989	-19.933		 200.0	13	35.7501	4.667	208.44	 0.01	  5.862	5.851	  0.52	 2.38																											16.9220	7.8740	25.0000	2364.2470	
PIRATA-FR35	st028c01	B	2025-03-17T01:23:24z	  -9.989	-19.933		 301.0	12	35.1495	4.018	179.44	 0.01	 15.197	15.191	  1.02	 5.29																											12.8670	7.7390	25.0000	2327.9390	
PIRATA-FR35	st028c01	B	2025-03-17T01:23:24z	  -9.989	-19.933		 401.0	11	34.8361	3.521	157.26	 0.00	 23.256	23.252	  1.52	 9.75																											10.2730				
PIRATA-FR35	st028c01	B	2025-03-17T01:23:24z	  -9.989	-19.933		 501.0	10	34.5934	3.438	153.55	 0.01	 29.336	29.330	  1.91	15.77																											7.7800	7.5780	25.0000	2304.5880	
PIRATA-FR35	st028c01	B	2025-03-17T01:23:24z	  -9.989	-19.933		 800.0	 9	34.4519			 0.01	 35.701	35.686	  2.35	31.92																											4.7120	7.5370	25.0000	2313.4020	
PIRATA-FR35	st028c01	B	2025-03-17T01:23:24z	  -9.989	-19.933		1000.0	 8	34.5121	3.773	168.50	-0.00	 34.246	34.247	  2.27	37.16																											4.0150	7.5640	25.0000	2320.0900	
PIRATA-FR35	st028c01	B	2025-03-17T01:23:24z	  -9.989	-19.933		1501.0	 7	34.7999	4.792	214.01	 0.00	 26.953	26.952	  1.78	34.48																											3.5590	7.6530	25.0000	2328.9790	
PIRATA-FR35	st028c01	B	2025-03-17T01:23:24z	  -9.989	-19.933		1500.0	 6	34.7996	4.773	213.18	-0.00	 26.849	26.849	  1.79	34.48																											3.5600	7.6550	25.0000	2327.8910	
PIRATA-FR35	st028c01	B	2025-03-17T01:23:24z	  -9.989	-19.933		2000.0	 5	34.8956	5.576	249.04	-0.01	 22.772	22.781	  1.49	34.02																											3.0500	7.7070	25.0000	2333.5150	
PIRATA-FR35	st028c01	B	2025-03-17T01:23:24z	  -9.989	-19.933		2500.0	 4	34.8894	5.570	248.74	-0.00	 22.932	22.935	  1.52	41.00																											2.6770				
PIRATA-FR35	st028c01	B	2025-03-17T01:23:24z	  -9.989	-19.933		2499.0	 3																																			2.6770				
PIRATA-FR35	st028c01	B	2025-03-17T01:23:24z	  -9.989	-19.933		3000.0	 2	34.8794	5.779	258.07	 0.01	 23.289	23.285	  1.53	45.79																											2.5280	7.7080	25.0000	2345.1780	
PIRATA-FR35	st028c01	B	2025-03-17T01:23:24z	  -9.989	-19.933		3781.0	 1	34.8760	5.409	241.57	-0.01	 23.898	23.904	  1.57	50.26																											2.4280	7.7080	25.0000	2363.8200	
PIRATA-FR35	st029c01	B	2025-03-22T05:00:53z	  -2.712	 -0.025		   3.0	14	34.4900	4.990	222.85	-0.00	  0.048	0.051	  0.02	 0.85	0.0387	0.0779	0.0237	0.1126	0.0165	0.0029		0.0052	0.1596	0.0061	0.0412	0.0025	0.0024	0.0896		0.0157	0.0202	0.0359	0.0000	0.0446		0.1129	0.6366	0.7495	0.0140		29.7150	8.1420	25.0000	2261.9460	
PIRATA-FR35	st029c01	B	2025-03-22T05:00:53z	  -2.712	 -0.025		  20.0	13	34.5370	4.863	217.20	-0.00	  0.031	0.032	  0.02	 0.84	0.0467	0.0856	0.0218	0.1300	0.0191	0.0031		0.0049	0.1857	0.0068	0.0381	0.0027	0.0023	0.0703	0.0018	0.0150	0.0231	0.0381	0.0000	0.0426		0.0978	0.7082	0.8060	0.0143		29.7130	8.1290	25.0000	2267.1830	
PIRATA-FR35	st029c01	B	2025-03-22T05:00:53z	  -2.712	 -0.025		  40.0	12	36.0296	4.468	199.56	-0.01	  0.044	0.054	  0.06	 1.00	0.0356	0.0334	0.0208	0.0244	0.0129	0.0045	0.0025	0.0035	0.0771	0.0052	0.0101	0.0040	0.0020	0.0787	0.0024	0.0362	0.0263	0.0625	0.0374	0.0000		0.1690	0.1992	0.3682	0.0157		26.9200	8.0280	25.0000	2370.8100	
PIRATA-FR35	st029c01	B	2025-03-22T05:00:53z	  -2.712	 -0.025		  60.0	11	36.2889	4.129	184.40	 0.12	  2.349	2.230	  0.29	 1.97	0.0808	0.0588	0.0218	0.0891	0.0265	0.0191	0.0052	0.0050	0.1385	0.0052	0.0142	0.0044		0.0580	0.0029	0.1383	0.1058	0.2441	0.0511	0.0000		0.1526	0.3255	0.4781	0.0173		22.1010	7.9430	25.0000	2393.5430	
PIRATA-FR35	st029c01	B	2025-03-22T05:00:53z	  -2.712	 -0.025		  80.0	10	36.0121	3.779	168.77	 0.24	  9.179	8.939	  0.68	 3.39	0.0619	0.0376	0.0075	0.0702	0.0179	0.0083	0.0090	0.0031	0.0822		0.0091	0.0045		0.0247		0.1267	0.0495	0.1762	0.0336	0.0000		0.0845	0.2047	0.2892	0.0171		18.5570				
PIRATA-FR35	st029c01	B	2025-03-22T05:00:53z	  -2.712	 -0.025		 100.0	 9	35.8146	3.350	149.62	 0.08	 13.104	13.027	  0.91	 4.57	0.0472	0.0256	0.0035	0.0528	0.0127	0.0039	0.0026	0.0015	0.0529	0.0013	0.0051	0.0011		0.0101	0.0015	0.0888	0.0176	0.1064	0.0215	0.0000		0.0453	0.1219	0.1672	0.0124		17.0830	7.6850	25.0000	2344.7990	
PIRATA-FR35	st029c01	B	2025-03-22T05:00:53z	  -2.712	 -0.025		 201.0	 8	35.5023	2.459	109.83	 0.01	 20.533	20.528	  1.31	 7.29																											14.8580	7.6850	25.0000	2346.7260	
PIRATA-FR35	st029c01	B	2025-03-22T05:00:53z	  -2.712	 -0.025		 201.0	 7	35.4989	2.412	107.70	 0.02	 20.813	20.791	  1.34	 7.41																											14.8320	7.6800	25.0000	2346.4440	
PIRATA-FR35	st029c01	B	2025-03-22T05:00:53z	  -2.712	 -0.025		 351.0	 6	34.9094	2.095	 93.58	 0.02	 30.936	30.918	  1.91	13.98																											9.8690	7.5420	25.0000	2316.4240	
PIRATA-FR35	st029c01	B	2025-03-22T05:00:53z	  -2.712	 -0.025		 501.0	 5	34.6830	2.489	111.17	 0.02	 33.671	33.653	  2.11	18.68																											7.7410	7.5250	25.0000	2305.6470	
PIRATA-FR35	st029c01	B	2025-03-22T05:00:53z	  -2.712	 -0.025		 801.0	 4	34.5216	3.372	150.59	 0.02	 34.877	34.859	  2.31	30.19																											4.9180	7.5480	25.0000	2312.2760	
PIRATA-FR35	st029c01	B	2025-03-22T05:00:53z	  -2.712	 -0.025		 801.0	 3																																			4.9190				
PIRATA-FR35	st029c01	B	2025-03-22T05:00:53z	  -2.712	 -0.025		1600.0	 2	34.9626	5.260	234.91	 0.01	 21.660	21.646	  1.41	18.54																											4.1950	7.7020	25.0000	2324.5130	
PIRATA-FR35	st029c01	B	2025-03-22T05:00:53z	  -2.712	 -0.025		2000.0	 1	34.9594	5.642	251.98	 0.02	 20.343	20.323	  1.32	21.53																											3.5510	7.7220	25.0000	2323.9700	
PIRATA-FR35	st031c01	B	2025-03-27T17:58:34z	 -23.000	 -1.999		   2.0	13	35.6630	4.559	203.59	 0.01	  0.048	0.036	  0.02	 0.79	0.0072	0.0093	0.0033	0.0049	0.0068	0.0028		0.0025	0.0149	0.0058	0.0077		0.0022	0.0876		0.0028	0.0030	0.0058	0.0127	0.0000		0.0465	0.0462	0.0927	0.0026		29.1140	8.0660	25.0000	2344.4540	
PIRATA-FR35	st031c01	B	2025-03-27T17:58:34z	 -23.000	 -1.999		  20.0	12	35.6539	4.564	203.82	-0.00	  0.041	0.042	  0.03	 0.79	0.0077	0.0105	0.0035	0.0057	0.0067	0.0028		0.0024	0.0180	0.0052	0.0077		0.0023	0.0952		0.0051	0.0056	0.0107	0.0160	0.0000		0.0477	0.0532	0.1009	0.0035		28.8910	8.0660	25.0000	2337.2170	
PIRATA-FR35	st031c01	B	2025-03-27T17:58:34z	 -23.000	 -1.999		  40.0	11	35.9674	4.704	210.07	 0.00	  0.050	0.049	  0.04	 0.76	0.0134	0.0172	0.0084	0.0112	0.0094	0.0032		0.0020	0.0433	0.0047	0.0103	0.0027	0.0022	0.0953		0.0081	0.0128	0.0209	0.0198	0.0000		0.0659	0.1100	0.1759	0.0038		28.4030	8.0540	25.0000	2358.5530	
PIRATA-FR35	st031c01	B	2025-03-27T17:58:34z	 -23.000	 -1.999		  70.0	10	35.9774	3.742	167.13	 0.20	  4.659	4.461	  0.51	 2.83	0.0827	0.0717	0.0128	0.1300	0.0285	0.0186	0.0083	0.0070	0.1965	0.0030	0.0148		0.0024	0.0649	0.0061	0.0457	0.1082	0.1539	0.0358	0.0000		0.1077	0.4003	0.5080	0.0073		21.5570	7.8840	25.0000	2372.4170	
PIRATA-FR35	st031c01	B	2025-03-27T17:58:34z	 -23.000	 -1.999		  80.0	 9	35.7972	3.222	143.87	 0.25	 12.657	12.409	  0.90	 4.24																											18.1710	7.7960	25.0000	2361.9470	
PIRATA-FR35	st031c01	B	2025-03-27T17:58:34z	 -23.000	 -1.999		  80.0	 8	35.7963	3.056	136.48	 0.19	 13.734	13.544	  0.96	 4.49	0.0552	0.0443	0.0073	0.0928	0.0258	0.0139	0.0110	0.0043	0.1080	0.0025	0.0096	0.0041		0.0460		0.0627	0.0665	0.1292	0.0315	0.0000		0.0840	0.2616	0.3456	0.0059		18.0110	7.7820	25.0000	2357.0990	
PIRATA-FR35	st031c01	B	2025-03-27T17:58:34z	 -23.000	 -1.999		 100.0	 7	35.6167	2.438	108.89	 0.07	 19.470	19.401	  1.26	 6.16	0.0469	0.0308	0.0063	0.0685	0.0221	0.0101	0.0051	0.0029	0.0742		0.0075	0.0034		0.0277		0.0832	0.0335	0.1167	0.0279	0.0000		0.0605	0.1786	0.2391	0.0057		15.8130	7.7000	25.0000	2349.2680	
PIRATA-FR35	st031c01	B	2025-03-27T17:58:34z	 -23.000	 -1.999		 151.0	 6	35.4685	2.076	 92.73	 0.02	 22.974	22.958	  1.47	 7.69																											14.4840	7.6430	25.0000	2337.1720	
PIRATA-FR35	st031c01	B	2025-03-27T17:58:34z	 -23.000	 -1.999		 198.0	 5	35.3316	2.142	 95.66	 0.01	 24.321	24.310	  1.57	 8.68																											13.4290	7.6280	25.0000	2331.6060	
PIRATA-FR35	st031c01	B	2025-03-27T17:58:34z	 -23.000	 -1.999		 301.0	 4	35.0847	2.132	 95.24	 0.01	 26.510	26.497	  1.66	10.59																											11.5700	7.6010	25.0000	2320.7070	
PIRATA-FR35	st031c01	B	2025-03-27T17:58:34z	 -23.000	 -1.999		 301.0	 3																																			11.5620				
PIRATA-FR35	st031c01	B	2025-03-27T17:58:34z	 -23.000	 -1.999		 401.0	 2	34.7764	2.098	 93.70	 0.02	 33.462	33.440	  2.09	16.41																											8.6920	7.5170	25.0000	2305.5320	
PIRATA-FR35	st031c01	B	2025-03-27T17:58:34z	 -23.000	 -1.999		 500.0	 1	34.6073	3.004	134.18	 0.01	 32.854	32.850	  2.10	19.66																											7.1100	7.5570	25.0000	2301.4920	
PIRATA-FR35	st032c01	B	2025-03-27T22:27:20z	 -22.998	 -1.499		   3.0	13	35.7287	4.575	204.32	 0.00	  0.037	0.035	  0.03	 0.82	0.0086	0.0109	0.0080	0.0074	0.0092			0.0016	0.0218	0.0035	0.0062			0.0785		0.0036	0.0066	0.0102	0.0000	0.0147		0.0363	0.0752	0.1115	0.0038		28.7400			2350.6490	
PIRATA-FR35	st032c01	B	2025-03-27T22:27:20z	 -22.998	 -1.499		  23.0	12	35.7853	4.591	205.05	-0.00	  0.037	0.038	  0.03	 0.81	0.0076	0.0119	0.0092	0.0082	0.0098	0.0062		0.0015	0.0254	0.0037	0.0063		0.0027	0.0874		0.0035	0.0072	0.0107	0.0000	0.0175	0.0085	0.0370	0.0887	0.1257	0.0038		28.6460	8.0650	25.0000	2351.6120	
PIRATA-FR35	st032c01	B	2025-03-27T22:27:20z	 -22.998	 -1.499		  42.0	11	36.2407	4.670	208.58	-0.00	  0.037	0.039	  0.08	 0.84	0.0144	0.0203	0.0134	0.0161	0.0114	0.0070		0.0017	0.0523	0.0048	0.0092	0.0035	0.0023	0.1122		0.0125	0.0162	0.0287	0.0253	0.0000		0.0973	0.1224	0.2197	0.0045		27.0120	8.0630	25.0000	2384.2880	
PIRATA-FR35	st032c01	B	2025-03-27T22:27:20z	 -22.998	 -1.499		  71.0	10	36.1210	3.820	170.62	 0.09	  2.978	2.888	  0.46	 2.56																											20.9860	8.0290	25.0000	2383.9670	
PIRATA-FR35	st032c01	B	2025-03-27T22:27:20z	 -22.998	 -1.499		  71.0	 9	36.1223	3.822	170.67	 0.09	  2.958	2.867	  0.46	 2.55	0.0460	0.0646	0.0166	0.0928	0.0279	0.0277		0.0066	0.1608	0.0035	0.0133	0.0111		0.1116	0.0055	0.0817	0.0982	0.1799	0.0692	0.0000		0.1916	0.3675	0.5591	0.0101		20.9890	7.8930	25.0000	2383.2980	
PIRATA-FR35	st032c01	B	2025-03-27T22:27:20z	 -22.998	 -1.499		  81.0	 8	35.9691	3.441	153.66	 0.29	  8.249	7.962	  0.69	 3.35	0.0501	0.0466	0.0097	0.0829	0.0231	0.0257	0.0121	0.0071	0.1130		0.0100	0.0065	0.0054	0.0554	0.0048	0.0825	0.0863	0.1688	0.0434	0.0000	0.0125	0.1155	0.2764	0.3919	0.0080		19.2900	7.8920	25.0000		
PIRATA-FR35	st032c01	B	2025-03-27T22:27:20z	 -22.998	 -1.499		 102.0	 7	35.7040	2.815	125.70	 0.08	 16.457	16.378	  1.08	 5.29	0.0325	0.0274	0.0066	0.0580	0.0200	0.0090	0.0078	0.0032	0.0542	0.0031	0.0073		0.0051	0.0246		0.0656	0.0262	0.0918	0.0288	0.0000	0.0109	0.0597	0.1537	0.2134	0.0065		16.5160	7.7460	25.0000	2350.9850	
PIRATA-FR35	st032c01	B	2025-03-27T22:27:20z	 -22.998	 -1.499		 150.0	 6	35.4903	2.578	115.14	 0.01	 20.110	20.095	  1.31	 7.16																											14.6330	7.6910	25.0000	2341.2790	
PIRATA-FR35	st032c01	B	2025-03-27T22:27:20z	 -22.998	 -1.499		 201.0	 5	35.3488	2.023	 90.33	 0.01	 24.637	24.628	  1.54	 8.84																											13.5290	7.6220	25.0000	2328.2300	
PIRATA-FR35	st032c01	B	2025-03-27T22:27:20z	 -22.998	 -1.499		 300.0	 4	34.9973	2.714	121.19	 0.02	 26.077	26.056	  1.65	11.34																											10.8080	7.6150	25.0000	2320.6090	
PIRATA-FR35	st032c01	B	2025-03-27T22:27:20z	 -22.998	 -1.499		 300.0	 3																																			10.8040				
PIRATA-FR35	st032c01	B	2025-03-27T22:27:20z	 -22.998	 -1.499		 400.0	 2	34.7263	2.408	107.56	 0.02	 33.005	32.982	  2.08	17.07																											8.3100	7.5280	25.0000	2310.1460	
PIRATA-FR35	st032c01	B	2025-03-27T22:27:20z	 -22.998	 -1.499		 503.0	 1	34.5731	3.213	143.51	 0.02	 32.513	32.492	  2.10	20.71																											6.7530	7.5610	25.0000	2305.5580	
PIRATA-FR35	st033c01	B	2025-03-28T02:13:36z	 -23.000	 -1.001		   4.0	13	35.8401	4.563	203.80	-0.00	  0.037	0.039	  0.03	 0.81	0.0083	0.0113	0.0064	0.0071	0.0087	0.0061		0.0036	0.0189	0.0077	0.0076		0.0026	0.0800	0.0033	0.0050	0.0075	0.0125	0.0000	0.0165	0.0080	0.0358	0.0782	0.1140	0.0043		28.5450	8.0630	25.0000	2350.4000	
PIRATA-FR35	st033c01	B	2025-03-28T02:13:36z	 -23.000	 -1.001		  20.0	12	35.8595	4.575	204.32	-0.00	  0.037	0.039	  0.03	 0.81	0.0084	0.0117	0.0077	0.0067	0.0070	0.0062		0.0038	0.0206	0.0077	0.0079		0.0027	0.0873	0.0027	0.0052	0.0085	0.0137	0.0159	0.0000		0.0399	0.0694	0.1093	0.0045		28.5260	8.0610	25.0000	2352.9620	
PIRATA-FR35	st033c01	B	2025-03-28T02:13:36z	 -23.000	 -1.001		  40.0	11	36.1795	4.634	206.98	-0.00	  0.055	0.055	  0.06	 0.82																											27.4090	8.0380	25.0000	2375.9070	
PIRATA-FR35	st033c01	B	2025-03-28T02:13:36z	 -23.000	 -1.001		  41.0	10	36.1844	4.632	206.85	 0.01	  0.041	0.032	  0.06	 0.81	0.0125	0.0169	0.0109	0.0112	0.0076	0.0066		0.0045	0.0360	0.0074	0.0089	0.0020	0.0031	0.1076	0.0036	0.0111	0.0122	0.0233	0.0216	0.0000		0.0774	0.0957	0.1731	0.0055		27.3730	8.0390	25.0000	2378.7170	
PIRATA-FR35	st033c01	B	2025-03-28T02:13:36z	 -23.000	 -1.001		  60.0	 9	36.3950	4.404	196.67	 0.01	  0.218	0.213	  0.18	 1.29	0.0375	0.0413	0.0109	0.0417	0.0146	0.0103	0.0075	0.0061	0.0955	0.0087	0.0118		0.0034	0.1635	0.0043	0.0588	0.1020	0.1608	0.0585	0.0000		0.2177	0.2268	0.4445	0.0095		23.4330	7.9840	25.0000	2394.3860	
PIRATA-FR35	st033c01	B	2025-03-28T02:13:36z	 -23.000	 -1.001		  80.0	 8	36.3737	4.211	188.08	 0.22	  3.721	3.505	  0.39	 2.08	0.0482	0.0505	0.0093	0.0698	0.0207	0.0177	0.0200	0.0057	0.1165	0.0031	0.0108	0.0100		0.0814	0.0026	0.1331	0.1085	0.2416	0.0715	0.0000	0.0220	0.1904	0.3021	0.4925	0.0134		21.0820				
PIRATA-FR35	st033c01	B	2025-03-28T02:13:36z	 -23.000	 -1.001		  98.0	 7	36.1043	3.891	173.77	 0.21	  7.667	7.460	  0.62	 3.03	0.0400	0.0443	0.0070	0.0735	0.0204	0.0152	0.0128	0.0050	0.0935	0.0032	0.0097	0.0137		0.0398	0.0021	0.0951	0.0610	0.1561	0.0497	0.0000	0.0214	0.1104	0.2630	0.3734	0.0100		19.0140	7.8770	25.0000	2380.8400	
PIRATA-FR35	st033c01	B	2025-03-28T02:13:36z	 -23.000	 -1.001		 150.0	 6	35.5375	2.675	119.46	 0.03	 19.678	19.652	  1.24	 6.53																											14.9780	7.7050	25.0000	2340.5320	
PIRATA-FR35	st033c01	B	2025-03-28T02:13:36z	 -23.000	 -1.001		 202.0	 5	35.3600	2.090	 93.33	 0.01	 24.202	24.192	  1.50	 8.74																											13.6250	7.6310	25.0000	2331.7640	
PIRATA-FR35	st033c01	B	2025-03-28T02:13:36z	 -23.000	 -1.001		 300.0	 4	35.0299	2.389	106.68	 0.02	 27.281	27.262	  1.70	11.50																											11.0260	7.5950	25.0000	2311.8040	
PIRATA-FR35	st033c01	B	2025-03-28T02:13:36z	 -23.000	 -1.001		 301.0	 3																																			11.0150				
PIRATA-FR35	st033c01	B	2025-03-28T02:13:36z	 -23.000	 -1.001		 401.0	 2	34.7830			 0.01	 32.162	32.151	  2.01	16.12																											8.7540	7.5390	25.0000	2303.4540	
PIRATA-FR35	st033c01	B	2025-03-28T02:13:36z	 -23.000	 -1.001		 498.0	 1	34.5652	2.392	106.83	 0.01	 32.208	32.198	  2.08	20.73																											6.6930	7.5650	25.0000	2301.1160	
PIRATA-FR35	st034c01	B	2025-03-28T05:53:55z	 -23.000	 -0.500		   2.0	13	35.8871	4.463	199.34	-0.00	  0.060	0.062	  0.03	 0.81	0.0066	0.0076	0.0044	0.0082	0.0084	0.0037		0.0034	0.0204	0.0064	0.0046		0.0023	0.0652		0.0051	0.0057	0.0108	0.0154	0.0000		0.0524	0.0765	0.1289	0.0072		28.4500	8.0590	25.0000	2356.4790	
PIRATA-FR35	st034c01	B	2025-03-28T05:53:55z	 -23.000	 -0.500		  20.0	12	35.8929	4.574	204.27	 0.00	  0.030	0.030	  0.02	 0.79	0.0079	0.0096	0.0072	0.0097	0.0087	0.0050		0.0034	0.0233	0.0057	0.0047		0.0028	0.0819		0.0076	0.0073	0.0149	0.0202	0.0000		0.0677	0.0953	0.1630	0.0057		28.4300	8.0610	25.0000	2356.2760	
PIRATA-FR35	st034c01	B	2025-03-28T05:53:55z	 -23.000	 -0.500		  19.0	11	35.8920	4.570	204.09	-0.00	  0.047	0.050	  0.02	 0.78																											28.4240	8.0610	25.0000	2355.8760	
PIRATA-FR35	st034c01	B	2025-03-28T05:53:55z	 -23.000	 -0.500		  40.0	10	36.2515	4.578	204.44	 0.00	  0.049	0.046	  0.03	 0.81	0.0153	0.0159	0.0110	0.0157	0.0111	0.0056		0.0036	0.0454	0.0052	0.0067	0.0012	0.0028	0.0710		0.0107	0.0133	0.0240	0.0190	0.0000		0.0744	0.1264	0.2008	0.0057		27.4110	8.0500	25.0000	2380.0390	
PIRATA-FR35	st034c01	B	2025-03-28T05:53:55z	 -23.000	 -0.500		  60.0	 9	36.5164	3.925	175.28	-0.00	  0.080	0.083	  0.10	 1.01	0.0325	0.0257	0.0092	0.0286	0.0129	0.0066	0.0032	0.0034	0.0871	0.0050	0.0083	0.0018	0.0024	0.0891	0.0020	0.0347	0.0348	0.0695	0.0309	0.0000		0.1456	0.1798	0.3254	0.0111		25.5300	8.0150	25.0000	2404.2890	
PIRATA-FR35	st034c01	B	2025-03-28T05:53:55z	 -23.000	 -0.500		  80.0	 8	36.1026	4.566	203.92	 0.21	  7.800	7.594	  0.60	 3.05	0.0533	0.0419	0.0082	0.0730	0.0189	0.0105	0.0078	0.0044	0.0787		0.0083	0.0088		0.0317		0.1455	0.0789	0.2244	0.0413	0.0000	0.0083	0.1091	0.2512	0.3603	0.0116		19.2630				
PIRATA-FR35	st034c01	B	2025-03-28T05:53:55z	 -23.000	 -0.500		 101.0	 7	35.7597	3.152	140.79	 0.06	 11.565	11.507	  0.82	 4.35	0.0362	0.0226	0.0052	0.0504	0.0107	0.0044	0.0031		0.0509		0.0054			0.0114		0.0961	0.0204	0.1165	0.0223	0.0000		0.0543	0.1147	0.1690	0.0097		16.4820	7.8200	25.0000	2361.9850	
PIRATA-FR35	st034c01	B	2025-03-28T05:53:55z	 -23.000	 -0.500		 150.0	 6	35.5134	3.667	163.76	 0.02	 17.447	17.424	  1.14	 6.24																											14.7620	7.7310	25.0000	2339.9970	
PIRATA-FR35	st034c01	B	2025-03-28T05:53:55z	 -23.000	 -0.500		 201.0	 5	35.4386	2.623	117.13	 0.01	 20.526	20.518	  1.31	 7.29																											14.2260	7.6870	25.0000	2335.2310	
PIRATA-FR35	st034c01	B	2025-03-28T05:53:55z	 -23.000	 -0.500		 300.0	 4	35.0464	2.280	101.81	 0.00	 27.563	27.563	  1.71	11.58																											11.1250	7.5870	25.0000	2320.7290	
PIRATA-FR35	st034c01	B	2025-03-28T05:53:55z	 -23.000	 -0.500		 300.0	 3																																			11.1240				
PIRATA-FR35	st034c01	B	2025-03-28T05:53:55z	 -23.000	 -0.500		 400.0	 2	34.7756	3.469	154.93	 0.01	 32.596	32.586	  2.02	16.35																											8.7160	7.5320	25.0000	2309.3310	
PIRATA-FR35	st034c01	B	2025-03-28T05:53:55z	 -23.000	 -0.500		 499.0	 1	34.5815	2.201	 98.30	 0.00	 31.641	31.640	  2.05	20.05																											6.9050	7.5730	25.0000	2302.9780	
PIRATA-FR35	st035c01	B	2025-03-28T18:31:38z	 -23.001	 +0.015		   4.0	18	35.6766	4.540	202.75	 0.03	  0.056	0.030	  2.08	 1.30	0.0080	0.0105	0.0060	0.0066	0.0082	0.0025		0.0037	0.0191	0.0032	0.0074		0.0019	0.0976		0.0069	0.0086	0.0155	0.0159	0.0000		0.0556	0.0654	0.1210	0.0056		28.6740	8.0660	25.0000	2340.4440	
PIRATA-FR35	st035c01	B	2025-03-28T18:31:38z	 -23.001	 +0.015		  24.0	17	35.8137	4.631	206.80	 0.00	  0.050	0.049	  0.05	 0.82	0.0090	0.0127	0.0073	0.0081	0.0081	0.0039		0.0039	0.0246	0.0045	0.0076	0.0023		0.1140		0.0088	0.0092	0.0180	0.0197	0.0000	0.0046	0.0579	0.0772	0.1351	0.0028		28.4590	8.0620	25.0000	2348.7020	
PIRATA-FR35	st035c01	B	2025-03-28T18:31:38z	 -23.001	 +0.015		  44.0	16	36.3871	4.528	202.24	 0.00	  0.047	0.044	  0.07	 0.99	0.0195	0.0230	0.0096	0.0187	0.0125	0.0047	0.0030	0.0042	0.0565	0.0047	0.0102	0.0035		0.1293		0.0211	0.0220	0.0431	0.0316	0.0000		0.1254	0.1347	0.2601	0.0035		26.5220	8.0370	25.0000	2391.2650	
PIRATA-FR35	st035c01	B	2025-03-28T18:31:38z	 -23.001	 +0.015		  63.0	15	36.2383	3.977	177.60	 0.27	  6.187	5.917	  0.49	 2.68	0.0902	0.0688	0.0100	0.1188	0.0339	0.0227	0.0241	0.0092	0.1389	0.0031	0.0148			0.0905		0.1476	0.1930	0.3406	0.0636	0.0000	0.0041	0.1740	0.4518	0.6258	0.0124		20.4280	7.9090	25.0000	2389.4620	
PIRATA-FR35	st035c01	B	2025-03-28T18:31:38z	 -23.001	 +0.015		  84.0	14	35.9396	3.800	169.72	 0.16	  9.816	9.654	  0.73	 3.77	0.0431	0.0332	0.0063	0.0647	0.0162	0.0096	0.0072	0.0043	0.0581		0.0077	0.0078		0.0267		0.0958	0.0588	0.1546	0.0294	0.0000		0.0720	0.1893	0.2613	0.0069		17.7420				
PIRATA-FR35	st035c01	B	2025-03-28T18:31:38z	 -23.001	 +0.015		 100.0	13	35.7456	3.683	164.47	 0.07	 12.198	12.125	  0.87	 4.58	0.0312	0.0204	0.0052	0.0449	0.0116	0.0055	0.0043		0.0435		0.0056	0.0038		0.0116		0.0766	0.0199	0.0965	0.0195	0.0000		0.0431	0.0968	0.1399	0.0063		16.7480	7.8120	25.0000	2359.3270	
PIRATA-FR35	st035c01	B	2025-03-28T18:31:38z	 -23.001	 +0.015		 148.0	12	35.5133	3.228	144.16	 0.02	 16.624	16.600	  1.13	 6.14																											14.7860				
PIRATA-FR35	st035c01	B	2025-03-28T18:31:38z	 -23.001	 +0.015		 201.0	11	35.4444	2.763	123.39	 0.01	 19.692	19.678	  1.29	 7.17																											14.2830	7.7000	25.0000	2337.2570	
PIRATA-FR35	st035c01	B	2025-03-28T18:31:38z	 -23.001	 +0.015		 351.0	10	34.8255	2.600	116.11	 0.01	 29.894	29.886	  1.90	14.81																											9.2140	7.5690	25.0000	2307.4250	
PIRATA-FR35	st035c01	B	2025-03-28T18:31:38z	 -23.001	 +0.015		 551.0	 9	34.5579	3.215	143.58	 0.01	 32.923	32.917	  2.15	22.23																											6.4850	7.5590	25.0000	2301.4080	
PIRATA-FR35	st035c01	B	2025-03-28T18:31:38z	 -23.001	 +0.015		 551.0	 8	34.5576	3.214	143.55	 0.01	 32.917	32.909	  2.15	22.24																											6.4910	7.5580	25.0000	2300.2910	
PIRATA-FR35	st035c01	B	2025-03-28T18:31:38z	 -23.001	 +0.015		 750.0	 7	34.5227	3.353	149.73	 0.02	 34.795	34.779	  2.32	29.82																											5.0580	7.5500	25.0000	2307.0170	
PIRATA-FR35	st035c01	B	2025-03-28T18:31:38z	 -23.001	 +0.015		1001.0	 6	34.6099	3.530	157.67	 0.01	 33.638	33.629	  2.24	31.12																											4.6650	7.5670	25.0000	2313.7460	
PIRATA-FR35	st035c01	B	2025-03-28T18:31:38z	 -23.001	 +0.015		1601.0	 5	34.9728	5.474	244.45	 0.01	 20.739	20.732	  1.37	17.79																											4.1090	7.7120	25.0000	2327.2380	
PIRATA-FR35	st035c01	B	2025-03-28T18:31:38z	 -23.001	 +0.015		2001.0	 4	34.9664	5.680	253.66	 0.01	 20.117	20.106	  1.33	20.50																											3.6340	7.7240	25.0000	2328.4550	
PIRATA-FR35	st035c01	B	2025-03-28T18:31:38z	 -23.001	 +0.015		2001.0	 3																																			3.6340				
PIRATA-FR35	st035c01	B	2025-03-28T18:31:38z	 -23.001	 +0.015		3001.0	 2	34.9105	5.623	251.12	 0.01	 21.904	21.891	  1.44	37.67																											2.6650	7.7210	25.0000	2345.7790	
PIRATA-FR35	st035c01	B	2025-03-28T18:31:38z	 -23.001	 +0.015		3901.0	 1	34.8886	5.648	252.25	 0.01	 22.046	22.034	  1.47	43.68																											2.3970	7.7200	25.0000	2361.1170	
PIRATA-FR35	st036c01	B	2025-03-29T00:38:20z	 -23.000	 +0.500		   3.0	13	35.0397	4.522	201.93	 0.01	  0.073	0.066	  0.03	 0.75	0.0139	0.0156	0.0085	0.0116	0.0125	0.0047		0.0068	0.0395	0.0056	0.0081		0.0024	0.0803		0.0069	0.0133	0.0202	0.0184	0.0000		0.0624	0.1181	0.1805	0.0057		28.7090	8.0700	25.0000	2294.4370	
PIRATA-FR35	st036c01	B	2025-03-29T00:38:20z	 -23.000	 +0.500		   3.0	12	35.0389	4.528	202.23	 0.00	  0.050	0.047	  0.03	 0.75																											28.7110	8.0710	25.0000	2294.6460	
PIRATA-FR35	st036c01	B	2025-03-29T00:38:20z	 -23.000	 +0.500		  20.0	11	35.6904	4.600	205.44	 0.00	  0.040	0.037	  0.02	 0.75	0.0102	0.0147	0.0144	0.0108	0.0094	0.0042		0.0042	0.0280	0.0059	0.0071			0.0774		0.0043	0.0112	0.0155	0.0000	0.0157	0.0046	0.0374	0.1000	0.1374	0.0055		28.6680	8.0650	25.0000	2339.7260	
PIRATA-FR35	st036c01	B	2025-03-29T00:38:20z	 -23.000	 +0.500		  40.0	10	36.1880	4.429	197.80	 0.02	  0.058	0.043	  0.05	 1.13	0.0167	0.0217	0.0123	0.0167	0.0105	0.0051	0.0048	0.0044	0.0466	0.0056	0.0079	0.0067		0.0912		0.0115	0.0227	0.0342	0.0226	0.0000		0.0738	0.1277	0.2015	0.0058		25.8590	8.0230	25.0000	2378.0670	
PIRATA-FR35	st036c01	B	2025-03-29T00:38:20z	 -23.000	 +0.500		  60.0	 9	36.2874	3.941	176.00	 0.33	  4.568	4.244	  0.38	 2.38	0.1062	0.0811	0.0129	0.1270	0.0486	0.0209	0.0277	0.0081	0.1594		0.0158	0.0130		0.1177		0.1747	0.2518	0.4265	0.0804	0.0000	0.0049	0.2480	0.5618	0.8098	0.0166		21.2740	7.9250	25.0000	2387.4540	
PIRATA-FR35	st036c01	B	2025-03-29T00:38:20z	 -23.000	 +0.500		  80.0	 8	35.9113	3.583	160.04	 0.14	 11.256	11.112	  0.79	 4.15	0.0439	0.0307	0.0063	0.0674	0.0189	0.0058	0.0062	0.0034	0.0549		0.0059	0.0042		0.0228		0.1012	0.0477	0.1489	0.0281	0.0000		0.0719	0.1666	0.2385	0.0084		17.6170				
PIRATA-FR35	st036c01	B	2025-03-29T00:38:20z	 -23.000	 +0.500		 100.0	 7	35.5511	3.394	151.60	 0.03	 15.327	15.301	  1.05	 5.72	0.0177	0.0118		0.0229	0.0086	0.0037			0.0300		0.0028			0.0063		0.0337	0.0124	0.0461	0.0093	0.0000		0.0176	0.0485	0.0661	0.0074		15.0920	7.7640	25.0000	2344.2080	
PIRATA-FR35	st036c01	B	2025-03-29T00:38:20z	 -23.000	 +0.500		 151.0	 6	35.4712	3.001	134.01	 0.02	 18.218	18.203	  1.20	 6.71																											14.4850	7.7190	25.0000	2336.6290	
PIRATA-FR35	st036c01	B	2025-03-29T00:38:20z	 -23.000	 +0.500		 200.0	 5	35.3986	2.464	110.04	 0.02	 21.834	21.818	  1.39	 8.01																											14.0640	7.6680	25.0000	2336.9340	
PIRATA-FR35	st036c01	B	2025-03-29T00:38:20z	 -23.000	 +0.500		 300.0	 4	34.9376	2.958	132.10	 0.02	 25.741	25.721	  1.64	11.92																											10.3380	7.6230	25.0000	2311.7130	
PIRATA-FR35	st036c01	B	2025-03-29T00:38:20z	 -23.000	 +0.500		 300.0	 3																																			10.3370				
PIRATA-FR35	st036c01	B	2025-03-29T00:38:20z	 -23.000	 +0.500		 400.0	 2	34.7662	2.438	108.88	 0.02	 32.067	32.045	  2.01	16.67																											8.5790	7.5420	25.0000	2304.4570	
PIRATA-FR35	st036c01	B	2025-03-29T00:38:20z	 -23.000	 +0.500		 499.0	 1	34.6202	3.029	135.28	 0.02	 32.343	32.320	  2.09	20.27																											7.1190	7.5580	25.0000	2303.2930	
PIRATA-FR35	st037c01	B	2025-03-29T04:20:08z	 -22.999	 +1.001		   3.0	14	35.4113	4.517	201.74	 0.00	  0.039	0.035	  0.02	 0.76	0.0095	0.0125	0.0050	0.0086	0.0077	0.0024		0.0051	0.0265	0.0057	0.0067			0.0752		0.0092	0.0102	0.0194	0.0169	0.0000		0.0649	0.0758	0.1407	0.0069		28.9770	8.0680	25.0000	2330.7500	
PIRATA-FR35	st037c01	B	2025-03-29T04:20:08z	 -22.999	 +1.001		  20.0	13	35.5072	4.596	205.27	 0.01	  0.036	0.024	  0.02	 0.75	0.0112	0.0146	0.0061	0.0110	0.0077	0.0026		0.0046	0.0321	0.0046	0.0087		0.0017	0.0809		0.0095	0.0121	0.0216	0.0000	0.0215	0.0056	0.0722	0.1176	0.1898	0.0030		28.7880	8.0500	25.0000	2358.7930	
PIRATA-FR35	st037c01	B	2025-03-29T04:20:08z	 -22.999	 +1.001		  40.0	12	35.9045	4.620	206.33	 0.01	  0.043	0.033	  0.03	 0.94	0.0167	0.0200	0.0107	0.0133	0.0087	0.0043		0.0046	0.0526	0.0051	0.0093	0.0040		0.0728		0.0125	0.0192	0.0317	0.0228	0.0000		0.0897	0.1327	0.2224	0.0033		27.5700	7.8840	25.0000	2375.6370	
PIRATA-FR35	st037c01	B	2025-03-29T04:20:08z	 -22.999	 +1.001		  40.0	11																																			27.5710				
PIRATA-FR35	st037c01	B	2025-03-29T04:20:08z	 -22.999	 +1.001		  60.0	10	36.0786	3.593	160.47	 0.28	  7.021	6.745	  0.51	 2.99	0.0609	0.0480	0.0108	0.0886	0.0260	0.0118	0.0190	0.0095	0.0871	0.0059	0.0126		0.0018	0.0659	0.0023	0.0567	0.1275	0.1842	0.0403	0.0000	0.0038	0.1126	0.3280	0.4406	0.0069		20.7250	7.7660	25.0000	2357.3820	
PIRATA-FR35	st037c01	B	2025-03-29T04:20:08z	 -22.999	 +1.001		  79.0	 9	35.7862	2.939	131.26	 0.06	 15.494	15.431	  1.03	 5.20	0.0545	0.0360	0.0055	0.0827	0.0243	0.0070	0.0061	0.0025	0.0713	0.0015	0.0086	0.0026	0.0013	0.0343		0.1129	0.0418	0.1547	0.0359	0.0000		0.0899	0.2103	0.3002	0.0120		16.9360				
PIRATA-FR35	st037c01	B	2025-03-29T04:20:08z	 -22.999	 +1.001		 100.0	 8	35.5673	2.418	107.97	 0.02	 20.182	20.160	  1.30	 6.88	0.0149	0.0087		0.0128	0.0067	0.0031			0.0237	0.0013	0.0026			0.0039		0.0128	0.0095	0.0223	0.0061	0.0000		0.0075	0.0418	0.0493	0.0078		15.1910	7.6920	25.0000	2343.7690	
PIRATA-FR35	st037c01	B	2025-03-29T04:20:08z	 -22.999	 +1.001		 150.0	 7	35.4493	2.737	122.26	 0.02	 19.872	19.849	  1.28	 7.22																											14.3180	7.6970	25.0000	2336.4640	
PIRATA-FR35	st037c01	B	2025-03-29T04:20:08z	 -22.999	 +1.001		 201.0	 6	35.3743	2.287	102.14	 0.02	 22.972	22.952	  1.45	 8.45																											13.7300	7.6470	25.0000	2330.7460	
PIRATA-FR35	st037c01	B	2025-03-29T04:20:08z	 -22.999	 +1.001		 301.0	 5	35.0066	3.019	134.84	 0.01	 24.356	24.341	  1.56	10.99																											10.9680	7.6380	25.0000	2318.3070	
PIRATA-FR35	st037c01	B	2025-03-29T04:20:08z	 -22.999	 +1.001		 399.0	 4	34.7763	2.531	113.04	 0.01	 31.357	31.342	  1.96	16.20																											8.7250	7.5520	25.0000	2308.7690	
PIRATA-FR35	st037c01	B	2025-03-29T04:20:08z	 -22.999	 +1.001		 398.0	 3																																			8.7290				
PIRATA-FR35	st037c01	B	2025-03-29T04:20:08z	 -22.999	 +1.001		 500.0	 2	34.6255	3.022	134.97	 0.01	 32.469	32.455	  2.07	20.03																											7.2000	7.5560	25.0000	2305.9010	
PIRATA-FR35	st037c01	B	2025-03-29T04:20:08z	 -22.999	 +1.001		 500.0	 1	34.6270	2.988	133.45	 0.01	 32.349	32.335	  2.07	20.02																											7.2030	7.5570	25.0000	2306.7460	
PIRATA-FR35	st038c01	B	2025-03-29T08:03:43z	 -23.002	 +1.502		   2.0	13	35.0961	4.516	201.67	 0.00	  0.031	0.028	  0.02	 0.75	0.0072	0.0082	0.0047	0.0078	0.0073	0.0022		0.0030	0.0207	0.0065	0.0048	0.0017	0.0027	0.0853		0.0043	0.0080	0.0123	0.0174	0.0000		0.0489	0.0811	0.1300	0.0040		29.0300	8.0760	25.0000	2298.6790	
PIRATA-FR35	st038c01	B	2025-03-29T08:03:43z	 -23.002	 +1.502		  20.0	12	35.3639	4.581	204.60	 0.01	 -0.010	-0.017	  0.02	 0.75	0.0089	0.0120	0.0133	0.0098	0.0067	0.0036		0.0030	0.0270	0.0040	0.0056		0.0016	0.0773	0.0022	0.0047	0.0149	0.0196	0.0171	0.0000		0.0464	0.1105	0.1569	0.0042		28.8010	8.0700	25.0000	2315.7410	
PIRATA-FR35	st038c01	B	2025-03-29T08:03:43z	 -23.002	 +1.502		  50.0	11																																			22.2230				
PIRATA-FR35	st038c01	B	2025-03-29T08:03:43z	 -23.002	 +1.502		  60.0	10	35.8210	2.636	117.72	 0.09	 14.418	14.328	  0.93	 4.18	0.1032	0.0825	0.0089	0.1077	0.0471	0.0319	0.0179	0.0105	0.1357	0.0026	0.0135	0.0325	0.0017	0.0595	0.0019	0.1396	0.1836	0.3232	0.0602	0.0000	0.0127	0.1442	0.5597	0.7039	0.0109		18.5380	7.7650	25.0000	2354.1410	
PIRATA-FR35	st038c01	B	2025-03-29T08:03:43z	 -23.002	 +1.502		  81.0	 9	35.6798	2.312	103.27	 0.03	 19.410	19.379	  1.27	 6.21	0.0548	0.0261	0.0033	0.0565	0.0249	0.0086	0.0048	0.0035	0.0725		0.0062	0.0036		0.0154		0.1247	0.0343	0.1590	0.0314	0.0000		0.0698	0.1889	0.2587	0.0073		16.1950				
PIRATA-FR35	st038c01	B	2025-03-29T08:03:43z	 -23.002	 +1.502		 101.0	 8	35.6068	2.389	106.69	 0.02	 19.803	19.781	  1.29	 6.71	0.0130	0.0076	0.0018	0.0097	0.0044	0.0030	0.0029	0.0025	0.0287	0.0039	0.0028			0.0016		0.0158	0.0084	0.0242	0.0047	0.0000		0.0085	0.0450	0.0535	0.0040		15.5000	7.6960	25.0000	2339.2840	
PIRATA-FR35	st038c01	B	2025-03-29T08:03:43z	 -23.002	 +1.502		 151.0	 7	35.5220	2.470	110.29	 0.01	 20.215	20.201	  1.32	 7.12																											14.8600	7.6900	25.0000	2337.2540	
PIRATA-FR35	st038c01	B	2025-03-29T08:03:43z	 -23.002	 +1.502		 201.0	 6	35.4051	2.464	110.04	 0.01	 21.586	21.573	  1.39	 7.91																											13.9990	7.6670	25.0000	2332.2110	
PIRATA-FR35	st038c01	B	2025-03-29T08:03:43z	 -23.002	 +1.502		 301.0	 5	35.1048	2.551	113.94	 0.01	 25.347	25.335	  1.61	10.84																											11.5960	7.6220	25.0000	2318.8580	
PIRATA-FR35	st038c01	B	2025-03-29T08:03:43z	 -23.002	 +1.502		 401.0	 4		2.747	122.66	 0.01	 30.650	30.635	  1.96	16.51																											8.4840	7.5670	25.0000	2311.6530	
PIRATA-FR35	st038c01	B	2025-03-29T08:03:43z	 -23.002	 +1.502		 400.0	 3	34.7589																																		8.4900				
PIRATA-FR35	st038c01	B	2025-03-29T08:03:43z	 -23.002	 +1.502		 400.0	 2	34.7424	2.749	122.79	 0.02	 32.237	32.220	  2.07	20.26																											8.4990	7.5660	25.0000	2312.5860	
PIRATA-FR35	st038c01	B	2025-03-29T08:03:43z	 -23.002	 +1.502		 500.0	 1	34.5905	3.178	141.94	 0.02	 32.885	32.866	  2.11	21.57																											6.7620	7.5580	25.0000	2302.1410	
PIRATA-FR35	st039c01	B	2025-03-29T13:16:11z	 -23.001	 +2.001		   4.0	14	34.6425	4.503	201.10	 0.01	  0.174	0.163	  0.01	 0.68	0.0065	0.0091	0.0057	0.0051	0.0056	0.0022		0.0035	0.0223	0.0047	0.0121		0.0039	0.1127		0.0063	0.0088	0.0151	0.0188	0.0000		0.0714	0.0877	0.1591	0.0042		29.0020	8.0860	25.0000	2271.0310	
PIRATA-FR35	st039c01	B	2025-03-29T13:16:11z	 -23.001	 +2.001		  21.0	13	35.3423	4.659	208.07	 0.01	  0.037	0.027	  0.01	 0.72	0.0129	0.0206	0.0174	0.0106	0.0085	0.0034		0.0026	0.0442	0.0030	0.0192	0.0024	0.0024	0.1363		0.0119	0.0192	0.0311	0.0307	0.0000		0.1075	0.1732	0.2807	0.0050		28.7970	8.0800	25.0000	2317.7650	
PIRATA-FR35	st039c01	B	2025-03-29T13:16:11z	 -23.001	 +2.001		  40.0	12	35.8623	4.486	200.32	 0.01	  0.012	0.004	  0.03	 1.05	0.0260	0.0337	0.0207	0.0202	0.0120	0.0053	0.0007	0.0043	0.0857	0.0048	0.0156	0.0050	0.0067	0.1328		0.0228	0.0376	0.0604	0.0449	0.0000		0.1613	0.2648	0.4261	0.0062		26.8000	8.0290	25.0000	2358.5080	
PIRATA-FR35	st039c01	B	2025-03-29T13:16:11z	 -23.001	 +2.001		  40.0	11																																			26.7940				
PIRATA-FR35	st039c01	B	2025-03-29T13:16:11z	 -23.001	 +2.001		  60.0	10	35.8425	2.667	119.11	 0.14	 12.889	12.752	  0.82	 4.04	0.0992	0.0719	0.0081	0.1064	0.0498	0.0321	0.0216	0.0156	0.1861	0.0067	0.0198	0.0170		0.0610	0.0088	0.1650	0.1944	0.3594	0.0660	0.0000	0.0193	0.1366	0.4948	0.6314	0.0101		20.3210	7.7770	25.0000	2359.7740	
PIRATA-FR35	st039c01	B	2025-03-29T13:16:11z	 -23.001	 +2.001		  80.0	 9	35.6867	2.385	106.54	 0.03	 19.084	19.053	  1.23	 6.02	0.0373	0.0219	0.0038	0.0437	0.0224	0.0081	0.0096	0.0076	0.0621	0.0062	0.0113	0.0066	0.0028	0.0195		0.1314	0.0339	0.1653	0.0322	0.0000		0.0616	0.1368	0.1984	0.0095		16.2730				
PIRATA-FR35	st039c01	B	2025-03-29T13:16:11z	 -23.001	 +2.001		 100.0	 8	35.6380	2.387	106.58	 0.02	 19.628	19.612	  1.26	 6.42	0.0170	0.0086		0.0169	0.0084	0.0023	0.0014		0.0252		0.0022			0.0036		0.0447	0.0158	0.0605	0.0115	0.0000		0.0208	0.0585	0.0793	0.0057		15.7820	7.7010	25.0000	2346.2630	
PIRATA-FR35	st039c01	B	2025-03-29T13:16:11z	 -23.001	 +2.001		 150.0	 7	35.5241	2.336	104.31	 0.01	 21.019	21.004	  1.34	 7.18																											14.8900	7.6790	25.0000	2339.8700	
PIRATA-FR35	st039c01	B	2025-03-29T13:16:11z	 -23.001	 +2.001		 200.0	 6	35.4342	2.444	109.13	 0.02	 21.402	21.380	  1.36	 7.64																											14.2390	7.6710	25.0000	2334.6230	
PIRATA-FR35	st039c01	B	2025-03-29T13:16:11z	 -23.001	 +2.001		 300.0	 5	35.0279	1.930	 86.21	 0.02	 29.918	29.902	  1.83	13.04																											10.7610	7.5550	25.0000	2312.5690	
PIRATA-FR35	st039c01	B	2025-03-29T13:16:11z	 -23.001	 +2.001		 300.0	 4	35.0256	1.929	 86.13	 0.02	 30.057	30.039	  1.83	13.07																											10.6490	7.5530	25.0000	2314.4630	
PIRATA-FR35	st039c01	B	2025-03-29T13:16:11z	 -23.001	 +2.001		 300.0	 3																																			10.6100				
PIRATA-FR35	st039c01	B	2025-03-29T13:16:11z	 -23.001	 +2.001		 400.0	 2	34.7771	2.561	114.36	 0.01	 31.454	31.441	  1.96	16.65																											8.5580	7.5540	25.0000	2305.4600	
PIRATA-FR35	st039c01	B	2025-03-29T13:16:11z	 -23.001	 +2.001		 500.0	 1	34.6001	3.089	137.95	 0.01	 33.003	32.989	  2.10	21.75																											6.7350	7.5570	25.0000	2301.6180	
