//ODV Spreadsheet file : /media/irdcampagnes/PIRATA/PIRATA-FR31/data-final/CHIMIE/PIRATAFR31_CHIMIE_odv.txt
//Data treated : 2024-04-09T11:57:42
//<InstrumentType>Chemical bottle analysis</InstrumentType>
//<Source>/media/irdcampagnes/PIRATA/PIRATA-FR31/data-final/CHIMIE/PIRATAFR31_CHIMIE.xlsx</Sources>
//<DataType>Bottles</DataType>
//<Creator>Pierre.Rousselot@ird.fr</Creator>
//
Cruise	Station	Type	yyyy-mm-ddThh:mm:ss	Longitude [degrees_east]	Latitude [degrees_north]	Bot. Depth [m]	DEPTH [m]	Bottle nb	PSAL [Psu]	DOX1 [ml/l]	DOX2 [micromole/kg]	NTIW [micromole/kg]	NTAW+NTIW [micromole/kg]	NTAW [micromole/kg]	PHOW [micromole/kg]	SLCW [micromole/kg]	CHC3 [microgramme/l]	CHCZ [microgramme/l]	PERP [microgramme/l]	BFUP [microgramme/l]	FUCP [microgramme/l]	NEXW [microgramme/l]	PXAP [microgramme/l]	VIOW [microgramme/l]	HFUP [microgramme/l]	DXAP [microgramme/l]	AXAP [microgramme/l]	TXAP [microgramme/l]	ZXAP [microgramme/l]	LUTW [microgramme/l]	CHBD [microgramme/l]	CH2P [microgramme/l]	CHLB [microgramme/l]	AACP [microgramme/l]	BBCP [microgramme/l]	PHEP [microgramme/l]	CHAD [microgramme/l]	CH1P [microgramme/l]	CPHL [microgramme/l]	PHEA [microgramme/l]	CXAP [microgramme/l]	ATXA [microgramme/l]	TEMP [°C]	PHPH [pH unit]	PHTP [°C]	ALKY [micromole/kg]
PIRATA-FR31	st01c01	B	2021-03-04T15:49:06z	 -20.125	+13.501		2002.0	20	34.9700	5.290	230.01	 0.01	 22.526	22.518	  1.44	25.44																															
PIRATA-FR31	st01c01	B	2021-03-04T15:49:06z	 -20.125	+13.501		2002.0	19	34.9660	5.283	229.73	 0.01	 22.527	22.518	  1.47	25.47																															
PIRATA-FR31	st01c01	B	2021-03-04T15:49:06z	 -20.125	+13.501		2003.0	18	34.9670	4.690	203.91	 0.00	 22.544	22.540	  1.44	25.54																															
PIRATA-FR31	st01c01	B	2021-03-04T15:49:06z	 -20.125	+13.501		2003.0	17	34.9700	5.290	230.00	 0.01	 22.554	22.547	  1.46	25.50																															
PIRATA-FR31	st01c01	B	2021-03-04T15:49:06z	 -20.125	+13.501		2003.0	16	34.9690	5.288	229.90	 0.01	 22.563	22.554	  1.46	25.56																															
PIRATA-FR31	st01c01	B	2021-03-04T15:49:06z	 -20.125	+13.501		2002.0	15	34.9690	5.290	229.98	 0.01	 22.452	22.445	  1.45	25.51																															
PIRATA-FR31	st01c01	B	2021-03-04T15:49:06z	 -20.125	+13.501		2002.0	14	34.9700	5.294	230.17	 0.01	 22.409	22.398	  1.46	25.55																															
PIRATA-FR31	st01c01	B	2021-03-04T15:49:06z	 -20.125	+13.501		2002.0	13	34.9680	5.291	230.03	 0.01	 22.363	22.352	  1.45	25.46																															
PIRATA-FR31	st01c01	B	2021-03-04T15:49:06z	 -20.125	+13.501		2002.0	12	34.9670	5.289	229.93	 0.01	 22.335	22.330	  1.45	25.38																															
PIRATA-FR31	st01c01	B	2021-03-04T15:49:06z	 -20.125	+13.501		2002.0	11	34.9670			 0.01	 22.432	22.427	  1.46	25.46																															
PIRATA-FR31	st01c01	B	2021-03-04T15:49:06z	 -20.125	+13.501		2002.0	10	34.9690	5.298	230.32	 0.01	 22.260	22.255	  1.45	25.41																															
PIRATA-FR31	st01c01	B	2021-03-04T15:49:06z	 -20.125	+13.501		2002.0	 9	34.9680	5.290	229.97	 0.00	 22.274	22.269	  1.46	25.42																															
PIRATA-FR31	st01c01	B	2021-03-04T15:49:06z	 -20.125	+13.501		2002.0	 8	34.9690	5.295	230.18	 0.01	 22.281	22.275	  1.45	25.46																															
PIRATA-FR31	st01c01	B	2021-03-04T15:49:06z	 -20.125	+13.501		2002.0	 7	34.9710	5.303	230.54	 0.01	 22.225	22.215	  1.46	25.42																															
PIRATA-FR31	st01c01	B	2021-03-04T15:49:06z	 -20.125	+13.501		2002.0	 6	34.9680	5.318	231.15	 0.01	 22.202	22.194	  1.46	25.44																															
PIRATA-FR31	st01c01	B	2021-03-04T15:49:06z	 -20.125	+13.501		2002.0	 5	34.9680	5.292	230.04	 0.01	 22.164	22.150	  1.46	25.40																															
PIRATA-FR31	st01c01	B	2021-03-04T15:49:06z	 -20.125	+13.501		2001.0	 4	34.9690	5.293	230.08	 0.01	 22.243	22.235	  1.47	25.41																															
PIRATA-FR31	st01c01	B	2021-03-04T15:49:06z	 -20.125	+13.501		2001.0	 3	34.9670	5.291	229.96	 0.01			  1.48	25.51																															
PIRATA-FR31	st01c01	B	2021-03-04T15:49:06z	 -20.125	+13.501		2001.0	 2	34.9720	5.296	230.15	 0.01	 22.195	22.187	  1.48	25.53																															
PIRATA-FR31	st01c01	B	2021-03-04T15:49:06z	 -20.125	+13.501		2001.0	 1	34.9720	5.294	230.09	 0.01	 22.145	22.137	  1.49	25.49																															
PIRATA-FR31	st01c01	B	2021-03-04T15:49:06z	 -20.125	+13.501																																										
PIRATA-FR31	st02c01	B	2021-03-05T20:34:53z	 -20.064	 +8.999		   3.0	19	35.7038	4.672	203.78	 0.01	 -0.004	-0.011	 -0.00	 1.00	0.0058	0.0082	0.0048	0.0064	0.0095				0.0266	0.0096			0.1275		0.0173	0.0122	0.0295		0.0179		0.0615	0.0965	0.1580								
PIRATA-FR31	st02c01	B	2021-03-05T20:34:53z	 -20.064	 +8.999		   5.0	18				 0.01	  0.009	0.002	  0.00	 0.96	0.0051	0.0077	0.0052	0.0056	0.0065				0.0229	0.0083			0.1109		0.0155	0.0122	0.0277	0.0162			0.0542	0.0912	0.1454								
PIRATA-FR31	st02c01	B	2021-03-05T20:34:53z	 -20.064	 +8.999		  11.0	17	35.7038	4.673	203.84	 0.00	  0.014	0.010	  0.05	 1.04	0.0054	0.0079	0.0048	0.0055	0.0069				0.0238	0.0088			0.1177		0.0122	0.0107	0.0229	0.0123			0.0608	0.0906	0.1514								
PIRATA-FR31	st02c01	B	2021-03-05T20:34:53z	 -20.064	 +8.999		  21.0	16	35.8066	4.414	192.43	 0.01	  0.041	0.032	  0.01	 1.02	0.0679	0.0664	0.0133	0.0441	0.1063	0.0086	0.0197	0.0055	0.1550	0.0228	0.0034	0.0016	0.0567			0.1179	0.1179		0.0280		0.0422	0.5388	0.5810								
PIRATA-FR31	st02c01	B	2021-03-05T20:34:53z	 -20.064	 +8.999		  30.0	15				 0.24	 11.445	11.203	  0.65	 4.02	0.0620	0.0517	0.0122	0.0624	0.0576	0.0138	0.0312	0.0073	0.0946	0.0141	0.0084	0.0009	0.0498		0.0523	0.1924	0.2447	0.0280			0.0571	0.4404	0.4975								
PIRATA-FR31	st02c01	B	2021-03-05T20:34:53z	 -20.064	 +8.999		  40.0	14	35.7836	2.404	104.67	 0.29	 17.308	17.013	  0.99	 5.11	0.0465	0.0404	0.0066	0.0529	0.0418	0.0114	0.0214	0.0062	0.0539	0.0090	0.0063		0.0474		0.0952	0.1370	0.2322	0.0249			0.0564	0.2851	0.3415								
PIRATA-FR31	st02c01	B	2021-03-05T20:34:53z	 -20.064	 +8.999		  50.0	13				 0.24	 19.116	18.872	  1.12	 5.57	0.0579	0.0414	0.0067	0.0601	0.0505	0.0081	0.0157	0.0040	0.0671	0.0090	0.0039	0.0197	0.0485		0.1492	0.1004	0.2496	0.0258			0.0582	0.2648	0.3230								
PIRATA-FR31	st02c01	B	2021-03-05T20:34:53z	 -20.064	 +8.999		  60.0	12	35.7165	2.083	 90.69	 0.16	 20.593	20.429	  1.22	 5.97	0.0581	0.0394	0.0051	0.0563	0.0490	0.0055	0.0102	0.0020	0.0691	0.0081	0.0027		0.0494		0.2108	0.0728	0.2836	0.0310			0.0808	0.2406	0.3214	0.0077							
PIRATA-FR31	st02c01	B	2021-03-05T20:34:53z	 -20.064	 +8.999		  70.0	11				 0.12	 21.464	21.343	  1.28	 6.43	0.0478	0.0339	0.0063	0.0491	0.0406	0.0036	0.0057	0.0011	0.0667	0.0071	0.0018		0.0372		0.2118	0.0305	0.2423	0.0270			0.0703	0.1961	0.2664	0.0044							
PIRATA-FR31	st02c01	B	2021-03-05T20:34:53z	 -20.064	 +8.999		  80.0	10	35.6268	1.648	 71.76	 0.07	 24.041	23.971	  1.47	 7.14	0.0422	0.0232	0.0053	0.0376	0.0265		0.0033		0.0642	0.0056			0.0227		0.2451	0.0209	0.2660	0.0255			0.0623	0.1473	0.2096	0.0034							
PIRATA-FR31	st02c01	B	2021-03-05T20:34:53z	 -20.064	 +8.999		  94.0	 9				 0.03	 24.741	24.715	  1.51	 7.72	0.0181	0.0085	0.0025	0.0107	0.0078				0.0311	0.0024			0.0024		0.0463	0.0106	0.0569	0.0057			0.0120	0.0544	0.0664	0.0021							
PIRATA-FR31	st02c01	B	2021-03-05T20:34:53z	 -20.064	 +8.999		 101.0	 8	35.5119	1.772	 77.13	 0.02	 24.848	24.828	  1.51	 8.06	0.0094	0.0050		0.0042	0.0036				0.0138	0.0014			0.0015		0.0183	0.0078	0.0261	0.0029			0.0067	0.0269	0.0336								
PIRATA-FR31	st02c01	B	2021-03-05T20:34:53z	 -20.064	 +8.999		 200.0	 7	35.3158	2.031	 88.41	 0.01	 25.798	25.784	  1.55	 9.36																															
PIRATA-FR31	st02c01	B	2021-03-05T20:34:53z	 -20.064	 +8.999		 400.0	 6	35.1795	0.842	 36.62	 0.01	 35.779	35.772	  2.08	14.73																															
PIRATA-FR31	st02c01	B	2021-03-05T20:34:53z	 -20.064	 +8.999		 799.0	 5	34.7174	2.221	 96.63	 0.02	 38.200	38.181	  2.45	26.36																															
PIRATA-FR31	st02c01	B	2021-03-05T20:34:53z	 -20.064	 +8.999		1001.0	 4	34.7616	3.027	131.66	 0.02	 34.908	34.892	  2.23	27.64																															
PIRATA-FR31	st02c01	B	2021-03-05T20:34:53z	 -20.064	 +8.999		1501.0	 3	34.9416	4.764	207.17	 0.01	 25.144	25.131	  1.59	22.69																															
PIRATA-FR31	st02c01	B	2021-03-05T20:34:53z	 -20.064	 +8.999		2000.0	 2	34.9525	5.377	233.81	 0.01	 22.524	22.515	  1.43	25.46																															
PIRATA-FR31	st02c01	B	2021-03-05T20:34:53z	 -20.064	 +8.999		2000.0	 1	34.9530	5.375	233.72	 0.01	 22.546	22.539	  1.43	25.55																															
PIRATA-FR31	st02c01	B	2021-03-05T20:34:53z	 -20.064	 +8.999																																										
PIRATA-FR31	st03c01	B	2021-03-06T03:10:08z	 -19.453	 +8.499		   3.0	20																																							
PIRATA-FR31	st03c01	B	2021-03-06T03:10:08z	 -19.453	 +8.499		   3.0	19																																							
PIRATA-FR31	st03c01	B	2021-03-06T03:10:08z	 -19.453	 +8.499		   3.0	18	35.5338	4.617	201.46	 0.01	 -0.006	-0.014	  0.02	 1.20																															
PIRATA-FR31	st03c01	B	2021-03-06T03:10:08z	 -19.453	 +8.499		   9.0	17				 0.01	  0.003	-0.007	  0.01	 1.19																															
PIRATA-FR31	st03c01	B	2021-03-06T03:10:08z	 -19.453	 +8.499		  14.0	16	35.5853	4.660	203.29	 0.01	 -0.013	-0.022	  0.01	 1.16																															
PIRATA-FR31	st03c01	B	2021-03-06T03:10:08z	 -19.453	 +8.499		  24.0	15	35.7295	4.703	205.14	 0.01	 -0.011	-0.020	  0.00	 1.02																															
PIRATA-FR31	st03c01	B	2021-03-06T03:10:08z	 -19.453	 +8.499		  34.0	14				 0.03	  0.454	0.428	  0.05	 1.68																															
PIRATA-FR31	st03c01	B	2021-03-06T03:10:08z	 -19.453	 +8.499		  43.0	13																																							
PIRATA-FR31	st03c01	B	2021-03-06T03:10:08z	 -19.453	 +8.499		  43.0	12	35.8518	3.610	157.29	 0.21	  5.184	4.978	  0.32	 2.90																															
PIRATA-FR31	st03c01	B	2021-03-06T03:10:08z	 -19.453	 +8.499		  53.0	11				 0.52	 15.108	14.584	  0.87	 4.53																															
PIRATA-FR31	st03c01	B	2021-03-06T03:10:08z	 -19.453	 +8.499		  64.0	10	35.6675	2.017	 87.83	 0.09	 21.428	21.339	  1.27	 6.21																															
PIRATA-FR31	st03c01	B	2021-03-06T03:10:08z	 -19.453	 +8.499		  73.0	 9				 0.06	 23.185	23.130	  1.40	 6.83																															
PIRATA-FR31	st03c01	B	2021-03-06T03:10:08z	 -19.453	 +8.499		  83.0	 8	35.3869	1.654	 72.01	 0.04	 24.336	24.300	  1.50	 7.27																															
PIRATA-FR31	st03c01	B	2021-03-06T03:10:08z	 -19.453	 +8.499		  93.0	 7				 0.03	 25.021	24.994	  1.52	 7.58																															
PIRATA-FR31	st03c01	B	2021-03-06T03:10:08z	 -19.453	 +8.499		 101.0	 6	35.5209	1.721	 74.93	 0.02	 25.039	25.020	  1.52	 7.74																															
PIRATA-FR31	st03c01	B	2021-03-06T03:10:08z	 -19.453	 +8.499		 201.0	 5	35.2918	2.518	109.61	 0.01	 23.695	23.687	  1.47	 8.82																															
PIRATA-FR31	st03c01	B	2021-03-06T03:10:08z	 -19.453	 +8.499		 400.0	 4	35.1360	0.879	 38.24	 0.01	 36.198	36.186	  2.14	15.13																															
PIRATA-FR31	st03c01	B	2021-03-06T03:10:08z	 -19.453	 +8.499		 800.0	 3	34.7050	2.328	101.25	 0.01	 37.706	37.698	  2.44	26.72																															
PIRATA-FR31	st03c01	B	2021-03-06T03:10:08z	 -19.453	 +8.499		 800.0	 2	34.7050	2.315	100.71	 0.02	 37.846	37.826	  2.43	26.80																															
PIRATA-FR31	st03c01	B	2021-03-06T03:10:08z	 -19.453	 +8.499		1000.0	 1	34.7486	3.080	133.98	 0.01	 34.499	34.490	  2.25	27.77																															
PIRATA-FR31	st03c01	B	2021-03-06T03:10:08z	 -19.453	 +8.499																																										
PIRATA-FR31	st04c01	B	2021-03-06T08:44:18z	 -18.848	 +7.998		   3.0	18	35.4933	4.599	200.73	 0.01	 -0.007	-0.017	  0.00	 1.17																															
PIRATA-FR31	st04c01	B	2021-03-06T08:44:18z	 -18.848	 +7.998		   5.0	17				 0.01	 -0.009	-0.016	 -0.00	 1.14	0.0085	0.0102	0.0051	0.0041	0.0043			0.0019	0.0246	0.0136			0.1214		0.0259	0.0095	0.0354	0.0238			0.0935	0.1119	0.2054	0.0032							
PIRATA-FR31	st04c01	B	2021-03-06T08:44:18z	 -18.848	 +7.998		  10.0	16	35.4920	4.598	200.68	 0.01	 -0.020	-0.030	 -0.00	 1.13	0.0092	0.0108	0.0055	0.0047	0.0046			0.0020	0.0268	0.0141		0.0028	0.1266		0.0278	0.0108	0.0386	0.0232			0.0943	0.1010	0.1953	0.0028							
PIRATA-FR31	st04c01	B	2021-03-06T08:44:18z	 -18.848	 +7.998		  20.0	15	35.5139	4.600	200.79	 0.01	 -0.020	-0.029	 -0.00	 1.14	0.0091	0.0106	0.0055	0.0046	0.0051			0.0018	0.0260	0.0128			0.1107		0.0244	0.0114	0.0358	0.0201			0.0860	0.0890	0.1750	0.0029							
PIRATA-FR31	st04c01	B	2021-03-06T08:44:18z	 -18.848	 +7.998		  31.0	14				 0.01	  0.000	-0.013	  0.00	 1.38	0.0097	0.0122	0.0068	0.0053	0.0048			0.0019	0.0299	0.0115			0.1000		0.0244	0.0119	0.0363	0.0201			0.0809	0.1061	0.1870	0.0027							
PIRATA-FR31	st04c01	B	2021-03-06T08:44:18z	 -18.848	 +7.998		  40.0	13									0.0186	0.0223	0.0143	0.0115	0.0079			0.0026	0.0588	0.0145	0.0032		0.1177		0.0463	0.0228	0.0691	0.0293			0.1283	0.1711	0.2994	0.0031							
PIRATA-FR31	st04c01	B	2021-03-06T08:44:18z	 -18.848	 +7.998		  40.0	12	35.9496	4.181	182.24	 0.02	  0.147	0.131	  0.34	 2.03	0.0287	0.0326	0.0236	0.0234	0.0118	0.0029		0.0033	0.0846	0.0161	0.0030		0.1175		0.0560	0.0397	0.0957	0.0361			0.1442	0.2371	0.3813	0.0052							
PIRATA-FR31	st04c01	B	2021-03-06T08:44:18z	 -18.848	 +7.998		  50.0	11				 0.35	  7.622	7.269	  0.45	 3.33	0.0256	0.0307	0.0237	0.0202	0.0104			0.0031	0.0782	0.0162	0.0028		0.1193		0.0660	0.0340	0.1000	0.0351			0.1457	0.2154	0.3611	0.0049							
PIRATA-FR31	st04c01	B	2021-03-06T08:44:18z	 -18.848	 +7.998		  60.0	10	35.7914	2.143	 93.30	 0.22	 17.325	17.101	  1.03	 4.89	0.0747	0.0593	0.0293	0.0774	0.0444	0.0148	0.0152	0.0080	0.1513	0.0206	0.0080		0.0736		0.1626	0.1708	0.3334	0.0445			0.1190	0.4713	0.5903	0.0085							
PIRATA-FR31	st04c01	B	2021-03-06T08:44:18z	 -18.848	 +7.998		  70.0	 9				 0.11	 19.778	19.664	  1.19	 5.51	0.0487	0.0326	0.0100	0.0455	0.0358	0.0099	0.0116	0.0034	0.0706	0.0080	0.0054		0.0347		0.2389	0.0791	0.3180	0.0315			0.0746	0.2277	0.3023	0.0050							
PIRATA-FR31	st04c01	B	2021-03-06T08:44:18z	 -18.848	 +7.998		  80.0	 8	35.6582	1.685	 73.36	 0.05	 23.009	22.954	  1.42	 6.53	0.0422	0.0257	0.0081	0.0369	0.0302	0.0086	0.0074	0.0022	0.0580	0.0066	0.0036		0.0239		0.2181	0.0554	0.2735	0.0270			0.0578	0.1750	0.2328	0.0040							
PIRATA-FR31	st04c01	B	2021-03-06T08:44:18z	 -18.848	 +7.998		  90.0	 7				 0.04	 23.838	23.802	  1.46	 7.00	0.0425	0.0260	0.0082	0.0372	0.0305	0.0087	0.0074	0.0022	0.0585	0.0066	0.0036		0.0241		0.2199	0.0559	0.2758	0.0273			0.0583	0.1765	0.2348	0.0040							
PIRATA-FR31	st04c01	B	2021-03-06T08:44:18z	 -18.848	 +7.998		  99.0	 6	35.5642	1.785	 77.68	 0.03	 23.987	23.959	  1.49	 7.33	0.0290	0.0160	0.0042	0.0280	0.0172	0.0031			0.0434	0.0046			0.0119		0.1762	0.0205	0.1967	0.0186			0.0372	0.0985	0.1357	0.0029							
PIRATA-FR31	st04c01	B	2021-03-06T08:44:18z	 -18.848	 +7.998		 201.0	 5	35.3278	2.222	 96.69	 0.02	 24.460	24.444	  1.52	 8.86	0.0241	0.0125	0.0031	0.0253	0.0142	0.0020			0.0349	0.0029			0.0085		0.1435	0.0136	0.1571	0.0144			0.0274	0.0737	0.1011	0.0025							
PIRATA-FR31	st04c01	B	2021-03-06T08:44:18z	 -18.848	 +7.998		 400.0	 4	35.1193	0.928	 40.38	 0.01	 35.556	35.548	  2.12	14.77																															
PIRATA-FR31	st04c01	B	2021-03-06T08:44:18z	 -18.848	 +7.998		 400.0	 3	35.1179	0.946	 41.14	 0.01	 35.616	35.603	  2.14	14.76																															
PIRATA-FR31	st04c01	B	2021-03-06T08:44:18z	 -18.848	 +7.998		 800.0	 2	34.6568	2.464	107.18	 0.01	 37.546	37.534	  2.47	27.57																															
PIRATA-FR31	st04c01	B	2021-03-06T08:44:18z	 -18.848	 +7.998		1001.0	 1	34.7578	3.017	131.20	 0.01	 34.338	34.332	  2.24	27.57																															
PIRATA-FR31	st04c01	B	2021-03-06T08:44:18z	 -18.848	 +7.998																																										
PIRATA-FR31	st05c01	B	2021-03-08T18:51:29z	 -10.003	 +1.499		   4.0	15																																							
PIRATA-FR31	st05c01	B	2021-03-08T18:51:29z	 -10.003	 +1.499		   4.0	14																																							
PIRATA-FR31	st05c01	B	2021-03-08T18:51:29z	 -10.003	 +1.499		   4.0	13	34.8415	4.503	196.78	-0.00	  0.052	0.054	  0.00	 0.74																															
PIRATA-FR31	st05c01	B	2021-03-08T18:51:29z	 -10.003	 +1.499		  20.0	12	34.8408	4.500	196.63	 0.00	  0.057	0.057	  0.01	 0.69																															
PIRATA-FR31	st05c01	B	2021-03-08T18:51:29z	 -10.003	 +1.499		  40.0	11	34.8680	4.507	196.92	 0.00	  0.062	0.062	  0.01	 0.71																															
PIRATA-FR31	st05c01	B	2021-03-08T18:51:29z	 -10.003	 +1.499		  60.0	10																																							
PIRATA-FR31	st05c01	B	2021-03-08T18:51:29z	 -10.003	 +1.499		  61.0	 9	35.7482	3.078	134.05	 0.27	 13.722	13.454	  0.98	 3.75																															
PIRATA-FR31	st05c01	B	2021-03-08T18:51:29z	 -10.003	 +1.499		  81.0	 8	35.6504	2.860	124.54	 0.10	 17.135	17.036	  1.16	 5.89																															
PIRATA-FR31	st05c01	B	2021-03-08T18:51:29z	 -10.003	 +1.499		 100.0	 7	35.5996	2.903	126.39	 0.03	 17.455	17.423	  1.17	 6.14																															
PIRATA-FR31	st05c01	B	2021-03-08T18:51:29z	 -10.003	 +1.499		 301.0	 6	34.0735	2.042	 88.93	 0.00	 29.281	29.281	  1.81	12.15																															
PIRATA-FR31	st05c01	B	2021-03-08T18:51:29z	 -10.003	 +1.499		 500.0	 5	34.6475	2.704	117.63	-0.00	 34.070	34.070	  2.14	19.96																															
PIRATA-FR31	st05c01	B	2021-03-08T18:51:29z	 -10.003	 +1.499		 500.0	 4	34.6469	2.703	117.60	 0.00	 34.075	34.072	  2.18	20.02																															
PIRATA-FR31	st05c01	B	2021-03-08T18:51:29z	 -10.003	 +1.499		 800.0	 3	34.5169	3.255	141.58	-0.00	 35.571	35.573	  2.35	28.23																															
PIRATA-FR31	st05c01	B	2021-03-08T18:51:29z	 -10.003	 +1.499		1503.0	 2	34.9561	5.131	223.07	 0.00	 22.611	22.611	  1.47	19.00																															
PIRATA-FR31	st05c01	B	2021-03-08T18:51:29z	 -10.003	 +1.499		2001.0	 1	34.9625	5.643	245.29	 0.00	 20.395	20.394	  1.32	21.35																															
PIRATA-FR31	st05c01	B	2021-03-08T18:51:29z	 -10.003	 +1.499																																										
PIRATA-FR31	st06c01	B	2021-03-08T23:37:19z	 -10.004	 +1.000		   4.0	12	34.7913	4.482	195.81	-0.00	  0.076	0.077	  0.03	 0.72	0.0062	0.0064	0.0038	0.0034	0.0048				0.0142	0.0041			0.1132		0.0140	0.0064	0.0204	0.0141			0.0585	0.0472	0.1057								
PIRATA-FR31	st06c01	B	2021-03-08T23:37:19z	 -10.004	 +1.000		  20.0	11	34.7929	4.478	195.63	-0.00	  0.066	0.071	  0.03	 0.75	0.0058	0.0059	0.0033	0.0032	0.0046				0.0131	0.0034			0.1062		0.0121	0.0060	0.0181	0.0128			0.0536	0.0436	0.0972								
PIRATA-FR31	st06c01	B	2021-03-08T23:37:19z	 -10.004	 +1.000		  40.0	10	35.5631	4.686	204.43	 0.00	  0.073	0.073	  0.08	 0.91	0.0273	0.0270	0.0108	0.0163	0.0258	0.0028	0.0077	0.0040	0.0599	0.0124	0.0064	0.0011	0.1268		0.0292	0.0316	0.0608	0.0302			0.1089	0.2250	0.3339	0.0026							
PIRATA-FR31	st06c01	B	2021-03-08T23:37:19z	 -10.004	 +1.000		  61.0	 9	35.7853	3.106	135.30	 0.18	 11.925	11.741	  0.90	 3.89	0.2589	0.1613	0.0147	0.1276	0.4547	0.0058	0.0200	0.0034	0.1382	0.0320	0.0081		0.0577		0.1425	0.1051	0.2476	0.0478		0.0399	0.1318	1.0275	1.1593	0.0164							
PIRATA-FR31	st06c01	B	2021-03-08T23:37:19z	 -10.004	 +1.000		  80.0	 8	35.6754	2.820	122.81	 0.14	 17.062	16.920	  1.14	 5.62	0.0418	0.0216	0.0035	0.0397	0.0351	0.0040	0.0050	0.0016	0.0473	0.0056	0.0024		0.0219		0.2091	0.0254	0.2345	0.0252			0.0629	0.1530	0.2159								
PIRATA-FR31	st06c01	B	2021-03-08T23:37:19z	 -10.004	 +1.000		 101.0	 7	35.5937	2.757	120.06	 0.04	 18.469	18.429	  1.24	 6.41	0.0226	0.0111	0.0022	0.0230	0.0139		0.0019		0.0274	0.0023			0.0068		0.1509	0.0105	0.1614	0.0156			0.0331	0.0671	0.1002								
PIRATA-FR31	st06c01	B	2021-03-08T23:37:19z	 -10.004	 +1.000		 302.0	 6	35.0052	2.241	 97.57	 0.00	 28.880	28.880	  1.80	12.34																															
PIRATA-FR31	st06c01	B	2021-03-08T23:37:19z	 -10.004	 +1.000		 302.0	 5	35.0040	2.249	 97.89	 0.00	 28.950	28.948	  1.80	12.30																															
PIRATA-FR31	st06c01	B	2021-03-08T23:37:19z	 -10.004	 +1.000		 500.0	 4	34.6128	2.936	127.78	 0.00	 33.718	33.718	  2.15	20.54																															
PIRATA-FR31	st06c01	B	2021-03-08T23:37:19z	 -10.004	 +1.000		 801.0	 3	34.5172	3.332	144.98	-0.00	 35.633	35.636	  2.36	29.31																															
PIRATA-FR31	st06c01	B	2021-03-08T23:37:19z	 -10.004	 +1.000		1502.0	 2	34.9466	5.015	218.11	-0.00	 23.385	23.388	  1.52	19.70																															
PIRATA-FR31	st06c01	B	2021-03-08T23:37:19z	 -10.004	 +1.000		1999.0	 1	34.9629	5.673	246.71	-0.00	 20.556	20.561	  1.34	21.91																															
PIRATA-FR31	st06c01	B	2021-03-08T23:37:19z	 -10.004	 +1.000																																										
PIRATA-FR31	st07c01	B	2021-03-09T04:25:16z	 -10.002	 +0.499		   3.0	15																																							
PIRATA-FR31	st07c01	B	2021-03-09T04:25:16z	 -10.002	 +0.499		   3.0	14																																							
PIRATA-FR31	st07c01	B	2021-03-09T04:25:16z	 -10.002	 +0.499		   4.0	13	34.9035	4.474	195.48	 0.04	  0.046	0.011	  0.01	 0.69																															
PIRATA-FR31	st07c01	B	2021-03-09T04:25:16z	 -10.002	 +0.499		  23.0	12	34.9084	4.473	195.40	-0.00	  0.060	0.062	  0.02	 0.68																															
PIRATA-FR31	st07c01	B	2021-03-09T04:25:16z	 -10.002	 +0.499		  43.0	11	35.8461	3.918	170.77	 0.08	  3.693	3.609	  0.34	 2.45																															
PIRATA-FR31	st07c01	B	2021-03-09T04:25:16z	 -10.002	 +0.499		  63.0	10																																							
PIRATA-FR31	st07c01	B	2021-03-09T04:25:16z	 -10.002	 +0.499		  63.0	 9	35.7153	3.029	131.87	 0.11	 15.367	15.261	  1.04	 5.24																															
PIRATA-FR31	st07c01	B	2021-03-09T04:25:16z	 -10.002	 +0.499		  82.0	 8	35.6532	3.141	136.77	 0.05	 15.571	15.525	  1.07	 5.47																															
PIRATA-FR31	st07c01	B	2021-03-09T04:25:16z	 -10.002	 +0.499		 101.0	 7	35.5806	3.312	144.18	 0.03	 15.384	15.354	  1.06	 5.59																															
PIRATA-FR31	st07c01	B	2021-03-09T04:25:16z	 -10.002	 +0.499		 101.0	 6	35.5809	3.311	144.13	 0.03	 15.304	15.277	  1.07	 5.63																															
PIRATA-FR31	st07c01	B	2021-03-09T04:25:16z	 -10.002	 +0.499		 300.0	 5	34.9199	2.050	 89.20	 0.00	 31.337	31.337	  1.95	13.89																															
PIRATA-FR31	st07c01	B	2021-03-09T04:25:16z	 -10.002	 +0.499		 500.0	 4	34.6165	2.979	129.61	-0.00	 33.042	33.044	  2.14	19.77																															
PIRATA-FR31	st07c01	B	2021-03-09T04:25:16z	 -10.002	 +0.499		 801.0	 3	34.5225	3.385	147.24	-0.00	 35.154	35.156	  2.35	29.88																															
PIRATA-FR31	st07c01	B	2021-03-09T04:25:16z	 -10.002	 +0.499		1500.0	 2	34.9476	5.024	218.42	-0.00	 23.195	23.200	  1.52	19.50																															
PIRATA-FR31	st07c01	B	2021-03-09T04:25:16z	 -10.002	 +0.499		2001.0	 1	34.9628	5.668	246.42	-0.00	 20.439	20.441	  1.33	21.48																															
PIRATA-FR31	st07c01	B	2021-03-09T04:25:16z	 -10.002	 +0.499																																										
PIRATA-FR31	st08c01	B	2021-03-09T19:25:36z	  -9.872	 +0.006		   3.0	12	35.1312	4.503	196.69	-0.00	  0.067	0.071	  0.01	 0.69	0.0067	0.0088	0.0078	0.0050	0.0064			0.0020	0.0166	0.0067			0.1683		0.0107	0.0035	0.0142	0.0180			0.0684	0.0669	0.1353								
PIRATA-FR31	st08c01	B	2021-03-09T19:25:36z	  -9.872	 +0.006		  20.0	11	35.2244	4.592	200.52	 0.00	  0.067	0.063	  0.03	 0.73	0.0158	0.0163	0.0120	0.0088	0.0214		0.0029	0.0076	0.0301	0.0104			0.1796			0.0118	0.0118	0.0252			0.0854	0.1519	0.2373								
PIRATA-FR31	st08c01	B	2021-03-09T19:25:36z	  -9.872	 +0.006		  40.0	10	35.9321	3.435	149.65	 0.29	  8.556	8.271	  0.62	 3.46	0.1242	0.0904	0.0079	0.0888	0.2015		0.0267	0.0055	0.1095	0.0167			0.0502		0.1900	0.1742	0.3642	0.0429			0.1085	0.5823	0.6908	0.0218							
PIRATA-FR31	st08c01	B	2021-03-09T19:25:36z	  -9.872	 +0.006		  62.0	 9	35.8293	3.552	154.65	 0.15	 11.534	11.385	  0.83	 4.28	0.0461	0.0276	0.0032	0.0421	0.0476		0.0043	0.0013	0.0510	0.0053			0.0208		0.2699	0.0197	0.2896	0.0283			0.0699	0.1580	0.2279	0.0117							
PIRATA-FR31	st08c01	B	2021-03-09T19:25:36z	  -9.872	 +0.006		  81.0	 8	35.7480	3.681	160.28	 0.08	 11.598	11.523	  0.87	 4.41																															
PIRATA-FR31	st08c01	B	2021-03-09T19:25:36z	  -9.872	 +0.006		  80.0	 7	35.7493	3.689	160.62	 0.07	 11.571	11.498	  0.85	 4.33	0.0313	0.0174	0.0022	0.0320	0.0216		0.0027			0.0037			0.0102		0.1561	0.0108	0.1669	0.0158			0.0381	0.0975	0.1356	0.0091							
PIRATA-FR31	st08c01	B	2021-03-09T19:25:36z	  -9.872	 +0.006		 100.0	 6	35.6467	3.424	149.07	 0.04	 14.008	13.971	  0.99	 5.13	0.0245	0.0133		0.0262	0.0147		0.0023		0.0326	0.0025			0.0065		0.0882	0.0209	0.1091	0.0115			0.0249	0.0729	0.0978	0.0036							
PIRATA-FR31	st08c01	B	2021-03-09T19:25:36z	  -9.872	 +0.006		 300.0	 5	35.0613	1.785	 77.69	 0.00	 30.250	30.245	  1.88	12.25																															
PIRATA-FR31	st08c01	B	2021-03-09T19:25:36z	  -9.872	 +0.006		 501.0	 4	34.6735	2.744	119.37	 0.00	 33.019	33.017	  2.09	18.20																															
PIRATA-FR31	st08c01	B	2021-03-09T19:25:36z	  -9.872	 +0.006		 800.0	 3	34.5234	3.405	148.07	 0.00	 35.331	35.326	  2.35	30.10																															
PIRATA-FR31	st08c01	B	2021-03-09T19:25:36z	  -9.872	 +0.006		1500.0	 2	34.9481	5.037	218.98	-0.00	 23.042	23.043	  1.49	19.37																															
PIRATA-FR31	st08c01	B	2021-03-09T19:25:36z	  -9.872	 +0.006		2001.0	 1	34.9621	5.676	246.70	 0.00	 20.247	20.247	  1.33	21.11																															
PIRATA-FR31	st08c01	B	2021-03-09T19:25:36z	  -9.872	 +0.006																																										
PIRATA-FR31	st09c01	B	2021-03-10T01:28:09z	 -10.000	 -0.504		   4.0	15																																							
PIRATA-FR31	st09c01	B	2021-03-10T01:28:09z	 -10.000	 -0.504		   4.0	14																																							
PIRATA-FR31	st09c01	B	2021-03-10T01:28:09z	 -10.000	 -0.504		   4.0	13	35.2801	4.577	199.79	-0.00	  0.060	0.063	  0.02	 0.67																															
PIRATA-FR31	st09c01	B	2021-03-10T01:28:09z	 -10.000	 -0.504		  20.0	12	35.7496	4.627	201.86	 0.02	  0.308	0.292	  0.12	 0.60																															
PIRATA-FR31	st09c01	B	2021-03-10T01:28:09z	 -10.000	 -0.504		  40.0	11	36.0596	3.552	154.71	 0.33	  8.691	8.361	  0.66	 3.21																															
PIRATA-FR31	st09c01	B	2021-03-10T01:28:09z	 -10.000	 -0.504		  62.0	10																																							
PIRATA-FR31	st09c01	B	2021-03-10T01:28:09z	 -10.000	 -0.504		  62.0	 9	36.0953	3.855	167.88	 0.18	  7.588	7.405	  0.63	 3.01																															
PIRATA-FR31	st09c01	B	2021-03-10T01:28:09z	 -10.000	 -0.504		  61.0	 8	36.1183	3.856	167.93	 0.19	  7.426	7.237	  0.63	 2.88																															
PIRATA-FR31	st09c01	B	2021-03-10T01:28:09z	 -10.000	 -0.504		  81.0	 7	35.8565	3.700	161.09	 0.15	 10.621	10.474	  0.80	 3.83																															
PIRATA-FR31	st09c01	B	2021-03-10T01:28:09z	 -10.000	 -0.504		 100.0	 6	35.6705	3.510	152.82	 0.05	 13.516	13.461	  0.95	 4.88																															
PIRATA-FR31	st09c01	B	2021-03-10T01:28:09z	 -10.000	 -0.504		 302.0	 5	35.0645	1.779	 77.44	 0.00	 30.421	30.416	  1.84	12.11																															
PIRATA-FR31	st09c01	B	2021-03-10T01:28:09z	 -10.000	 -0.504		 501.0	 4	34.5976	3.054	132.87	-0.00	 33.404	33.405	  2.13	20.20																															
PIRATA-FR31	st09c01	B	2021-03-10T01:28:09z	 -10.000	 -0.504		 800.0	 3	34.5178	3.451	150.09	-0.00	 35.315	35.317	  2.33	30.53																															
PIRATA-FR31	st09c01	B	2021-03-10T01:28:09z	 -10.000	 -0.504		1503.0	 2	34.9503	5.066	220.26	 0.00	 23.198	23.198	  1.50	19.40																															
PIRATA-FR31	st09c01	B	2021-03-10T01:28:09z	 -10.000	 -0.504		2001.0	 1	34.9603	5.698	247.69	-0.00	 20.360	20.361	  1.32	22.35																															
PIRATA-FR31	st09c01	B	2021-03-10T01:28:09z	 -10.000	 -0.504																																										
PIRATA-FR31	st10c01	B	2021-03-10T06:01:06z	 -10.000	 -0.999		   3.0	12	35.5761	4.620	201.67	 0.01	  0.058	0.043	  0.05	 0.33	0.0128	0.0195	0.0095	0.0109	0.0190		0.0032	0.0051	0.0322	0.0111			0.1493		0.0256	0.0139	0.0395		0.0258		0.0865	0.1676	0.2541	0.0031							
PIRATA-FR31	st10c01	B	2021-03-10T06:01:06z	 -10.000	 -0.999		  20.0	11	35.6351	4.644	202.67	 0.02	  0.101	0.077	  0.07	 0.40	0.0272	0.0328	0.0086	0.0241	0.0371		0.0053	0.0056	0.0680	0.0129	0.0021		0.1504		0.0230	0.0273	0.0503		0.0319		0.0975	0.2766	0.3741	0.0045							
PIRATA-FR31	st10c01	B	2021-03-10T06:01:06z	 -10.000	 -0.999		  41.0	10	36.2099	4.166	181.58	 0.29	  2.555	2.269	  0.37	 1.35	0.0988	0.0789	0.0142	0.0852	0.1085		0.0152	0.0063	0.1745	0.0156	0.0050		0.0987		0.1696	0.1534	0.3230	0.0520			0.1718	0.5262	0.6980	0.0164							
PIRATA-FR31	st10c01	B	2021-03-10T06:01:06z	 -10.000	 -0.999		  60.0	 9	35.7653	2.798	121.84	 0.31	 16.132	15.824	  1.18	 4.99	0.0496	0.0322	0.0052	0.0480	0.0373	0.0047	0.0100	0.0021	0.0731	0.0058	0.0024		0.0284		0.1793	0.0656	0.2449	0.0262			0.0659	0.1975	0.2634	0.0067							
PIRATA-FR31	st10c01	B	2021-03-10T06:01:06z	 -10.000	 -0.999		  60.0	 8	35.7592	2.787	121.35	 0.30	 16.300	15.998	  1.19	 5.03																															
PIRATA-FR31	st10c01	B	2021-03-10T06:01:06z	 -10.000	 -0.999		  80.0	 7	35.6039	2.702	117.60	 0.09	 18.678	18.589	  1.33	 6.35	0.0283	0.0170	0.0041	0.0312	0.0144		0.0031	0.0012	0.0399	0.0031	0.0015		0.0115		0.0701	0.0304	0.1005	0.0183			0.0410	0.0920	0.1330								
PIRATA-FR31	st10c01	B	2021-03-10T06:01:06z	 -10.000	 -0.999		 100.0	 6	35.4954	2.545	110.75	 0.04	 20.667	20.631	  1.44	 7.14	0.0032	0.0039	0.0018	0.0054	0.0040				0.0057	0.0009			0.0020		0.0099		0.0099	0.0020				0.0132	0.0132								
PIRATA-FR31	st10c01	B	2021-03-10T06:01:06z	 -10.000	 -0.999		 300.0	 5	35.0295	1.753	 76.28	 0.02	 31.056	31.033	  2.03	12.80																															
PIRATA-FR31	st10c01	B	2021-03-10T06:01:06z	 -10.000	 -0.999		 500.0	 4	34.6382	2.935	127.66	 0.02	 32.994	32.974	  2.23	19.10																															
PIRATA-FR31	st10c01	B	2021-03-10T06:01:06z	 -10.000	 -0.999		 800.0	 3	34.5164	3.351	145.73	 0.02	 35.485	35.465	  2.52	29.72																															
PIRATA-FR31	st10c01	B	2021-03-10T06:01:06z	 -10.000	 -0.999		1500.0	 2	34.9531	5.120	222.56	 0.02	 22.782	22.767	  1.58	19.10																															
PIRATA-FR31	st10c01	B	2021-03-10T06:01:06z	 -10.000	 -0.999		2000.0	 1	34.9594	5.707	248.07	 0.02	 20.267	20.249	  1.41	22.25																															
PIRATA-FR31	st10c01	B	2021-03-10T06:01:06z	 -10.000	 -0.999																																										
PIRATA-FR31	st11c01	B	2021-03-10T10:35:41z	  -9.999	 -1.499		   3.0	15																																							
PIRATA-FR31	st11c01	B	2021-03-10T10:35:41z	  -9.999	 -1.499		   3.0	14																																							
PIRATA-FR31	st11c01	B	2021-03-10T10:35:41z	  -9.999	 -1.499		   3.0	13	35.7432	4.629	202.03	 0.01	  0.044	0.031	  0.07	 0.67																															
PIRATA-FR31	st11c01	B	2021-03-10T10:35:41z	  -9.999	 -1.499		  19.0	12	35.7402	4.645	202.75	 0.01	  0.043	0.030	  0.09	 0.59																															
PIRATA-FR31	st11c01	B	2021-03-10T10:35:41z	  -9.999	 -1.499		  41.0	11																																							
PIRATA-FR31	st11c01	B	2021-03-10T10:35:41z	  -9.999	 -1.499		  40.0	10	35.9280	4.574	199.51	 0.05	  0.471	0.421	  0.18	 0.78																															
PIRATA-FR31	st11c01	B	2021-03-10T10:35:41z	  -9.999	 -1.499		  40.0	 9	35.9240	4.570	199.37	 0.04	  0.452	0.407	  0.16	 0.79																															
PIRATA-FR31	st11c01	B	2021-03-10T10:35:41z	  -9.999	 -1.499		  61.0	 8	35.7254	3.044	132.55	 0.38	 14.362	13.981	  1.09	 4.67																															
PIRATA-FR31	st11c01	B	2021-03-10T10:35:41z	  -9.999	 -1.499		  80.0	 7	35.6499	2.776	120.86	 0.29	 17.205	16.913	  1.26	 5.57																															
PIRATA-FR31	st11c01	B	2021-03-10T10:35:41z	  -9.999	 -1.499		 101.0	 6	35.5767	2.722	118.51	 0.17	 18.610	18.435	  1.34	 6.23																															
PIRATA-FR31	st11c01	B	2021-03-10T10:35:41z	  -9.999	 -1.499		 401.0	 5	34.8517	2.240	 97.49	 0.02	 31.650	31.632	  2.13	14.92																															
PIRATA-FR31	st11c01	B	2021-03-10T10:35:41z	  -9.999	 -1.499		 599.0	 4	34.5439	3.045	132.50	 0.02	 34.963	34.945	  2.50	24.21																															
PIRATA-FR31	st11c01	B	2021-03-10T10:35:41z	  -9.999	 -1.499		 800.0	 3	34.5132	3.304	143.74	 0.01	 35.516	35.501	  2.57	29.14																															
PIRATA-FR31	st11c01	B	2021-03-10T10:35:41z	  -9.999	 -1.499		1500.0	 2	34.9492	5.253	228.39	 0.02	 22.104	22.087	  1.57	18.73																															
PIRATA-FR31	st11c01	B	2021-03-10T10:35:41z	  -9.999	 -1.499		2002.0	 1	34.9610	5.692	247.44	 0.02	 20.458	20.440	  1.47	22.01																															
PIRATA-FR31	st11c01	B	2021-03-10T10:35:41z	  -9.999	 -1.499																																										
PIRATA-FR31	st12c01	B	2021-03-10T15:30:27z	 -10.004	 -1.999		   3.0	12	35.8094	4.574	199.70	 0.01	  0.034	0.024	  0.09	 0.86	0.0038	0.0108	0.0046	0.0066	0.0082			0.0021	0.0243	0.0093		0.0044	0.1460						0.0144		0.0492	0.0880	0.1372								
PIRATA-FR31	st12c01	B	2021-03-10T15:30:27z	 -10.004	 -1.999		  20.0	11	35.8080	4.612	201.31	 0.01	  0.044	0.034	  0.11	 0.73	0.0059	0.0139	0.0047	0.0100	0.0103			0.0015	0.0329	0.0068		0.0033	0.1309		0.0165	0.0093	0.0258	0.0193			0.0689	0.1046	0.1735								
PIRATA-FR31	st12c01	B	2021-03-10T15:30:27z	 -10.004	 -1.999		  20.0	10	35.8060	4.616	201.49	 0.01	  0.043	0.029	  0.10	 0.75																															
PIRATA-FR31	st12c01	B	2021-03-10T15:30:27z	 -10.004	 -1.999		  40.0	 9	35.8983	4.333	188.97	 0.11	  2.361	2.248	  0.35	 1.45	0.0486	0.0611	0.0088	0.0722	0.0482	0.0097		0.0056	0.1664	0.0127		0.0044	0.0595		0.0206	0.0907	0.1113	0.0238			0.0729	0.3793	0.4522	0.0079							
PIRATA-FR31	st12c01	B	2021-03-10T15:30:27z	 -10.004	 -1.999		  60.0	 8	35.7596	3.387	147.56	 0.30	 11.556	11.260	  0.95	 3.90	0.0752	0.0559	0.0090	0.0788	0.0447	0.0121	0.0136	0.0058	0.1655	0.0110	0.0020	0.0034	0.0471		0.0811	0.1239	0.2050	0.0237			0.0608	0.3865	0.4473	0.0089							
PIRATA-FR31	st12c01	B	2021-03-10T15:30:27z	 -10.004	 -1.999		  80.0	 7	35.6121	2.642	115.00	 0.13	 18.722	18.591	  1.35	 6.08	0.0560	0.0363	0.0047	0.0721	0.0273	0.0033	0.0090	0.0031	0.0858	0.0068	0.0021	0.0021	0.0500		0.2291	0.0770	0.3061	0.0333			0.0876	0.2136	0.3012	0.0084							
PIRATA-FR31	st12c01	B	2021-03-10T15:30:27z	 -10.004	 -1.999		 100.0	 6	35.5444	2.688	117.04	 0.05	 19.138	19.083	  1.38	 6.72	0.0311	0.0171	0.0034	0.0331	0.0146	0.0017	0.0030	0.0025	0.0484	0.0035	0.0013		0.0161		0.1374	0.0216	0.1590	0.0150			0.0353	0.0983	0.1336	0.0060							
PIRATA-FR31	st12c01	B	2021-03-10T15:30:27z	 -10.004	 -1.999		 300.0	 5	35.0673	1.916	 83.39	 0.02	 29.090	29.070	  1.98	11.74																															
PIRATA-FR31	st12c01	B	2021-03-10T15:30:27z	 -10.004	 -1.999		 500.0	 4	34.5549	3.143	136.72	 0.02	 33.635	33.617	  2.38	21.97																															
PIRATA-FR31	st12c01	B	2021-03-10T15:30:27z	 -10.004	 -1.999		 800.0	 3	34.4969	3.420	148.73	 0.02	 34.983	34.966	  2.52	29.18																															
PIRATA-FR31	st12c01	B	2021-03-10T15:30:27z	 -10.004	 -1.999		1500.0	 2	34.9644	5.287	229.85	 0.02	 21.765	21.749	  1.56	18.51																															
PIRATA-FR31	st12c01	B	2021-03-10T15:30:27z	 -10.004	 -1.999		2000.0	 1	34.9587	5.662	246.12	 0.01	 20.503	20.492	  1.45	22.48																															
PIRATA-FR31	st12c01	B	2021-03-10T15:30:27z	 -10.004	 -1.999																																										
PIRATA-FR31	st13c01	B	2021-03-10T20:06:09z	  -9.999	 -2.500		   4.0	15																																							
PIRATA-FR31	st13c01	B	2021-03-10T20:06:09z	  -9.999	 -2.500		   4.0	14																																							
PIRATA-FR31	st13c01	B	2021-03-10T20:06:09z	  -9.999	 -2.500		   4.0	13	35.8340	4.576	199.74																																				
PIRATA-FR31	st13c01	B	2021-03-10T20:06:09z	  -9.999	 -2.500		  21.0	12	35.8285	4.833	210.95																																				
PIRATA-FR31	st13c01	B	2021-03-10T20:06:09z	  -9.999	 -2.500		  21.0	11	35.8263	4.597	200.66																																				
PIRATA-FR31	st13c01	B	2021-03-10T20:06:09z	  -9.999	 -2.500		  40.0	10																																							
PIRATA-FR31	st13c01	B	2021-03-10T20:06:09z	  -9.999	 -2.500		  40.0	 9	35.8385	4.437	193.46																																				
PIRATA-FR31	st13c01	B	2021-03-10T20:06:09z	  -9.999	 -2.500		  60.0	 8	35.6564	2.796	121.73																																				
PIRATA-FR31	st13c01	B	2021-03-10T20:06:09z	  -9.999	 -2.500		  80.0	 7	35.5815	2.769	120.55																																				
PIRATA-FR31	st13c01	B	2021-03-10T20:06:09z	  -9.999	 -2.500		 100.0	 6	35.5344	2.572	111.96																																				
PIRATA-FR31	st13c01	B	2021-03-10T20:06:09z	  -9.999	 -2.500		 400.0	 5	34.7653	1.738	 75.64																																				
PIRATA-FR31	st13c01	B	2021-03-10T20:06:09z	  -9.999	 -2.500		 601.0	 4	34.5207	3.171	137.98																																				
PIRATA-FR31	st13c01	B	2021-03-10T20:06:09z	  -9.999	 -2.500		 801.0	 3	34.4874	3.480	151.38																																				
PIRATA-FR31	st13c01	B	2021-03-10T20:06:09z	  -9.999	 -2.500		1500.0	 2	34.9695	5.360	233.08																																				
PIRATA-FR31	st13c01	B	2021-03-10T20:06:09z	  -9.999	 -2.500		1999.0	 1	34.9552	5.655	245.87																																				
PIRATA-FR31	st13c01	B	2021-03-10T20:06:09z	  -9.999	 -2.500																																										
PIRATA-FR31	st14c01	B	2021-03-11T00:31:40z	  -9.999	 -3.001		   4.0	12	35.8023	4.589	200.29	 0.01	  0.027	0.018	  0.12	 0.89																															
PIRATA-FR31	st14c01	B	2021-03-11T00:31:40z	  -9.999	 -3.001		  20.0	11	35.8005	4.600	200.76	 0.01	  0.040	0.030	  0.11	 0.90																															
PIRATA-FR31	st14c01	B	2021-03-11T00:31:40z	  -9.999	 -3.001		  40.0	10	35.8280	4.149	180.79	 0.10	  5.371	5.269	  0.58	 2.69																															
PIRATA-FR31	st14c01	B	2021-03-11T00:31:40z	  -9.999	 -3.001		  60.0	 9	35.6842	2.595	112.96	 0.27	 18.027	17.761	  1.28	 5.56																															
PIRATA-FR31	st14c01	B	2021-03-11T00:31:40z	  -9.999	 -3.001		  80.0	 8	35.6031	2.696	117.35	 0.05	 18.517	18.466	  1.30	 6.39																															
PIRATA-FR31	st14c01	B	2021-03-11T00:31:40z	  -9.999	 -3.001		 100.0	 7	35.5855	2.565	111.63	 0.04	 19.425	19.382	  1.35	 6.68																															
PIRATA-FR31	st14c01	B	2021-03-11T00:31:40z	  -9.999	 -3.001		 300.0	 6	35.1414	1.901	 82.73	 0.02	 27.698	27.682	  1.84	10.69																															
PIRATA-FR31	st14c01	B	2021-03-11T00:31:40z	  -9.999	 -3.001		 501.0	 5	34.5971	2.826	122.95	 0.01	 34.023	34.010	  2.32	20.80																															
PIRATA-FR31	st14c01	B	2021-03-11T00:31:40z	  -9.999	 -3.001		 800.0	 4	34.5017	3.404	148.05	 0.01	 35.414	35.405	  2.47	31.47																															
PIRATA-FR31	st14c01	B	2021-03-11T00:31:40z	  -9.999	 -3.001		1499.0	 3	34.9744	5.445	236.70	 0.01	 20.873	20.863	  1.44	17.25																															
PIRATA-FR31	st14c01	B	2021-03-11T00:31:40z	  -9.999	 -3.001		2002.0	 2	34.9563	5.657	245.88	 0.01	 20.592	20.584	  1.43	23.04																															
PIRATA-FR31	st14c01	B	2021-03-11T00:31:40z	  -9.999	 -3.001		2002.0	 1	34.9562	5.657	245.91	 0.01	 20.573	20.562	  1.44	22.94																															
PIRATA-FR31	st14c01	B	2021-03-11T00:31:40z	  -9.999	 -3.001																																										
PIRATA-FR31	st15c01	B	2021-03-11T05:03:48z	 -10.001	 -3.499		   3.0	15																																							
PIRATA-FR31	st15c01	B	2021-03-11T05:03:48z	 -10.001	 -3.499		   3.0	14																																							
PIRATA-FR31	st15c01	B	2021-03-11T05:03:48z	 -10.001	 -3.499		   3.0	13	35.8480	4.544	198.36	 0.01	  0.020	0.010	  0.10	 1.14																															
PIRATA-FR31	st15c01	B	2021-03-11T05:03:48z	 -10.001	 -3.499		   3.0	12	35.8488	4.541	198.19	 0.01	  0.028	0.018	  0.11	 1.05																															
PIRATA-FR31	st15c01	B	2021-03-11T05:03:48z	 -10.001	 -3.499		  20.0	11	35.8488	4.544	198.33	 0.01	  0.033	0.020	  0.11	 1.07																															
PIRATA-FR31	st15c01	B	2021-03-11T05:03:48z	 -10.001	 -3.499		  40.0	10																																							
PIRATA-FR31	st15c01	B	2021-03-11T05:03:48z	 -10.001	 -3.499		  40.0	 9	35.8884	4.433	193.28	 0.07	  1.730	1.664	  0.31	 1.76																															
PIRATA-FR31	st15c01	B	2021-03-11T05:03:48z	 -10.001	 -3.499		  60.0	 8	35.6690	2.820	122.80	 0.26	 16.765	16.507	  1.20	 5.23																															
PIRATA-FR31	st15c01	B	2021-03-11T05:03:48z	 -10.001	 -3.499		  80.0	 7	35.6004	2.666	116.07	 0.20	 18.785	18.585	  1.31	 6.02																															
PIRATA-FR31	st15c01	B	2021-03-11T05:03:48z	 -10.001	 -3.499		 100.0	 6	35.5847	2.756	119.96	 0.11	 18.481	18.370	  1.29	 6.18																															
PIRATA-FR31	st15c01	B	2021-03-11T05:03:48z	 -10.001	 -3.499		 399.0	 5	34.8225	1.366	 59.44	 0.02	 36.542	36.521	  2.35	16.69																															
PIRATA-FR31	st15c01	B	2021-03-11T05:03:48z	 -10.001	 -3.499		 600.0	 4	34.8221	2.947	128.16	 0.01	 35.360	35.345	  2.41	23.23																															
PIRATA-FR31	st15c01	B	2021-03-11T05:03:48z	 -10.001	 -3.499		 800.0	 3	34.4982	3.344	145.42	 0.02	 36.080	36.065	  2.52	30.98																															
PIRATA-FR31	st15c01	B	2021-03-11T05:03:48z	 -10.001	 -3.499		1500.0	 2	34.9371	5.055	219.74	 0.01	 23.533	23.521	  1.61	21.16																															
PIRATA-FR31	st15c01	B	2021-03-11T05:03:48z	 -10.001	 -3.499		2000.0	 1	34.9510	5.626	244.53	 0.01	 20.907	20.896	  1.44	24.51																															
PIRATA-FR31	st15c01	B	2021-03-11T05:03:48z	 -10.001	 -3.499																																										
PIRATA-FR31	st16c01	B	2021-03-11T09:38:49z	 -10.000	 -4.001		   3.0	12	35.8723	4.566	199.29	 0.01	  0.027	0.017	  0.10	 0.97	0.0060	0.0056	0.0020	0.0028	0.0030				0.0119	0.0080	0.0007	0.0037	0.1006		0.0110	0.0056	0.0166	0.0117			0.0531	0.0496	0.1027								
PIRATA-FR31	st16c01	B	2021-03-11T09:38:49z	 -10.000	 -4.001		  20.0	11	35.8780	4.566	199.32	 0.01	  0.033	0.020	  0.11	 0.98	0.0074	0.0092	0.0040	0.0049	0.0065				0.0221	0.0110	0.0009	0.0025	0.1112		0.0132	0.0064	0.0196	0.0134			0.0631	0.0685	0.1316	0.0019							
PIRATA-FR31	st16c01	B	2021-03-11T09:38:49z	 -10.000	 -4.001		  40.0	10	35.9544	4.693	204.75	 0.01	  0.041	0.029	  0.15	 1.06	0.0148	0.0210	0.0078	0.0116	0.0084			0.0026	0.0507	0.0132	0.0009	0.0030	0.1628		0.0277	0.0101	0.0378	0.0232			0.1257	0.1233	0.2490	0.0028							
PIRATA-FR31	st16c01	B	2021-03-11T09:38:49z	 -10.000	 -4.001		  61.0	 9	35.7097	3.031	131.99	 0.28	 14.903	14.626	  1.11	 4.85	0.0609	0.0536	0.0083	0.0816	0.0239	0.0080	0.0076	0.0059	0.1440	0.0107	0.0016	0.0018	0.0827		0.1587	0.1224	0.2811	0.0328			0.1197	0.3053	0.4250	0.0057							
PIRATA-FR31	st16c01	B	2021-03-11T09:38:49z	 -10.000	 -4.001		  81.0	 8	35.5549	2.648	115.26	 0.11	 19.590	19.477	  1.37	 6.49	0.0399	0.0251	0.0043	0.0471	0.0161	0.0019	0.0036	0.0025	0.0640	0.0048	0.0012		0.0261		0.2816	0.0268	0.3084	0.0268			0.0699	0.1321	0.2020	0.0033							
PIRATA-FR31	st16c01	B	2021-03-11T09:38:49z	 -10.000	 -4.001		 101.0	 7	35.5211	2.626	114.30	 0.04	 20.006	19.966	  1.38	 6.78	0.0225	0.0129	0.0026	0.0248	0.0095	0.0015	0.0022	0.0022	0.0401	0.0028	0.0009		0.0074		0.1240	0.0094	0.1334	0.0114			0.0268	0.0697	0.0965	0.0022							
PIRATA-FR31	st16c01	B	2021-03-11T09:38:49z	 -10.000	 -4.001		 400.0	 6	34.8819	1.341	 58.32	 0.02	 35.655	35.639	  2.29	15.44																															
PIRATA-FR31	st16c01	B	2021-03-11T09:38:49z	 -10.000	 -4.001		 601.0	 5	34.5249	3.143	136.71	 0.01	 34.783	34.771	  2.37	23.68																															
PIRATA-FR31	st16c01	B	2021-03-11T09:38:49z	 -10.000	 -4.001		 800.0	 4	34.4947	3.452	150.11	 0.02	 35.579	35.562	  2.46	30.75																															
PIRATA-FR31	st16c01	B	2021-03-11T09:38:49z	 -10.000	 -4.001		1500.0	 3	34.9432	5.138	223.33	 0.01	 22.943	22.931	  1.58	20.40																															
PIRATA-FR31	st16c01	B	2021-03-11T09:38:49z	 -10.000	 -4.001		1500.0	 2		5.154	224.04	 0.01	 23.032	23.022	  1.58	20.38																															
PIRATA-FR31	st16c01	B	2021-03-11T09:38:49z	 -10.000	 -4.001		2001.0	 1	34.9535	5.665	246.19	 0.01	 20.710	20.703	  1.43	22.41																															
PIRATA-FR31	st16c01	B	2021-03-11T09:38:49z	 -10.000	 -4.001																																										
PIRATA-FR31	st17c01	B	2021-03-11T14:24:29z	 -10.002	 -4.499		   3.0	15																																							
PIRATA-FR31	st17c01	B	2021-03-11T14:24:29z	 -10.002	 -4.499		   3.0	14																																							
PIRATA-FR31	st17c01	B	2021-03-11T14:24:29z	 -10.002	 -4.499		   3.0	13	36.0483	4.520	197.32																																				
PIRATA-FR31	st17c01	B	2021-03-11T14:24:29z	 -10.002	 -4.499		  20.0	12	36.0470	4.523	197.43																																				
PIRATA-FR31	st17c01	B	2021-03-11T14:24:29z	 -10.002	 -4.499		  40.0	11	36.2450	4.618	201.53																																				
PIRATA-FR31	st17c01	B	2021-03-11T14:24:29z	 -10.002	 -4.499		  60.0	10																																							
PIRATA-FR31	st17c01	B	2021-03-11T14:24:29z	 -10.002	 -4.499		  60.0	 9	35.8725	3.732	162.60																																				
PIRATA-FR31	st17c01	B	2021-03-11T14:24:29z	 -10.002	 -4.499		  81.0	 8	35.6165	2.637	114.82																																				
PIRATA-FR31	st17c01	B	2021-03-11T14:24:29z	 -10.002	 -4.499		 101.0	 7	35.5181	2.660	115.78																																				
PIRATA-FR31	st17c01	B	2021-03-11T14:24:29z	 -10.002	 -4.499		 400.0	 6	34.8493	2.133	 92.82																																				
PIRATA-FR31	st17c01	B	2021-03-11T14:24:29z	 -10.002	 -4.499		 600.0	 5	34.5627	2.611	113.60																																				
PIRATA-FR31	st17c01	B	2021-03-11T14:24:29z	 -10.002	 -4.499		 804.0	 4	34.5028	3.195	138.99																																				
PIRATA-FR31	st17c01	B	2021-03-11T14:24:29z	 -10.002	 -4.499		 803.0	 3	34.5019	3.226	140.32																																				
PIRATA-FR31	st17c01	B	2021-03-11T14:24:29z	 -10.002	 -4.499		1499.0	 2	34.9485	5.202	226.13																																				
PIRATA-FR31	st17c01	B	2021-03-11T14:24:29z	 -10.002	 -4.499		2001.0	 1	34.9511	5.594	243.17																																				
PIRATA-FR31	st17c01	B	2021-03-11T14:24:29z	 -10.002	 -4.499																																										
PIRATA-FR31	st18c01	B	2021-03-11T19:06:22z	 -10.001	 -4.998		   3.0	12	36.3686	4.552	198.61	 0.01	  0.015	0.006	  0.12	 1.22																															
PIRATA-FR31	st18c01	B	2021-03-11T19:06:22z	 -10.001	 -4.998		  20.0	11	36.3680	4.551	198.57	 0.01	  0.022	0.011	  0.12	 1.10																															
PIRATA-FR31	st18c01	B	2021-03-11T19:06:22z	 -10.001	 -4.998		  40.0	10	36.3644	4.552	198.61	 0.01	  0.017	0.007	  0.13	 1.02																															
PIRATA-FR31	st18c01	B	2021-03-11T19:06:22z	 -10.001	 -4.998		  60.0	 9	36.3289	4.620	201.53	 0.01	  0.010	-0.001	  0.12	 1.02																															
PIRATA-FR31	st18c01	B	2021-03-11T19:06:22z	 -10.001	 -4.998		  80.0	 8	35.9911	4.135	180.18	 0.12	  4.511	4.390	  0.49	 2.43																															
PIRATA-FR31	st18c01	B	2021-03-11T19:06:22z	 -10.001	 -4.998		 100.0	 7	35.7505	2.869	124.91	 0.29	 16.133	15.839	  1.11	 4.78																															
PIRATA-FR31	st18c01	B	2021-03-11T19:06:22z	 -10.001	 -4.998		 400.0	 6	34.7964	1.794	 78.07	 0.02	 33.941	33.924	  2.19	16.45																															
PIRATA-FR31	st18c01	B	2021-03-11T19:06:22z	 -10.001	 -4.998		 601.0	 5	34.5444	2.845	123.75	 0.02	 34.746	34.727	  2.35	23.43																															
PIRATA-FR31	st18c01	B	2021-03-11T19:06:22z	 -10.001	 -4.998		 801.0	 4	34.4957	3.236	140.72	 0.02	 35.302	35.284	  2.45	30.97																															
PIRATA-FR31	st18c01	B	2021-03-11T19:06:22z	 -10.001	 -4.998		 800.0	 3	34.4947	3.239	140.87	 0.01	 35.390	35.377	  2.46	31.02																															
PIRATA-FR31	st18c01	B	2021-03-11T19:06:22z	 -10.001	 -4.998		1501.0	 2	34.9431	5.183	225.31	 0.01	 22.230	22.219	  1.51	20.49																															
PIRATA-FR31	st18c01	B	2021-03-11T19:06:22z	 -10.001	 -4.998		2000.0	 1	34.9460	5.523	240.06	 0.01	 21.010	20.996	  1.45	26.48																															
PIRATA-FR31	st18c01	B	2021-03-11T19:06:22z	 -10.001	 -4.998																																										
PIRATA-FR31	st19c01	B	2021-03-11T23:41:04z	 -10.002	 -5.499		   4.0	15																																							
PIRATA-FR31	st19c01	B	2021-03-11T23:41:04z	 -10.002	 -5.499		   3.0	14																																							
PIRATA-FR31	st19c01	B	2021-03-11T23:41:04z	 -10.002	 -5.499		   4.0	13	36.2916	4.555	198.76																																				
PIRATA-FR31	st19c01	B	2021-03-11T23:41:04z	 -10.002	 -5.499		  20.0	12	36.2929	4.558	198.88																																				
PIRATA-FR31	st19c01	B	2021-03-11T23:41:04z	 -10.002	 -5.499		  40.0	11	36.3102	4.578	199.76																																				
PIRATA-FR31	st19c01	B	2021-03-11T23:41:04z	 -10.002	 -5.499		  65.0	10	36.1313	4.599	200.50																																				
PIRATA-FR31	st19c01	B	2021-03-11T23:41:04z	 -10.002	 -5.499		  65.0	 9																																							
PIRATA-FR31	st19c01	B	2021-03-11T23:41:04z	 -10.002	 -5.499		  80.0	 8	35.9421	3.641	158.67																																				
PIRATA-FR31	st19c01	B	2021-03-11T23:41:04z	 -10.002	 -5.499		 101.0	 7	35.8634	2.799	121.89																																				
PIRATA-FR31	st19c01	B	2021-03-11T23:41:04z	 -10.002	 -5.499		 400.0	 6	34.7548	1.826	 79.44																																				
PIRATA-FR31	st19c01	B	2021-03-11T23:41:04z	 -10.002	 -5.499		 600.0	 5	34.5592	2.537	110.35																																				
PIRATA-FR31	st19c01	B	2021-03-11T23:41:04z	 -10.002	 -5.499		 799.0	 4	34.4948	3.115	135.46																																				
PIRATA-FR31	st19c01	B	2021-03-11T23:41:04z	 -10.002	 -5.499		 799.0	 3	34.4950	3.128	136.03																																				
PIRATA-FR31	st19c01	B	2021-03-11T23:41:04z	 -10.002	 -5.499		1500.0	 2	34.9361	5.103	221.83																																				
PIRATA-FR31	st19c01	B	2021-03-11T23:41:04z	 -10.002	 -5.499		2000.0	 1	34.9515	5.539	240.75																																				
PIRATA-FR31	st19c01	B	2021-03-11T23:41:04z	 -10.002	 -5.499																																										
PIRATA-FR31	st20c01	B	2021-03-12T04:34:09z	 -10.017	 -6.037		   3.0	12	36.5635	4.555	198.67	 0.02	  0.012	-0.004	  0.12	 0.93	0.0074	0.0074	0.0024	0.0041	0.0024			0.0035	0.0204	0.0041			0.1172		0.0113	0.0072	0.0185	0.0105			0.0492	0.0438	0.0930								
PIRATA-FR31	st20c01	B	2021-03-12T04:34:09z	 -10.017	 -6.037		  20.0	11	36.3541	4.561	198.94	 0.02	  0.012	-0.005	  0.12	 0.91	0.0069	0.0069	0.0021	0.0037	0.0023			0.0035	0.0186	0.0038			0.1047		0.0101	0.0065	0.0166	0.0096			0.0440	0.0387	0.0827								
PIRATA-FR31	st20c01	B	2021-03-12T04:34:09z	 -10.017	 -6.037		  40.0	10	36.3549	4.560	198.89	 0.01	  0.014	-0.001	  0.13	 0.97	0.0040	0.0071	0.0022	0.0037	0.0026			0.0035	0.0185	0.0035			0.1078		0.0110	0.0066	0.0176	0.0098			0.0459	0.0390	0.0849								
PIRATA-FR31	st20c01	B	2021-03-12T04:34:09z	 -10.017	 -6.037		  60.0	 9	36.3042	4.641	202.44	 0.01	  0.012	-0.001	  0.13	 0.94	0.0087	0.0129	0.0039	0.0078	0.0034			0.0033	0.0366	0.0048			0.1376		0.0296	0.0121	0.0417	0.0164			0.0870	0.0666	0.1536	0.0026							
PIRATA-FR31	st20c01	B	2021-03-12T04:34:09z	 -10.017	 -6.037		  80.0	 8	36.0804	4.098	178.59	 0.19	  3.852	3.667	  0.44	 2.08	0.0409	0.0389	0.0056	0.0648	0.0091	0.0097	0.0023	0.0061	0.0873	0.0064	0.0015		0.0893		0.3031	0.1300	0.4331	0.0445			0.1822	0.2168	0.3990	0.0063							
PIRATA-FR31	st20c01	B	2021-03-12T04:34:09z	 -10.017	 -6.037		 101.0	 7	35.8612	2.887	125.74	 0.21	 14.134	13.924	  1.02	 4.21									0.0010				0.0008								0.0010	0.0028	0.0038								
PIRATA-FR31	st20c01	B	2021-03-12T04:34:09z	 -10.017	 -6.037		 301.0	 6	34.9262	1.915	 83.34	 0.02	 30.669	30.653	  1.99	13.30																															
PIRATA-FR31	st20c01	B	2021-03-12T04:34:09z	 -10.017	 -6.037		 301.0	 5	34.9278	1.910	 83.13	 0.02	 30.745	30.727	  2.00	13.37																															
PIRATA-FR31	st20c01	B	2021-03-12T04:34:09z	 -10.017	 -6.037		 501.0	 4	34.6246	2.073	 90.17	 0.02	 36.767	36.748	  2.43	21.50																															
PIRATA-FR31	st20c01	B	2021-03-12T04:34:09z	 -10.017	 -6.037		 800.0	 3	34.4950	3.228	140.40	 0.01	 35.528	35.513	  2.46	31.40																															
PIRATA-FR31	st20c01	B	2021-03-12T04:34:09z	 -10.017	 -6.037		1501.0	 2	34.9309	5.043	219.21	 0.02	 23.031	23.012	  1.58	21.30																															
PIRATA-FR31	st20c01	B	2021-03-12T04:34:09z	 -10.017	 -6.037		2000.0	 1	34.9449	5.496	238.87	 0.02	 21.301	21.284	  1.45	26.37																															
PIRATA-FR31	st20c01	B	2021-03-12T04:34:09z	 -10.017	 -6.037																																										
PIRATA-FR31	st21c01	B	2021-03-12T20:06:25z	 -10.001	 -6.498		   3.0	15																																							
PIRATA-FR31	st21c01	B	2021-03-12T20:06:25z	 -10.001	 -6.498		   3.0	14																																							
PIRATA-FR31	st21c01	B	2021-03-12T20:06:25z	 -10.001	 -6.498		   3.0	13	36.3251	4.561	199.00																																				
PIRATA-FR31	st21c01	B	2021-03-12T20:06:25z	 -10.001	 -6.498		  20.0	12	36.3256	4.566	199.20																																				
PIRATA-FR31	st21c01	B	2021-03-12T20:06:25z	 -10.001	 -6.498		  40.0	11	36.3326	4.575	199.61																																				
PIRATA-FR31	st21c01	B	2021-03-12T20:06:25z	 -10.001	 -6.498		  65.0	10																																							
PIRATA-FR31	st21c01	B	2021-03-12T20:06:25z	 -10.001	 -6.498		  65.0	 9	36.2608	4.752	207.27																																				
PIRATA-FR31	st21c01	B	2021-03-12T20:06:25z	 -10.001	 -6.498		  81.0	 8	36.1993	4.753	207.24																																				
PIRATA-FR31	st21c01	B	2021-03-12T20:06:25z	 -10.001	 -6.498		 101.0	 7	35.9987	3.789	165.07																																				
PIRATA-FR31	st21c01	B	2021-03-12T20:06:25z	 -10.001	 -6.498		 101.0	 6	35.9951	3.770	164.22																																				
PIRATA-FR31	st21c01	B	2021-03-12T20:06:25z	 -10.001	 -6.498		 401.0	 5	34.7528	1.562	 67.98																																				
PIRATA-FR31	st21c01	B	2021-03-12T20:06:25z	 -10.001	 -6.498		 601.0	 4	34.5389	2.748	119.54																																				
PIRATA-FR31	st21c01	B	2021-03-12T20:06:25z	 -10.001	 -6.498		 800.0	 3	34.4970	3.190	138.73																																				
PIRATA-FR31	st21c01	B	2021-03-12T20:06:25z	 -10.001	 -6.498		1501.0	 2	34.9130	4.872	211.82																																				
PIRATA-FR31	st21c01	B	2021-03-12T20:06:25z	 -10.001	 -6.498		2000.0	 1	34.9413	5.440	236.49																																				
PIRATA-FR31	st21c01	B	2021-03-12T20:06:25z	 -10.001	 -6.498																																										
PIRATA-FR31	st22c01	B	2021-03-13T00:36:30z	 -10.000	 -7.000		   4.0	12	36.2454	4.566	199.22	 0.02	  0.010	-0.006	  0.10	 1.14																															
PIRATA-FR31	st22c01	B	2021-03-13T00:36:30z	 -10.000	 -7.000		  20.0	11	36.2435	4.562	199.07	 0.02	  0.014	-0.005	  0.11	 1.24																															
PIRATA-FR31	st22c01	B	2021-03-13T00:36:30z	 -10.000	 -7.000		  40.0	10	36.2441	4.565	199.16	 0.02	 -0.001	-0.020	  0.11	 1.12																															
PIRATA-FR31	st22c01	B	2021-03-13T00:36:30z	 -10.000	 -7.000		  60.0	 9	36.2451	4.575	199.61	 0.02	  0.012	-0.007	  0.11	 1.11																															
PIRATA-FR31	st22c01	B	2021-03-13T00:36:30z	 -10.000	 -7.000		  80.0	 8	36.2857	4.849	211.38	 0.03	  0.057	0.031	  0.15	 1.28																															
PIRATA-FR31	st22c01	B	2021-03-13T00:36:30z	 -10.000	 -7.000		 101.0	 7	35.8850	3.238	141.03	 0.31	 11.770	11.458	  0.90	 3.78																															
PIRATA-FR31	st22c01	B	2021-03-13T00:36:30z	 -10.000	 -7.000		 101.0	 6	35.8794	3.197	139.22	 0.32	 12.039	11.718	  0.92	 3.88																															
PIRATA-FR31	st22c01	B	2021-03-13T00:36:30z	 -10.000	 -7.000		 402.0	 5	34.7379	1.903	 82.77	 0.02	 34.804	34.786	  2.26	17.77																															
PIRATA-FR31	st22c01	B	2021-03-13T00:36:30z	 -10.000	 -7.000		 600.0	 4	34.5457	2.433	105.82	 0.02	 36.674	36.656	  2.46	24.01																															
PIRATA-FR31	st22c01	B	2021-03-13T00:36:30z	 -10.000	 -7.000		 800.0	 3	34.5054	2.919	126.97	 0.02	 36.813	36.797	  2.54	31.16																															
PIRATA-FR31	st22c01	B	2021-03-13T00:36:30z	 -10.000	 -7.000		1500.0	 2	34.9185	4.983	216.59	 0.01	 23.590	23.575	  1.63	22.50																															
PIRATA-FR31	st22c01	B	2021-03-13T00:36:30z	 -10.000	 -7.000		2001.0	 1	34.9437	5.476	238.00	 0.02	 21.334	21.317	  1.48	25.66																															
PIRATA-FR31	st22c01	B	2021-03-13T00:36:30z	 -10.000	 -7.000																																										
PIRATA-FR31	st23c01	B	2021-03-13T05:10:01z	 -10.000	 -7.499		   3.0	15																																							
PIRATA-FR31	st23c01	B	2021-03-13T05:10:01z	 -10.000	 -7.499		   3.0	14																																							
PIRATA-FR31	st23c01	B	2021-03-13T05:10:01z	 -10.000	 -7.499		   3.0	13	36.2516	4.544	198.28																																				
PIRATA-FR31	st23c01	B	2021-03-13T05:10:01z	 -10.000	 -7.499		  20.0	12	36.2522	4.534	197.83																																				
PIRATA-FR31	st23c01	B	2021-03-13T05:10:01z	 -10.000	 -7.499		  40.0	11	36.2394	4.544	198.27																																				
PIRATA-FR31	st23c01	B	2021-03-13T05:10:01z	 -10.000	 -7.499		  60.0	10	35.9725	4.589	200.23																																				
PIRATA-FR31	st23c01	B	2021-03-13T05:10:01z	 -10.000	 -7.499		  80.0	 9																																							
PIRATA-FR31	st23c01	B	2021-03-13T05:10:01z	 -10.000	 -7.499		  80.0	 8	35.9725	3.983	173.51																																				
PIRATA-FR31	st23c01	B	2021-03-13T05:10:01z	 -10.000	 -7.499		  80.0	 7	35.9672	3.935	171.42																																				
PIRATA-FR31	st23c01	B	2021-03-13T05:10:01z	 -10.000	 -7.499		 100.0	 6	35.6147	2.148	 93.49																																				
PIRATA-FR31	st23c01	B	2021-03-13T05:10:01z	 -10.000	 -7.499		 400.0	 5	34.8085	1.139	 49.57																																				
PIRATA-FR31	st23c01	B	2021-03-13T05:10:01z	 -10.000	 -7.499		 600.0	 4	34.5608	2.250	 97.85																																				
PIRATA-FR31	st23c01	B	2021-03-13T05:10:01z	 -10.000	 -7.499		 800.0	 3	34.5105	2.857	124.24																																				
PIRATA-FR31	st23c01	B	2021-03-13T05:10:01z	 -10.000	 -7.499		1501.0	 2	34.9160	5.006	217.61																																				
PIRATA-FR31	st23c01	B	2021-03-13T05:10:01z	 -10.000	 -7.499		2000.0	 1	34.9436	5.502	239.14																																				
PIRATA-FR31	st23c01	B	2021-03-13T05:10:01z	 -10.000	 -7.499																																										
PIRATA-FR31	st24c01	B	2021-03-13T09:50:46z	  -9.998	 -7.999		   3.0	12	36.2958	4.543	198.20	 0.01	  0.021	0.007	  0.12	 1.01	0.0041	0.0032	0.0024	0.0050	0.0040			0.0012	0.0181	0.0108	0.0008	0.0017	0.1083		0.0127	0.0053	0.0180	0.0104			0.0575	0.0480	0.1055	0.0023							
PIRATA-FR31	st24c01	B	2021-03-13T09:50:46z	  -9.998	 -7.999		  20.0	11	36.2937	4.537	197.96	 0.01	  0.019	0.006	  0.11	 1.03	0.0039	0.0065	0.0021	0.0051	0.0038			0.0016	0.0179	0.0086	0.0007	0.0030	0.0951		0.0116	0.0057	0.0173	0.0094			0.0497	0.0474	0.0971	0.0019							
PIRATA-FR31	st24c01	B	2021-03-13T09:50:46z	  -9.998	 -7.999		  41.0	10	36.2929	4.537	197.94	 0.01	  0.031	0.018	  0.11	 1.02	0.0045	0.0077	0.0030	0.0057	0.0045			0.0018	0.0205	0.0064			0.0942		0.0128	0.0065	0.0193	0.0101			0.0523	0.0534	0.1057	0.0021							
PIRATA-FR31	st24c01	B	2021-03-13T09:50:46z	  -9.998	 -7.999		  60.0	 9	36.2145	4.837	210.94	 0.02	  0.037	0.021	  0.18	 1.34																															
PIRATA-FR31	st24c01	B	2021-03-13T09:50:46z	  -9.998	 -7.999		  60.0	 8	36.2256	4.815	209.98	 0.01	  0.039	0.024	  0.17	 1.30	0.0193	0.0250	0.0087	0.0246	0.0079			0.0031	0.0743	0.0100			0.1801		0.0319	0.0223	0.0542	0.0228			0.1218	0.1496	0.2714	0.0035							
PIRATA-FR31	st24c01	B	2021-03-13T09:50:46z	  -9.998	 -7.999		  80.0	 7	35.7904	3.233	140.81	 0.19	 12.316	12.123	  0.94	 4.00	0.0510	0.0463	0.0081	0.0782	0.0190	0.0120	0.0023	0.0064	0.1243	0.0081	0.0015		0.0659		0.1636	0.1568	0.3204	0.0299			0.1176	0.2821	0.3997	0.0056							
PIRATA-FR31	st24c01	B	2021-03-13T09:50:46z	  -9.998	 -7.999		 102.0	 6	35.6376	2.337	101.74	 0.47	 19.186	18.720	  1.33	 5.61	0.0441	0.0342	0.0035	0.0762	0.0183	0.0049	0.0036	0.0016	0.0746	0.0056	0.0012		0.0339		0.1921	0.0649	0.2570	0.0257			0.0815	0.1846	0.2661	0.0040							
PIRATA-FR31	st24c01	B	2021-03-13T09:50:46z	  -9.998	 -7.999		 351.0	 5	34.8353	1.148	 49.97	 0.02	 36.176	36.154	  2.36	16.60																															
PIRATA-FR31	st24c01	B	2021-03-13T09:50:46z	  -9.998	 -7.999		 600.0	 4	34.5888	2.091	 90.94	 0.02	 37.380	37.363	  2.53	23.34																															
PIRATA-FR31	st24c01	B	2021-03-13T09:50:46z	  -9.998	 -7.999		 802.0	 3	34.4911	3.248	141.26	 0.02	 35.537	35.521	  2.48	31.33																															
PIRATA-FR31	st24c01	B	2021-03-13T09:50:46z	  -9.998	 -7.999		1499.0	 2	34.9159	4.965	215.83	 0.01	 23.638	23.624	  1.64	22.55																															
PIRATA-FR31	st24c01	B	2021-03-13T09:50:46z	  -9.998	 -7.999		1996.0	 1	34.9452	5.448	236.73	 0.01	 21.241	21.229	  1.47	24.24																															
PIRATA-FR31	st24c01	B	2021-03-13T09:50:46z	  -9.998	 -7.999																																										
PIRATA-FR31	st25c01	B	2021-03-13T14:21:37z	  -9.999	 -8.499		   4.0	15																																							
PIRATA-FR31	st25c01	B	2021-03-13T14:21:37z	  -9.999	 -8.499		   4.0	14																																							
PIRATA-FR31	st25c01	B	2021-03-13T14:21:37z	  -9.999	 -8.499		   4.0	13	36.3703	4.570	199.41																																				
PIRATA-FR31	st25c01	B	2021-03-13T14:21:37z	  -9.999	 -8.499		  20.0	12	36.3602	4.587	200.12																																				
PIRATA-FR31	st25c01	B	2021-03-13T14:21:37z	  -9.999	 -8.499		  41.0	11	36.3568	4.586	200.09																																				
PIRATA-FR31	st25c01	B	2021-03-13T14:21:37z	  -9.999	 -8.499		  60.0	10	36.1522	4.857	211.80																																				
PIRATA-FR31	st25c01	B	2021-03-13T14:21:37z	  -9.999	 -8.499		  60.0	 9	36.1420	4.839	211.00																																				
PIRATA-FR31	st25c01	B	2021-03-13T14:21:37z	  -9.999	 -8.499		  80.0	 8																																							
PIRATA-FR31	st25c01	B	2021-03-13T14:21:37z	  -9.999	 -8.499		  80.0	 7	35.7937	3.264	142.18																																				
PIRATA-FR31	st25c01	B	2021-03-13T14:21:37z	  -9.999	 -8.499		 101.0	 6	35.5043	2.187	 95.20																																				
PIRATA-FR31	st25c01	B	2021-03-13T14:21:37z	  -9.999	 -8.499		 401.0	 5	34.7981	1.812	 78.83																																				
PIRATA-FR31	st25c01	B	2021-03-13T14:21:37z	  -9.999	 -8.499		 600.0	 4	34.5947	2.295	 99.82																																				
PIRATA-FR31	st25c01	B	2021-03-13T14:21:37z	  -9.999	 -8.499		 801.0	 3	34.5100	2.623	114.07																																				
PIRATA-FR31	st25c01	B	2021-03-13T14:21:37z	  -9.999	 -8.499		1502.0	 2	34.9270	5.068	220.30																																				
PIRATA-FR31	st25c01	B	2021-03-13T14:21:37z	  -9.999	 -8.499		2001.0	 1	34.9374	5.435	236.25																																				
PIRATA-FR31	st25c01	B	2021-03-13T14:21:37z	  -9.999	 -8.499																																										
PIRATA-FR31	st26c01	B	2021-03-13T18:52:21z	 -10.001	 -8.999		   3.0	12	36.4385	4.601	200.68	 0.01	  0.018	0.004	  0.13	 1.00																															
PIRATA-FR31	st26c01	B	2021-03-13T18:52:21z	 -10.001	 -8.999		  20.0	11	36.4445	4.597	200.50	 0.01	  0.016	0.006	  0.13	 0.98																															
PIRATA-FR31	st26c01	B	2021-03-13T18:52:21z	 -10.001	 -8.999		  20.0	10	36.4458	4.597	200.53	 0.01	  0.018	0.006	  0.14	 0.98																															
PIRATA-FR31	st26c01	B	2021-03-13T18:52:21z	 -10.001	 -8.999		  40.0	 9	36.4614	4.603	200.78	 0.01	  0.017	0.003	  0.15	 1.01																															
PIRATA-FR31	st26c01	B	2021-03-13T18:52:21z	 -10.001	 -8.999		  60.0	 8	36.2574	5.016	218.66	 0.01	  0.012	0.001	  0.15	 1.14																															
PIRATA-FR31	st26c01	B	2021-03-13T18:52:21z	 -10.001	 -8.999		  80.0	 7	35.8817	3.946	171.89	 0.13	  7.219	7.093	  0.65	 3.03																															
PIRATA-FR31	st26c01	B	2021-03-13T18:52:21z	 -10.001	 -8.999		 101.0	 6	35.6972	2.523	109.85	 0.38	 17.411	17.030	  1.24	 5.15																															
PIRATA-FR31	st26c01	B	2021-03-13T18:52:21z	 -10.001	 -8.999		 401.0	 5	34.7499	1.926	 83.76	 0.02	 34.231	34.213	  2.26	16.98																															
PIRATA-FR31	st26c01	B	2021-03-13T18:52:21z	 -10.001	 -8.999		 600.0	 4	34.5782	2.258	 98.20	 0.01	 36.922	36.909	  2.51	23.31																															
PIRATA-FR31	st26c01	B	2021-03-13T18:52:21z	 -10.001	 -8.999		 800.0	 3	34.5103	2.836	123.34	 0.01	 37.221	37.208	  2.60	32.13																															
PIRATA-FR31	st26c01	B	2021-03-13T18:52:21z	 -10.001	 -8.999		1500.0	 2	34.9032	4.925	214.07	 0.01	 24.057	24.043	  1.68	23.84																															
PIRATA-FR31	st26c01	B	2021-03-13T18:52:21z	 -10.001	 -8.999		2001.0	 1	34.9350	5.451	236.93	 0.02	 21.699	21.682	  1.50	27.19																															
PIRATA-FR31	st26c01	B	2021-03-13T18:52:21z	 -10.001	 -8.999																																										
PIRATA-FR31	st27c01	B	2021-03-13T23:15:55z	 -10.001	 -9.500		   4.0	15																																							
PIRATA-FR31	st27c01	B	2021-03-13T23:15:55z	 -10.001	 -9.500		   4.0	14																																							
PIRATA-FR31	st27c01	B	2021-03-13T23:15:55z	 -10.001	 -9.500		   4.0	13		4.626	202.00																																				
PIRATA-FR31	st27c01	B	2021-03-13T23:15:55z	 -10.001	 -9.500		  20.0	12		4.627	202.02																																				
PIRATA-FR31	st27c01	B	2021-03-13T23:15:55z	 -10.001	 -9.500		  20.0	11		4.625	201.93																																				
PIRATA-FR31	st27c01	B	2021-03-13T23:15:55z	 -10.001	 -9.500		  40.0	10		4.638	202.48																																				
PIRATA-FR31	st27c01	B	2021-03-13T23:15:55z	 -10.001	 -9.500		  60.0	 9		5.002	218.24																																				
PIRATA-FR31	st27c01	B	2021-03-13T23:15:55z	 -10.001	 -9.500		  80.0	 8																																							
PIRATA-FR31	st27c01	B	2021-03-13T23:15:55z	 -10.001	 -9.500		  80.0	 7		4.962	216.47																																				
PIRATA-FR31	st27c01	B	2021-03-13T23:15:55z	 -10.001	 -9.500		  99.0	 6		3.862	168.36																																				
PIRATA-FR31	st27c01	B	2021-03-13T23:15:55z	 -10.001	 -9.500		 400.0	 5		1.927	 83.84																																				
PIRATA-FR31	st27c01	B	2021-03-13T23:15:55z	 -10.001	 -9.500		 600.0	 4		2.470	107.43																																				
PIRATA-FR31	st27c01	B	2021-03-13T23:15:55z	 -10.001	 -9.500		 799.0	 3		2.992	130.09																																				
PIRATA-FR31	st27c01	B	2021-03-13T23:15:55z	 -10.001	 -9.500		1500.0	 2		4.893	212.69																																				
PIRATA-FR31	st27c01	B	2021-03-13T23:15:55z	 -10.001	 -9.500		2002.0	 1		5.451	236.92																																				
PIRATA-FR31	st27c01	B	2021-03-13T23:15:55z	 -10.001	 -9.500																																										
PIRATA-FR31	st28c01	B	2021-03-14T04:04:47z	  -9.991	 -9.900		   3.0	14	36.4918	4.613	201.15	 0.01	  0.017	0.005	  0.15	 0.96	0.0039	0.0076	0.0022	0.0050	0.0037			0.0010	0.0176	0.0031			0.0784		0.0134	0.0082	0.0216	0.0083			0.0515	0.0356	0.0871								
PIRATA-FR31	st28c01	B	2021-03-14T04:04:47z	  -9.991	 -9.900		  20.0	13	36.4920	4.618	201.36	 0.01	  0.019	0.007	  0.15	 1.20	0.0033	0.0066	0.0021	0.0048	0.0034			0.0007	0.0152	0.0029			0.0647		0.0109	0.0075	0.0184				0.0429	0.0311	0.0740	0.0066							
PIRATA-FR31	st28c01	B	2021-03-14T04:04:47z	  -9.991	 -9.900		  40.0	12	36.4860	4.615	201.25	 0.01	  0.051	0.036	  0.15	 0.94	0.0035	0.0067	0.0020	0.0048	0.0035				0.0162	0.0030			0.0715		0.0126	0.0074	0.0200	0.0075			0.0476	0.0324	0.0800								
PIRATA-FR31	st28c01	B	2021-03-14T04:04:47z	  -9.991	 -9.900		  60.0	11	36.5977	5.001	217.95	 0.01	  0.024	0.009	  0.10	 0.83	0.0092	0.0131	0.0038	0.0140	0.0050			0.0012	0.0356	0.0042			0.0838		0.0258	0.0168	0.0426	0.0127			0.0815	0.0684	0.1499	0.0013							
PIRATA-FR31	st28c01	B	2021-03-14T04:04:47z	  -9.991	 -9.900		  90.0	10	36.1084	3.844	167.42	 0.58	  7.400	6.818	  0.66	 2.51	0.0405	0.0319	0.0036	0.0760	0.0115	0.0074	0.0021	0.0043	0.0739	0.0052	0.0008		0.0548		0.2187	0.1057	0.3244	0.0310			0.1210	0.1857	0.3067	0.0038							
PIRATA-FR31	st28c01	B	2021-03-14T04:04:47z	  -9.991	 -9.900		 100.0	 9	36.0009	3.563	155.14	 0.73	 10.277	9.550	  0.79	 3.01	0.0347	0.0256	0.0025	0.0651	0.0116	0.0071	0.0022	0.0032	0.0562	0.0046	0.0007		0.0378		0.1880	0.0854	0.2734	0.0258			0.0941	0.1517	0.2458	0.0029							
PIRATA-FR31	st28c01	B	2021-03-14T04:04:47z	  -9.991	 -9.900		 401.0	 8	34.7625	1.955	 85.07	 0.01	 33.832	33.821	  2.16	16.43																															
PIRATA-FR31	st28c01	B	2021-03-14T04:04:47z	  -9.991	 -9.900		 801.0	 7	34.5098	1.966	 85.55	 0.01	 36.848	36.841	  2.48	30.34																															
PIRATA-FR31	st28c01	B	2021-03-14T04:04:47z	  -9.991	 -9.900		1500.0	 6	34.8955	4.866	211.47	 0.00	 24.542	24.538	  1.64	24.55																															
PIRATA-FR31	st28c01	B	2021-03-14T04:04:47z	  -9.991	 -9.900		2000.0	 5	34.9345	5.422	235.67	 0.01	 21.976	21.966	  1.48	27.54																															
PIRATA-FR31	st28c01	B	2021-03-14T04:04:47z	  -9.991	 -9.900		2500.0	 4	34.9047	5.483	238.35	 0.03	 22.603	22.569	  1.52	38.29																															
PIRATA-FR31	st28c01	B	2021-03-14T04:04:47z	  -9.991	 -9.900		3000.0	 3	34.8875	5.466	237.56	 0.03	 23.162	23.130	  1.55	45.14																															
PIRATA-FR31	st28c01	B	2021-03-14T04:04:47z	  -9.991	 -9.900		3794.0	 2	34.8861	5.456	237.12	 0.03	 23.301	23.275	  1.59	48.71																															
PIRATA-FR31	st28c01	B	2021-03-14T04:04:47z	  -9.991	 -9.900		3794.0	 1	34.8868	5.441	236.46	 0.02	 23.309	23.291	  1.58	48.95																															
PIRATA-FR31	st28c01	B	2021-03-14T04:04:47z	  -9.991	 -9.900																																										
PIRATA-FR31	st29c01	B	2021-03-15T15:48:23z	  -9.974	-14.036		   3.0	 9	36.9111	4.645	202.51																																				
PIRATA-FR31	st29c01	B	2021-03-15T15:48:23z	  -9.974	-14.036		  40.0	 8	36.9191	4.716	205.56																																				
PIRATA-FR31	st29c01	B	2021-03-15T15:48:23z	  -9.974	-14.036		  81.0	 7	36.4971	5.355	233.23																																				
PIRATA-FR31	st29c01	B	2021-03-15T15:48:23z	  -9.974	-14.036		 120.0	 6	36.1441	4.176	181.78																																				
PIRATA-FR31	st29c01	B	2021-03-15T15:48:23z	  -9.974	-14.036		 351.0	 5	34.8551	1.630	 70.91																																				
PIRATA-FR31	st29c01	B	2021-03-15T15:48:23z	  -9.974	-14.036		 499.0	 4	34.6435	2.085	 90.67																																				
PIRATA-FR31	st29c01	B	2021-03-15T15:48:23z	  -9.974	-14.036		 499.0	 3	34.6412	2.074	 90.23																																				
PIRATA-FR31	st29c01	B	2021-03-15T15:48:23z	  -9.974	-14.036		 499.0	 2																																							
PIRATA-FR31	st29c01	B	2021-03-15T15:48:23z	  -9.974	-14.036		 499.0	 1																																							
PIRATA-FR31	st29c01	B	2021-03-15T15:48:23z	  -9.974	-14.036																																										
PIRATA-FR31	st30c01	B	2021-03-17T04:07:31z	  -9.971	-19.936		   3.0	12	36.5954	4.770	207.91	 0.01	  0.040	0.026	  0.22	 1.08	0.0016	0.0048	0.0013	0.0034	0.0022				0.0105	0.0032			0.0384			0.0069	0.0069	0.0033			0.0148	0.0293	0.0441	0.0003							
PIRATA-FR31	st30c01	B	2021-03-17T04:07:31z	  -9.971	-19.936		  40.0	11	36.4949	4.922	214.50	 0.02	  0.020	0.001	  0.19	 1.05	0.0023	0.0051	0.0017	0.0041	0.0021				0.0124	0.0031			0.0507			0.0078	0.0078	0.0036			0.0181	0.0319	0.0500								
PIRATA-FR31	st30c01	B	2021-03-17T04:07:31z	  -9.971	-19.936		  80.0	10	36.2850	5.379	234.26	 0.02	  0.014	-0.006	  0.20	 1.21	0.0050	0.0073	0.0022	0.0083	0.0030				0.0201	0.0030			0.0454		0.0089	0.0059	0.0148	0.0049			0.0287	0.0464	0.0751								
PIRATA-FR31	st30c01	B	2021-03-17T04:07:31z	  -9.971	-19.936		 120.0	 9	36.2858	5.099	222.00	 0.04	  0.056	0.019	  0.23	 1.22	0.0190	0.0171	0.0028	0.0253	0.0041				0.0472	0.0032			0.0692		0.0513	0.0785	0.1298	0.0216			0.1052	0.0836	0.1888	0.0017							
PIRATA-FR31	st30c01	B	2021-03-17T04:07:31z	  -9.971	-19.936		 500.0	 8	34.6294	2.918	126.91	 0.03	 30.905	30.879	  2.08	16.27																															
PIRATA-FR31	st30c01	B	2021-03-17T04:07:31z	  -9.971	-19.936		 799.0	 7	34.4542	3.731	162.24	 0.04	 34.946	34.911	  2.38	32.34																															
PIRATA-FR31	st30c01	B	2021-03-17T04:07:31z	  -9.971	-19.936		1399.0	 6	34.7447	4.550	197.77	 0.03	 28.149	28.120	  1.96	37.14																															
PIRATA-FR31	st30c01	B	2021-03-17T04:07:31z	  -9.971	-19.936		2000.0	 5	34.8804	5.401	234.75	 0.04	 23.172	23.134	  1.59	37.76																															
PIRATA-FR31	st30c01	B	2021-03-17T04:07:31z	  -9.971	-19.936		2500.0	 4	34.8803	5.502	239.16	 0.04	 23.096	23.056	  1.58	43.57																															
PIRATA-FR31	st30c01	B	2021-03-17T04:07:31z	  -9.971	-19.936		2999.0	 3	34.8728	5.501	239.11	 0.03	 23.418	23.383	  1.59	48.76																															
PIRATA-FR31	st30c01	B	2021-03-17T04:07:31z	  -9.971	-19.936		2999.0	 2	34.8731	5.501	239.09	 0.04	 23.585	23.544	  1.60	48.78																															
PIRATA-FR31	st30c01	B	2021-03-17T04:07:31z	  -9.971	-19.936		3818.0	 1	34.8796	5.389	234.21	 0.04	 23.701	23.660	  1.63	51.15																															
PIRATA-FR31	st30c01	B	2021-03-17T04:07:31z	  -9.971	-19.936																																										
PIRATA-FR31	st31c01	B	2021-03-23T06:20:48z	  -0.010	 -0.028		   4.0	10	34.3552	4.446	194.32	 0.03	  0.021	-0.007	  0.02	 0.92	0.0093	0.0112	0.0061	0.0074	0.0053		0.0023	0.0029	0.0390	0.0058	0.0007		0.0971		0.0305	0.0104	0.0409	0.0210			0.0976	0.1250	0.2226	0.0017							
PIRATA-FR31	st31c01	B	2021-03-23T06:20:48z	  -0.010	 -0.028		  20.0	 9	34.4176	4.439	194.00	 0.02	  0.018	-0.006	  0.02	 0.85	0.0090	0.0103	0.0068	0.0069	0.0049			0.0028	0.0362	0.0057	0.0014		0.0827		0.0263	0.0103	0.0366	0.0183			0.0802	0.1138	0.1940	0.0024							
PIRATA-FR31	st31c01	B	2021-03-23T06:20:48z	  -0.010	 -0.028		  41.0	 8	35.6604	4.743	206.83	 0.02	  0.015	-0.010	  0.11	 0.25	0.0371	0.0332	0.0138	0.0353	0.0148	0.0091	0.0123	0.0040	0.1136	0.0117	0.0065		0.0694		0.0298	0.0799	0.1097		0.0297		0.0806	0.3595	0.4401	0.0053							
PIRATA-FR31	st31c01	B	2021-03-23T06:20:48z	  -0.010	 -0.028		  60.0	 7	36.0362	3.578	155.81	 0.69	  9.092	8.404	  0.70	 3.23	0.0433	0.0351	0.0100	0.0628	0.0223	0.0085	0.0129	0.0026	0.0663	0.0073	0.0091		0.0389		0.2550	0.0906	0.3456	0.0333			0.1012	0.2630	0.3642	0.0064							
PIRATA-FR31	st31c01	B	2021-03-23T06:20:48z	  -0.010	 -0.028		  79.0	 6	35.8466	3.555	154.75	 0.30	 11.510	11.208	  0.87	 4.25	0.0398	0.0228	0.0029	0.0525	0.0381	0.0029	0.0035	0.0008	0.0566	0.0057	0.0022		0.0166		0.1707	0.0312	0.2019	0.0211			0.0574	0.1676	0.2250	0.0059							
PIRATA-FR31	st31c01	B	2021-03-23T06:20:48z	  -0.010	 -0.028		 100.0	 5	35.7401	3.508	152.69	 0.12	 12.963	12.845	  0.96	 4.83	0.0252	0.0124	0.0017	0.0325	0.0222		0.0015		0.0352	0.0031			0.0081		0.1230	0.0179	0.1409	0.0123			0.0338	0.0912	0.1250	0.0037							
PIRATA-FR31	st31c01	B	2021-03-23T06:20:48z	  -0.010	 -0.028		 201.0	 4	35.5550	3.055	132.97	 0.04	 17.020	16.983	  1.19	 6.22																															
PIRATA-FR31	st31c01	B	2021-03-23T06:20:48z	  -0.010	 -0.028		 351.0	 3	34.9400	1.724	 74.99	 0.03	 32.041	32.007	  2.06	14.08																															
PIRATA-FR31	st31c01	B	2021-03-23T06:20:48z	  -0.010	 -0.028		 500.0	 2	34.6977	2.308	100.43	 0.03	 34.065	34.036	  2.25	18.59																															
PIRATA-FR31	st31c01	B	2021-03-23T06:20:48z	  -0.010	 -0.028		 500.0	 1	34.6985	2.304	100.25	 0.03	 34.730	34.698	  2.24	18.55																															
PIRATA-FR31	st31c01	B	2021-03-23T06:20:48z	  -0.010	 -0.028																																										
PIRATA-FR31	st32c01	B	2021-03-24T16:53:08z	  -2.688	 +0.000		   3.0	14																																							
PIRATA-FR31	st32c01	B	2021-03-24T16:53:08z	  -2.688	 +0.000		   3.0	13	34.3235	4.493	196.42	 0.02	  0.022	0.007	  0.00	 0.89	0.0090	0.0084	0.0034	0.0079	0.0051				0.0288	0.0104			0.1810		0.0226	0.0096	0.0322		0.0232		0.1083	0.1059	0.2142	0.0011							
PIRATA-FR31	st32c01	B	2021-03-24T16:53:08z	  -2.688	 +0.000		  20.0	12	34.3471	4.495	196.48	 0.02	  0.017	-0.001	  0.02	 0.89	0.0093	0.0096	0.0054	0.0080	0.0052				0.0307	0.0085			0.1622		0.0213	0.0107	0.0320	0.0223			0.0896	0.1088	0.1984	0.0014							
PIRATA-FR31	st32c01	B	2021-03-24T16:53:08z	  -2.688	 +0.000		  40.0	11																																							
PIRATA-FR31	st32c01	B	2021-03-24T16:53:08z	  -2.688	 +0.000		  40.0	10	35.7522	4.655	203.00	 0.03	  0.113	0.079	  0.13	 0.42	0.0794	0.0826	0.0187	0.0771	0.0279	0.0196	0.0276	0.0127	0.2222	0.0226	0.0263		0.0861		0.0536	0.1742	0.2278		0.0435		0.1091	0.7254	0.8345	0.0066							
PIRATA-FR31	st32c01	B	2021-03-24T16:53:08z	  -2.688	 +0.000		  61.0	 9	35.9575	3.374	146.92	 0.50	 10.916	10.417	  0.79	 3.67	0.0492	0.0375	0.0063	0.0719	0.0245	0.0065	0.0113	0.0056	0.0796	0.0073	0.0080		0.0433		0.2738	0.0882	0.3620	0.0360			0.1058	0.2554	0.3612	0.0045							
PIRATA-FR31	st32c01	B	2021-03-24T16:53:08z	  -2.688	 +0.000		  80.0	 8	35.8329	3.472	151.15	 0.24	 11.885	11.647	  0.87	 4.13	0.0375	0.0222	0.0024	0.0532	0.0184	0.0041	0.0053	0.0037	0.0635	0.0050	0.0016		0.0197		0.2025	0.0313	0.2338	0.0211			0.0616	0.1508	0.2124	0.0027							
PIRATA-FR31	st32c01	B	2021-03-24T16:53:08z	  -2.688	 +0.000		 101.0	 7	35.7484	3.185	138.66	 0.19	 14.124	13.937	  1.00	 4.81	0.0294	0.0155	0.0018	0.0395	0.0235	0.0024	0.0053		0.0483	0.0040			0.0136		0.1648	0.0176	0.1824	0.0164			0.0443	0.1206	0.1649	0.0029							
PIRATA-FR31	st32c01	B	2021-03-24T16:53:08z	  -2.688	 +0.000		 199.0	 6	35.5309	3.080	134.04	 0.04	 17.053	17.015	  1.19	 6.15																															
PIRATA-FR31	st32c01	B	2021-03-24T16:53:08z	  -2.688	 +0.000		 350.0	 5	34.9105	1.850	 80.51	 0.02	 31.795	31.771	  2.02	14.03																															
PIRATA-FR31	st32c01	B	2021-03-24T16:53:08z	  -2.688	 +0.000		 800.0	 4	34.5286	3.310	143.97	 0.02	 34.702	34.681	  2.39	29.66																															
PIRATA-FR31	st32c01	B	2021-03-24T16:53:08z	  -2.688	 +0.000		1600.0	 3	34.9570	5.194	225.81	 0.02	 21.994	21.972	  1.48	19.49																															
PIRATA-FR31	st32c01	B	2021-03-24T16:53:08z	  -2.688	 +0.000		1600.0	 2	34.9570	5.197	225.97	 0.01	 22.124	22.113	  1.51	19.56																															
PIRATA-FR31	st32c01	B	2021-03-24T16:53:08z	  -2.688	 +0.000		2000.0	 1	34.9592	5.650	245.64	 0.02	 20.398	20.381	  1.37	22.39																															
PIRATA-FR31	st32c01	B	2021-03-24T16:53:08z	  -2.688	 +0.000																																										
PIRATA-FR31	st33c01	B	2021-03-26T16:04:18z	  -9.842	 +0.009		   3.0	 6	34.7492	4.499	196.66	 0.01	  0.010	0.001	  0.01	 0.75	0.0044	0.0058	0.0056	0.0038	0.0035	0.0016		0.0033	0.0165	0.0096			0.1442		0.0194	0.0047	0.0241	0.0143			0.0738	0.0666	0.1404								
PIRATA-FR31	st33c01	B	2021-03-26T16:04:18z	  -9.842	 +0.009		  40.0	 5				 0.04	  0.114	0.078	  0.13	 0.92	0.0592	0.0569	0.0126	0.0500	0.0251	0.0079	0.0135	0.0042	0.2105	0.0170	0.0025	0.0039	0.1154		0.0481	0.0834	0.1315	0.0342			0.1412	0.4104	0.5516								
PIRATA-FR31	st33c01	B	2021-03-26T16:04:18z	  -9.842	 +0.009		  60.0	 4				 0.51	  4.446	3.934	  0.44	 2.03	0.0755	0.0611	0.0078	0.0955	0.0344	0.0063	0.0135	0.0050	0.1561	0.0110	0.0120		0.0674		0.2467	0.1116	0.3583	0.0454			0.1482	0.3832	0.5314	0.0050							
PIRATA-FR31	st33c01	B	2021-03-26T16:04:18z	  -9.842	 +0.009		 100.0	 3	35.6926	3.639	158.40	 0.11	 12.351	12.243	  0.93	 4.54	0.0296	0.0155	0.0014	0.0426	0.0102		0.0029	0.0022	0.0537	0.0035			0.0131		0.1516	0.0163	0.1679	0.0139			0.0420	0.1054	0.1474								
PIRATA-FR31	st33c01	B	2021-03-26T16:04:18z	  -9.842	 +0.009		 200.0	 2	35.4632	2.913	126.75	 0.02	 18.764	18.742	  1.30	 6.91																															
PIRATA-FR31	st33c01	B	2021-03-26T16:04:18z	  -9.842	 +0.009		 200.0	 1	35.4627	2.920	127.05	 0.02	 18.790	18.770	  1.30	 6.95																															
PIRATA-FR31	st33c01	B	2021-03-26T16:04:18z	  -9.842	 +0.009																																										
PIRATA-FR31	st34c01	B	2021-03-26T19:04:29z	  -9.843	 +0.012		   3.0	 6	34.7531	4.483	195.92	 0.01	  0.017	0.005	  0.03	 0.83	0.0044	0.0060	0.0056	0.0059	0.0058			0.0016	0.0157	0.0070			0.1439		0.0189	0.0100	0.0289	0.0144			0.0655	0.0599	0.1254	0.0018							
PIRATA-FR31	st34c01	B	2021-03-26T19:04:29z	  -9.843	 +0.012		  40.0	 5				 0.02	  0.052	0.031	  0.13	 0.85	0.0430	0.0395	0.0120	0.0401	0.0178	0.0065	0.0128	0.0053	0.1597	0.0151	0.0017	0.0016	0.1041		0.0566	0.0727	0.1293	0.0313			0.1158	0.3332	0.4490	0.0058							
PIRATA-FR31	st34c01	B	2021-03-26T19:04:29z	  -9.843	 +0.012		  60.0	 4				 0.49	  4.034	3.543	  0.41	 1.99	0.0694	0.0575	0.0111	0.0955	0.0389	0.0090	0.0145	0.0036	0.1558	0.0125	0.0087		0.0858		0.3021	0.1029	0.4050	0.0508			0.1624	0.3906	0.5530	0.0092							
PIRATA-FR31	st34c01	B	2021-03-26T19:04:29z	  -9.843	 +0.012		 100.0	 3	35.6737	3.631	158.04	 0.07	 12.834	12.759	  0.94	 4.75	0.0265	0.0143	0.0013	0.0419	0.0116		0.0012		0.0464	0.0036			0.0114		0.1332	0.0179	0.1511	0.0141			0.0397	0.0984	0.1381	0.0026							
PIRATA-FR31	st34c01	B	2021-03-26T19:04:29z	  -9.843	 +0.012		 199.0	 2	35.4620	2.867	124.75	 0.02	 19.321	19.300	  1.29	 7.09																															
PIRATA-FR31	st34c01	B	2021-03-26T19:04:29z	  -9.843	 +0.012		 199.0	 1	35.4615	2.867	124.76	 0.02	 19.375	19.356	  1.30	 7.10																															
PIRATA-FR31	st34c01	B	2021-03-26T19:04:29z	  -9.843	 +0.012																																										
PIRATA-FR31	st35c01	B	2021-03-26T22:05:47z	  -9.838	 +0.013		   4.0	 6	34.7642	4.491	196.27	 0.02	  0.029	0.013	  0.07	 0.77																															
PIRATA-FR31	st35c01	B	2021-03-26T22:05:47z	  -9.838	 +0.013		  40.0	 5				 0.03	  0.094	0.065	  0.14	 0.90	0.0513	0.0460	0.0165	0.0428	0.0195	0.0074	0.0104	0.0085	0.1807	0.0158	0.0023		0.0880		0.0275	0.0586	0.0861	0.0285			0.1200	0.3321	0.4521	0.0096							
PIRATA-FR31	st35c01	B	2021-03-26T22:05:47z	  -9.838	 +0.013		  60.0	 4				 0.34	  5.112	4.771	  0.49	 2.20	0.0264	0.0154		0.0363	0.0108				0.0496	0.0035			0.0116		0.1219	0.0123	0.1342	0.0117			0.0330	0.0842	0.1172	0.0025							
PIRATA-FR31	st35c01	B	2021-03-26T22:05:47z	  -9.838	 +0.013		 100.0	 3	35.6285	3.562	155.04	 0.07	 13.844	13.773	  1.02	 5.09	0.0713	0.0542	0.0099	0.0854	0.0292	0.0053	0.0091	0.0035	0.1352	0.0112	0.0121		0.0569		0.2952	0.0691	0.3643	0.0413			0.1247	0.3234	0.4481	0.0061							
PIRATA-FR31	st35c01	B	2021-03-26T22:05:47z	  -9.838	 +0.013		 203.0	 2	35.4523	2.801	121.90	 0.02	 19.920	19.899	  1.34	 7.25																															
PIRATA-FR31	st35c01	B	2021-03-26T22:05:47z	  -9.838	 +0.013		 202.0	 1	35.4523	2.804	122.02	 0.02	 19.909	19.889	  1.31	 7.26																															
PIRATA-FR31	st35c01	B	2021-03-26T22:05:47z	  -9.838	 +0.013																																										
PIRATA-FR31	st36c01	B	2021-03-27T01:02:25z	  -9.838	 +0.013		   4.0	 6	34.7775	4.485	195.99	 0.01	  0.017	0.005	  0.01	 0.77	0.0045	0.0078	0.0032	0.0058	0.0047			0.0020	0.0149	0.0061			0.1090		0.0080	0.0040	0.0120	0.0130			0.0492	0.0477	0.0969	0.0016							
PIRATA-FR31	st36c01	B	2021-03-27T01:02:25z	  -9.838	 +0.013		  40.0	 5				 0.04	  0.130	0.094	  0.13	 0.98	0.0523	0.0431	0.0099	0.0475	0.0201	0.0059	0.0062	0.0049	0.1678	0.0145	0.0024		0.0815		0.0487	0.0460	0.0947	0.0280			0.1022	0.2940	0.3962	0.0054							
PIRATA-FR31	st36c01	B	2021-03-27T01:02:25z	  -9.838	 +0.013		  60.0	 4				 0.38	  4.673	4.291	  0.45	 2.13	0.0712	0.0517	0.0086	0.0791	0.0305	0.0056	0.0089	0.0039	0.1462	0.0113	0.0094		0.0523		0.2365	0.0637	0.3002	0.0346			0.1038	0.3211	0.4249	0.0056							
PIRATA-FR31	st36c01	B	2021-03-27T01:02:25z	  -9.838	 +0.013		 100.0	 3	35.6238	3.554	154.68	 0.06	 13.928	13.869	  1.00	 5.14	0.0240	0.0143	0.0013	0.0338	0.0099		0.0017	0.0020	0.0428	0.0053	0.0010		0.0103		0.1107	0.0099	0.1206	0.0118			0.0296	0.0752	0.1048	0.0024							
PIRATA-FR31	st36c01	B	2021-03-27T01:02:25z	  -9.838	 +0.013		 202.0	 2	35.4485	2.802	121.92	 0.02	 19.975	19.953	  1.33	 7.32																															
PIRATA-FR31	st36c01	B	2021-03-27T01:02:25z	  -9.838	 +0.013		 202.0	 1	35.4496	2.787	121.26	 0.02	 20.038	20.018	  1.32	 7.36																															
PIRATA-FR31	st36c01	B	2021-03-27T01:02:25z	  -9.838	 +0.013																																										
PIRATA-FR31	st37c01	B	2021-03-27T04:06:11z	  -9.839	 +0.015		   3.0	 6	34.7659	4.485	195.97	 0.01	  0.016	0.003	  0.03	 0.74	0.0052	0.0087	0.0028	0.0067	0.0055			0.0026	0.0224	0.0078			0.1026		0.0101	0.0048	0.0149	0.0129			0.0584	0.0592	0.1176	0.0018							
PIRATA-FR31	st37c01	B	2021-03-27T04:06:11z	  -9.839	 +0.015		  40.0	 5				 0.01	  0.021	0.007	  0.13	 0.72	0.0276	0.0286	0.0122	0.0241	0.0127	0.0027	0.0056	0.0048	0.0977	0.0160	0.0022		0.0885		0.0370	0.0295	0.0665	0.0262			0.0988	0.2134	0.3122	0.0042							
PIRATA-FR31	st37c01	B	2021-03-27T04:06:11z	  -9.839	 +0.015		  60.0	 4				 0.54	  3.298	2.762	  0.36	 1.79	0.0894	0.0649	0.0133	0.1045	0.0481	0.0135	0.0172	0.0067	0.1879	0.0190	0.0064		0.0825		0.2442	0.1237	0.3679	0.0493			0.1543	0.4627	0.6170	0.0092							
PIRATA-FR31	st37c01	B	2021-03-27T04:06:11z	  -9.839	 +0.015		 100.0	 3	35.6983	3.698	160.94	 0.08	 12.516	12.432	  0.93	 4.56	0.0311	0.0183	0.0017	0.0446	0.0121		0.0019		0.0478	0.0065	0.0011		0.0142		0.1338	0.0163	0.1501	0.0148			0.0402	0.1036	0.1438	0.0025							
PIRATA-FR31	st37c01	B	2021-03-27T04:06:11z	  -9.839	 +0.015		 200.0	 2	35.4641	2.940	127.93	 0.02	 19.187	19.165	  1.30	 7.03																															
PIRATA-FR31	st37c01	B	2021-03-27T04:06:11z	  -9.839	 +0.015		 199.0	 1	35.4640	2.940	127.93	 0.02	 19.225	19.204	  1.29	 7.04																															
PIRATA-FR31	st37c01	B	2021-03-27T04:06:11z	  -9.839	 +0.015																																										
PIRATA-FR31	st38c01	B	2021-03-27T07:04:10z	  -9.838	 +0.013		   3.0	 6	34.7579	4.484	195.93	 0.02	  0.020	0.004	  0.02	 0.79	0.0057	0.0113	0.0039	0.0078	0.0067				0.0210	0.0074			0.1126		0.0144	0.0060	0.0204	0.0167			0.0738	0.0750	0.1488	0.0021							
PIRATA-FR31	st38c01	B	2021-03-27T07:04:10z	  -9.838	 +0.013		  41.0	 5				 0.06	  0.203	0.144	  0.21	 1.04	0.0895	0.0692	0.0150	0.0852	0.0368	0.0121	0.0117	0.0083	0.2586	0.0212	0.0056		0.0864		0.0806	0.1081	0.1887	0.0419			0.1400	0.4949	0.6349	0.0077							
PIRATA-FR31	st38c01	B	2021-03-27T07:04:10z	  -9.838	 +0.013		  60.0	 4				 0.44	  5.220	4.784	  0.49	 2.25	0.0551	0.0419	0.0068	0.0712	0.0244	0.0073	0.0094	0.0044	0.1071	0.0112	0.0101		0.0433		0.2134	0.0836	0.2970	0.0350			0.1114	0.2665	0.3779	0.0048							
PIRATA-FR31	st38c01	B	2021-03-27T07:04:10z	  -9.838	 +0.013		 101.0	 3	35.6125	3.538	154.01	 0.07	 14.040	13.971	  1.01	 5.27	0.0404	0.0240	0.0021	0.0569	0.0177				0.0722	0.0090			0.0167		0.1865	0.0116	0.1981	0.0192			0.0510	0.1318	0.1828	0.0038							
PIRATA-FR31	st38c01	B	2021-03-27T07:04:10z	  -9.838	 +0.013		 200.0	 2	35.4589	2.847	123.91	 0.03	 19.391	19.366	  1.31	 7.23																															
PIRATA-FR31	st38c01	B	2021-03-27T07:04:10z	  -9.838	 +0.013		 200.0	 1	35.4590	2.859	124.41	 0.07	 19.349	19.275	  1.31	 7.21																															
PIRATA-FR31	st38c01	B	2021-03-27T07:04:10z	  -9.838	 +0.013																																										
PIRATA-FR31	st39c01	B	2021-03-27T10:06:31z	  -9.836	 +0.017		   4.0	 6	34.7454	4.489	196.16	 0.02	 -0.001	-0.017	  0.02	 0.78	0.0057	0.0095	0.0040	0.0067	0.0052				0.0237	0.0150		0.0041	0.1319		0.0170	0.0044	0.0214	0.0153			0.0748	0.0706	0.1454	0.0019							
PIRATA-FR31	st39c01	B	2021-03-27T10:06:31z	  -9.836	 +0.017		  40.0	 5				 0.02	  0.026	0.004	  0.14	 0.89	0.0632	0.0587	0.0112	0.0680	0.0274	0.0074	0.0063	0.0056	0.1949	0.0223	0.0030	0.0017	0.1027		0.0584	0.0796	0.1380	0.0392			0.1483	0.3840	0.5323	0.0063							
PIRATA-FR31	st39c01	B	2021-03-27T10:06:31z	  -9.836	 +0.017		  60.0	 4				 0.40	  5.234	4.831	  0.49	 2.21	0.0587	0.0461	0.0077	0.0710	0.0266	0.0068	0.0077	0.0030	0.1176	0.0113	0.0093		0.0405		0.2086	0.0796	0.2882	0.0346			0.1065	0.2708	0.3773	0.0048							
PIRATA-FR31	st39c01	B	2021-03-27T10:06:31z	  -9.836	 +0.017		 101.0	 3	35.6052	3.533	153.78	 0.06	 14.149	14.093	  0.99	 5.27	0.0249	0.0152		0.0359	0.0097		0.0017	0.0011	0.0438	0.0055			0.0096		0.1192	0.0090	0.1282	0.0125			0.0328	0.0821	0.1149	0.0022							
PIRATA-FR31	st39c01	B	2021-03-27T10:06:31z	  -9.836	 +0.017		 204.0	 2	35.4549	2.819	122.67	 0.03	 19.508	19.482	  1.29	 7.25																															
PIRATA-FR31	st39c01	B	2021-03-27T10:06:31z	  -9.836	 +0.017		 203.0	 1	35.4558	2.832	123.23	 0.02	 19.597	19.573	  1.31	 7.18																															
PIRATA-FR31	st39c01	B	2021-03-27T10:06:31z	  -9.836	 +0.017																																										
PIRATA-FR31	st40c01	B	2021-03-27T13:03:22z	  -9.835	 +0.014		   4.0	 6	34.7458	4.497	196.55	 0.02	  0.013	-0.004	  0.03	 0.84	0.0095	0.0148	0.0082	0.0108	0.0072			0.0039	0.0374	0.0263	0.0117		0.2567		0.0207	0.0078	0.0285	0.0266			0.1254	0.1200	0.2454	0.0032							
PIRATA-FR31	st40c01	B	2021-03-27T13:03:22z	  -9.835	 +0.014		  41.0	 5				 0.02	  0.006	-0.010	  0.16	 0.96	0.0499	0.0503	0.0106	0.0564	0.0221	0.0079	0.0070	0.0056	0.1604	0.0226	0.0023	0.0024	0.1264		0.0610	0.0764	0.1374	0.0407			0.1666	0.3319	0.4985	0.0054							
PIRATA-FR31	st40c01	B	2021-03-27T13:03:22z	  -9.835	 +0.014		  60.0	 4				 0.43	  4.446	4.021	  0.44	 2.04	0.0725	0.0588	0.0094	0.0864	0.0326	0.0089	0.0113	0.0039	0.1471	0.0128	0.0082		0.0636		0.3814	0.0841	0.4655	0.0465			0.1480	0.3313	0.4793	0.0051							
PIRATA-FR31	st40c01	B	2021-03-27T13:03:22z	  -9.835	 +0.014		 102.0	 3	35.6138	3.546	154.35	 0.06	 13.962	13.899	  1.01	 5.20	0.0225	0.0148	0.0018	0.0336			0.0024	0.0021	0.0391	0.0052			0.0097		0.1333	0.0186	0.1519	0.0121			0.0322	0.0731	0.1053	0.0021							
PIRATA-FR31	st40c01	B	2021-03-27T13:03:22z	  -9.835	 +0.014		 202.0	 2	35.4484	2.772	120.61	 0.02	 19.805	19.781	  1.34	 7.36																															
PIRATA-FR31	st40c01	B	2021-03-27T13:03:22z	  -9.835	 +0.014		 202.0	 1	35.4497	2.783	121.10	 0.02	 19.841	19.819	  1.34	 7.33																															
PIRATA-FR31	st40c01	B	2021-03-27T13:03:22z	  -9.835	 +0.014																																										
PIRATA-FR31	st41c01	B	2021-03-27T16:07:52z	  -9.839	 +0.021		   3.0	 6	34.7508	4.535	198.18	 0.01	  0.015	0.002	  0.01	 1.03	0.0051	0.0086	0.0031	0.0068	0.0048			0.0030	0.0241	0.0111		0.0024	0.1448		0.0112	0.0086	0.0198	0.0153			0.0651	0.0684	0.1335	0.0020							
PIRATA-FR31	st41c01	B	2021-03-27T16:07:52z	  -9.839	 +0.021		  40.0	 5				 0.02	  0.019	0.002	  0.13	 0.95	0.0487	0.0490	0.0232	0.0501	0.0185	0.0060	0.0051	0.0064	0.1598	0.0191		0.0021	0.1561		0.0846	0.0762	0.1608	0.0454			0.2110	0.3547	0.5657	0.0069							
PIRATA-FR31	st41c01	B	2021-03-27T16:07:52z	  -9.839	 +0.021		  59.0	 4				 0.50	  3.599	3.099	  0.38	 1.95	0.1143	0.0833	0.0142	0.1171	0.0591	0.0078	0.0136	0.0063	0.2321	0.0161	0.0152		0.0882		0.3226	0.1563	0.4789	0.0576			0.2025	0.5235	0.7260	0.0106							
PIRATA-FR31	st41c01	B	2021-03-27T16:07:52z	  -9.839	 +0.021		 102.0	 3	35.6838	3.664	159.48	 0.09	 12.785	12.700	  0.92	 4.74	0.0306	0.0177	0.0031	0.0433	0.0100			0.0012	0.0511	0.0037			0.0125		0.1475	0.0149	0.1624	0.0140			0.0399	0.0993	0.1392	0.0029							
PIRATA-FR31	st41c01	B	2021-03-27T16:07:52z	  -9.839	 +0.021		 203.0	 2	35.4539	2.838	123.51	 0.02	 19.587	19.564	  1.29	 7.24																															
PIRATA-FR31	st41c01	B	2021-03-27T16:07:52z	  -9.839	 +0.021		 202.0	 1	35.4545	2.823	122.86	 0.02	 19.546	19.521	  1.28	 7.22																															
PIRATA-FR31	st41c01	B	2021-03-27T16:07:52z	  -9.839	 +0.021																																										
PIRATA-FR31	st42c01	B	2021-03-27T19:07:08z	  -9.838	 +0.019		   3.0	 6	34.7430	4.505	196.88	 0.01	  0.017	0.004	  0.01	 0.70	0.0060	0.0096	0.0071	0.0071	0.0047				0.0254	0.0079			0.1403		0.0145	0.0074	0.0219	0.0151			0.0589	0.0666	0.1255	0.0020							
PIRATA-FR31	st42c01	B	2021-03-27T19:07:08z	  -9.838	 +0.019		  40.0	 5				 0.26	  1.046	0.783	  0.25	 1.17	0.1035	0.0888	0.0264	0.1222	0.0385	0.0183	0.0206	0.0110	0.2936	0.0229	0.0055		0.1060		0.1687	0.2181	0.3868	0.0563			0.1756	0.6382	0.8138	0.0124							
PIRATA-FR31	st42c01	B	2021-03-27T19:07:08z	  -9.838	 +0.019		  60.0	 4				 0.38	  5.279	4.895	  0.49	 2.20	0.0603	0.0455	0.0105	0.0719	0.0202	0.0063	0.0082	0.0026	0.1093	0.0086	0.0084		0.0462		0.2650	0.0928	0.3578	0.0359			0.1144	0.2697	0.3841	0.0055							
PIRATA-FR31	st42c01	B	2021-03-27T19:07:08z	  -9.838	 +0.019		 102.0	 3	35.6520	3.600	156.67	 0.08	 13.477	13.395	  0.95	 4.98	0.0279	0.0166	0.0026	0.0384	0.0083				0.0430	0.0035			0.0096		0.1470	0.0114	0.1584	0.0131			0.0361	0.0885	0.1246	0.0027							
PIRATA-FR31	st42c01	B	2021-03-27T19:07:08z	  -9.838	 +0.019		 198.0	 2	35.4569	2.874	125.08	 0.03	 19.392	19.366	  1.27	 7.14																															
PIRATA-FR31	st42c01	B	2021-03-27T19:07:08z	  -9.838	 +0.019		 199.0	 1	35.4562	2.870	124.89	 0.03	 19.446	19.419	  1.27	 7.18																															
PIRATA-FR31	st42c01	B	2021-03-27T19:07:08z	  -9.838	 +0.019																																										
PIRATA-FR31	st43c01	B	2021-03-27T22:03:44z	  -9.844	 +0.015		   3.0	 6	34.7391	4.494	196.41	 0.02	  0.009	-0.008	  0.03	 0.80	0.0054	0.0078	0.0059	0.0061	0.0038				0.0174	0.0064			0.1192		0.0189	0.0067	0.0256	0.0128			0.0481	0.0571	0.1052	0.0018							
PIRATA-FR31	st43c01	B	2021-03-27T22:03:44z	  -9.844	 +0.015		  40.0	 5				 0.03	  0.061	0.032	  0.17	 0.82	0.0620	0.0523	0.0182	0.0677	0.0192	0.0106	0.0096	0.0093	0.1790	0.0186	0.0017		0.1118		0.0804	0.1192	0.1996	0.0407			0.1396	0.4000	0.5396	0.0080							
PIRATA-FR31	st43c01	B	2021-03-27T22:03:44z	  -9.844	 +0.015		  61.0	 4				 0.35	  5.436	5.087	  0.48	 2.18	0.0584	0.0414	0.0102	0.0682	0.0189	0.0087	0.0079	0.0033	0.1118	0.0090	0.0075		0.0476		0.2284	0.0815	0.3099	0.0381			0.1155	0.2897	0.4052	0.0060							
PIRATA-FR31	st43c01	B	2021-03-27T22:03:44z	  -9.844	 +0.015		 101.0	 3	35.6258	3.532	153.73	 0.07	 13.859	13.790	  0.97	 5.04	0.0255	0.0150	0.0027	0.0372	0.0106				0.0409	0.0031			0.0084		0.1289	0.0099	0.1388	0.0126			0.0340	0.0810	0.1150	0.0024							
PIRATA-FR31	st43c01	B	2021-03-27T22:03:44z	  -9.844	 +0.015		 201.0	 2	35.4528	2.800	121.84	 0.02	 19.625	19.600	  1.29	 7.15																															
PIRATA-FR31	st43c01	B	2021-03-27T22:03:44z	  -9.844	 +0.015		 201.0	 1	35.4523	2.804	122.03	 0.03	 19.693	19.667	  1.28	 7.19																															
PIRATA-FR31	st43c01	B	2021-03-27T22:03:44z	  -9.844	 +0.015																																										
PIRATA-FR31	st44c01	B	2021-03-28T01:00:36z	  -9.840	 +0.016		   4.0	 6	34.7565	4.493	196.33	 0.02	  0.074	0.056	  0.00	 0.69	0.0048	0.0077	0.0064	0.0065	0.0057				0.0181	0.0058			0.1027		0.0118	0.0034	0.0152	0.0121			0.0476	0.0529	0.1005	0.0016							
PIRATA-FR31	st44c01	B	2021-03-28T01:00:36z	  -9.840	 +0.016		  40.0	 5				 0.02	  0.014	-0.003	  0.09	 0.78	0.0217	0.0235	0.0124	0.0272	0.0113	0.0026	0.0037	0.0034	0.0712	0.0123	0.0014		0.1209		0.0424	0.0321	0.0745	0.0292			0.1255	0.1737	0.2992	0.0046							
PIRATA-FR31	st44c01	B	2021-03-28T01:00:36z	  -9.840	 +0.016		  60.0	 4				 0.43	  4.180	3.750	  0.39	 1.99	0.0919	0.0613	0.0128	0.0992	0.0436	0.0049	0.0124	0.0043	0.1901	0.0139	0.0102		0.0652		0.2599	0.0989	0.3588	0.0456			0.1478	0.4053	0.5531	0.0079							
PIRATA-FR31	st44c01	B	2021-03-28T01:00:36z	  -9.840	 +0.016		 100.0	 3	35.6476	3.539	154.02	 0.07	 13.456	13.382	  0.95	 4.98	0.0271	0.0166	0.0027	0.0417	0.0114		0.0025		0.0465	0.0035			0.0094		0.1177	0.0192	0.1369	0.0134			0.0372	0.0883	0.1255	0.0027							
PIRATA-FR31	st44c01	B	2021-03-28T01:00:36z	  -9.840	 +0.016		 201.0	 2	35.4476	2.765	120.34	 0.03	 19.857	19.831	  1.31	 7.36																															
PIRATA-FR31	st44c01	B	2021-03-28T01:00:36z	  -9.840	 +0.016		 201.0	 1	35.4488	2.787	121.29	 0.03	 19.767	19.742	  1.29	 7.33																															
PIRATA-FR31	st44c01	B	2021-03-28T01:00:36z	  -9.840	 +0.016																																										
PIRATA-FR31	st45c01	B	2021-03-28T04:04:55z	  -9.840	 +0.017		   3.0	 6	34.7536	4.485	196.00	 0.01	  0.011	-0.002	  0.02	 0.79	0.0055	0.0096	0.0097	0.0069	0.0061		0.0017		0.0216	0.0064			0.1167		0.0188	0.0102	0.0290	0.0154			0.0684	0.0710	0.1394	0.0021							
PIRATA-FR31	st45c01	B	2021-03-28T04:04:55z	  -9.840	 +0.017		  40.0	 5				 0.02	  0.036	0.014	  0.13	 0.88	0.0231	0.0269	0.0140	0.0296	0.0127	0.0029	0.0057	0.0036	0.0852	0.0115	0.0013		0.1045		0.0419	0.0325	0.0744	0.0310			0.1259	0.1970	0.3229	0.0046							
PIRATA-FR31	st45c01	B	2021-03-28T04:04:55z	  -9.840	 +0.017		  60.0	 4				 0.55	  3.676	3.131	  0.38	 1.82	0.0744	0.0564	0.0146	0.0887	0.0415	0.0117	0.0138	0.0060	0.1866	0.0135	0.0069		0.0748		0.2256	0.0949	0.3205	0.0492			0.1606	0.3862	0.5468	0.0088							
PIRATA-FR31	st45c01	B	2021-03-28T04:04:55z	  -9.840	 +0.017		 102.0	 3	35.6661	3.590	156.25	 0.08	 13.176	13.095	  0.98	 4.72	0.0263	0.0162	0.0016	0.0412	0.0107		0.0027		0.0442	0.0033			0.0093		0.1076	0.0219	0.1295	0.0124			0.0371	0.0859	0.1230	0.0023							
PIRATA-FR31	st45c01	B	2021-03-28T04:04:55z	  -9.840	 +0.017		 198.0	 2	35.4546	2.812	122.35	 0.02	 19.537	19.515	  1.35	 7.11																															
PIRATA-FR31	st45c01	B	2021-03-28T04:04:55z	  -9.840	 +0.017		 199.0	 1	35.4539	2.813	122.39	 0.02	 19.508	19.487	  1.36	 7.13																															
PIRATA-FR31	st45c01	B	2021-03-28T04:04:55z	  -9.840	 +0.017																																										
PIRATA-FR31	st46c01	B	2021-03-28T07:04:37z	  -9.840	 +0.017		   3.0	 6	34.7397	4.478	195.67	 0.02	  0.026	0.008	  0.04	 0.74	0.0067	0.0112	0.0060	0.0082	0.0072			0.0030	0.0265	0.0059			0.1074		0.0192	0.0113	0.0305	0.0164			0.0720	0.0805	0.1525	0.0019							
PIRATA-FR31	st46c01	B	2021-03-28T07:04:37z	  -9.840	 +0.017		  40.0	 5				 0.17	  0.587	0.412	  0.20	 1.13	0.0755	0.0599	0.0189	0.0794	0.0304	0.0099	0.0121	0.0087	0.2119	0.0168	0.0053		0.0976		0.1371	0.1144	0.2515	0.0458			0.1603	0.4434	0.6037	0.0084							
PIRATA-FR31	st46c01	B	2021-03-28T07:04:37z	  -9.840	 +0.017		  61.0	 4				 0.33	  5.923	5.588	  0.52	 2.39	0.0551	0.0411	0.0091	0.0734	0.0242	0.0061	0.0066	0.0039	0.1102	0.0087	0.0101		0.0456		0.2351	0.0708	0.3059	0.0350			0.1099	0.2657	0.3756	0.0057							
PIRATA-FR31	st46c01	B	2021-03-28T07:04:37z	  -9.840	 +0.017		 102.0	 3	35.6889	3.633	158.10	 0.09	 12.727	12.641	  0.92	 4.53	0.0287	0.0173	0.0019	0.0444	0.0120				0.0462	0.0037			0.0116		0.1128	0.0210	0.1338	0.0135			0.0395	0.0963	0.1358	0.0028							
PIRATA-FR31	st46c01	B	2021-03-28T07:04:37z	  -9.840	 +0.017		 201.0	 2	35.4516	2.805	122.04	 0.02	 19.663	19.639	  1.34	 7.17																															
PIRATA-FR31	st46c01	B	2021-03-28T07:04:37z	  -9.840	 +0.017		 201.0	 1	35.4519	2.813	122.42	 0.02	 19.634	19.615	  1.34	 7.19																															
PIRATA-FR31	st46c01	B	2021-03-28T07:04:37z	  -9.840	 +0.017																																										
PIRATA-FR31	st47c01	B	2021-03-28T10:09:00z	  -9.837	 +0.020		   3.0	 6	34.6672	4.495	196.45	 0.01	  0.027	0.014	  0.02	 0.76	0.0065	0.0069	0.0045	0.0062	0.0052				0.0200	0.0151		0.0048	0.1425		0.0112	0.0052	0.0164	0.0190			0.0754	0.0828	0.1582	0.0022							
PIRATA-FR31	st47c01	B	2021-03-28T10:09:00z	  -9.837	 +0.020		  40.0	 5				 0.02	  0.049	0.024	  0.17	 0.98	0.0551	0.0523	0.0124	0.0614	0.0234	0.0062	0.0058	0.0048	0.1713	0.0181			0.1286		0.0874	0.0855	0.1729	0.0467			0.1928	0.3819	0.5747	0.0059							
PIRATA-FR31	st47c01	B	2021-03-28T10:09:00z	  -9.837	 +0.020		  60.0	 4				 0.33	  5.587	5.256	  0.51	 2.18	0.0722	0.0547	0.0166	0.0819	0.0299	0.0059	0.0059	0.0023	0.1360	0.0113	0.0106		0.0477		0.2696	0.0859	0.3555	0.0386			0.1287	0.3362	0.4649	0.0059							
PIRATA-FR31	st47c01	B	2021-03-28T10:09:00z	  -9.837	 +0.020		 101.0	 3	35.6285	3.513	152.89	 0.07	 14.018	13.947	  1.04	 5.06	0.0292	0.0154		0.0409	0.0121				0.0432	0.0037			0.0083		0.1406	0.0204	0.1610	0.0151			0.0449	0.0937	0.1386	0.0023							
PIRATA-FR31	st47c01	B	2021-03-28T10:09:00z	  -9.837	 +0.020		 204.0	 2	35.4502	2.790	121.43	 0.02	 19.771	19.748	  1.36	 7.15																															
PIRATA-FR31	st47c01	B	2021-03-28T10:09:00z	  -9.837	 +0.020		 203.0	 1	35.4497	2.795	121.62	 0.02	 19.819	19.795	  1.37	 7.19																															
PIRATA-FR31	st47c01	B	2021-03-28T10:09:00z	  -9.837	 +0.020																																										
PIRATA-FR31	st48c01	B	2021-03-28T13:02:45z	  -9.837	 +0.019		   3.0	 6	34.6352	4.518	197.47	 0.01	  0.019	0.006	  0.03	 0.80	0.0058	0.0079	0.0033	0.0069	0.0069			0.0010	0.0197	0.0131		0.0080	0.1421		0.0206	0.0094	0.0300	0.0177			0.0759	0.0816	0.1575	0.0021							
PIRATA-FR31	st48c01	B	2021-03-28T13:02:45z	  -9.837	 +0.019		  40.0	 5				 0.01	  0.018	0.003	  0.16	 0.91	0.0333	0.0350	0.0108	0.0373	0.0181		0.0025	0.0024	0.1041	0.0162		0.0020	0.1619		0.0822	0.0423	0.1245	0.0432			0.2010	0.2597	0.4607	0.0045							
PIRATA-FR31	st48c01	B	2021-03-28T13:02:45z	  -9.837	 +0.019		  60.0	 4				 0.37	  5.412	5.044	  0.51	 2.34	0.0865	0.0619	0.0136	0.0913	0.0429	0.0091	0.0079	0.0029	0.1647	0.0120	0.0144		0.0550		0.3164	0.0877	0.4041	0.0430			0.1452	0.3805	0.5257	0.0060							
PIRATA-FR31	st48c01	B	2021-03-28T13:02:45z	  -9.837	 +0.019		 101.0	 3	35.6633	3.618	157.38	 0.08	 13.196	13.113	  0.98	 4.88	0.0264	0.0156		0.0413	0.0122				0.0402	0.0038			0.0101		0.1279	0.0172	0.1451	0.0148			0.0431	0.0904	0.1335	0.0024							
PIRATA-FR31	st48c01	B	2021-03-28T13:02:45z	  -9.837	 +0.019		 201.0	 2	35.4537	2.823	122.86	 0.02	 19.480	19.459	  1.37	 7.29																															
PIRATA-FR31	st48c01	B	2021-03-28T13:02:45z	  -9.837	 +0.019		 201.0	 1	35.4536	2.834	123.35	 0.02	 19.509	19.488	  1.36	 7.15																															
PIRATA-FR31	st48c01	B	2021-03-28T13:02:45z	  -9.837	 +0.019																																										
PIRATA-FR31	st49c01	B	2021-03-28T15:10:13z	  -9.838	 +0.019		   3.0	17																																							
PIRATA-FR31	st49c01	B	2021-03-28T15:10:13z	  -9.838	 +0.019		   3.0	16																																							
PIRATA-FR31	st49c01	B	2021-03-28T15:10:13z	  -9.838	 +0.019		   3.0	15	34.6009	4.516	197.31	 0.02	  0.023	0.007	  0.04	 1.08																															
PIRATA-FR31	st49c01	B	2021-03-28T15:10:13z	  -9.838	 +0.019		  20.0	14	35.3292	4.692	204.82	 0.01	  0.010	-0.005	  0.03	 0.79																															
PIRATA-FR31	st49c01	B	2021-03-28T15:10:13z	  -9.838	 +0.019		  40.0	13	36.1028	4.574	199.52	 0.02	  0.036	0.014	  0.11	 0.70																															
PIRATA-FR31	st49c01	B	2021-03-28T15:10:13z	  -9.838	 +0.019		  60.0	12																																							
PIRATA-FR31	st49c01	B	2021-03-28T15:10:13z	  -9.838	 +0.019		  60.0	11	36.3588	4.028	175.48	 0.38	  4.575	4.197	  0.42	 1.96																															
PIRATA-FR31	st49c01	B	2021-03-28T15:10:13z	  -9.838	 +0.019		  80.0	10	36.0541	3.888	169.32	 0.17	  8.173	8.007	  0.65	 2.95																															
PIRATA-FR31	st49c01	B	2021-03-28T15:10:13z	  -9.838	 +0.019		 100.0	 9	35.8446	3.639	158.44	 0.12	 11.151	11.036	  0.81	 3.92																															
PIRATA-FR31	st49c01	B	2021-03-28T15:10:13z	  -9.838	 +0.019		 352.0	 8	34.8671	1.919	 83.50	 0.03	 32.449	32.422	  1.97	15.09																															
PIRATA-FR31	st49c01	B	2021-03-28T15:10:13z	  -9.838	 +0.019		 750.0	 7	34.5217	3.390	147.45	 0.02	 34.595	34.572	  2.24	29.42																															
PIRATA-FR31	st49c01	B	2021-03-28T15:10:13z	  -9.838	 +0.019		1701.0	 6	34.9738	5.527	240.29	 0.02	 20.857	20.837	  1.33	18.10																															
PIRATA-FR31	st49c01	B	2021-03-28T15:10:13z	  -9.838	 +0.019		2000.0	 5	34.9586	5.704	247.98	 0.02	 20.370	20.346	  1.33	22.03																															
PIRATA-FR31	st49c01	B	2021-03-28T15:10:13z	  -9.838	 +0.019		2000.0	 4	34.9591	5.708	248.13	 0.02	 20.383	20.363	  1.31	22.04																															
PIRATA-FR31	st49c01	B	2021-03-28T15:10:13z	  -9.838	 +0.019		3501.0	 3	34.8904	5.570	242.07	 0.02	 22.633	22.612	  1.50	44.35																															
PIRATA-FR31	st49c01	B	2021-03-28T15:10:13z	  -9.838	 +0.019		5100.0	 2																																							
PIRATA-FR31	st49c01	B	2021-03-28T15:10:13z	  -9.838	 +0.019		5100.0	 1	34.8550	5.576	242.34	 0.02	 23.868	23.847	  1.59	55.75																															
PIRATA-FR31	st49c01	B	2021-03-28T15:10:13z	  -9.838	 +0.019																																										
PIRATA-FR31	st50c01	B	2021-03-31T14:25:04z	 -23.000	 -2.001		   5.0	12	35.6095	4.533	197.99	 0.02	  0.025	0.010	  0.06	 1.02	0.0032	0.0060	0.0020	0.0053	0.0070			0.0010	0.0142	0.0100		0.0028	0.1276		0.0194	0.0085	0.0279	0.0184			0.0725	0.0787	0.1512	0.0017							
PIRATA-FR31	st50c01	B	2021-03-31T14:25:04z	 -23.000	 -2.001		  20.0	11	35.6170	4.550	198.68	 0.01	  0.004	-0.011	  0.04	 0.65	0.0031	0.0079	0.0032	0.0062	0.0075			0.0012	0.0183	0.0077		0.0017	0.1315		0.0227	0.0096	0.0323	0.0217			0.0751	0.0879	0.1630	0.0017							
PIRATA-FR31	st50c01	B	2021-03-31T14:25:04z	 -23.000	 -2.001		  40.0	10	36.0074	4.589	200.30	 0.01	  0.025	0.013	  0.10	 0.51	0.0091	0.0122	0.0041	0.0101	0.0090			0.0009	0.0378	0.0076		0.0008	0.1211		0.0367	0.0157	0.0524	0.0194			0.0933	0.0916	0.1849	0.0018							
PIRATA-FR31	st50c01	B	2021-03-31T14:25:04z	 -23.000	 -2.001		  60.0	 9	36.1267	4.581	199.81	 0.01	  0.039	0.024	  0.16	 1.15	0.0265	0.0316	0.0050	0.0354	0.0157	0.0027		0.0013	0.0878	0.0098		0.0017	0.1608		0.1244	0.0395	0.1639	0.0410			0.2389	0.1751	0.4140	0.0045							
PIRATA-FR31	st50c01	B	2021-03-31T14:25:04z	 -23.000	 -2.001		  80.0	 8	35.6297	2.470	107.46	 0.35	 19.242	18.891	  1.23	 5.83	0.0495	0.0369	0.0048	0.0822	0.0240	0.0105	0.0133	0.0050	0.0972	0.0080	0.0014	0.0010	0.0446		0.2372	0.0848	0.3220	0.0295			0.0945	0.2408	0.3353	0.0041							
PIRATA-FR31	st50c01	B	2021-03-31T14:25:04z	 -23.000	 -2.001		 102.0	 7	35.6168	2.464	107.27	 0.27	 19.648	19.381	  1.26	 6.01	0.0492	0.0307	0.0035	0.0801	0.0195	0.0105	0.0125	0.0038	0.0719	0.0063	0.0010		0.0297		0.2051	0.0791	0.2842	0.0241			0.0739	0.2013	0.2752	0.0034							
PIRATA-FR31	st50c01	B	2021-03-31T14:25:04z	 -23.000	 -2.001		 201.0	 6	35.3316	2.062	 89.72	 0.02	 24.744	24.722	  1.55	 8.75																															
PIRATA-FR31	st50c01	B	2021-03-31T14:25:04z	 -23.000	 -2.001		 300.0	 5	35.1869	2.003	 87.16	 0.02	 26.919	26.899	  1.66	10.36																															
PIRATA-FR31	st50c01	B	2021-03-31T14:25:04z	 -23.000	 -2.001		 799.0	 4	34.5096	3.568	155.17	 0.02	 34.407	34.390	  2.23	30.40																															
PIRATA-FR31	st50c01	B	2021-03-31T14:25:04z	 -23.000	 -2.001		1599.0	 3	34.9731	5.475	238.08	 0.02	 20.780	20.764	  1.32	17.77																															
PIRATA-FR31	st50c01	B	2021-03-31T14:25:04z	 -23.000	 -2.001		2000.0	 2	34.9664	5.730	249.05	 0.02	 20.014	19.999	  1.28	20.03																															
PIRATA-FR31	st50c01	B	2021-03-31T14:25:04z	 -23.000	 -2.001		2000.0	 1	34.9637	5.728	248.98	 0.01	 20.017	20.003	  1.31	20.06																															
PIRATA-FR31	st50c01	B	2021-03-31T14:25:04z	 -23.000	 -2.001																																										
PIRATA-FR31	st51c01	B	2021-03-31T19:03:50z	 -23.000	 -1.500		   3.0	15																																							
PIRATA-FR31	st51c01	B	2021-03-31T19:03:50z	 -23.000	 -1.500		   3.0	14																																							
PIRATA-FR31	st51c01	B	2021-03-31T19:03:50z	 -23.000	 -1.500		   3.0	13	35.4545	4.584	200.20	 0.01	  0.020	0.008	  0.04	 0.82																															
PIRATA-FR31	st51c01	B	2021-03-31T19:03:50z	 -23.000	 -1.500		  20.0	12	35.5936	4.582	200.05	 0.01	  0.016	0.005	  0.04	 0.83																															
PIRATA-FR31	st51c01	B	2021-03-31T19:03:50z	 -23.000	 -1.500		  40.0	11	36.1141	4.590	200.32	 0.01	  0.020	0.010	  0.07	 0.75																															
PIRATA-FR31	st51c01	B	2021-03-31T19:03:50z	 -23.000	 -1.500		  60.0	10																																							
PIRATA-FR31	st51c01	B	2021-03-31T19:03:50z	 -23.000	 -1.500		  61.0	 9	36.1348	4.647	202.69	 0.01	  0.024	0.012	  0.13	 1.20																															
PIRATA-FR31	st51c01	B	2021-03-31T19:03:50z	 -23.000	 -1.500		  80.0	 8	35.5677	3.010	131.14	 0.58	 12.604	12.019	  0.92	 4.14																															
PIRATA-FR31	st51c01	B	2021-03-31T19:03:50z	 -23.000	 -1.500		 100.0	 7	35.8860	2.230	 97.05	 0.17	 21.084	20.910	  1.35	 6.74																															
PIRATA-FR31	st51c01	B	2021-03-31T19:03:50z	 -23.000	 -1.500		 200.0	 6	35.3441	2.221	 96.66	 0.02	 23.661	23.640	  1.48	 8.59																															
PIRATA-FR31	st51c01	B	2021-03-31T19:03:50z	 -23.000	 -1.500		 300.0	 5	35.0953	2.028	 88.25	 0.02	 27.996	27.980	  1.73	11.07																															
PIRATA-FR31	st51c01	B	2021-03-31T19:03:50z	 -23.000	 -1.500		 752.0	 4	34.4937	3.476	151.16	 0.02	 34.401	34.385	  2.27	28.84																															
PIRATA-FR31	st51c01	B	2021-03-31T19:03:50z	 -23.000	 -1.500		1601.0	 3	34.9738	5.475	238.01	 0.01	 20.724	20.709	  1.33	17.30																															
PIRATA-FR31	st51c01	B	2021-03-31T19:03:50z	 -23.000	 -1.500		1601.0	 2	34.9733	5.477	238.07	 0.01	 20.608	20.595	  1.33	17.64																															
PIRATA-FR31	st51c01	B	2021-03-31T19:03:50z	 -23.000	 -1.500		1999.0	 1	34.9635	5.709	248.13	 0.01	 19.980	19.968	  1.29	20.66																															
PIRATA-FR31	st51c01	B	2021-03-31T19:03:50z	 -23.000	 -1.500																																										
PIRATA-FR31	st52c01	B	2021-03-31T23:31:58z	 -23.001	 -0.999		   3.0	12	35.5182	4.561	199.17	 0.01	  0.012	0.001	  0.02	 0.83	0.0069	0.0076	0.0048	0.0082	0.0077			0.0027	0.0220	0.0061			0.1135		0.0264	0.0095	0.0359	0.0192			0.0816	0.0707	0.1523	0.0017							
PIRATA-FR31	st52c01	B	2021-03-31T23:31:58z	 -23.001	 -0.999		  20.0	11	35.7283	4.585	200.17	 0.01	  0.019	0.008	  0.03	 0.84	0.0026	0.0074	0.0041	0.0073	0.0074			0.0025	0.0234	0.0062			0.1127		0.0255	0.0105	0.0360	0.0187			0.0685	0.0790	0.1475								
PIRATA-FR31	st52c01	B	2021-03-31T23:31:58z	 -23.001	 -0.999		  40.0	10	36.1332	4.652	203.00	 0.01	  0.010	-0.001	  0.05	 0.99	0.0104	0.0140	0.0094	0.0140	0.0075			0.0022	0.0499	0.0063			0.1196		0.0395	0.0171	0.0566	0.0207			0.0998	0.1016	0.2014	0.0021							
PIRATA-FR31	st52c01	B	2021-03-31T23:31:58z	 -23.001	 -0.999		  60.0	 9	36.1601	4.613	201.27	 0.01	  0.005	-0.004	  0.07	 1.04	0.0312	0.0278	0.0112	0.0327	0.0148			0.0026	0.1123	0.0087			0.0543		0.0602	0.0211	0.0813	0.0229			0.1187	0.1850	0.3037	0.0027							
PIRATA-FR31	st52c01	B	2021-03-31T23:31:58z	 -23.001	 -0.999		  81.0	 8	36.2386	3.493	152.15	 0.57	  6.491	5.917	  0.67	 2.56	0.0518	0.0346	0.0076	0.0834	0.0177	0.0083	0.0066	0.0059	0.0869	0.0070	0.0018		0.0458		0.3015	0.0798	0.3813		0.0356		0.1227	0.2301	0.3528	0.0051							
PIRATA-FR31	st52c01	B	2021-03-31T23:31:58z	 -23.001	 -0.999		 100.0	 7	35.7585	3.584	156.00	 0.05	 12.525	12.478	  0.97	 4.39	0.0237	0.0143	0.0024	0.0389	0.0091		0.0031	0.0023	0.0352	0.0024	0.0015		0.0164		0.1889	0.0263	0.2152	0.0204			0.0522	0.0828	0.1350	0.0027							
PIRATA-FR31	st52c01	B	2021-03-31T23:31:58z	 -23.001	 -0.999		 201.0	 6	35.3766	2.902	126.30	 0.02	 20.076	20.059	  1.42	 7.36																															
PIRATA-FR31	st52c01	B	2021-03-31T23:31:58z	 -23.001	 -0.999		 301.0	 5	34.9954	2.184	 95.03	 0.01	 29.259	29.245	  2.00	12.41																															
PIRATA-FR31	st52c01	B	2021-03-31T23:31:58z	 -23.001	 -0.999		 749.0	 4	34.5052	3.389	147.38	 0.01	 35.087	35.073	  2.56	29.13																															
PIRATA-FR31	st52c01	B	2021-03-31T23:31:58z	 -23.001	 -0.999		 750.0	 3	34.5082	3.388	147.34	 0.01	 35.088	35.074	  2.57	29.19																															
PIRATA-FR31	st52c01	B	2021-03-31T23:31:58z	 -23.001	 -0.999		1599.0	 2	34.9730	5.512	239.59	 0.01	 20.973	20.967	  1.49	17.95																															
PIRATA-FR31	st52c01	B	2021-03-31T23:31:58z	 -23.001	 -0.999		2000.0	 1	34.9618	5.736	249.29	 0.01	 20.432	20.427	  1.46	21.32																															
PIRATA-FR31	st52c01	B	2021-03-31T23:31:58z	 -23.001	 -0.999																																										
PIRATA-FR31	st53c01	B	2021-04-01T04:14:43z	 -23.002	 -0.500		   4.0	16																																							
PIRATA-FR31	st53c01	B	2021-04-01T04:14:43z	 -23.002	 -0.500		   4.0	15																																							
PIRATA-FR31	st53c01	B	2021-04-01T04:14:43z	 -23.002	 -0.500		   4.0	14																																							
PIRATA-FR31	st53c01	B	2021-04-01T04:14:43z	 -23.002	 -0.500		  20.0	13	35.6695	4.532	197.85	 0.01	 -0.018	-0.024	  0.01	 0.93																															
PIRATA-FR31	st53c01	B	2021-04-01T04:14:43z	 -23.002	 -0.500		  40.0	12	35.8015	4.579	199.87	 0.01	 -0.028	-0.038	  0.01	 0.98																															
PIRATA-FR31	st53c01	B	2021-04-01T04:14:43z	 -23.002	 -0.500		  61.0	11	36.1107	4.610	201.18	 0.01	 -0.024	-0.035	  0.04	 1.07																															
PIRATA-FR31	st53c01	B	2021-04-01T04:14:43z	 -23.002	 -0.500		  61.0	10																																							
PIRATA-FR31	st53c01	B	2021-04-01T04:14:43z	 -23.002	 -0.500		  80.0	 9	36.3115	4.519	197.10	 0.01	 -0.025	-0.035	  0.08	 1.13																															
PIRATA-FR31	st53c01	B	2021-04-01T04:14:43z	 -23.002	 -0.500		  99.0	 8	36.3050	3.932	171.27	 0.20	  5.677	5.477	  0.52	 2.37																															
PIRATA-FR31	st53c01	B	2021-04-01T04:14:43z	 -23.002	 -0.500		 199.0	 7	35.9051	3.857	167.92	 0.07	  9.746	9.679	  0.78	 3.66																															
PIRATA-FR31	st53c01	B	2021-04-01T04:14:43z	 -23.002	 -0.500		 300.0	 6	35.3866	3.279	142.68	 0.02	 17.937	17.918	  1.28	 6.78																															
PIRATA-FR31	st53c01	B	2021-04-01T04:14:43z	 -23.002	 -0.500		 300.0	 5	35.0484	1.992	 86.65	 0.01	 29.476	29.461	  2.00	12.16																															
PIRATA-FR31	st53c01	B	2021-04-01T04:14:43z	 -23.002	 -0.500		 749.0	 4	35.0476	2.007	 87.31	 0.01	 29.501	29.488	  2.01	12.20																															
PIRATA-FR31	st53c01	B	2021-04-01T04:14:43z	 -23.002	 -0.500		1600.0	 3	34.5052	3.451	150.06	 0.01	 35.349	35.341	  2.58	30.14																															
PIRATA-FR31	st53c01	B	2021-04-01T04:14:43z	 -23.002	 -0.500		2000.0	 2	34.9733	5.500	239.08	 0.01	 21.056	21.048	  1.50	18.26																															
PIRATA-FR31	st53c01	B	2021-04-01T04:14:43z	 -23.002	 -0.500		2000.0	 1	34.9596	5.739	249.45	 0.01	 20.380	20.371	  1.42	21.78																															
PIRATA-FR31	st53c01	B	2021-04-01T04:14:43z	 -23.002	 -0.500																																										
PIRATA-FR31	st54c01	B	2021-04-01T17:22:55z	 -22.993	 -0.007		   3.0	 7	35.6073	4.549	198.65	 0.01	  0.012	0.002	  0.06	 0.88	0.0069	0.0072	0.0032	0.0073	0.0083			0.0032	0.0222	0.0075		0.0022	0.1271		0.0160	0.0093	0.0253	0.0159			0.0496	0.0789	0.1285								
PIRATA-FR31	st54c01	B	2021-04-01T17:22:55z	 -22.993	 -0.007		  40.0	 6				 0.01	  0.005	-0.005	  0.10	 1.09	0.0238	0.0237	0.0095	0.0291	0.0110			0.0030	0.0786	0.0102	0.0013	0.0016	0.0851		0.0278	0.0174	0.0452	0.0179			0.0656	0.1585	0.2241								
PIRATA-FR31	st54c01	B	2021-04-01T17:22:55z	 -22.993	 -0.007		  60.0	 5				 0.01	  0.009	-0.001	  0.14	 0.96	0.0577	0.0507	0.0203	0.0705	0.0209			0.0030	0.1672	0.0142	0.0014	0.0010	0.0507		0.0500	0.0289	0.0789	0.0231			0.0946	0.2860	0.3806								
PIRATA-FR31	st54c01	B	2021-04-01T17:22:55z	 -22.993	 -0.007		 100.0	 4				 0.09	  7.114	7.027	  0.63	 2.73	0.0377	0.0239	0.0026	0.0663	0.0133	0.0022	0.0026	0.0014	0.0564	0.0042	0.0015		0.0312		0.3284	0.0222	0.3506	0.0328			0.0913	0.1374	0.2287	0.0040							
PIRATA-FR31	st54c01	B	2021-04-01T17:22:55z	 -22.993	 -0.007		 300.0	 3	35.0599	1.991	 86.61	 0.02	 29.327	29.308	  1.92	11.99																															
PIRATA-FR31	st54c01	B	2021-04-01T17:22:55z	 -22.993	 -0.007		 500.0	 2	34.5928	3.056	132.91	 0.02	 33.226	33.210	  2.26	20.82																															
PIRATA-FR31	st54c01	B	2021-04-01T17:22:55z	 -22.993	 -0.007		 500.0	 1	34.5918	3.055	132.85	 0.01	 33.220	33.206	  2.26	21.05																															
PIRATA-FR31	st54c01	B	2021-04-01T17:22:55z	 -22.993	 -0.007																																										
PIRATA-FR31	st55c01	B	2021-04-01T20:10:20z	 -23.002	 -0.009		   4.0	 6	35.6320	4.578	199.92	 0.01	 -0.006	-0.012	  0.06	 0.88	0.0066	0.0070	0.0027	0.0077	0.0076			0.0012	0.0208	0.0087			0.1326		0.0129	0.0041	0.0170	0.0175			0.0514	0.0753	0.1267								
PIRATA-FR31	st55c01	B	2021-04-01T20:10:20z	 -23.002	 -0.009		  40.0	 5				 0.01	 -0.008	-0.016	  0.09	 1.25	0.0168	0.0156	0.0070	0.0189	0.0081			0.0013	0.0555	0.0097	0.0011		0.0955		0.0207	0.0074	0.0281	0.0161			0.0652	0.1145	0.1797								
PIRATA-FR31	st55c01	B	2021-04-01T20:10:20z	 -23.002	 -0.009		  60.0	 4				 0.14	  0.822	0.683	  0.26	 1.35	0.0819	0.0660	0.0086	0.1148	0.0219	0.0126	0.0109	0.0074	0.1962	0.0152	0.0060		0.1424		0.3378	0.0964	0.4342	0.0638			0.2725	0.4089	0.6814	0.0087							
PIRATA-FR31	st55c01	B	2021-04-01T20:10:20z	 -23.002	 -0.009		  99.0	 3	36.0839	3.974	173.03	 0.09	  7.667	7.582	  0.66	 2.91	0.0325	0.0207	0.0020	0.0582	0.0112	0.0020	0.0031		0.0443	0.0053	0.0011		0.0255		0.2792	0.0252	0.3044	0.0291			0.0843	0.1063	0.1906	0.0036							
PIRATA-FR31	st55c01	B	2021-04-01T20:10:20z	 -23.002	 -0.009		 200.0	 2	35.3979	3.310	144.02	 0.01	 17.497	17.484	  1.24	 6.59																															
PIRATA-FR31	st55c01	B	2021-04-01T20:10:20z	 -23.002	 -0.009		 200.0	 1	35.3979	3.306	143.84	 0.01	 17.535	17.522	  1.24	 6.61																															
PIRATA-FR31	st55c01	B	2021-04-01T20:10:20z	 -23.002	 -0.009																																										
PIRATA-FR31	st56c01	B	2021-04-01T23:03:22z	 -23.003	 -0.007		   3.0	 6	35.6850	4.575	199.77	 0.01	  0.005	-0.000	  0.07	 0.92	0.0073	0.0072	0.0031	0.0092	0.0078				0.0191	0.0079			0.1263		0.0136	0.0067	0.0203		0.0187		0.0558	0.0809	0.1367								
PIRATA-FR31	st56c01	B	2021-04-01T23:03:22z	 -23.003	 -0.007		  40.0	 5				 0.01	  0.007	0.001	  0.11	 1.21	0.0138	0.0133	0.0069	0.0157	0.0077				0.0405	0.0083			0.1008		0.0187	0.0108	0.0295	0.0146			0.0602	0.0912	0.1514								
PIRATA-FR31	st56c01	B	2021-04-01T23:03:22z	 -23.003	 -0.007		  60.0	 4				 0.01	  0.000	-0.008	  0.14	 0.94	0.0344	0.0272	0.0067	0.0437	0.0153			0.0987	0.0116		0.0011		0.0587		0.0394	0.0172	0.0566	0.0202			0.0931	0.1751	0.2682	0.0021							
PIRATA-FR31	st56c01	B	2021-04-01T23:03:22z	 -23.003	 -0.007		 101.0	 3	35.1140	3.988	173.76	 0.09	  7.482	7.390	  0.66	 2.83	0.0323	0.0216	0.0020	0.0578	0.0109			0.0421	0.0052		0.0011		0.0236		0.2658	0.0223	0.2881	0.0264			0.0800	0.1056	0.1856	0.0025							
PIRATA-FR31	st56c01	B	2021-04-01T23:03:22z	 -23.003	 -0.007		 202.0	 2	35.3804	3.063	133.29	 0.01	 19.025	19.011	  1.33	 7.10																															
PIRATA-FR31	st56c01	B	2021-04-01T23:03:22z	 -23.003	 -0.007		 202.0	 1	35.3800	3.075	133.82	 0.01	 19.146	19.132	  1.32	 7.11																															
PIRATA-FR31	st56c01	B	2021-04-01T23:03:22z	 -23.003	 -0.007																																										
PIRATA-FR31	st57c01	B	2021-04-02T02:05:39z	 -22.992	 -0.007		   2.0	 6	35.6933	4.571	199.59	 0.00	  0.015	0.010	  0.04	 0.92	0.0065	0.0064	0.0028	0.0088	0.0075			0.0175	0.0072				0.1212		0.0122	0.0072	0.0194		0.0174		0.0568	0.0896	0.1464	0.0012							
PIRATA-FR31	st57c01	B	2021-04-02T02:05:39z	 -22.992	 -0.007		  40.0	 5				 0.00	  0.002	-0.002	  0.07	 0.97	0.0145	0.0136	0.0072	0.0172	0.0086			0.0439	0.0087		0.0010		0.1101		0.0218	0.0112	0.0330	0.0156			0.0699	0.0956	0.1655	0.0013							
PIRATA-FR31	st57c01	B	2021-04-02T02:05:39z	 -22.992	 -0.007		  61.0	 4				 0.01	  0.032	0.025	  0.18	 1.00	0.0372	0.0328	0.0065	0.0473	0.0120	0.0048	0.0041	0.0046	0.1012	0.0106	0.0027		0.1203		0.1349	0.0694	0.2043	0.0368			0.1641	0.1998	0.3639	0.0036							
PIRATA-FR31	st57c01	B	2021-04-02T02:05:39z	 -22.992	 -0.007		 102.0	 3	36.0566	3.972	172.92	 0.08	  7.863	7.781	  0.68	 2.87	0.0270	0.0169		0.0455	0.0094				0.0386	0.0042	0.0009		0.0194		0.2279	0.0223	0.2502	0.0231			0.0684	0.0856	0.1540	0.0023							
PIRATA-FR31	st57c01	B	2021-04-02T02:05:39z	 -22.992	 -0.007		 199.0	 2	35.3862	3.147	136.96	 0.01	 18.509	18.496	  1.33	 6.85																															
PIRATA-FR31	st57c01	B	2021-04-02T02:05:39z	 -22.992	 -0.007		 199.0	 1	35.3871	3.155	137.30	 0.01	 18.621	18.606	  1.31	 6.87																															
PIRATA-FR31	st57c01	B	2021-04-02T02:05:39z	 -22.992	 -0.007																																										
PIRATA-FR31	st58c01	B	2021-04-02T05:05:45z	 -22.987	 -0.008		   4.0	 6	35.7337	4.566	199.33	 0.01	 -0.002	-0.007	  0.10	 0.89	0.0066	0.0074	0.0033	0.0085	0.0075				0.0196	0.0096			0.1248		0.0137	0.0074	0.0211		0.0223		0.0654	0.1182	0.1836	0.0014							
PIRATA-FR31	st58c01	B	2021-04-02T05:05:45z	 -22.987	 -0.008		  40.0	 5				 0.01	 -0.002	-0.007	  0.12	 1.22	0.0140	0.0138	0.0067	0.0159	0.0087				0.0441	0.0086	0.0009		0.1193		0.0259	0.0128	0.0387	0.0194			0.0819	0.0975	0.1794	0.0030							
PIRATA-FR31	st58c01	B	2021-04-02T05:05:45z	 -22.987	 -0.008		  60.0	 4				 0.40	  2.834	2.436	  0.40	 1.65	0.0741	0.0545	0.0093	0.1005	0.0243	0.0102	0.0104	0.0043	0.1483	0.0126	0.0081		0.0685		0.2923	0.0939	0.3862	0.0480			0.1586	0.3464	0.5050	0.0070							
PIRATA-FR31	st58c01	B	2021-04-02T05:05:45z	 -22.987	 -0.008		 100.0	 3	35.9573	3.949	171.89	 0.07	  8.788	8.721	  0.76	 3.27	0.0262	0.0153		0.0423	0.0089				0.0392	0.0024			0.0173		0.2073	0.0179	0.2252	0.0220			0.0598	0.0800	0.1398	0.0032							
PIRATA-FR31	st58c01	B	2021-04-02T05:05:45z	 -22.987	 -0.008		 201.0	 2	35.3813	3.056	132.96	 0.01	 19.017	19.004	  1.38	 7.08																															
PIRATA-FR31	st58c01	B	2021-04-02T05:05:45z	 -22.987	 -0.008		 200.0	 1	35.3818	3.056	132.98	 0.01	 19.061	19.047	  1.37	 7.10																															
PIRATA-FR31	st58c01	B	2021-04-02T05:05:45z	 -22.987	 -0.008																																										
PIRATA-FR31	st59c01	B	2021-04-02T08:01:58z	 -22.989	 -0.009		   3.0	 6	35.7551	4.567	199.42	 0.00	 -0.002	-0.005	  0.05	 0.94	0.0071	0.0079	0.0028	0.0088	0.0070				0.0199	0.0060			0.0876		0.0108	0.0077	0.0185		0.0180		0.0549	0.0930	0.1479	0.0025							
PIRATA-FR31	st59c01	B	2021-04-02T08:01:58z	 -22.989	 -0.009		  40.0	 5				 0.00	 -0.009	-0.013	  0.10	 1.16	0.0136	0.0142	0.0066	0.0149	0.0089				0.0395	0.0074			0.1115		0.0213	0.0131	0.0344	0.0181			0.0751	0.0975	0.1726	0.0028							
PIRATA-FR31	st59c01	B	2021-04-02T08:01:58z	 -22.989	 -0.009		  60.0	 4				 0.18	  0.843	0.661	  0.26	 1.38	0.0769	0.0618	0.0086	0.0995	0.0229	0.0106	0.0104	0.0072	0.1693	0.0121	0.0088		0.1099		0.3001	0.1327	0.4328	0.0565			0.2214	0.3691	0.5905	0.0094							
PIRATA-FR31	st59c01	B	2021-04-02T08:01:58z	 -22.989	 -0.009		 100.0	 3	35.9143	3.944	171.68	 0.06	  9.061	9.004	  0.76	 3.41	0.0259	0.0148		0.0400	0.0086				0.0367	0.0030			0.0139		0.1765	0.0173	0.1938	0.0203			0.0489	0.0763	0.1252	0.0031							
PIRATA-FR31	st59c01	B	2021-04-02T08:01:58z	 -22.989	 -0.009		 202.0	 2	35.3930	3.207	139.54	 0.01	 18.015	18.003	  1.31	 6.80																															
PIRATA-FR31	st59c01	B	2021-04-02T08:01:58z	 -22.989	 -0.009		 201.0	 1	35.3934	3.229	140.52	 0.01	 17.981	17.967	  1.31	 6.77																															
PIRATA-FR31	st59c01	B	2021-04-02T08:01:58z	 -22.989	 -0.009																																										
PIRATA-FR31	st60c01	B	2021-04-02T11:34:09z	 -22.985	 -0.009		   3.0	 6	35.7569	4.582	200.06	 0.00	  0.001	-0.002	  0.07	 0.94	0.0075	0.0074	0.0027	0.0089	0.0075				0.0203	0.0102		0.0046	0.1268		0.0128	0.0050	0.0178		0.0226		0.0642	0.1075	0.1717	0.0027							
PIRATA-FR31	st60c01	B	2021-04-02T11:34:09z	 -22.985	 -0.009		  40.0	 5				 0.00	 -0.020	-0.021	  0.11	 1.15	0.0139	0.0169	0.0086	0.0172	0.0102				0.0439	0.0082			0.1313		0.0300	0.0118	0.0418	0.0224			0.0978	0.1131	0.2109	0.0032							
PIRATA-FR31	st60c01	B	2021-04-02T11:34:09z	 -22.985	 -0.009		  60.0	 4				 0.01	  0.022	0.010	  0.23	 1.25	0.0480	0.0466	0.0070	0.0635	0.0158	0.0075	0.0059	0.0054	0.1272	0.0106	0.0051		0.1525		0.1742	0.1320	0.3062	0.0538			0.2441	0.2704	0.5145	0.0065							
PIRATA-FR31	st60c01	B	2021-04-02T11:34:09z	 -22.985	 -0.009		 100.0	 3	35.9008	3.932	171.21	 0.05	  9.157	9.103	  0.81	 3.31	0.0226	0.0137		0.0365	0.0087		0.0017		0.0373	0.0027			0.0125		0.1705	0.0128	0.1833	0.0196			0.0460	0.0664	0.1124	0.0040							
PIRATA-FR31	st60c01	B	2021-04-02T11:34:09z	 -22.985	 -0.009		 202.0	 2	35.3775	2.970	129.27	 0.01	 19.589	19.576	  1.40	 7.17																															
PIRATA-FR31	st60c01	B	2021-04-02T11:34:09z	 -22.985	 -0.009		 202.0	 1	35.3792	3.003	130.68	 0.01	 19.377	19.363	  1.41	 7.11																															
PIRATA-FR31	st60c01	B	2021-04-02T11:34:09z	 -22.985	 -0.009																																										
PIRATA-FR31	st61c01	B	2021-04-02T14:00:03z	 -22.988	 -0.007		   3.0	 6	35.7638	4.572	199.62	 0.00	 -0.004	-0.007	  0.05	 0.93	0.0061	0.0060	0.0030	0.0082	0.0070			0.0023	0.0199	0.0110		0.0049	0.1183		0.0038	0.0053	0.0091	0.0148			0.0593	0.0673	0.1266	0.0012							
PIRATA-FR31	st61c01	B	2021-04-02T14:00:03z	 -22.988	 -0.007		  40.0	 5				 0.00	 -0.009	-0.011	  0.10	 1.04	0.0133	0.0144	0.0082	0.0152	0.0104			0.0027	0.0452	0.0093			0.1158		0.0069	0.0145	0.0214	0.0156			0.0778	0.1018	0.1796								
PIRATA-FR31	st61c01	B	2021-04-02T14:00:03z	 -22.988	 -0.007		  61.0	 4				 0.33	  1.061	0.728	  0.26	 1.50	0.0952	0.0801	0.0128	0.1254	0.0338	0.0149	0.0136	0.0094	0.2224	0.0164	0.0075		0.1242		0.1994	0.1875	0.3869	0.0701			0.2471	0.4855	0.7326	0.0070							
PIRATA-FR31	st61c01	B	2021-04-02T14:00:03z	 -22.988	 -0.007		  99.0	 3	36.1035	3.971	172.91	 0.09	  7.583	7.488	  0.71	 2.93	0.0320	0.0206	0.0018	0.0540	0.0117		0.0015	0.0013	0.0459	0.0048			0.0196		0.0950	0.0278	0.1228	0.0236			0.0654	0.1031	0.1685	0.0024							
PIRATA-FR31	st61c01	B	2021-04-02T14:00:03z	 -22.988	 -0.007		 201.0	 2	35.3706	2.822	122.79	 0.01	 20.368	20.359	  1.46	 7.54																															
PIRATA-FR31	st61c01	B	2021-04-02T14:00:03z	 -22.988	 -0.007		 201.0	 1	35.3713	2.853	124.15	 0.01	 20.286	20.272	  1.48	 7.53																															
PIRATA-FR31	st61c01	B	2021-04-02T14:00:03z	 -22.988	 -0.007																																										
PIRATA-FR31	st62c01	B	2021-04-02T17:11:12z	 -22.988	 -0.007		   4.0	 6	35.7852	4.588	200.32	 0.01	  0.006	-0.005	  0.05	 0.96	0.0072	0.0076	0.0038	0.0089	0.0086			0.0019	0.0221	0.0093		0.0009	0.1312		0.0051	0.0081	0.0132		0.0181		0.0598	0.0960	0.1558	0.0015							
PIRATA-FR31	st62c01	B	2021-04-02T17:11:12z	 -22.988	 -0.007		  40.0	 5				 0.02	  0.018	0.002	  0.10	 1.08	0.0148	0.0160	0.0089	0.0169	0.0109			0.0018	0.0472	0.0092			0.1371		0.0111	0.0158	0.0269	0.0196			0.0886	0.1089	0.1975	0.0020							
PIRATA-FR31	st62c01	B	2021-04-02T17:11:12z	 -22.988	 -0.007		  60.0	 4				 0.31	  2.175	1.869	  0.28	 1.57	0.0971	0.0782	0.0102	0.1314	0.0331	0.0108	0.0130	0.0066	0.2175	0.0169	0.0075		0.0920		0.1369	0.1433	0.2802	0.0594			0.2086	0.6527	0.8613	0.0118							
PIRATA-FR31	st62c01	B	2021-04-02T17:11:12z	 -22.988	 -0.007		 100.0	 3	35.9138	3.933	171.21	 0.06	  8.953	8.898	  0.72	 3.42	0.0239	0.0144	0.0016	0.0381	0.0084			0.0012	0.0379	0.0030			0.0145		0.0792	0.0144	0.0936	0.0211			0.0515	0.0738	0.1253	0.0015							
PIRATA-FR31	st62c01	B	2021-04-02T17:11:12z	 -22.988	 -0.007		 199.0	 2	35.3685	2.805	122.06	 0.02	 20.382	20.359	  1.36	 7.57																															
PIRATA-FR31	st62c01	B	2021-04-02T17:11:12z	 -22.988	 -0.007		 200.0	 1	35.3688	2.822	122.80	 0.02	 20.472	20.449	  1.35	 7.56																															
PIRATA-FR31	st62c01	B	2021-04-02T17:11:12z	 -22.988	 -0.007																																										
PIRATA-FR31	st63c01	B	2021-04-02T20:08:02z	 -22.988	 -0.008		   4.0	 6	35.8124	4.589	200.16	 0.02	  0.016	0.000	  0.06	 0.95	0.0072	0.0075	0.0040	0.0088	0.0084			0.0015	0.0219	0.0083			0.1354		0.0058	0.0053	0.0111	0.0196			0.0601	0.0946	0.1547	0.0011							
PIRATA-FR31	st63c01	B	2021-04-02T20:08:02z	 -22.988	 -0.008		  40.0	 5				 0.02	  0.016	-0.001	  0.07	 1.06	0.0142	0.0150	0.0090	0.0168	0.0104			0.0020	0.0445	0.0101			0.1359		0.0108	0.0144	0.0252	0.0173			0.0456	0.1283	0.1739	0.0020							
PIRATA-FR31	st63c01	B	2021-04-02T20:08:02z	 -22.988	 -0.008		  60.0	 4				 0.33	  1.733	1.403	  0.27	 1.40	0.0831	0.0683	0.0100	0.1196	0.0271	0.0120	0.0143	0.0071	0.1853	0.0156	0.0063		0.1097		0.1428	0.1746	0.3174	0.0609			0.2036	0.4142	0.6178	0.0075							
PIRATA-FR31	st63c01	B	2021-04-02T20:08:02z	 -22.988	 -0.008		 100.0	 3	36.0284	3.990	173.70	 0.08	  8.046	7.966	  0.68	 3.05	0.0287	0.0182	0.0018	0.0485	0.0100		0.0019	0.0012	0.0438	0.0035			0.0196		0.0963	0.0184	0.1147	0.0238			0.0633	0.0905	0.1538	0.0027							
PIRATA-FR31	st63c01	B	2021-04-02T20:08:02z	 -22.988	 -0.008		 202.0	 2	35.3717	2.838	123.49	 0.02	 20.185	20.163	  1.33	 7.55																															
PIRATA-FR31	st63c01	B	2021-04-02T20:08:02z	 -22.988	 -0.008		 201.0	 1	35.3725	2.853	124.13	 0.02	 20.173	20.153	  1.32	 7.61																															
PIRATA-FR31	st63c01	B	2021-04-02T20:08:02z	 -22.988	 -0.008																																										
PIRATA-FR31	st64c01	B	2021-04-02T23:00:26z	 -22.988	 +0.002		   3.0	 6	35.8398	4.587	200.23	 0.01	  0.017	0.003	  0.04	 0.95	0.0074	0.0071	0.0041	0.0091	0.0081			0.0015	0.0227	0.0058			0.1221		0.0058	0.0071	0.0129		0.0186		0.0505	0.0939	0.1444	0.0014							
PIRATA-FR31	st64c01	B	2021-04-02T23:00:26z	 -22.988	 +0.002		  40.0	 5				 0.02	  0.013	-0.003	  0.06	 1.07	0.0123	0.0125	0.0073	0.0149	0.0090			0.0017	0.0395	0.0069	0.0008		0.1330		0.0105	0.0118	0.0223	0.0193			0.0823	0.0910	0.1733	0.0016							
PIRATA-FR31	st64c01	B	2021-04-02T23:00:26z	 -22.988	 +0.002		  59.0	 4				 0.34	  1.899	1.557	  0.27	 1.45	0.0807	0.0585	0.0089	0.1092	0.0246	0.0120	0.0128	0.0058	0.1686	0.0134	0.0059		0.0950		0.1241	0.1320	0.2561	0.0548			0.1948	0.3761	0.5709	0.0064							
PIRATA-FR31	st64c01	B	2021-04-02T23:00:26z	 -22.988	 +0.002		 100.0	 3	35.9883	3.955	172.21	 0.07	  8.383	8.313	  0.65	 3.17	0.0269	0.0167	0.0018	0.0445	0.0091		0.0016	0.0011	0.0404	0.0033			0.0186		0.0969	0.0179	0.1148	0.0231			0.0656	0.0813	0.1469	0.0023							
PIRATA-FR31	st64c01	B	2021-04-02T23:00:26z	 -22.988	 +0.002		 199.0	 2	35.3627	2.747	119.54	 0.02	 20.684	20.666	  1.33	 7.89																															
PIRATA-FR31	st64c01	B	2021-04-02T23:00:26z	 -22.988	 +0.002		 200.0	 1	35.3621	2.751	119.72	 0.07	 20.796	20.729	  1.33	 7.76																															
PIRATA-FR31	st64c01	B	2021-04-02T23:00:26z	 -22.988	 +0.002																																										
PIRATA-FR31	st65c01	B	2021-04-03T02:04:24z	 -22.986	 +0.001		   3.0	 6	35.8679	4.603	200.94	 0.01	  0.020	0.007	  0.05	 0.98	0.0069	0.0068	0.0041	0.0089	0.0073			0.0014	0.0216	0.0061			0.1216		0.0062	0.0076	0.0138		0.0177		0.0592	0.0952	0.1544	0.0016							
PIRATA-FR31	st65c01	B	2021-04-03T02:04:24z	 -22.986	 +0.001		  41.0	 5				 0.01	  0.012	-0.001	  0.08	 1.06	0.0130	0.0148	0.0114	0.0152	0.0096			0.0017	0.0425	0.0086	0.0007		0.1142		0.0110	0.0121	0.0231	0.0182			0.0817	0.1024	0.1841	0.0022							
PIRATA-FR31	st65c01	B	2021-04-03T02:04:24z	 -22.986	 +0.001		  61.0	 4				 0.30	  2.039	1.743	  0.28	 1.50	0.0747	0.0522	0.0085	0.1010	0.0229	0.0100	0.0121	0.0045	0.1508	0.0128	0.0066		0.0775		0.1477	0.0998	0.2475	0.0528			0.1887	0.3242	0.5129	0.0070							
PIRATA-FR31	st65c01	B	2021-04-03T02:04:24z	 -22.986	 +0.001		 100.0	 3	35.9225	3.930	171.09	 0.06	  8.958	8.899	  0.70	 3.36	0.0233	0.0142	0.0017	0.0389	0.0085				0.0388	0.0037			0.0147		0.0118		0.0118	0.0189			0.0485	0.0718	0.1203	0.0023							
PIRATA-FR31	st65c01	B	2021-04-03T02:04:24z	 -22.986	 +0.001		 200.0	 2	35.3564	2.654	115.47	 0.02	 21.305	21.283	  1.36	 7.89																															
PIRATA-FR31	st65c01	B	2021-04-03T02:04:24z	 -22.986	 +0.001		 199.0	 1	35.3576	2.633	114.59	 0.02	 21.354	21.335	  1.36	 7.89																															
PIRATA-FR31	st65c01	B	2021-04-03T02:04:24z	 -22.986	 +0.001																																										
PIRATA-FR31	st66c01	B	2021-04-03T05:05:50z	 -22.985	 -0.007		   3.0	 6	35.8779	4.568	199.39	 0.02	  0.143	0.127	  0.05	 0.92	0.0060	0.0083	0.0045	0.0098	0.0082				0.0238	0.0058			0.1269		0.0072	0.0113	0.0185		0.0186		0.0663	0.0931	0.1594	0.0027							
PIRATA-FR31	st66c01	B	2021-04-03T05:05:50z	 -22.985	 -0.007		  40.0	 5				 0.01	  0.047	0.036	  0.07	 1.10	0.0121	0.0127	0.0081	0.0144	0.0094				0.0384	0.0073			0.1373		0.0110	0.0116	0.0226	0.0192			0.0859	0.0879	0.1738	0.0017							
PIRATA-FR31	st66c01	B	2021-04-03T05:05:50z	 -22.985	 -0.007		  60.0	 4				 0.29	  1.269	0.980	  0.24	 1.41	0.0713	0.0507	0.0109	0.1045	0.0226	0.0087	0.0133	0.0069	0.1749	0.0150	0.0062		0.0915		0.1239	0.0981	0.2220	0.0509			0.2004	0.3579	0.5583	0.0054							
PIRATA-FR31	st66c01	B	2021-04-03T05:05:50z	 -22.985	 -0.007		 100.0	 3	36.0493	3.963	172.53	 0.07	  7.841	7.770	  0.64	 3.00	0.0315	0.0188	0.0018	0.0527	0.0104	0.0013	0.0031	0.0024	0.0501	0.0047			0.0210		0.1004	0.0159	0.1163	0.0229			0.0815	0.1009	0.1824	0.0032							
PIRATA-FR31	st66c01	B	2021-04-03T05:05:50z	 -22.985	 -0.007		 200.0	 2	35.3671	2.772	120.64	 0.02	 20.480	20.458	  1.33	 7.54																															
PIRATA-FR31	st66c01	B	2021-04-03T05:05:50z	 -22.985	 -0.007		 200.0	 1	35.3691	2.820	122.69	 0.02	 20.392	20.368	  1.33	 7.49																															
PIRATA-FR31	st66c01	B	2021-04-03T05:05:50z	 -22.985	 -0.007																																										
PIRATA-FR31	st67c01	B	2021-04-03T08:10:40z	 -22.987	 -0.008		   4.0	 6	35.8901	4.567	199.36	 0.02	  0.020	0.004	  0.04	 0.99	0.0079	0.0089	0.0040	0.0095	0.0081			0.0031	0.0268	0.0072			0.1034		0.0073	0.0121	0.0194		0.0184		0.0604	0.0877	0.1481	0.0036							
PIRATA-FR31	st67c01	B	2021-04-03T08:10:40z	 -22.987	 -0.008		  40.0	 5				 0.02	  0.008	-0.008	  0.04	 1.07	0.0113	0.0128	0.0069	0.0132	0.0091			0.0029	0.0370	0.0063			0.1141		0.0089	0.0142	0.0231	0.0177			0.0665	0.0884	0.1549	0.0036							
PIRATA-FR31	st67c01	B	2021-04-03T08:10:40z	 -22.987	 -0.008		  61.0	 4				 0.32	  0.917	0.596	  0.19	 1.56	0.0715	0.0520	0.0093	0.0869	0.0213	0.0082	0.0094	0.0053	0.1590	0.0112	0.0041		0.0774		0.1085	0.1130	0.2215	0.0473			0.1895	0.3151	0.5046	0.0082							
PIRATA-FR31	st67c01	B	2021-04-03T08:10:40z	 -22.987	 -0.008		 100.0	 3	35.9078	3.928	171.00	 0.06	  9.063	9.006	  0.68	 3.45	0.0244	0.0140		0.0372	0.0088				0.0387	0.0034			0.0127		0.0609	0.0204	0.0813	0.0172			0.0432	0.0700	0.1132	0.0038							
PIRATA-FR31	st67c01	B	2021-04-03T08:10:40z	 -22.987	 -0.008		 200.0	 2	35.3779	2.961	128.84	 0.03	 19.293	19.268	  1.24	 7.29																															
PIRATA-FR31	st67c01	B	2021-04-03T08:10:40z	 -22.987	 -0.008		 200.0	 1	35.3783	3.024	131.57	 0.08	 19.298	19.223	  1.24	 7.26																															
PIRATA-FR31	st67c01	B	2021-04-03T08:10:40z	 -22.987	 -0.008																																										
PIRATA-FR31	st68c01	B	2021-04-03T11:12:37z	 -22.993	 +0.006		   4.0	 6	35.9044	4.588	200.29	 0.01	  0.005	-0.007	  0.03	 0.96	0.0080	0.0084	0.0045	0.0093	0.0080			0.0031	0.0207	0.0129		0.0020	0.1299		0.0072	0.0112	0.0184	0.0195			0.0666	0.0881	0.1547	0.0038							
PIRATA-FR31	st68c01	B	2021-04-03T11:12:37z	 -22.993	 +0.006		  41.0	 5				 0.01	 -0.014	-0.027	  0.06	 0.98	0.0170	0.0170	0.0072	0.0165	0.0093			0.0024	0.0529	0.0073			0.1345		0.0168	0.0198	0.0366	0.0258			0.1222	0.1095	0.2317	0.0047							
PIRATA-FR31	st68c01	B	2021-04-03T11:12:37z	 -22.993	 +0.006		  60.0	 4				 0.33	  1.957	1.624	  0.27	 1.43	0.0722	0.0542	0.0091	0.0913	0.0238	0.0094	0.0095	0.0057	0.1522	0.0098	0.0058		0.0742		0.1497	0.1034	0.2531	0.0519			0.1815	0.3104	0.4919	0.0082							
PIRATA-FR31	st68c01	B	2021-04-03T11:12:37z	 -22.993	 +0.006		 100.0	 3	35.9597	3.949	171.92	 0.05	  8.541	8.488	  0.66	 3.25	0.0255	0.0155	0.0022	0.0400	0.0099		0.0014		0.0414	0.0032			0.0149		0.0795	0.0217	0.1012	0.0198			0.0500	0.0763	0.1263	0.0039							
PIRATA-FR31	st68c01	B	2021-04-03T11:12:37z	 -22.993	 +0.006		 200.0	 2	35.3567	2.655	115.55	 0.02	 21.136	21.119	  1.35	 7.91																															
PIRATA-FR31	st68c01	B	2021-04-03T11:12:37z	 -22.993	 +0.006		 199.0	 1	35.3570	2.651	115.34	 0.02	 21.207	21.185	  1.36	 7.94																															
PIRATA-FR31	st68c01	B	2021-04-03T11:12:37z	 -22.993	 +0.006																																										
PIRATA-FR31	st69c01	B	2021-04-03T14:01:10z	 -22.987	 +0.001		   2.0	 6	35.9142	4.579	199.90	 0.01	  0.007	-0.005	  0.03	 1.01	0.0068	0.0067	0.0043	0.0080	0.0069				0.0214	0.0112		0.0058	0.1255		0.0099	0.0098	0.0197		0.0186		0.0614	0.0932	0.1546								
PIRATA-FR31	st69c01	B	2021-04-03T14:01:10z	 -22.987	 +0.001		  40.0	 5				 0.01	  0.003	-0.008	  0.06	 1.04	0.0132	0.0140	0.0068	0.0137	0.0099				0.0432	0.0092		0.0018	0.1301		0.0170	0.0154	0.0324	0.0208			0.0916	0.0949	0.1865	0.0023							
PIRATA-FR31	st69c01	B	2021-04-03T14:01:10z	 -22.987	 +0.001		  60.0	 4				 0.21	  0.914	0.702	  0.20	 1.33	0.0901	0.0758	0.0127	0.1122	0.0336	0.0131	0.0155	0.0081	0.2069	0.0167	0.0070		0.1037		0.1600	0.1615	0.3215	0.0688			0.2378	0.4271	0.6649	0.0078							
PIRATA-FR31	st69c01	B	2021-04-03T14:01:10z	 -22.987	 +0.001		 100.0	 3	35.9389	3.926	170.92	 0.05	  8.759	8.705	  0.66	 3.32	0.0252	0.0152	0.0021	0.0387	0.0098				0.0367	0.0032			0.0142		0.0702	0.0260	0.0962	0.0187			0.0468	0.0747	0.1215	0.0020							
PIRATA-FR31	st69c01	B	2021-04-03T14:01:10z	 -22.987	 +0.001		 201.0	 2	35.3575	2.643	115.02	 0.02	 21.188	21.167	  1.34	 7.90																															
PIRATA-FR31	st69c01	B	2021-04-03T14:01:10z	 -22.987	 +0.001		 201.0	 1	35.3582	2.662	115.83	 0.02	 21.263	21.240	  1.35	 7.89																															
PIRATA-FR31	st69c01	B	2021-04-03T14:01:10z	 -22.987	 +0.001																																										
PIRATA-FR31	st70c01	B	2021-04-03T15:05:16z	 -22.986	 +0.002		   3.0	16																																							
PIRATA-FR31	st70c01	B	2021-04-03T15:05:16z	 -22.986	 +0.002		   3.0	15																																							
PIRATA-FR31	st70c01	B	2021-04-03T15:05:16z	 -22.986	 +0.002		   3.0	14	35.9104	4.581	199.99	 0.01	  0.007	-0.005	 -0.00	 0.96																															
PIRATA-FR31	st70c01	B	2021-04-03T15:05:16z	 -22.986	 +0.002		  20.0	13	35.9521	4.594	200.20	 0.01	  0.010	-0.003	  0.02	 0.98																															
PIRATA-FR31	st70c01	B	2021-04-03T15:05:16z	 -22.986	 +0.002		  40.0	12	36.1739	4.593	200.42	 0.01	  0.008	-0.004	  0.07	 1.01																															
PIRATA-FR31	st70c01	B	2021-04-03T15:05:16z	 -22.986	 +0.002		  60.0	11																																							
PIRATA-FR31	st70c01	B	2021-04-03T15:05:16z	 -22.986	 +0.002		  60.0	10	36.6024	4.424	192.88	 0.05	  0.135	0.087	  0.14	 1.16																															
PIRATA-FR31	st70c01	B	2021-04-03T15:05:16z	 -22.986	 +0.002		  81.0	 9	36.2144	3.996	174.04	 0.12	  6.625	6.509	  0.58	 2.54																															
PIRATA-FR31	st70c01	B	2021-04-03T15:05:16z	 -22.986	 +0.002		  99.0	 8	35.9648	3.942	171.68	 0.05	  8.795	8.743	  0.74	 3.15																															
PIRATA-FR31	st70c01	B	2021-04-03T15:05:16z	 -22.986	 +0.002		 350.0	 7	34.8727	2.368	103.03	 0.02	 30.839	30.823	  2.12	14.17																															
PIRATA-FR31	st70c01	B	2021-04-03T15:05:16z	 -22.986	 +0.002		 750.0	 6	34.5348	3.440	149.64	 0.01	 34.609	34.595	  2.56	30.47																															
PIRATA-FR31	st70c01	B	2021-04-03T15:05:16z	 -22.986	 +0.002		1599.0	 5	34.9712	5.435	236.28	 0.01	 21.218	21.206	  1.50	18.09																															
PIRATA-FR31	st70c01	B	2021-04-03T15:05:16z	 -22.986	 +0.002		1999.0	 4	34.9637	5.699	247.76	 0.01	 20.322	20.307	  1.47	21.03																															
PIRATA-FR31	st70c01	B	2021-04-03T15:05:16z	 -22.986	 +0.002		1999.0	 3	34.9616	5.702	247.88	 0.01	 20.350	20.339	  1.45	21.02																															
PIRATA-FR31	st70c01	B	2021-04-03T15:05:16z	 -22.986	 +0.002		3000.0	 2	34.9084	5.644	245.32	 0.01	 22.199	22.188	  1.60	37.84																															
PIRATA-FR31	st70c01	B	2021-04-03T15:05:16z	 -22.986	 +0.002		3902.0	 1	34.8881	5.689	247.27	 0.05	 22.355	22.303	  1.63	43.51																															
PIRATA-FR31	st70c01	B	2021-04-03T15:05:16z	 -22.986	 +0.002																																										
PIRATA-FR31	st71c01	B	2021-04-03T21:32:18z	 -23.000	 +0.501		   4.0	15																																							
PIRATA-FR31	st71c01	B	2021-04-03T21:32:18z	 -23.000	 +0.501		   4.0	14																																							
PIRATA-FR31	st71c01	B	2021-04-03T21:32:18z	 -23.000	 +0.501		   4.0	13	36.9028	4.574	199.50	 0.01	  0.007	-0.002	  0.05	 1.03																															
PIRATA-FR31	st71c01	B	2021-04-03T21:32:18z	 -23.000	 +0.501		  20.0	12	35.9571	4.590	200.35	 0.01	  0.002	-0.007	  0.02	 0.81																															
PIRATA-FR31	st71c01	B	2021-04-03T21:32:18z	 -23.000	 +0.501		  40.0	11	36.3112	4.602	200.77	 0.00	  0.003	0.000	  0.05	 0.81																															
PIRATA-FR31	st71c01	B	2021-04-03T21:32:18z	 -23.000	 +0.501		  60.0	10																																							
PIRATA-FR31	st71c01	B	2021-04-03T21:32:18z	 -23.000	 +0.501		  60.0	 9	36.5252	4.443	193.75	 0.01	  0.002	-0.004	  0.10	 1.19																															
PIRATA-FR31	st71c01	B	2021-04-03T21:32:18z	 -23.000	 +0.501		  80.0	 8	36.3064	3.957	172.37	 0.18	  5.490	5.312	  0.47	 2.18																															
PIRATA-FR31	st71c01	B	2021-04-03T21:32:18z	 -23.000	 +0.501		 100.0	 7	35.8388	3.352	145.95	 0.04	 13.033	12.990	  0.96	 4.21																															
PIRATA-FR31	st71c01	B	2021-04-03T21:32:18z	 -23.000	 +0.501		 200.0	 6	35.3743	2.974	129.42	 0.01	 19.801	19.789	  1.41	 7.06																															
PIRATA-FR31	st71c01	B	2021-04-03T21:32:18z	 -23.000	 +0.501		 302.0	 5	35.0159	2.329	101.34	 0.01	 28.389	28.379	  1.98	11.83																															
PIRATA-FR31	st71c01	B	2021-04-03T21:32:18z	 -23.000	 +0.501		 302.0	 4	35.0236	2.322	101.04	 0.01	 28.221	28.210	  1.95	11.73																															
PIRATA-FR31	st71c01	B	2021-04-03T21:32:18z	 -23.000	 +0.501		 750.0	 3	34.5202	3.426	148.98	 0.01	 35.074	35.065	  2.56	29.91																															
PIRATA-FR31	st71c01	B	2021-04-03T21:32:18z	 -23.000	 +0.501		1603.0	 2	34.9712	5.455	237.11	 0.01	 21.304	21.295	  1.51	18.02																															
PIRATA-FR31	st71c01	B	2021-04-03T21:32:18z	 -23.000	 +0.501		1999.0	 1	34.9600	5.696	247.58	 0.01	 20.562	20.551	  1.47	21.71																															
PIRATA-FR31	st71c01	B	2021-04-03T21:32:18z	 -23.000	 +0.501																																										
PIRATA-FR31	st72c01	B	2021-04-04T02:45:26z	 -23.001	 +1.003		   3.0	12	35.8598	4.563	199.24	 0.01	  0.008	-0.005	  0.02	 1.03	0.0077	0.0101	0.0069	0.0102	0.0092				0.0225	0.0072			0.1366		0.0106	0.0149	0.0255		0.0202		0.0647	0.1028	0.1675	0.0019							
PIRATA-FR31	st72c01	B	2021-04-04T02:45:26z	 -23.001	 +1.003		  20.0	11	35.9197	4.558	198.92	 0.01	  0.013	0.000	  0.02	 1.01	0.0084	0.0092	0.0061	0.0093	0.0074				0.0208	0.0056			0.1134		0.0111	0.0156	0.0267		0.0184		0.0583	0.0985	0.1568	0.0015							
PIRATA-FR31	st72c01	B	2021-04-04T02:45:26z	 -23.001	 +1.003		  42.0	10	36.1948	4.506	196.60	 0.01	  0.074	0.063	  0.02	 1.08	0.0144	0.0149	0.0087	0.0150	0.0077			0.0021	0.0424	0.0073	0.0013		0.0959		0.0186	0.0248	0.0434	0.0215			0.0929	0.1071	0.2000	0.0020							
PIRATA-FR31	st72c01	B	2021-04-04T02:45:26z	 -23.001	 +1.003		  59.0	 9	36.4516	4.472	195.03	 0.01	  0.007	-0.006	  0.06	 1.04	0.0222	0.0212	0.0074	0.0212	0.0095	0.0022	0.0022	0.0027	0.0634	0.0073	0.0019		0.1382		0.0536	0.0463	0.0999	0.0501			0.2453	0.1687	0.4140	0.0039							
PIRATA-FR31	st72c01	B	2021-04-04T02:45:26z	 -23.001	 +1.003		  80.0	 8	36.0118	3.135	136.60	 0.18	 10.086	9.910	  0.73	 3.36	0.0334	0.0234	0.0056	0.0484	0.0181	0.0069	0.0058	0.0028	0.0475	0.0055	0.0022		0.0258		0.0912	0.0689	0.1601	0.0303			0.0935	0.1702	0.2637	0.0027							
PIRATA-FR31	st72c01	B	2021-04-04T02:45:26z	 -23.001	 +1.003		 100.0	 7	35.6490	2.646	115.21	 0.05	 18.481	18.431	  1.29	 5.80	0.0233	0.0123	0.0025	0.0344	0.0115	0.0015	0.0018	0.0014	0.0322	0.0031			0.0096		0.0591	0.0145	0.0736	0.0151			0.0299	0.0679	0.0978	0.0019							
PIRATA-FR31	st72c01	B	2021-04-04T02:45:26z	 -23.001	 +1.003		 201.0	 6	35.3455	2.627	114.33	 0.02	 22.077	22.059	  1.55	 7.98																															
PIRATA-FR31	st72c01	B	2021-04-04T02:45:26z	 -23.001	 +1.003		 201.0	 5	35.3458	2.622	114.14	 0.02	 22.050	22.028	  1.54	 7.93																															
PIRATA-FR31	st72c01	B	2021-04-04T02:45:26z	 -23.001	 +1.003		 301.0	 4	34.9683	2.229	 96.98	 0.02	 29.823	29.805	  2.04	12.70																															
PIRATA-FR31	st72c01	B	2021-04-04T02:45:26z	 -23.001	 +1.003		 750.0	 3	34.5111	3.372	146.68	 0.01	 35.515	35.501	  2.56	28.81																															
PIRATA-FR31	st72c01	B	2021-04-04T02:45:26z	 -23.001	 +1.003		1600.0	 2	34.9746	5.506	239.38	 0.01	 21.212	21.198	  1.46	17.87																															
PIRATA-FR31	st72c01	B	2021-04-04T02:45:26z	 -23.001	 +1.003		2002.0	 1	34.9593	5.713	248.37	 0.01	 20.579	20.566	  1.45	21.83																															
PIRATA-FR31	st72c01	B	2021-04-04T02:45:26z	 -23.001	 +1.003																																										
PIRATA-FR31	st73c01	B	2021-04-04T07:42:17z	 -23.000	 +1.504		   4.0	15																																							
PIRATA-FR31	st73c01	B	2021-04-04T07:42:17z	 -23.000	 +1.504		   3.0	14																																							
PIRATA-FR31	st73c01	B	2021-04-04T07:42:17z	 -23.000	 +1.504		   4.0	13	35.6877	4.584	200.16	 0.01	  0.040	0.034	 -0.01	 0.95																															
PIRATA-FR31	st73c01	B	2021-04-04T07:42:17z	 -23.000	 +1.504		  20.0	12	35.7168	4.591	200.45	 0.00	  0.008	0.006	  0.00	 0.97																															
PIRATA-FR31	st73c01	B	2021-04-04T07:42:17z	 -23.000	 +1.504		  40.0	11	36.0049	4.536	197.94	 0.00	  0.005	0.002	  0.02	 1.12																															
PIRATA-FR31	st73c01	B	2021-04-04T07:42:17z	 -23.000	 +1.504		  61.0	10																																							
PIRATA-FR31	st73c01	B	2021-04-04T07:42:17z	 -23.000	 +1.504		  61.0	 9	36.0127	3.646	158.97	 0.39	  3.939	3.548	  0.34	 2.21																															
PIRATA-FR31	st73c01	B	2021-04-04T07:42:17z	 -23.000	 +1.504		  80.0	 8	35.6901	2.500	108.83	 0.06	 18.645	18.588	  1.30	 5.54																															
PIRATA-FR31	st73c01	B	2021-04-04T07:42:17z	 -23.000	 +1.504		 101.0	 7	35.5802	2.512	109.35	 0.01	 20.215	20.208	  1.47	 6.78																															
PIRATA-FR31	st73c01	B	2021-04-04T07:42:17z	 -23.000	 +1.504		 101.0	 6	35.5822	2.502	108.89	 0.00	 20.697	20.692	  1.48	 6.78																															
PIRATA-FR31	st73c01	B	2021-04-04T07:42:17z	 -23.000	 +1.504		 200.0	 5	35.2992	2.360	102.70	-0.00	 24.010	24.014	  1.68	 8.78																															
PIRATA-FR31	st73c01	B	2021-04-04T07:42:17z	 -23.000	 +1.504		 305.0	 4	34.9974	2.337	101.66	 0.02	 28.745	28.727	  1.98	12.26																															
PIRATA-FR31	st73c01	B	2021-04-04T07:42:17z	 -23.000	 +1.504		 753.0	 3	34.5129	3.314	144.16	 0.01	 35.247	35.235	  2.59	28.37																															
PIRATA-FR31	st73c01	B	2021-04-04T07:42:17z	 -23.000	 +1.504		1599.0	 2	34.9710	5.436	236.35	 0.01	 21.307	21.301	  1.55	18.19																															
PIRATA-FR31	st73c01	B	2021-04-04T07:42:17z	 -23.000	 +1.504		1995.0	 1	34.9617	5.719	248.61	 0.02	 20.482	20.461	  1.46	21.29																															
PIRATA-FR31	st73c01	B	2021-04-04T07:42:17z	 -23.000	 +1.504																																										
PIRATA-FR31	st74c01	B	2021-04-04T12:55:33z	 -23.001	 +2.001		   3.0	12	35.5486	4.594	200.64	 0.03	  0.264	0.231	  0.05	 0.89	0.0071	0.0068	0.0036	0.0077	0.0079			0.0020	0.0204	0.0114		0.0020	0.1172		0.0062	0.0063	0.0125	0.0172			0.0606	0.0775	0.1381	0.0016							
PIRATA-FR31	st74c01	B	2021-04-04T12:55:33z	 -23.001	 +2.001		  20.0	11	35.6144	4.628	202.08	 0.01	  0.017	0.002	  0.03	 0.81	0.0086	0.0104	0.0055	0.0093	0.0093	0.0025			0.0269	0.0096		0.0012	0.1136		0.0083	0.0113	0.0196		0.0211		0.0639	0.1082	0.1721	0.0019							
PIRATA-FR31	st74c01	B	2021-04-04T12:55:33z	 -23.001	 +2.001		  40.0	10	35.9748	4.588	200.24	 0.01	  0.017	0.004	  0.09	 0.95	0.0175	0.0217	0.0094	0.0161	0.0109			0.0025	0.0603	0.0089	0.0035		0.1246		0.0170	0.0214	0.0384	0.0285			0.1360	0.1466	0.2826	0.0028							
PIRATA-FR31	st74c01	B	2021-04-04T12:55:33z	 -23.001	 +2.001		  61.0	 9	36.0820	3.670	159.97	 0.50	  3.356	2.860	  0.31	 2.07	0.0612	0.0537	0.0081	0.0722	0.0348	0.0159	0.0154	0.0068	0.1155	0.0101	0.0076		0.0827		0.1490	0.1633	0.3123	0.0607			0.1910	0.3428	0.5338	0.0060							
PIRATA-FR31	st74c01	B	2021-04-04T12:55:33z	 -23.001	 +2.001		  80.0	 8	35.6999	2.552	111.11	 0.10	 18.813	18.713	  1.31	 5.57																															
PIRATA-FR31	st74c01	B	2021-04-04T12:55:33z	 -23.001	 +2.001		  80.0	 7	35.6963	2.560	111.43	 0.09	 18.974	18.881	  1.31	 5.60	0.0364	0.0222	0.0038	0.0507	0.0215	0.0030	0.0034	0.0020	0.0516	0.0049	0.0020		0.0189		0.0786	0.0344	0.1130	0.0239			0.0617	0.1322	0.1939	0.0029							
PIRATA-FR31	st74c01	B	2021-04-04T12:55:33z	 -23.001	 +2.001		 101.0	 6	35.6438	2.646	115.17	 0.05	 19.365	19.317	  1.37	 6.15	0.0210	0.0110	0.0019	0.0282	0.0115	0.0013	0.0015	0.0011	0.0326	0.0027			0.0091		0.0506	0.0159	0.0665	0.0149			0.0281	0.0604	0.0885	0.0024							
PIRATA-FR31	st74c01	B	2021-04-04T12:55:33z	 -23.001	 +2.001		 202.0	 5	35.3698	2.804	122.02	 0.02	 21.040	21.015	  1.46	 7.49																															
PIRATA-FR31	st74c01	B	2021-04-04T12:55:33z	 -23.001	 +2.001		 302.0	 4	34.9464	2.926	127.31	 0.02	 26.779	26.756	  1.82	12.20																															
PIRATA-FR31	st74c01	B	2021-04-04T12:55:33z	 -23.001	 +2.001		 752.0	 3	34.5227	3.286	142.93	 0.02	 35.449	35.428	  2.50	27.84																															
PIRATA-FR31	st74c01	B	2021-04-04T12:55:33z	 -23.001	 +2.001		1600.0	 2	34.9751	5.506	239.34	 0.02	 21.318	21.294	  1.47	17.59																															
PIRATA-FR31	st74c01	B	2021-04-04T12:55:33z	 -23.001	 +2.001		2001.0	 1	34.9604	5.703	247.89	 0.02	 20.986	20.965	  1.46	21.89																															
PIRATA-FR31	st74c01	B	2021-04-04T12:55:33z	 -23.001	 +2.001																																										
PIRATA-FR31	st75c01	B	2021-04-04T17:50:58z	 -23.000	 +2.502		   3.0	15																																							
PIRATA-FR31	st75c01	B	2021-04-04T17:50:58z	 -23.000	 +2.502		   3.0	14																																							
PIRATA-FR31	st75c01	B	2021-04-04T17:50:58z	 -23.000	 +2.502		   3.0	13	35.2662	4.626	202.04	 0.02	 -0.006	-0.027	  0.03	 0.83																															
PIRATA-FR31	st75c01	B	2021-04-04T17:50:58z	 -23.000	 +2.502		  20.0	12	35.3106	4.640	202.63	 0.02	 -0.019	-0.037	  0.04	 0.83																															
PIRATA-FR31	st75c01	B	2021-04-04T17:50:58z	 -23.000	 +2.502		  40.0	11	35.6892	4.653	203.13	 0.02	 -0.013	-0.036	  0.04	 0.89																															
PIRATA-FR31	st75c01	B	2021-04-04T17:50:58z	 -23.000	 +2.502		  60.0	10																																							
PIRATA-FR31	st75c01	B	2021-04-04T17:50:58z	 -23.000	 +2.502		  60.0	 9	36.0295	4.167	181.75	 0.03	  0.002	-0.031	  0.08	 1.50																															
PIRATA-FR31	st75c01	B	2021-04-04T17:50:58z	 -23.000	 +2.502		  60.0	 8	36.0394	4.190	182.77	 0.03	  0.050	0.015	  0.06	 1.46																															
PIRATA-FR31	st75c01	B	2021-04-04T17:50:58z	 -23.000	 +2.502		  80.0	 7	35.9004	2.856	124.39	 0.71	 11.616	10.908	  0.80	 3.36																															
PIRATA-FR31	st75c01	B	2021-04-04T17:50:58z	 -23.000	 +2.502		 100.0	 6	35.6782	2.535	110.35	 0.10	 19.260	19.164	  1.32	 5.99																															
PIRATA-FR31	st75c01	B	2021-04-04T17:50:58z	 -23.000	 +2.502		 197.0	 5	35.3732	2.816	122.53	 0.03	 20.883	20.855	  1.42	 7.63																															
PIRATA-FR31	st75c01	B	2021-04-04T17:50:58z	 -23.000	 +2.502		 301.0	 4	35.1229	2.158	 93.90	 0.02	 27.854	27.831	  1.82	11.12																															
PIRATA-FR31	st75c01	B	2021-04-04T17:50:58z	 -23.000	 +2.502		 751.0	 3	34.5427	3.207	139.44	 0.02	 35.736	35.715	  2.49	28.12																															
PIRATA-FR31	st75c01	B	2021-04-04T17:50:58z	 -23.000	 +2.502		1600.0	 2	34.9691	5.450	236.90	 0.02	 21.705	21.685	  1.46	18.43																															
PIRATA-FR31	st75c01	B	2021-04-04T17:50:58z	 -23.000	 +2.502		2000.0	 1	34.9601	5.672	246.50	 0.03	 20.990	20.959	  1.42	22.19																															
PIRATA-FR31	st75c01	B	2021-04-04T17:50:58z	 -23.000	 +2.502																																										
PIRATA-FR31	st76c01	B	2021-04-04T22:49:57z	 -22.998	 +3.003		   2.0	13	34.9032	4.574	199.83	 0.03	 -0.018	-0.046	 -0.01	 0.79																															
PIRATA-FR31	st76c01	B	2021-04-04T22:49:57z	 -22.998	 +3.003		   2.0	12		4.582	200.19						0.0113	0.0120	0.0057	0.0116	0.0122			0.0020	0.0378	0.0075			0.1428		0.0120	0.0079	0.0199	0.0338			0.1089	0.1411	0.2500	0.0030							
PIRATA-FR31	st76c01	B	2021-04-04T22:49:57z	 -22.998	 +3.003		  20.0	11	35.0110	4.602	201.02	 0.02	 -0.021	-0.041	  0.00	 0.78	0.0125	0.0138	0.0077	0.0127	0.0114			0.0020	0.0400	0.0056			0.1149		0.0132	0.0132	0.0264	0.0364			0.1193	0.1752	0.2945	0.0031							
PIRATA-FR31	st76c01	B	2021-04-04T22:49:57z	 -22.998	 +3.003		  39.0	10	35.5305	4.633	202.29	 0.03	 -0.013	-0.040	  0.01	 0.80																															
PIRATA-FR31	st76c01	B	2021-04-04T22:49:57z	 -22.998	 +3.003		  40.0	 9	35.4890	4.629	202.10	 0.02	 -0.017	-0.040	  0.02	 0.79	0.0245	0.0237	0.0171	0.0257	0.0127			0.0018	0.0768	0.0081	0.0009		0.0799		0.0248	0.0181	0.0429	0.0322			0.1536	0.1743	0.3279	0.0059							
PIRATA-FR31	st76c01	B	2021-04-04T22:49:57z	 -22.998	 +3.003		  59.0	 8	35.8945	2.697	117.44	 0.58	 14.821	14.237	  0.99	 4.27	0.0639	0.0401	0.0107	0.0914	0.0375	0.0076	0.0120	0.0025	0.0799	0.0093	0.0065		0.0254		0.0570	0.1085	0.1655	0.0259			0.0766	0.2775	0.3541	0.0069							
PIRATA-FR31	st76c01	B	2021-04-04T22:49:57z	 -22.998	 +3.003		  80.0	 7	35.6893	2.528	110.02	 0.13	 19.181	19.053	  1.33	 5.64	0.0336	0.0180	0.0068	0.0452	0.0183	0.0032	0.0037	0.0016	0.0451	0.0041			0.0161		0.0860	0.0291	0.1151	0.0206			0.0485	0.1086	0.1571	0.0035							
PIRATA-FR31	st76c01	B	2021-04-04T22:49:57z	 -22.998	 +3.003		 100.0	 6	35.6234	2.298	100.02	 0.07	 20.984	20.917	  1.43	 6.26	0.0291	0.0141	0.0047	0.0375	0.0146	0.0027	0.0020	0.0012	0.0414	0.0034			0.0107		0.0761	0.0209	0.0970	0.0181			0.0377	0.0808	0.1185	0.0028							
PIRATA-FR31	st76c01	B	2021-04-04T22:49:57z	 -22.998	 +3.003		 201.0	 5	35.3958	2.495	108.56	 0.03	 22.285	22.256	  1.53	 7.68																															
PIRATA-FR31	st76c01	B	2021-04-04T22:49:57z	 -22.998	 +3.003		 301.0	 4	35.1499	2.426	105.56	 0.03	 26.338	26.313	  1.77	10.32																															
PIRATA-FR31	st76c01	B	2021-04-04T22:49:57z	 -22.998	 +3.003		 753.0	 3	34.5594	3.085	134.15	 0.02	 36.244	36.228	  2.56	28.90																															
PIRATA-FR31	st76c01	B	2021-04-04T22:49:57z	 -22.998	 +3.003		1600.0	 2	34.9692	5.426	235.84	 0.01	 21.757	21.751	  1.51	18.29																															
PIRATA-FR31	st76c01	B	2021-04-04T22:49:57z	 -22.998	 +3.003		1999.0	 1	34.9627	5.695	247.52	 0.00	 21.074	21.072	  1.48	21.50																															
PIRATA-FR31	st76c01	B	2021-04-04T22:49:57z	 -22.998	 +3.003																																										
PIRATA-FR31	st77c01	B	2021-04-05T03:59:46z	 -22.998	 +3.502		   4.0	15																																							
PIRATA-FR31	st77c01	B	2021-04-05T03:59:46z	 -22.998	 +3.502		   4.0	14																																							
PIRATA-FR31	st77c01	B	2021-04-05T03:59:46z	 -22.998	 +3.502		   4.0	13	34.8605	4.547	198.64	 0.00	  0.000	-0.002	  0.00	 0.73																															
PIRATA-FR31	st77c01	B	2021-04-05T03:59:46z	 -22.998	 +3.502		  20.0	12	34.9614	4.579	200.02	-0.00	 -0.004	-0.000	  0.02	 0.71																															
PIRATA-FR31	st77c01	B	2021-04-05T03:59:46z	 -22.998	 +3.502		  41.0	11	35.9852	4.526	197.48	-0.00	 -0.009	-0.008	  0.02	 0.93																															
PIRATA-FR31	st77c01	B	2021-04-05T03:59:46z	 -22.998	 +3.502		  41.0	10	36.0606	4.540	198.06	 0.00	 -0.006	-0.006	  0.02	 0.91																															
PIRATA-FR31	st77c01	B	2021-04-05T03:59:46z	 -22.998	 +3.502		  60.0	 9	35.9557	3.136	136.60	 0.72	  9.939	9.216	  0.69	 3.44																															
PIRATA-FR31	st77c01	B	2021-04-05T03:59:46z	 -22.998	 +3.502		  60.0	 8																																							
PIRATA-FR31	st77c01	B	2021-04-05T03:59:46z	 -22.998	 +3.502		  80.0	 7	35.7213	2.313	100.68	 0.13	 19.624	19.492	  1.31	 5.66																															
PIRATA-FR31	st77c01	B	2021-04-05T03:59:46z	 -22.998	 +3.502		 102.0	 6	35.6422	2.240	 97.50	 0.03	 20.951	20.919	  1.41	 6.25																															
PIRATA-FR31	st77c01	B	2021-04-05T03:59:46z	 -22.998	 +3.502		 203.0	 5	35.3305	2.851	124.05	-0.00	 21.331	21.334	  1.46	 8.10																															
PIRATA-FR31	st77c01	B	2021-04-05T03:59:46z	 -22.998	 +3.502		 304.0	 4	35.0624	1.938	 84.32	-0.01	 30.076	30.081	  1.97	12.17																															
PIRATA-FR31	st77c01	B	2021-04-05T03:59:46z	 -22.998	 +3.502		 754.0	 3	34.5441	3.239	140.87	-0.01	 35.627	35.635	  2.52	28.63																															
PIRATA-FR31	st77c01	B	2021-04-05T03:59:46z	 -22.998	 +3.502		1600.0	 2	34.9686	5.349	232.51	 0.04	 22.120	22.079	  1.50	18.50																															
PIRATA-FR31	st77c01	B	2021-04-05T03:59:46z	 -22.998	 +3.502		2000.0	 1	34.9638	5.693	247.43	-0.00	 20.735	20.735	  1.41	20.57																															
PIRATA-FR31	st77c01	B	2021-04-05T03:59:46z	 -22.998	 +3.502																																										
PIRATA-FR31	st78c01	B	2021-04-05T10:35:37z	 -22.976	 +4.044		1995.0	20	34.9596	5.699	247.83	-0.00	 21.027	21.032	  1.52	21.52																															
PIRATA-FR31	st78c01	B	2021-04-05T10:35:37z	 -22.976	 +4.044		1996.0	19	34.9596	5.679	246.97	-0.00	 21.050	21.053	  1.51	21.62																															
PIRATA-FR31	st78c01	B	2021-04-05T10:35:37z	 -22.976	 +4.044		1996.0	18	34.9594	5.661	246.18	-0.00	 21.013	21.013	  1.51	21.59																															
PIRATA-FR31	st78c01	B	2021-04-05T10:35:37z	 -22.976	 +4.044		1996.0	17	34.9597	5.660	246.15	 0.00	 21.009	21.006	  1.51	21.58																															
PIRATA-FR31	st78c01	B	2021-04-05T10:35:37z	 -22.976	 +4.044		1996.0	16	34.9594	5.664	246.30	 0.01	 21.117	21.109	  1.51	21.58																															
PIRATA-FR31	st78c01	B	2021-04-05T10:35:37z	 -22.976	 +4.044		1997.0	15	34.9602	5.692	247.55	 0.00	 20.955	20.951	  1.50	21.59																															
PIRATA-FR31	st78c01	B	2021-04-05T10:35:37z	 -22.976	 +4.044		1998.0	14	34.9603	5.676	246.81	 0.01	 20.990	20.981	  1.50	21.79																															
PIRATA-FR31	st78c01	B	2021-04-05T10:35:37z	 -22.976	 +4.044		1998.0	13	34.9598	5.671	246.63	 0.00	 21.015	21.012	  1.50	21.71																															
PIRATA-FR31	st78c01	B	2021-04-05T10:35:37z	 -22.976	 +4.044		1999.0	12	34.9527	5.673	246.71	 0.01	 20.924	20.915	  1.49	21.64																															
PIRATA-FR31	st78c01	B	2021-04-05T10:35:37z	 -22.976	 +4.044		1999.0	11	34.9579	5.688	247.24	 0.01	 20.928	20.923	  1.49	21.63																															
PIRATA-FR31	st78c01	B	2021-04-05T10:35:37z	 -22.976	 +4.044		2000.0	10	34.9636	5.677	246.80	 0.01	 20.877	20.867	  1.48	21.63																															
PIRATA-FR31	st78c01	B	2021-04-05T10:35:37z	 -22.976	 +4.044		2001.0	 9	34.9592	5.674	246.62	 0.01	 20.851	20.844	  1.50	21.64																															
PIRATA-FR31	st78c01	B	2021-04-05T10:35:37z	 -22.976	 +4.044		2001.0	 8	34.9593	5.683	247.03	 0.02	 20.989	20.973	  1.49	21.58																															
PIRATA-FR31	st78c01	B	2021-04-05T10:35:37z	 -22.976	 +4.044		2000.0	 7	34.9590	5.677	246.79	 0.02	 20.935	20.917	  1.49	21.61																															
PIRATA-FR31	st78c01	B	2021-04-05T10:35:37z	 -22.976	 +4.044		2000.0	 6	34.9590	5.673	246.57	 0.01	 21.046	21.033	  1.49	21.67																															
PIRATA-FR31	st78c01	B	2021-04-05T10:35:37z	 -22.976	 +4.044		1999.0	 5	34.9590	5.667	246.29	 0.01	 21.084	21.072	  1.49	21.68																															
PIRATA-FR31	st78c01	B	2021-04-05T10:35:37z	 -22.976	 +4.044		1999.0	 4	34.9582	5.699	247.70	 0.01	 20.982	20.975	  1.49	21.68																															
PIRATA-FR31	st78c01	B	2021-04-05T10:35:37z	 -22.976	 +4.044		1999.0	 3	34.9581	5.691	247.34	 0.01	 20.919	20.908	  1.48	21.69																															
PIRATA-FR31	st78c01	B	2021-04-05T10:35:37z	 -22.976	 +4.044		1999.0	 2	34.9580	5.680	246.83	 0.01	 20.893	20.881	  1.49	21.64																															
PIRATA-FR31	st78c01	B	2021-04-05T10:35:37z	 -22.976	 +4.044		2000.0	 1	34.9594	5.687	247.13	 0.01	 20.820	20.806	  1.48	21.57																															
PIRATA-FR31	st78c01	B	2021-04-05T10:35:37z	 -22.976	 +4.044																																										
