//ODV Spreadsheet file : /media/irdcampagnes/PIRATA/PIRATA-FR34/data-processing/CHIMIE/PIRATA-FR34_CHIMIE_odv.txt
//Data treated : 2025-01-14T11:13:38
//<InstrumentType>Chemical bottle analysis</InstrumentType>
//<Source>/media/irdcampagnes/PIRATA/PIRATA-FR34/data-processing/CHIMIE/PIRATA-FR34_CHIMIE.xlsx</Sources>
//<DataType>Bottles</DataType>
//<Creator>Pierre.Rousselot@ird.fr</Creator>
//
Cruise	Station	Type	yyyy-mm-ddThh:mm:ss	Longitude [degrees_east]	Latitude [degrees_north]	Bot. Depth [m]	DEPTH [m]	Bottle nb	PSAL [Psu]	DOX1 [ml/l]	DOX2 [micromole/kg]	NTIW [micromole/kg]	NTAW+NTIW [micromole/kg]	NTAW [micromole/kg]	PHOW [micromole/kg]	SLCW [micromole/kg]	CHC3 [microgramme/l]	CHCZ [microgramme/l]	PERP [microgramme/l]	BFUP [microgramme/l]	FUCP [microgramme/l]	NEXW [microgramme/l]	PXAP [microgramme/l]	VIOW [microgramme/l]	HFUP [microgramme/l]	ATXA [microgramme/l]	DXAP [microgramme/l]	AXAP [microgramme/l]	TXAP [microgramme/l]	ZXAP [microgramme/l]	LUTW [microgramme/l]	CHBD [microgramme/l]	CH2P [microgramme/l]	CHLB [microgramme/l]	AACP [microgramme/l]	BBCP [microgramme/l]	PHEP [microgramme/l]	CHAD [microgramme/l]	CH1P [microgramme/l]	CPHL [microgramme/l]	PHEA [microgramme/l]	CXAP [microgramme/l]	TEMP [°C]	PHPH [pH unit]	PHTP [°C]	ALKY [micromole/kg]
PIRATA-FR34	st001c01	B	2024-03-01T17:38:08z	 -22.988	+11.486		   2.0	22																																			26.4290				
PIRATA-FR34	st001c01	B	2024-03-01T17:38:08z	 -22.988	+11.486		  22.0	21	35.6637	4.642	207.33	 0.01	  0.040	0.031	  0.04	 1.17																											26.4300	8.0860	25.0000	2336.8500	
PIRATA-FR34	st001c01	B	2024-03-01T17:38:08z	 -22.988	+11.486		  41.0	20	36.0398	4.617	206.18	 0.01	  0.023	0.014	  0.05	 1.45																											23.6670	8.0010	25.0000	2369.4700	
PIRATA-FR34	st001c01	B	2024-03-01T17:38:08z	 -22.988	+11.486		  51.0	19	35.9885	3.992	178.27	 0.01	  0.050	0.039	  0.08	 2.52																											20.7180	7.8920	25.0000	2374.1100	
PIRATA-FR34	st001c01	B	2024-03-01T17:38:08z	 -22.988	+11.486		  80.0	18	35.6757	1.734	 77.46	 0.15	 21.901	21.754	  1.34	 6.02	0.0559	0.0400	0.0106	0.0720	0.0334	0.0048	0.0076	0.0015	0.0963		0.0093	0.0027		0.0293		0.0949	0.0576	0.1525	0.0319	0.0000		0.0585	0.2748	0.3333	0.0055		16.3700				
PIRATA-FR34	st001c01	B	2024-03-01T17:38:08z	 -22.988	+11.486		 101.0	17	35.5747	1.640	 73.26	 0.06	 23.935	23.872	  1.49	 7.13	0.0338	0.0237	0.0056	0.0427	0.0203	0.0021	0.0018	0.0006	0.0579		0.0053	0.0004		0.0142		0.0837	0.0278	0.1115	0.0246	0.0000		0.0418	0.1341	0.1759	0.0045		15.2990	7.6300	25.0000	2336.6900	
PIRATA-FR34	st001c01	B	2024-03-01T17:38:08z	 -22.988	+11.486		 299.0	16	35.1529	1.787	 79.81	 0.01	 29.059	29.045	  1.77	11.29																			0.0000								11.5090	7.5610	25.0000	2315.9100	
PIRATA-FR34	st001c01	B	2024-03-01T17:38:08z	 -22.988	+11.486		2000.0	15																																			3.5160				
PIRATA-FR34	st001c01	B	2024-03-01T17:38:08z	 -22.988	+11.486		2001.0	14																																			3.5160				
PIRATA-FR34	st001c01	B	2024-03-01T17:38:08z	 -22.988	+11.486		2001.0	13																																			3.5160				
PIRATA-FR34	st001c01	B	2024-03-01T17:38:08z	 -22.988	+11.486		2001.0	12																																			3.5160				
PIRATA-FR34	st001c01	B	2024-03-01T17:38:08z	 -22.988	+11.486		2001.0	11																																			3.5160	7.7210	25.0000	2332.5100	
PIRATA-FR34	st001c01	B	2024-03-01T17:38:08z	 -22.988	+11.486		2001.0	10																																			3.5160				
PIRATA-FR34	st001c01	B	2024-03-01T17:38:08z	 -22.988	+11.486		2001.0	 9																																			3.5160				
PIRATA-FR34	st001c01	B	2024-03-01T17:38:08z	 -22.988	+11.486		2001.0	 8																																			3.5160				
PIRATA-FR34	st001c01	B	2024-03-01T17:38:08z	 -22.988	+11.486		2001.0	 7																																			3.5160				
PIRATA-FR34	st001c01	B	2024-03-01T17:38:08z	 -22.988	+11.486		2001.0	 6																																			3.5160	7.7230	25.0000	2331.4600	
PIRATA-FR34	st001c01	B	2024-03-01T17:38:08z	 -22.988	+11.486		2001.0	 5																																			3.5160				
PIRATA-FR34	st001c01	B	2024-03-01T17:38:08z	 -22.988	+11.486		2001.0	 4																																			3.5160				
PIRATA-FR34	st001c01	B	2024-03-01T17:38:08z	 -22.988	+11.486		2001.0	 3																																			3.5160				
PIRATA-FR34	st001c01	B	2024-03-01T17:38:08z	 -22.988	+11.486		2001.0	 2																																			3.5170				
PIRATA-FR34	st001c01	B	2024-03-01T17:38:08z	 -22.988	+11.486		2001.0	 1																																			3.5170	7.7190	25.0000	2331.8500	
PIRATA-FR34	st002c01	B	2024-03-02T17:27:43z	 -20.052	 +8.998		  17.0	 8																																			28.1880				
PIRATA-FR34	st002c01	B	2024-03-02T17:27:43z	 -20.052	 +8.998		  17.0	 7																																			28.1890				
PIRATA-FR34	st002c01	B	2024-03-02T17:27:43z	 -20.052	 +8.998		  17.0	 6																																			28.1860				
PIRATA-FR34	st002c01	B	2024-03-02T17:27:43z	 -20.052	 +8.998		  17.0	 5																																			28.1870				
PIRATA-FR34	st002c01	B	2024-03-02T17:27:43z	 -20.052	 +8.998		  17.0	 4																																			28.1810				
PIRATA-FR34	st002c01	B	2024-03-02T17:27:43z	 -20.052	 +8.998		  17.0	 3																																			28.1740				
PIRATA-FR34	st002c01	B	2024-03-02T17:27:43z	 -20.052	 +8.998		  17.0	 2																																			28.1700				
PIRATA-FR34	st002c01	B	2024-03-02T17:27:43z	 -20.052	 +8.998		  17.0	 1																																			28.1700				
PIRATA-FR34	st003c01	B	2024-03-02T17:57:58z	 -20.054	 +8.996		   4.0	19									0.0067	0.0066	0.0055	0.0062	0.0063	0.0024		0.0019	0.0260	0.0040	0.0089		0.0016	0.0839		0.0044	0.0070	0.0114	0.0143	0.0000		0.0391	0.0875	0.1266	0.0018		28.1690				
PIRATA-FR34	st003c01	B	2024-03-02T17:57:58z	 -20.054	 +8.996		   4.0	18	35.3182	4.585	204.75	 0.01	  0.041	0.031	  0.06	 1.28																											28.1690	8.1100	25.0000	2316.6200	
PIRATA-FR34	st003c01	B	2024-03-02T17:57:58z	 -20.054	 +8.996		   6.0	17				 0.01	  0.047	0.037	  0.04	 1.31	0.0069	0.0078	0.0101	0.0064	0.0065	0.0025		0.0019	0.0267	0.0035	0.0090		0.0015	0.0921		0.0036	0.0089	0.0125	0.0000	0.0234		0.0404	0.1674	0.2078	0.0024		28.1710				
PIRATA-FR34	st003c01	B	2024-03-02T17:57:58z	 -20.054	 +8.996		  11.0	16	35.3184	4.579	204.49	 0.01	  0.060	0.050	  0.01	 1.28	0.0069	0.0072	0.0076	0.0065	0.0063	0.0023		0.0019	0.0268	0.0070	0.0089		0.0014	0.0890		0.0035	0.0076	0.0111	0.0158	0.0000		0.0416	0.0981	0.1397	0.0019		28.1640	8.1260	25.0000	2312.3800	
PIRATA-FR34	st003c01	B	2024-03-02T17:57:58z	 -20.054	 +8.996		  21.0	15	35.3287	4.576	204.38	 0.01	  0.075	0.066	  0.06	 1.30	0.0067	0.0069	0.0074	0.0065	0.0065	0.0024		0.0019	0.0265	0.0034	0.0084		0.0014	0.0865		0.0049	0.0100	0.0149	0.0000	0.0159		0.0400	0.1046	0.1446	0.0020		28.1660				
PIRATA-FR34	st003c01	B	2024-03-02T17:57:58z	 -20.054	 +8.996		  30.0	14				 0.01	  0.071	0.064	  0.01	 1.80	0.0178	0.0203	0.0151	0.0160	0.0086	0.0031		0.0021	0.0618	0.0034	0.0108	0.0025	0.0010	0.1125		0.0057	0.0137	0.0194	0.0269	0.0000		0.0920	0.1771	0.2691	0.0029		25.2300				
PIRATA-FR34	st003c01	B	2024-03-02T17:57:58z	 -20.054	 +8.996		  40.0	13	36.0425	3.907	174.47	 0.02	  0.126	0.106	  0.03	 2.24	0.0405	0.0430	0.0203	0.0421	0.0160	0.0057	0.0035	0.0035	0.1181	0.0045	0.0129	0.0031	0.0012	0.1275		0.0655	0.0878	0.1533	0.0512	0.0000		0.1720	0.3105	0.4825	0.0047		23.0780	7.9350	25.0000	2371.0700	
PIRATA-FR34	st003c01	B	2024-03-02T17:57:58z	 -20.054	 +8.996		  50.0	12				 0.02	  0.226	0.202	  0.04	 2.24	0.0473	0.0509	0.0245	0.0492	0.0183	0.0070	0.0037	0.0041	0.1306	0.0037	0.0134	0.0030	0.0011	0.1339		0.0748	0.1052	0.1800	0.0569	0.0000		0.1946	0.3623	0.5569	0.0057		21.0200				
PIRATA-FR34	st003c01	B	2024-03-02T17:57:58z	 -20.054	 +8.996		  60.0	11	35.9286	2.617	116.87	 0.15	 12.497	12.350	  0.73	 4.00	0.0570	0.0390	0.0056	0.0689	0.0297	0.0085	0.0090	0.0028	0.0907	0.0010	0.0086	0.0043		0.0320		0.1533	0.0907	0.2440	0.0469	0.0000		0.0944	0.2900	0.3844	0.0049		19.4580	7.7810	25.0000	2363.7800	
PIRATA-FR34	st003c01	B	2024-03-02T17:57:58z	 -20.054	 +8.996		  69.0	10				 0.09	 15.963	15.870	  0.96	 4.74	0.0435	0.0288	0.0060	0.0510	0.0203	0.0048	0.0042	0.0016	0.0667	0.0018	0.0065	0.0030		0.0164		0.1193	0.0561	0.1754	0.0329	0.0000		0.0624	0.1966	0.2590	0.0038		18.2210				
PIRATA-FR34	st003c01	B	2024-03-02T17:57:58z	 -20.054	 +8.996		  80.0	 9	35.8090	2.553	114.00	 0.07	 16.943	16.871	  1.04	 5.17	0.0317	0.0194	0.0033	0.0387	0.0152	0.0035	0.0025	0.0011	0.0499	0.0019	0.0049			0.0103		0.0932	0.0349	0.1281	0.0254	0.0000		0.0447	0.1304	0.1751	0.0033		17.3080				
PIRATA-FR34	st003c01	B	2024-03-02T17:57:58z	 -20.054	 +8.996		  90.0	 8				 0.05	 18.203	18.149	  1.12	 5.65	0.0252	0.0123	0.0024	0.0330	0.0124	0.0028	0.0019	0.0009	0.0377	0.0018	0.0039			0.0063		0.0688	0.0245	0.0933	0.0185	0.0000		0.0302	0.0961	0.1263	0.0023		16.5070				
PIRATA-FR34	st003c01	B	2024-03-02T17:57:58z	 -20.054	 +8.996		 101.0	 7									0.0209	0.0096		0.0258	0.0084	0.0014	0.0010	0.0008	0.0285		0.0025			0.0047		0.0498	0.0117	0.0615	0.0137	0.0000		0.0211	0.0762	0.0973	0.0020		15.8360				
PIRATA-FR34	st003c01	B	2024-03-02T17:57:58z	 -20.054	 +8.996		 101.0	 6	35.6495	2.501	111.68	 0.04	 19.338	19.300	  1.20	 6.13																											15.7810	7.7080	25.0000	2345.7200	
PIRATA-FR34	st003c01	B	2024-03-02T17:57:58z	 -20.054	 +8.996		 201.0	 5	35.3139	2.299	102.68	 0.02	 23.816	23.801	  1.51	 8.65																											13.1330	7.6390	25.0000	2327.9700	
PIRATA-FR34	st003c01	B	2024-03-02T17:57:58z	 -20.054	 +8.996		 300.0	 4	35.1690	1.866	 83.32	 0.02	 28.032	28.015	  1.74	10.92																											11.7020	7.5750	25.0000	2319.1600	
PIRATA-FR34	st003c01	B	2024-03-02T17:57:58z	 -20.054	 +8.996		 400.0	 3	35.1570	0.989	 44.16	 0.01	 34.595	34.583	  2.08	14.07																											10.5750	7.4790	25.0000	2314.0800	
PIRATA-FR34	st003c01	B	2024-03-02T17:57:58z	 -20.054	 +8.996		 501.0	 2	34.9292	1.180	 52.72	 0.02	 37.428	37.412	  2.34	18.59																											8.5920	7.4580	25.0000	2308.8900	
PIRATA-FR34	st003c01	B	2024-03-02T17:57:58z	 -20.054	 +8.996		 500.0	 1	34.9315	1.170	 52.23	 0.02	 37.459	37.443	  2.33	18.63																											8.5990	7.4620	25.0000	2302.7800	
PIRATA-FR34	st004c01	B	2024-03-03T03:20:32z	 -18.853	 +7.999		   1.0	18									0.0062	0.0083	0.0078	0.0050	0.0045	0.0024		0.0019	0.0237	0.0050	0.0075			0.0836		0.0116	0.0148	0.0264	0.0205	0.0000		0.0514	0.1048	0.1562	0.0020		27.7240				
PIRATA-FR34	st004c01	B	2024-03-03T03:20:32z	 -18.853	 +7.999		   2.0	17	35.5147	4.588	204.91	 0.02	  0.032	0.016	  0.04	 1.18																											27.7180	8.0970	25.0000	2328.2100	
PIRATA-FR34	st004c01	B	2024-03-03T03:20:32z	 -18.853	 +7.999		   6.0	16				 0.01	  0.032	0.019	  0.02	 1.13	0.0064	0.0084	0.0079	0.0049	0.0048	0.0023		0.0021	0.0241	0.0058	0.0080		0.0006	0.0856		0.0117	0.0148	0.0265	0.0192	0.0000		0.0501	0.0973	0.1474	0.0021		27.7260				
PIRATA-FR34	st004c01	B	2024-03-03T03:20:32z	 -18.853	 +7.999		  11.0	15	35.5148	4.597	205.32	 0.02	  0.023	0.008	  0.01	 1.10	0.0061	0.0084	0.0080	0.0045	0.0039	0.0023		0.0020	0.0219	0.0049	0.0080			0.0838		0.0117	0.0149	0.0266	0.0182	0.0000		0.0489	0.0968	0.1457	0.0021		27.7250	8.1000	25.0000	2327.8600	
PIRATA-FR34	st004c01	B	2024-03-03T03:20:32z	 -18.853	 +7.999		  21.0	14	35.5078	4.586	204.83	 0.01	  0.031	0.018	  0.01	 1.12	0.0061	0.0081	0.0068	0.0053	0.0054			0.0016	0.0197	0.0042	0.0066			0.0899		0.0121	0.0142	0.0263	0.0000	0.0232		0.0510	0.1246	0.1756	0.0023		27.7260				
PIRATA-FR34	st004c01	B	2024-03-03T03:20:32z	 -18.853	 +7.999		  30.0	13				 0.01	  0.031	0.019	  0.03	 1.46	0.0128	0.0153	0.0149	0.0120	0.0077			0.0018	0.0478	0.0040	0.0103	0.0007	0.0006	0.0924		0.0173	0.0180	0.0353	0.0238	0.0000		0.0807	0.1437	0.2244	0.0024		26.2140				
PIRATA-FR34	st004c01	B	2024-03-03T03:20:32z	 -18.853	 +7.999		  39.0	12	35.8825	3.715	165.92	 0.02	  0.038	0.022	  0.04	 2.23	0.0175	0.0176	0.0103	0.0201	0.0098	0.0023	0.0011	0.0017	0.0520	0.0027	0.0097	0.0007	0.0005	0.0936		0.0384	0.0388	0.0772	0.0355	0.0000		0.1079	0.1584	0.2663	0.0032		22.2430	7.8850	25.0000	2369.7900	
PIRATA-FR34	st004c01	B	2024-03-03T03:20:32z	 -18.853	 +7.999		  49.0	11				 0.27	  5.038	4.764	  0.37	 3.13	0.0769	0.0567	0.0336	0.0707	0.0299	0.0264	0.0219	0.0085	0.1462		0.0165	0.0058	0.0007	0.0705		0.1377	0.1672	0.3049	0.0588	0.0000		0.1387	0.4954	0.6341	0.0077		20.0040				
PIRATA-FR34	st004c01	B	2024-03-03T03:20:32z	 -18.853	 +7.999		  60.0	10	35.8208	2.446	109.23	 0.26	 12.346	12.086	  0.76	 3.81	0.0683	0.0416	0.0126	0.0583	0.0380	0.0155	0.0231	0.0050	0.1070		0.0113	0.0048	0.0005	0.0462		0.1225	0.1303	0.2528	0.0484	0.0000		0.1006	0.4022	0.5028	0.0063		18.9890	7.7480	25.0000	2358.7600	
PIRATA-FR34	st004c01	B	2024-03-03T03:20:32z	 -18.853	 +7.999		  69.0	 9				 0.13	 19.655	19.528	  1.23	 5.11	0.0552	0.0295	0.0084	0.0503	0.0310	0.0050	0.0074	0.0024	0.0851		0.0085	0.0025		0.0243		0.1298	0.0461	0.1759	0.0380	0.0000		0.0766	0.2232	0.2998	0.0025		17.5810				
PIRATA-FR34	st004c01	B	2024-03-03T03:20:32z	 -18.853	 +7.999		  79.0	 8	35.7236	1.873	 83.63	 0.07	 20.764	20.693	  1.28	 5.58	0.0532	0.0240	0.0054	0.0437	0.0243	0.0040	0.0055	0.0010	0.0736		0.0065			0.0170		0.1340	0.0260	0.1600	0.0333	0.0000		0.0622	0.1786	0.2408	0.0035		17.0620				
PIRATA-FR34	st004c01	B	2024-03-03T03:20:32z	 -18.853	 +7.999		  89.0	 7				 0.06	 21.452	21.395	  1.33	 5.96	0.0351	0.0168	0.0047	0.0348	0.0181	0.0032	0.0041	0.0008	0.0527		0.0054			0.0129		0.0988	0.0192	0.1180	0.0274	0.0000		0.0454	0.1255	0.1709	0.0030		16.5000				
PIRATA-FR34	st004c01	B	2024-03-03T03:20:32z	 -18.853	 +7.999		  99.0	 6	35.6238	1.899	 84.82	 0.03	 22.748	22.717	  1.44	 6.76	0.0210	0.0064		0.0168	0.0096	0.0025	0.0024	0.0007	0.0272		0.0035			0.0023	0.0010	0.0348	0.0115	0.0463	0.0095	0.0000		0.0126	0.0624	0.0750	0.0031		15.9260	7.6440	25.0000	2342.4400	
PIRATA-FR34	st004c01	B	2024-03-03T03:20:32z	 -18.853	 +7.999		 199.0	 5	35.3833	2.079	 92.84	 0.02	 24.187	24.164	  1.53	 8.30																											13.6750	7.6290	25.0000	2330.3400	
PIRATA-FR34	st004c01	B	2024-03-03T03:20:32z	 -18.853	 +7.999		 299.0	 4	35.2763	1.615	 72.12	 0.02	 28.810	28.790	  1.75	10.56																											12.1880	7.5550	25.0000	2322.3800	
PIRATA-FR34	st004c01	B	2024-03-03T03:20:32z	 -18.853	 +7.999		 398.0	 3	35.1216	1.010	 45.12	 0.02	 34.980	34.964	  2.13	14.70																											10.3020	7.4750	25.0000	2316.6100	
PIRATA-FR34	st004c01	B	2024-03-03T03:20:32z	 -18.853	 +7.999		 398.0	 2	35.1232	1.025	 45.79	 0.02	 35.045	35.028	  2.12	14.73																											10.3020	7.4770	25.0000	2315.1200	
PIRATA-FR34	st004c01	B	2024-03-03T03:20:32z	 -18.853	 +7.999		 497.0	 1	34.9592	1.187	 53.03	 0.02	 37.054	37.034	  2.30	17.86																											8.8730	7.4610	25.0000	2310.1200	
PIRATA-FR34	st005c01	B	2024-03-05T13:51:14z	 -10.000	 +1.504		  17.0	 6																																			30.2970				
PIRATA-FR34	st005c01	B	2024-03-05T13:51:14z	 -10.000	 +1.504		  17.0	 5																																			30.2980				
PIRATA-FR34	st005c01	B	2024-03-05T13:51:14z	 -10.000	 +1.504		  17.0	 4																																			30.3130				
PIRATA-FR34	st005c01	B	2024-03-05T13:51:14z	 -10.000	 +1.504		  17.0	 3																																			30.3120				
PIRATA-FR34	st005c01	B	2024-03-05T13:51:14z	 -10.000	 +1.504		  17.0	 2																																			30.2940				
PIRATA-FR34	st005c01	B	2024-03-05T13:51:14z	 -10.000	 +1.504		  17.0	 1																																			30.2940				
PIRATA-FR34	st006c01	B	2024-03-05T14:26:16z	 -10.002	 +1.499		   2.0	15																																			30.5410				
PIRATA-FR34	st006c01	B	2024-03-05T14:26:16z	 -10.002	 +1.499		   2.0	14	34.3547	4.493	200.64	 0.02	  0.069	0.054	  0.01	 0.74																											30.5910	8.1120	25.0000	2256.5400	
PIRATA-FR34	st006c01	B	2024-03-05T14:26:16z	 -10.002	 +1.499		  20.0	13	34.4916	4.458	199.08	 0.01	  0.037	0.023	  0.04	 0.94																											30.2060	8.1150	25.0000	2254.5400	
PIRATA-FR34	st006c01	B	2024-03-05T14:26:16z	 -10.002	 +1.499		  40.0	12																																			25.4590				
PIRATA-FR34	st006c01	B	2024-03-05T14:26:16z	 -10.002	 +1.499		  40.0	11	35.6553	4.568	204.02	 0.02	  0.031	0.014	  0.08	 1.14																											25.4520	8.0000	25.0000	2348.1600	
PIRATA-FR34	st006c01	B	2024-03-05T14:26:16z	 -10.002	 +1.499		  53.0	10	35.7544	4.305	192.25	 0.02	  0.052	0.035	  0.20	 1.33																											22.8860	7.9450	25.0000	2353.7800	
PIRATA-FR34	st006c01	B	2024-03-05T14:26:16z	 -10.002	 +1.499		  81.0	 9	35.7468			 0.06	 15.938	15.878	  1.07	 3.81																											16.8240				
PIRATA-FR34	st006c01	B	2024-03-05T14:26:16z	 -10.002	 +1.499		 101.0	 8	35.6294	3.032	135.41	 0.04	 16.341	16.303	  1.11	 5.73																											15.6240	7.7530	25.0000	2349.5300	
PIRATA-FR34	st006c01	B	2024-03-05T14:26:16z	 -10.002	 +1.499		 201.0	 7		2.298	102.62	 0.02	 21.802	21.786	  1.42	 7.68																											14.3590	7.6680	25.0000	2338.7000	
PIRATA-FR34	st006c01	B	2024-03-05T14:26:16z	 -10.002	 +1.499		 301.0	 6	35.0919	2.393	106.85	 0.02	 26.411	26.392	  1.68	10.94																											11.3790	7.6090	25.0000	2320.2000	
PIRATA-FR34	st006c01	B	2024-03-05T14:26:16z	 -10.002	 +1.499		 501.0	 5	34.6578	2.771	123.74	 0.02	 32.829	32.814	  2.13	19.15																											7.4410	7.5460	25.0000	2304.5200	
PIRATA-FR34	st006c01	B	2024-03-05T14:26:16z	 -10.002	 +1.499		 803.0	 4	34.5341	3.282	146.58	 0.02	 34.622	34.606	  2.33	28.00																											5.2310	7.5470	25.0000	2311.8500	
PIRATA-FR34	st006c01	B	2024-03-05T14:26:16z	 -10.002	 +1.499		 802.0	 3	34.5345	3.278	146.40	 0.02	 34.541	34.522	  2.33	28.05																											5.2380	7.5470	25.0000	2311.0400	
PIRATA-FR34	st006c01	B	2024-03-05T14:26:16z	 -10.002	 +1.499		1502.0	 2	34.9591	5.223	233.25	 0.01	 21.903	21.892	  1.45	18.50																											4.2750	7.6990	25.0000	2326.2000	
PIRATA-FR34	st006c01	B	2024-03-05T14:26:16z	 -10.002	 +1.499		2004.0	 1	34.9600	5.675	253.46	 0.01	 20.278	20.265	  1.34	21.72																											3.5380	7.7240	25.0000	2330.2500	
PIRATA-FR34	st007c01	B	2024-03-05T19:15:45z	 -10.001	 +1.002		   2.0	14									0.0114	0.0087	0.0078	0.0065	0.0357			0.0027	0.0199		0.0265		0.0009	0.0568		0.0041	0.0074	0.0115	0.0000	0.0116		0.0214	0.1150	0.1364	0.0017		30.5690				
PIRATA-FR34	st007c01	B	2024-03-05T19:15:45z	 -10.001	 +1.002		   2.0	13	34.3105	4.471	199.70	 0.02	  0.029	0.014	  0.02	 0.64																											30.5710	8.1110	25.0000	2253.4400	
PIRATA-FR34	st007c01	B	2024-03-05T19:15:45z	 -10.001	 +1.002		  20.0	12	34.3520	4.516	201.67	 0.01	  0.029	0.018	  0.02	 0.71	0.0126	0.0100	0.0070	0.0068	0.0376			0.0022	0.0242	0.0023	0.0238		0.0016	0.0759		0.0018	0.0061	0.0079	0.0000	0.0159		0.0346	0.1213	0.1559	0.0009		30.1980	8.1120	25.0000	2256.9800	
PIRATA-FR34	st007c01	B	2024-03-05T19:15:45z	 -10.001	 +1.002		  40.0	11	36.0501	4.541	202.80	 0.01	  0.013	-0.002	  0.09	 1.12	0.0246	0.0191	0.0089	0.0218	0.0137	0.0043	0.0025	0.0024	0.0570	0.0028	0.0088	0.0015	0.0010	0.1157		0.0405	0.0332	0.0737	0.0457	0.0000		0.1888	0.1709	0.3597	0.0040		25.7450	8.0090	25.0000	2373.1100	
PIRATA-FR34	st007c01	B	2024-03-05T19:15:45z	 -10.001	 +1.002		  60.0	10	36.0621	3.630	162.09	 0.44	  5.640	5.204	  0.47	 2.65	0.0907	0.0545	0.0128	0.1041	0.0352	0.0273	0.0273	0.0081	0.1396	0.0050	0.0140	0.0067		0.0369		0.0890	0.2101	0.2991	0.0422	0.0000		0.1039	0.5093	0.6132	0.0137		21.0560	7.8890	25.0000	2375.1600	
PIRATA-FR34	st007c01	B	2024-03-05T19:15:45z	 -10.001	 +1.002		  80.0	 9	35.7444			 0.19	 15.777	15.586	  1.05	 4.57	0.0406	0.0184	0.0040	0.0460	0.0170	0.0066	0.0065	0.0010	0.0449	0.0020	0.0048	0.0013		0.0131		0.0665	0.0456	0.1121	0.0187	0.0000		0.0395	0.1546	0.1941	0.0034		17.2330				
PIRATA-FR34	st007c01	B	2024-03-05T19:15:45z	 -10.001	 +1.002		 100.0	 8	35.5913	2.950	131.73	 0.03	 17.292	17.264	  1.14	 5.93	0.0212	0.0070	0.0025	0.0199	0.0086	0.0028	0.0018	0.0006	0.0216	0.0027	0.0023	0.0009		0.0039		0.0435	0.0125	0.0560	0.0106	0.0000		0.0194	0.0612	0.0806	0.0022		15.3870	7.7390	25.0000	2349.1900	
PIRATA-FR34	st007c01	B	2024-03-05T19:15:45z	 -10.001	 +1.002		 201.0	 7		2.544	113.61	 0.02	 20.416	20.400	  1.32	 7.11																											14.5120	7.6890	25.0000	2340.3600	
PIRATA-FR34	st007c01	B	2024-03-05T19:15:45z	 -10.001	 +1.002		 303.0	 6	35.1946	2.395	106.95	 0.02	 24.699	24.681	  1.55	 9.58																											12.2830	7.6300	25.0000	2326.8600	
PIRATA-FR34	st007c01	B	2024-03-05T19:15:45z	 -10.001	 +1.002		 504.0	 5	34.5852	3.014	134.60	 0.01	 33.013	33.002	  2.14	20.83																											6.7550	7.5510	25.0000	2307.4700	
PIRATA-FR34	st007c01	B	2024-03-05T19:15:45z	 -10.001	 +1.002		 503.0	 4	34.5938	3.016	134.69	 0.01	 33.013	33.000	  2.15	20.80																											6.7580	7.5490	25.0000	2305.4100	
PIRATA-FR34	st007c01	B	2024-03-05T19:15:45z	 -10.001	 +1.002		 801.0	 3	34.5433	3.211	143.38	 0.01	 34.979	34.969	  2.31	28.34																											5.1810	7.5420	25.0000	2310.6900	
PIRATA-FR34	st007c01	B	2024-03-05T19:15:45z	 -10.001	 +1.002		1503.0	 2	34.9619	5.219	233.08	 0.01	 21.885	21.874	  1.43	18.33																											4.2580	7.6990	25.0000	2326.5100	
PIRATA-FR34	st007c01	B	2024-03-05T19:15:45z	 -10.001	 +1.002		2008.0	 1	34.9620	5.693	254.24	 0.01	 20.117	20.103	  1.32	21.24																											3.5360	7.7240	25.0000	2327.3200	
PIRATA-FR34	st008c01	B	2024-03-05T23:51:13z	  -9.998	 +0.501		   2.0	15																																			30.4030				
PIRATA-FR34	st008c01	B	2024-03-05T23:51:13z	  -9.998	 +0.501		   2.0	14	34.2405	3.468	154.87	 0.01	  0.044	0.032	 -0.00	 0.60																											30.4020	8.1120	25.0000	2244.5000	
PIRATA-FR34	st008c01	B	2024-03-05T23:51:13z	  -9.998	 +0.501		  21.0	13	34.3148	4.512	201.49	 0.01	  0.030	0.020	  0.02	 0.64																											30.2240	8.1100	25.0000	2249.4000	
PIRATA-FR34	st008c01	B	2024-03-05T23:51:13z	  -9.998	 +0.501		  40.0	12																																			26.6950				
PIRATA-FR34	st008c01	B	2024-03-05T23:51:13z	  -9.998	 +0.501		  40.0	11	36.1185	4.591	205.04	 0.01	  0.024	0.012	  0.09	 1.10																											26.6910	8.0240	25.0000	2373.9400	
PIRATA-FR34	st008c01	B	2024-03-05T23:51:13z	  -9.998	 +0.501		  60.0	10	36.1544	3.971	177.33	 0.21	  1.573	1.366	  0.27	 1.95																											22.7210	7.9450	25.0000	2379.6500	
PIRATA-FR34	st008c01	B	2024-03-05T23:51:13z	  -9.998	 +0.501		  80.0	 9	36.0914			 0.21	  7.869	7.663	  0.61	 3.16																											19.1990				
PIRATA-FR34	st008c01	B	2024-03-05T23:51:13z	  -9.998	 +0.501		 101.0	 8	35.7112	3.253	145.28	 0.07	 14.611	14.541	  0.98	 5.06																											16.3150	7.7820	25.0000	2351.7900	
PIRATA-FR34	st008c01	B	2024-03-05T23:51:13z	  -9.998	 +0.501		 201.0	 7		2.967	132.52	 0.02	 18.430	18.415	  1.21	 6.49																											14.7870	7.7210	25.0000	2342.1600	
PIRATA-FR34	st008c01	B	2024-03-05T23:51:13z	  -9.998	 +0.501		 303.0	 6	35.0657	2.651	118.38	 0.02	 25.522	25.505	  1.61	10.69																											11.2490	7.6230	25.0000	2319.0100	
PIRATA-FR34	st008c01	B	2024-03-05T23:51:13z	  -9.998	 +0.501		 301.0	 5	35.0770	2.618	116.94	 0.01	 25.506	25.491	  1.61	10.58																											11.3160	7.6240	25.0000	2315.6500	
PIRATA-FR34	st008c01	B	2024-03-05T23:51:13z	  -9.998	 +0.501		 501.0	 4	34.5891	3.045	135.98	 0.01	 33.119	33.104	  2.15	20.58																											6.8220	7.5510	25.0000	2301.4800	
PIRATA-FR34	st008c01	B	2024-03-05T23:51:13z	  -9.998	 +0.501		 802.0	 3	34.5269	3.347	149.48	 0.01	 34.731	34.722	  2.30	28.86																											5.0560	7.5490	25.0000	2305.5900	
PIRATA-FR34	st008c01	B	2024-03-05T23:51:13z	  -9.998	 +0.501		1501.0	 2	34.9570	5.182	231.41	 0.01	 20.384	20.374	  1.32	21.37																											4.2680	7.6980	25.0000	2324.2100	
PIRATA-FR34	st008c01	B	2024-03-05T23:51:13z	  -9.998	 +0.501		2006.0	 1	34.9596	5.605	250.33	 0.01	 22.063	22.052	  1.44	18.63																											3.5550	7.7250	25.0000	2328.0300	
PIRATA-FR34	st009c01	B	2024-03-06T04:24:06z	  -9.868	 +0.019		   4.0	18									0.0112	0.0089	0.0058	0.0056	0.0253	0.0018		0.0026	0.0232	0.0021	0.0180		0.0012	0.0732		0.0029	0.0069	0.0098	0.0000	0.0157		0.0400	0.1064	0.1464	0.0017		30.1770				
PIRATA-FR34	st009c01	B	2024-03-06T04:24:06z	  -9.868	 +0.019		   4.0	17	34.4699	4.500	200.98	 0.01	  0.039	0.030	  0.02	 0.55																											30.1770	8.0950	25.0000	2265.1200	
PIRATA-FR34	st009c01	B	2024-03-06T04:24:06z	  -9.868	 +0.019		  20.0	16									0.0122	0.0116	0.0092	0.0062	0.0328	0.0022		0.0022	0.0241	0.0034	0.0177		0.0018	0.0921		0.0041	0.0096	0.0137	0.0000	0.0229		0.0551	0.1491	0.2042	0.0026		29.6050				
PIRATA-FR34	st009c01	B	2024-03-06T04:24:06z	  -9.868	 +0.019		  20.0	15	34.8440	4.628	206.70	 0.01	  0.024	0.017	  0.02	 0.61																											29.6460	8.0760	25.0000	2291.7200	
PIRATA-FR34	st009c01	B	2024-03-06T04:24:06z	  -9.868	 +0.019		  41.0	14									0.0203	0.0170	0.0071	0.0173	0.0082	0.0022		0.0021	0.0443		0.0070		0.0006	0.1051		0.0252	0.0164	0.0416	0.0311	0.0000		0.1468	0.1327	0.2795	0.0031		27.1580				
PIRATA-FR34	st009c01	B	2024-03-06T04:24:06z	  -9.868	 +0.019		  41.0	13	36.4228	4.632	206.86	 0.01	  0.015	0.002	  0.10	 1.11																											27.1480	8.0260	25.0000	2371.8100	
PIRATA-FR34	st009c01	B	2024-03-06T04:24:06z	  -9.868	 +0.019		  61.0	12																																			23.2480				
PIRATA-FR34	st009c01	B	2024-03-06T04:24:06z	  -9.868	 +0.019		  61.0	11	36.4233	4.220	188.47	 0.20	  1.216	1.011	  0.24	 1.76	0.0809	0.0482	0.0086	0.0935	0.0225	0.0141	0.0061	0.0047	0.1573	0.0029	0.0127	0.0034		0.0448		0.0895	0.0796	0.1691	0.0374	0.0000		0.1139	0.3591	0.4730	0.0049		23.2350	7.9680	25.0000	2400.1600	
PIRATA-FR34	st009c01	B	2024-03-06T04:24:06z	  -9.868	 +0.019		  81.0	10	36.1455			 0.36	  6.497	6.139	  0.57	 2.71	0.0479	0.0249	0.0048	0.0597	0.0125	0.0063	0.0034	0.0013	0.0682	0.0011	0.0061	0.0025		0.0187		0.0828	0.0229	0.1057	0.0210	0.0000		0.0566	0.1795	0.2361	0.0005		19.5030				
PIRATA-FR34	st009c01	B	2024-03-06T04:24:06z	  -9.868	 +0.019		 100.0	 9									0.0379	0.0175	0.0032	0.0481	0.0103	0.0031	0.0016	0.0012	0.0503	0.0009	0.0050	0.0021		0.0126		0.0742	0.0175	0.0917	0.0177	0.0000		0.0467	0.1297	0.1764	0.0020		16.7610				
PIRATA-FR34	st009c01	B	2024-03-06T04:24:06z	  -9.868	 +0.019		 100.0	 8	35.8037	3.905	174.39	 0.11	 10.170	10.058	  0.76	 3.89																											16.7610	7.8390	25.0000	2363.1600	
PIRATA-FR34	st009c01	B	2024-03-06T04:24:06z	  -9.868	 +0.019		 201.0	 7	35.5251	3.056	136.47	 0.02	 17.524	17.506	  1.17	 6.24																											14.8790	7.7350	25.0000	2344.3400	
PIRATA-FR34	st009c01	B	2024-03-06T04:24:06z	  -9.868	 +0.019		 201.0	 6	35.5229	3.030	135.32	 0.02	 17.552	17.534	  1.17	 6.25																											14.8810	7.7350	25.0000	2343.4600	
PIRATA-FR34	st009c01	B	2024-03-06T04:24:06z	  -9.868	 +0.019		 301.0	 5	35.0574	2.686	119.94	 0.02	 25.412	25.394	  1.61	10.65																											11.2620	7.6220	25.0000	2318.1600	
PIRATA-FR34	st009c01	B	2024-03-06T04:24:06z	  -9.868	 +0.019		 501.0	 4	34.6254	2.944	131.47	 0.01	 32.796	32.782	  2.10	19.27																											7.2420	7.5500	25.0000	2304.7800	
PIRATA-FR34	st009c01	B	2024-03-06T04:24:06z	  -9.868	 +0.019		 801.0	 3	34.5200	3.420	152.75	 0.01	 34.582	34.567	  2.31	29.50																											4.9290	7.5510	25.0000	2310.8200	
PIRATA-FR34	st009c01	B	2024-03-06T04:24:06z	  -9.868	 +0.019		1501.0	 2	34.9610	5.245	234.26	 0.01	 21.866	21.857	  1.42	18.22																											4.2500	7.7010	25.0000	2324.9200	
PIRATA-FR34	st009c01	B	2024-03-06T04:24:06z	  -9.868	 +0.019		2001.0	 1	34.9605	5.704	254.72	 0.01	 20.289	20.274	  1.32	20.98																											3.5700	7.7220	25.0000	2329.8700	
PIRATA-FR34	st010c01	B	2024-03-06T12:34:43z	  -9.843	 +0.002		 310.0	 6																																			10.9060				
PIRATA-FR34	st010c01	B	2024-03-06T12:34:43z	  -9.843	 +0.002		 310.0	 5																																			10.9050				
PIRATA-FR34	st010c01	B	2024-03-06T12:34:43z	  -9.843	 +0.002		 301.0	 4																																			12.2670				
PIRATA-FR34	st010c01	B	2024-03-06T12:34:43z	  -9.843	 +0.002		 301.0	 3																																			12.2680				
PIRATA-FR34	st010c01	B	2024-03-06T12:34:43z	  -9.843	 +0.002		 299.0	 2																																			11.5600				
PIRATA-FR34	st010c01	B	2024-03-06T12:34:43z	  -9.843	 +0.002		 299.0	 1																																			11.5200				
PIRATA-FR34	st011c01	B	2024-03-06T23:23:07z	  -9.998	 -0.500		   2.0	15																																			29.8710				
PIRATA-FR34	st011c01	B	2024-03-06T23:23:07z	  -9.998	 -0.500		   2.0	14	35.0203	4.567	203.97	 0.01	  0.031	0.017	  0.02	 0.50																											29.8700	8.0710	25.0000	2301.0000	
PIRATA-FR34	st011c01	B	2024-03-06T23:23:07z	  -9.998	 -0.500		  24.0	13	35.3486	4.665	208.35	 0.01	  0.040	0.027	  0.04	 0.86																											28.2320	8.0540	25.0000	2324.6900	
PIRATA-FR34	st011c01	B	2024-03-06T23:23:07z	  -9.998	 -0.500		  43.0	12																																			27.5870				
PIRATA-FR34	st011c01	B	2024-03-06T23:23:07z	  -9.998	 -0.500		  43.0	11	35.9155	4.644	207.38	 0.01	  0.033	0.019	  0.09	 0.98																											27.7170	8.0330	25.0000	2360.3900	
PIRATA-FR34	st011c01	B	2024-03-06T23:23:07z	  -9.998	 -0.500		  60.0	10	36.5100	4.446	198.55	 0.02	  0.025	0.007	  0.16	 1.34																											24.5790	8.0020	25.0000	2404.6300	
PIRATA-FR34	st011c01	B	2024-03-06T23:23:07z	  -9.998	 -0.500		  82.0	 9				 0.43	  4.802	4.375	  0.50	 2.55																											20.5270				
PIRATA-FR34	st011c01	B	2024-03-06T23:23:07z	  -9.998	 -0.500		 101.0	 8	35.6960	3.604	160.96	 0.07	 12.862	12.794	  0.91	 4.67																											16.0640	7.8020	25.0000	2354.2600	
PIRATA-FR34	st011c01	B	2024-03-06T23:23:07z	  -9.998	 -0.500		 101.0	 7	35.6829	3.628	162.01	 0.06	 12.998	12.940	  0.91	 4.74																											16.0610	7.8000	25.0000	2351.9400	
PIRATA-FR34	st011c01	B	2024-03-06T23:23:07z	  -9.998	 -0.500		 200.0	 6	35.5356	3.181	142.06	 0.02	 16.687	16.663	  1.11	 5.96																											14.9360	7.7480	25.0000	2344.2300	
PIRATA-FR34	st011c01	B	2024-03-06T23:23:07z	  -9.998	 -0.500		 298.0	 5	35.1029	2.565	114.57	 0.02	 25.188	25.167	  1.59	10.13																											11.6160	7.6260	25.0000	2316.3700	
PIRATA-FR34	st011c01	B	2024-03-06T23:23:07z	  -9.998	 -0.500		 494.0	 4	34.6334	2.898	129.41	 0.01	 32.655	32.641	  2.09	18.95																											7.2960	7.5500	25.0000	2300.3600	
PIRATA-FR34	st011c01	B	2024-03-06T23:23:07z	  -9.998	 -0.500		 794.0	 3	34.5099	3.455	154.29	 0.02	 34.473	34.457	  2.29	29.36																											4.9510	7.5550	25.0000	2305.9200	
PIRATA-FR34	st011c01	B	2024-03-06T23:23:07z	  -9.998	 -0.500		1500.0	 2	34.9565	5.113	228.35	 0.02	 22.345	22.328	  1.46	18.74																											4.3260	7.6950	25.0000	2322.6800	
PIRATA-FR34	st011c01	B	2024-03-06T23:23:07z	  -9.998	 -0.500		1999.0	 1	34.9663	5.680	253.67	 0.02	 20.108	20.089	  1.30	19.93																											3.6390	7.7260	25.0000	2325.1500	
PIRATA-FR34	st012c01	B	2024-03-07T04:22:08z	  -9.999	 -0.999		   3.0	14																																			29.7260				
PIRATA-FR34	st012c01	B	2024-03-07T04:22:08z	  -9.999	 -0.999		   3.0	13	35.0361	4.506	201.25	 0.02	  0.050	0.034	  0.03	 0.64	0.0110	0.0093	0.0051	0.0045	0.0149	0.0019		0.0020	0.0201	0.0039	0.0082			0.1109		0.0100	0.0079	0.0179	0.0000	0.0246		0.0744	0.1389	0.2133	0.0016		29.7240	8.0640	25.0000	2301.1300	
PIRATA-FR34	st012c01	B	2024-03-07T04:22:08z	  -9.999	 -0.999		  22.0	12																																			28.7620				
PIRATA-FR34	st012c01	B	2024-03-07T04:22:08z	  -9.999	 -0.999		  42.0	11	36.0743	4.613	206.00	 0.02	  0.033	0.018	  0.11	 1.17	0.0257	0.0220	0.0128	0.0196	0.0099	0.0033		0.0014	0.0635	0.0041	0.0093			0.1007		0.0310	0.0215	0.0525	0.0334	0.0000		0.1625	0.1642	0.3267	0.0043		26.5660	8.0200	25.0000	2372.8300	
PIRATA-FR34	st012c01	B	2024-03-07T04:22:08z	  -9.999	 -0.999		  60.0	10	36.0632	4.492	200.62	 0.02	  0.129	0.112	  0.22	 1.54	0.1109	0.0719	0.0158	0.1265	0.0298	0.0174	0.0060	0.0053	0.2518	0.0047	0.0191			0.0614		0.0550	0.0908	0.1458	0.0406	0.0000		0.1319	0.5044	0.6363	0.0067		24.4090	7.9750	25.0000	2374.3200	
PIRATA-FR34	st012c01	B	2024-03-07T04:22:08z	  -9.999	 -0.999		  80.0	 9	35.8373	3.473	155.09	 0.39	  9.664	9.279	  0.79	 3.59	0.0821	0.0457	0.0093	0.1078	0.0272	0.0205	0.0086	0.0040	0.1210	0.0022	0.0108			0.0325		0.0811	0.1174	0.1985	0.0303	0.0000		0.0845	0.3501	0.4346	0.0048		19.0460	7.8330	25.0000	2360.3400	
PIRATA-FR34	st012c01	B	2024-03-07T04:22:08z	  -9.999	 -0.999		  80.0	 8	35.8364	3.459	154.47	 0.39	  9.737	9.347	  0.78	 3.62																											19.0280	7.8290	25.0000	2360.7000	
PIRATA-FR34	st012c01	B	2024-03-07T04:22:08z	  -9.999	 -0.999		 100.0	 7	35.6611	2.791	124.64	 0.22	 16.873	16.657	  1.14	 5.18	0.0380	0.0185	0.0035	0.0489	0.0144	0.0078	0.0052	0.0015	0.0409	0.0006	0.0043	0.0012		0.0156		0.0657	0.0509	0.1166	0.0186	0.0000		0.0469	0.1389	0.1858	0.0032		16.4470	7.8330	25.0000	2361.8600	
PIRATA-FR34	st012c01	B	2024-03-07T04:22:08z	  -9.999	 -0.999		 200.0	 6	35.8362	2.939	131.27	 0.02	 18.299	18.279	  1.21	 6.43																											14.7750	7.7210	25.0000	2338.4600	
PIRATA-FR34	st012c01	B	2024-03-07T04:22:08z	  -9.999	 -0.999		 299.0	 5	35.1639	2.060	 92.01	 0.02	 26.878	26.860	  1.68	10.24																											12.0770	7.5890	25.0000	2321.1000	
PIRATA-FR34	st012c01	B	2024-03-07T04:22:08z	  -9.999	 -0.999		 500.0	 4	34.6102	3.044	135.95	 0.02	 32.386	32.367	  2.09	19.17																											7.2060	7.5550	25.0000	2301.8600	
PIRATA-FR34	st012c01	B	2024-03-07T04:22:08z	  -9.999	 -0.999		 801.0	 3	34.5175	3.474	155.14	 0.02	 34.423	34.406	  2.30	29.70																											4.8820	7.5540	25.0000	2307.6200	
PIRATA-FR34	st012c01	B	2024-03-07T04:22:08z	  -9.999	 -0.999		1501.0	 2	34.9577	5.216	232.97	 0.01	 22.107	22.093	  1.44	18.47																											4.2780	7.6980	25.0000	2323.8200	
PIRATA-FR34	st012c01	B	2024-03-07T04:22:08z	  -9.999	 -0.999		2000.0	 1	34.9629	5.740	256.36	 0.02	 19.881	19.860	  1.29	19.57																											3.6430	7.7260	25.0000	2317.3400	
PIRATA-FR34	st013c01	B	2024-03-07T09:06:07z	  -9.999	 -1.500		   2.0	16																																			29.7170				
PIRATA-FR34	st013c01	B	2024-03-07T09:06:07z	  -9.999	 -1.500		   2.0	15	35.1329	4.514	201.60	 0.02	  0.052	0.036	  0.03	 0.62																											29.7150	8.0630	25.0000	2306.1000	
PIRATA-FR34	st013c01	B	2024-03-07T09:06:07z	  -9.999	 -1.500		  20.0	14	35.1535	4.573	204.25	 0.01	  0.029	0.016	  0.08	 0.92																											29.4410	8.0630	25.0000	2306.2500	
PIRATA-FR34	st013c01	B	2024-03-07T09:06:07z	  -9.999	 -1.500		  40.0	13																																			28.2630				
PIRATA-FR34	st013c01	B	2024-03-07T09:06:07z	  -9.999	 -1.500		  40.0	12																																			28.2520				
PIRATA-FR34	st013c01	B	2024-03-07T09:06:07z	  -9.999	 -1.500		  40.0	11	35.7978	4.718	210.72	 0.02	  0.056	0.039	  0.07	 0.90																											28.2440	8.0430	25.0000	2351.1160	
PIRATA-FR34	st013c01	B	2024-03-07T09:06:07z	  -9.999	 -1.500		  60.0	10	35.7424	4.361	194.77	 0.05	  2.218	2.170	  0.40	 2.09																											21.4360	7.9250	25.0000	2327.9570	
PIRATA-FR34	st013c01	B	2024-03-07T09:06:07z	  -9.999	 -1.500		  60.0	 9	35.7429	4.397	196.38	 0.05	  1.903	1.855	  0.37	 2.00																											21.4850	7.9340	25.0000	2356.5730	
PIRATA-FR34	st013c01	B	2024-03-07T09:06:07z	  -9.999	 -1.500		  81.0	 8				 0.06	 16.808	16.745	  1.13	 5.42																											15.9860				
PIRATA-FR34	st013c01	B	2024-03-07T09:06:07z	  -9.999	 -1.500		 101.0	 7	35.5961	2.687	120.02	 0.03	 18.435	18.408	  1.21	 6.10																											15.3990	7.7220	25.0000	2357.9360	
PIRATA-FR34	st013c01	B	2024-03-07T09:06:07z	  -9.999	 -1.500		 201.0	 6	35.4391	2.079	 92.85	 0.02	 22.976	22.954	  1.46	 7.76																											14.2700	7.6450	25.0000	2344.9610	
PIRATA-FR34	st013c01	B	2024-03-07T09:06:07z	  -9.999	 -1.500		 301.0	 5	35.0431	1.713	 76.51	 0.01	 30.063	30.049	  1.87	11.97																											11.1610	7.5420	25.0000	2333.4920	
PIRATA-FR34	st013c01	B	2024-03-07T09:06:07z	  -9.999	 -1.500		 501.0	 4	34.5579	3.290	146.94	 0.02	 32.379	32.363	  2.12	20.99																											6.5960	7.5640	25.0000	2311.7160	
PIRATA-FR34	st013c01	B	2024-03-07T09:06:07z	  -9.999	 -1.500		 801.0	 3	34.4960	3.584	160.04	 0.02	 33.925	33.901	  2.28	30.03																											4.8220	7.5610	25.0000	2299.6010	
PIRATA-FR34	st013c01	B	2024-03-07T09:06:07z	  -9.999	 -1.500		1500.0	 2	34.9624	5.229	233.51	 0.02	 21.868	21.850	  1.42	18.10																											4.2790	7.7010	25.0000	2304.7810	
PIRATA-FR34	st013c01	B	2024-03-07T09:06:07z	  -9.999	 -1.500		1999.0	 1	34.9669	5.701	254.62	 0.02	 19.825	19.805	  1.30	19.03																											3.6950	7.7250	25.0000	2322.1430	
PIRATA-FR34	st014c01	B	2024-03-07T14:12:01z	  -9.995	 -1.992		   2.0	15																																			29.9080				
PIRATA-FR34	st014c01	B	2024-03-07T14:12:01z	  -9.995	 -1.992		   2.0	14	35.2323	4.498	200.86	 0.01	  0.038	0.024	  0.02	 1.04	0.0280	0.0363	0.0207	0.0226	0.0364	0.0022		0.0057	0.0802	0.0049	0.0232			0.1135		0.0156	0.0174	0.0330	0.0000	0.0400		0.0998	0.3411	0.4409	0.0044		29.9080	8.0670	25.0000	2318.7100	
PIRATA-FR34	st014c01	B	2024-03-07T14:12:01z	  -9.995	 -1.992		  21.0	13	35.3162	4.530	202.32	 0.01	  0.017	0.004	  0.03	 1.01	0.0288	0.0338	0.0163	0.0224	0.0305	0.0026		0.0047	0.0833	0.0033	0.0171			0.1084		0.0208	0.0205	0.0413	0.0000	0.0372		0.1248	0.3224	0.4472	0.0044		29.8880	8.0470	25.0000	2337.9800	
PIRATA-FR34	st014c01	B	2024-03-07T14:12:01z	  -9.995	 -1.992		  21.0	12																																			29.8850				
PIRATA-FR34	st014c01	B	2024-03-07T14:12:01z	  -9.995	 -1.992		  40.0	11	35.6354	4.804	214.53	 0.02	  0.011	-0.014	  0.05	 1.00																											27.9740	8.0480	25.0000	2338.4900	
PIRATA-FR34	st014c01	B	2024-03-07T14:12:01z	  -9.995	 -1.992		  40.0	10	35.6338	4.802	214.47	 0.03	  0.027	0.002	  0.07	 1.02	0.0554	0.0486	0.0203	0.0435	0.0274	0.0042		0.0040	0.1544	0.0041	0.0169	0.0046	0.0013	0.0752		0.0241	0.0388	0.0629	0.0340	0.0000		0.1237	0.3788	0.5025	0.0043		27.9720	7.9090	25.0000	2352.3700	
PIRATA-FR34	st014c01	B	2024-03-07T14:12:01z	  -9.995	 -1.992		  60.0	 9	35.7590	4.243	189.47	 0.09	  3.914	3.824	  0.48	 2.49	0.0750	0.0496	0.0183	0.1080	0.0306	0.0139	0.0158	0.0058	0.1341		0.0127	0.0031	0.0014	0.0298		0.0223	0.1305	0.1528	0.0174	0.0000		0.0461	0.4355	0.4816	0.0041		20.8810	7.7640	25.0000	2349.7600	
PIRATA-FR34	st014c01	B	2024-03-07T14:12:01z	  -9.995	 -1.992		  81.0	 8				 0.12	 15.395	15.270	  1.05	 4.89	0.0564	0.0328	0.0067	0.0777	0.0355	0.0065	0.0083	0.0028	0.0858		0.0090	0.0034	0.0007	0.0316		0.0930	0.0623	0.1553	0.0339	0.0000		0.0600	0.3099	0.3699	0.0020		16.4030				
PIRATA-FR34	st014c01	B	2024-03-07T14:12:01z	  -9.995	 -1.992		  99.0	 7	35.6133	2.945	131.51	 0.04	 17.592	17.549	  1.17	 5.80	0.0273	0.0096	0.0019	0.0272	0.0119	0.0019	0.0014	0.0014	0.0445		0.0039			0.0083		0.0458	0.0140	0.0598	0.0117	0.0000		0.0262	0.0815	0.1077	0.0041		15.5260	7.7310	25.0000	2343.5400	
PIRATA-FR34	st014c01	B	2024-03-07T14:12:01z	  -9.995	 -1.992		 203.0	 6	35.4693	2.173	 97.05	 0.03	 22.492	22.465	  1.43	 7.32																											14.4800	7.6550	25.0000	2331.5300	
PIRATA-FR34	st014c01	B	2024-03-07T14:12:01z	  -9.995	 -1.992		 301.0	 5	35.1758	1.880	 83.97	 0.03	 27.462	27.431	  1.71	10.21																											12.1740	7.5800	25.0000	2313.1900	
PIRATA-FR34	st014c01	B	2024-03-07T14:12:01z	  -9.995	 -1.992		 500.0	 4	34.5694	3.332	148.81	 0.02	 31.801	31.783	  2.09	20.25																											6.7290	7.5670	25.0000	2296.1700	
PIRATA-FR34	st014c01	B	2024-03-07T14:12:01z	  -9.995	 -1.992		 800.0	 3	34.5130	3.577	159.74	 0.02	 34.151	34.130	  2.30	30.73																											4.6880	7.5570	25.0000	2308.1800	
PIRATA-FR34	st014c01	B	2024-03-07T14:12:01z	  -9.995	 -1.992		1501.0	 2	34.9573	5.181	231.37	 0.01	 22.118	22.104	  1.45	18.56																											4.2970	7.6970	25.0000	2322.2700	
PIRATA-FR34	st014c01	B	2024-03-07T14:12:01z	  -9.995	 -1.992		2005.0	 1	34.9622	5.725	255.70	 0.02	 19.873	19.855	  1.31	20.38																											3.5650	7.7240	25.0000	2320.3300	
PIRATA-FR34	st015c01	B	2024-03-07T18:59:52z	 -10.001	 -2.500		   3.0	15																																			29.9810				
PIRATA-FR34	st015c01	B	2024-03-07T18:59:52z	 -10.001	 -2.500		   3.0	14	35.2590	4.595	205.21																																29.9790	8.0740	25.0000	2309.8900	
PIRATA-FR34	st015c01	B	2024-03-07T18:59:52z	 -10.001	 -2.500		  20.0	13	35.3174	4.541	202.82																																29.8950	8.0780	25.0000	2314.7300	
PIRATA-FR34	st015c01	B	2024-03-07T18:59:52z	 -10.001	 -2.500		  20.0	12																																			29.8970				
PIRATA-FR34	st015c01	B	2024-03-07T18:59:52z	 -10.001	 -2.500		  19.0	11	35.3185	4.542	202.86																																29.8990	8.0750	25.0000	2313.0900	
PIRATA-FR34	st015c01	B	2024-03-07T18:59:52z	 -10.001	 -2.500		  40.0	10	35.7660	4.621	206.38																																22.6400	7.9530	25.0000	2350.0700	
PIRATA-FR34	st015c01	B	2024-03-07T18:59:52z	 -10.001	 -2.500		  60.0	 9	35.7682	3.142	140.30																																17.4520	7.7790	25.0000	2348.8900	
PIRATA-FR34	st015c01	B	2024-03-07T18:59:52z	 -10.001	 -2.500		  81.0	 8																																			15.8450				
PIRATA-FR34	st015c01	B	2024-03-07T18:59:52z	 -10.001	 -2.500		 100.0	 7	35.6307	2.876	128.43																																15.6420	7.7350	25.0000	2339.3000	
PIRATA-FR34	st015c01	B	2024-03-07T18:59:52z	 -10.001	 -2.500		 200.0	 6	35.4881	2.571	114.82																																14.6550	7.6880	25.0000	2330.2200	
PIRATA-FR34	st015c01	B	2024-03-07T18:59:52z	 -10.001	 -2.500		 301.0	 5	35.1351	1.606	 71.75																																11.9080	7.5490	25.0000	2311.3900	
PIRATA-FR34	st015c01	B	2024-03-07T18:59:52z	 -10.001	 -2.500		 500.0	 4	34.5785	3.079	137.53																																6.8100	7.5500	25.0000	2294.7300	
PIRATA-FR34	st015c01	B	2024-03-07T18:59:52z	 -10.001	 -2.500		 800.0	 3	34.5187	3.260	145.59																																4.7850	7.5350	25.0000	2299.8100	
PIRATA-FR34	st015c01	B	2024-03-07T18:59:52z	 -10.001	 -2.500		1501.0	 2	34.9404	5.044	225.29																																4.3340	7.6860	25.0000	2316.7300	
PIRATA-FR34	st015c01	B	2024-03-07T18:59:52z	 -10.001	 -2.500		2000.0	 1	34.9626	5.659	252.72																																3.6190	7.7220	25.0000	2321.7100	
PIRATA-FR34	st016c01	B	2024-03-07T23:29:30z	 -10.000	 -3.001		   2.0	14	35.3570	4.471	199.68	-0.00	  0.039	0.042	  0.05	 1.33																											29.8220	8.0620	25.0000	2328.5600	
PIRATA-FR34	st016c01	B	2024-03-07T23:29:30z	 -10.000	 -3.001		   2.0	13	35.3596	4.482	200.18	-0.01	  0.047	0.052	  0.03	 1.31																											29.8240	8.0640	25.0000	2327.1900	
PIRATA-FR34	st016c01	B	2024-03-07T23:29:30z	 -10.000	 -3.001		   2.0	12																																			29.8250				
PIRATA-FR34	st016c01	B	2024-03-07T23:29:30z	 -10.000	 -3.001		  21.0	11	35.3607	4.485	200.31	-0.00	  0.046	0.050	  0.04	 1.28																											29.8140	8.0640	25.0000	2323.4600	
PIRATA-FR34	st016c01	B	2024-03-07T23:29:30z	 -10.000	 -3.001		  40.0	10	35.7752	3.978	177.67	 0.11	  6.492	6.383	  0.62	 2.96																											19.9870	7.8670	25.0000	2358.4500	
PIRATA-FR34	st016c01	B	2024-03-07T23:29:30z	 -10.000	 -3.001		  60.0	 9	35.7767	3.091	138.06	 0.47	 13.983	13.511	  0.98	 4.29																											17.5240	7.7780	25.0000	2356.3600	
PIRATA-FR34	st016c01	B	2024-03-07T23:29:30z	 -10.000	 -3.001		  80.0	 8				 0.05	 16.742	16.691	  1.12	 5.49																											15.9350				
PIRATA-FR34	st016c01	B	2024-03-07T23:29:30z	 -10.000	 -3.001		 100.0	 7	35.6078	2.845	127.06	 0.02	 17.682	17.666	  1.17	 5.94																											15.4860	7.7330	25.0000	2345.1000	
PIRATA-FR34	st016c01	B	2024-03-07T23:29:30z	 -10.000	 -3.001		 196.0	 6	35.4547	2.472	110.42	 0.01	 22.000	21.995	  1.41	 7.50																											14.3750	7.6630	25.0000	2334.9800	
PIRATA-FR34	st016c01	B	2024-03-07T23:29:30z	 -10.000	 -3.001		 301.0	 5	35.1967	2.008	 89.66	 0.01	 27.813	27.808	  1.71	10.19																											12.3780	7.5770	25.0000	2319.0900	
PIRATA-FR34	st016c01	B	2024-03-07T23:29:30z	 -10.000	 -3.001		 500.0	 4	34.6581	2.585	115.45	 0.00	 34.937	34.934	  2.20	18.99																											7.5650	7.5100	25.0000	2298.3000	
PIRATA-FR34	st016c01	B	2024-03-07T23:29:30z	 -10.000	 -3.001		 800.0	 3	34.4918	3.517	157.06	-0.00	 35.342	35.345	  2.33	29.79																											4.9180	7.5460	25.0000	2308.0800	
PIRATA-FR34	st016c01	B	2024-03-07T23:29:30z	 -10.000	 -3.001		1499.0	 2	34.9493	5.138	229.48	-0.00	 22.755	22.756	  1.48	19.62																											4.2040	7.6940	25.0000	2324.7600	
PIRATA-FR34	st016c01	B	2024-03-07T23:29:30z	 -10.000	 -3.001		2001.0	 1	34.9588	5.674	253.42	-0.00	 20.481	20.484	  1.33	21.65																											3.5520	7.7210	25.0000	2332.0200	
PIRATA-FR34	st017c01	B	2024-03-08T04:02:15z	 -10.003	 -3.499		   3.0	16																																			29.6780				
PIRATA-FR34	st017c01	B	2024-03-08T04:02:15z	 -10.003	 -3.499		   3.0	15	35.5165	4.467	199.49																																29.6790	8.0650	25.0000	2332.3200	
PIRATA-FR34	st017c01	B	2024-03-08T04:02:15z	 -10.003	 -3.499		  21.0	14	35.6165	4.663	208.24																																29.1160	8.0760	25.0000	2340.0600	
PIRATA-FR34	st017c01	B	2024-03-08T04:02:15z	 -10.003	 -3.499		  40.0	13																																			21.8810				
PIRATA-FR34	st017c01	B	2024-03-08T04:02:15z	 -10.003	 -3.499		  40.0	12																																			21.6950				
PIRATA-FR34	st017c01	B	2024-03-08T04:02:15z	 -10.003	 -3.499		  40.0	11	35.7656	4.368	195.06																																21.3330	7.9140	25.0000	2358.5200	
PIRATA-FR34	st017c01	B	2024-03-08T04:02:15z	 -10.003	 -3.499		  60.0	10	35.7768	2.857	127.61																																16.8450	7.7530	25.0000	2353.9900	
PIRATA-FR34	st017c01	B	2024-03-08T04:02:15z	 -10.003	 -3.499		  80.0	 9																																			16.0310				
PIRATA-FR34	st017c01	B	2024-03-08T04:02:15z	 -10.003	 -3.499		 101.0	 8	35.6293	2.819	125.91																																15.6330	7.7280	25.0000	2347.1600	
PIRATA-FR34	st017c01	B	2024-03-08T04:02:15z	 -10.003	 -3.499		 200.0	 7	35.4773	2.195	 98.03																																14.5320	7.6530	25.0000	2336.1900	
PIRATA-FR34	st017c01	B	2024-03-08T04:02:15z	 -10.003	 -3.499		 301.0	 6	35.1596	1.765	 78.83																																12.0430	7.5650	25.0000	2316.8300	
PIRATA-FR34	st017c01	B	2024-03-08T04:02:15z	 -10.003	 -3.499		 401.0	 5	34.8639	1.716	 76.63																																9.4830	7.5020	25.0000	2303.9900	
PIRATA-FR34	st017c01	B	2024-03-08T04:02:15z	 -10.003	 -3.499		 501.0	 4	34.6816	2.377	106.17																																7.8230	7.5170	25.0000	2305.2500	
PIRATA-FR34	st017c01	B	2024-03-08T04:02:15z	 -10.003	 -3.499		 802.0	 3	34.4984	3.368	150.43																																4.8740	7.5430	25.0000	2308.3600	
PIRATA-FR34	st017c01	B	2024-03-08T04:02:15z	 -10.003	 -3.499		1004.0	 2	34.5922	3.532	157.76																																4.4780	7.5610	25.0000	2317.9100	
PIRATA-FR34	st017c01	B	2024-03-08T04:02:15z	 -10.003	 -3.499		1004.0	 1	34.5939	3.559	158.95																																4.4780	7.5630	25.0000	2314.5600	
PIRATA-FR34	st018c01	B	2024-03-08T08:07:42z	 -10.001	 -4.001		   2.0	15																																			29.5110				
PIRATA-FR34	st018c01	B	2024-03-08T08:07:42z	 -10.001	 -4.001		   2.0	14	35.5033	4.465	199.40	 0.00	  0.045	0.042	  0.04	 1.34	0.0148	0.0157	0.0094	0.0116	0.0103			0.0032	0.0420	0.0058	0.0133		0.0019	0.1131		0.0137	0.0087	0.0224	0.0377	0.0000		0.1263	0.1841	0.3104	0.0050		29.5140	8.0640	25.0000	2333.1800	
PIRATA-FR34	st018c01	B	2024-03-08T08:07:42z	 -10.001	 -4.001		  20.0	13	35.7629	4.603	205.57	-0.00	  0.046	0.048	  0.07	 1.28	0.0212	0.0283	0.0182	0.0181	0.0137	0.0035		0.0042	0.0671	0.0038	0.0137	0.0033	0.0014	0.0936		0.0212	0.0209	0.0421	0.0403	0.0000		0.1592	0.2417	0.4009	0.0056		29.0600	8.0590	25.0000	2350.9300	
PIRATA-FR34	st018c01	B	2024-03-08T08:07:42z	 -10.001	 -4.001		  20.0	12																																			28.9850				
PIRATA-FR34	st018c01	B	2024-03-08T08:07:42z	 -10.001	 -4.001		  40.0	11	35.7841	4.135	184.68	 0.11	  5.154	5.047	  0.55	 2.94	0.0541	0.0419	0.0142	0.0648	0.0213	0.0183	0.0091	0.0048	0.1234	0.0018	0.0111	0.0020	0.0011	0.0554		0.0548	0.0919	0.1467	0.0324	0.0000		0.0932	0.3448	0.4380	0.0068		20.4570	7.8890	25.0000	2358.1100	
PIRATA-FR34	st018c01	B	2024-03-08T08:07:42z	 -10.001	 -4.001		  61.0	10	35.6272	2.650	118.35	 0.45	 17.831	17.382	  1.20	 5.49	0.0380	0.0217	0.0062	0.0464	0.0210	0.0085	0.0078	0.0020	0.0503	0.0012	0.0063	0.0020		0.0170		0.0570	0.0460	0.1030	0.0201	0.0000		0.0423	0.1683	0.2106	0.0050		16.3610	7.7250	25.0000	2343.1500	
PIRATA-FR34	st018c01	B	2024-03-08T08:07:42z	 -10.001	 -4.001		  80.0	 9				 0.10	 20.041	19.938	  1.32	 5.97	0.0297	0.0160	0.0039	0.0389	0.0150	0.0076	0.0054	0.0019	0.0370	0.0014	0.0053	0.0018		0.0145		0.0558	0.0326	0.0884	0.0175	0.0000		0.0351	0.1227	0.1578	0.0051		15.6830				
PIRATA-FR34	st018c01	B	2024-03-08T08:07:42z	 -10.001	 -4.001		 101.0	 8	35.5688	2.286	102.11	 0.03	 20.978	20.946	  1.34	 6.37	0.0238	0.0107	0.0026	0.0268	0.0106	0.0029	0.0021	0.0013	0.0316	0.0010	0.0041	0.0015		0.0077		0.0569	0.0175	0.0744	0.0159	0.0000		0.0261	0.0881	0.1142	0.0043		15.2670	7.6800	25.0000	2340.2100	
PIRATA-FR34	st018c01	B	2024-03-08T08:07:42z	 -10.001	 -4.001		 201.0	 7	35.3235	1.932	 86.27	 0.01	 25.074	25.069	  1.58	 8.75																											13.4100	7.6120	25.0000	2324.9000	
PIRATA-FR34	st018c01	B	2024-03-08T08:07:42z	 -10.001	 -4.001		 300.0	 6	35.1304	1.925	 85.97	 0.01	 27.952	27.946	  1.73	10.54																											11.8890	7.5770	25.0000	2318.0800	
PIRATA-FR34	st018c01	B	2024-03-08T08:07:42z	 -10.001	 -4.001		 401.0	 5	34.9083	1.963	 87.69	 0.00	 31.451	31.448	  1.95	13.47																											9.9920	7.5320	25.0000	2305.6100	
PIRATA-FR34	st018c01	B	2024-03-08T08:07:42z	 -10.001	 -4.001		 501.0	 4	34.7317	1.827	 81.59	 0.00	 35.930	35.929	  2.23	17.71																											8.2520	7.4850	25.0000	2301.0500	
PIRATA-FR34	st018c01	B	2024-03-08T08:07:42z	 -10.001	 -4.001		 801.0	 3	34.4936	3.153	140.82	 0.00	 36.369	36.369	  2.39	29.29																											5.0580	7.5300	25.0000	2302.3000	
PIRATA-FR34	st018c01	B	2024-03-08T08:07:42z	 -10.001	 -4.001		 801.0	 2	34.4937	3.162	141.22	 0.00	 36.356	36.355	  2.39	29.24																											5.0580	7.5310	25.0000	2303.7900	
PIRATA-FR34	st018c01	B	2024-03-08T08:07:42z	 -10.001	 -4.001		1000.0	 1	34.5885	3.635	162.33	 0.00	 33.930	33.927	  2.26	32.42																											4.3370	7.5670	25.0000	2312.6700	
PIRATA-FR34	st019c01	B	2024-03-08T12:13:30z	 -10.001	 -4.500		   3.0	16																																			29.7350				
PIRATA-FR34	st019c01	B	2024-03-08T12:13:30z	 -10.001	 -4.500		   3.0	15	35.8464	4.460	199.19																																29.7100	8.0630	25.0000	2357.2000	
PIRATA-FR34	st019c01	B	2024-03-08T12:13:30z	 -10.001	 -4.500		  21.0	14	36.1210	4.550	203.20																																29.0060	8.0290	25.0000	2373.0400	
PIRATA-FR34	st019c01	B	2024-03-08T12:13:30z	 -10.001	 -4.500		  39.0	13	36.0770	4.882	218.01																																26.2380	8.0270	25.0000	2372.6600	
PIRATA-FR34	st019c01	B	2024-03-08T12:13:30z	 -10.001	 -4.500		  39.0	12																																			25.9790				
PIRATA-FR34	st019c01	B	2024-03-08T12:13:30z	 -10.001	 -4.500		  59.0	11																																			20.3770				
PIRATA-FR34	st019c01	B	2024-03-08T12:13:30z	 -10.001	 -4.500		  59.0	10	35.8658	3.668	163.80																																20.3240	7.8640	25.0000	2361.1000	
PIRATA-FR34	st019c01	B	2024-03-08T12:13:30z	 -10.001	 -4.500		  80.0	 9																																			15.1820				
PIRATA-FR34	st019c01	B	2024-03-08T12:13:30z	 -10.001	 -4.500		  99.0	 8	35.4716	2.123	 94.81																																14.5570	7.6510	25.0000	2332.6300	
PIRATA-FR34	st019c01	B	2024-03-08T12:13:30z	 -10.001	 -4.500		 200.0	 7	35.2290	2.103	 93.94																																12.7510	7.6100	25.0000	2321.2200	
PIRATA-FR34	st019c01	B	2024-03-08T12:13:30z	 -10.001	 -4.500		 300.0	 6	35.0952	2.123	 94.81																																11.5630	7.5860	25.0000	2315.1700	
PIRATA-FR34	st019c01	B	2024-03-08T12:13:30z	 -10.001	 -4.500		 400.0	 5	34.9049	2.035	 90.89																																9.9770	7.5410	25.0000	2306.5300	
PIRATA-FR34	st019c01	B	2024-03-08T12:13:30z	 -10.001	 -4.500		 500.0	 4	34.7528	1.952	 87.19																																8.4940	7.4920	25.0000	2300.7800	
PIRATA-FR34	st019c01	B	2024-03-08T12:13:30z	 -10.001	 -4.500		 500.0	 3	34.7488	1.903	 84.97																																8.4940	7.4920	25.0000	2301.8300	
PIRATA-FR34	st019c01	B	2024-03-08T12:13:30z	 -10.001	 -4.500		 798.0	 2	34.4989	3.072	137.21																																5.0980	7.5200	25.0000	2303.6800	
PIRATA-FR34	st019c01	B	2024-03-08T12:13:30z	 -10.001	 -4.500		1000.0	 1	34.5695	3.623	161.78																																4.3520	7.5580	25.0000	2311.0300	
PIRATA-FR34	st020c01	B	2024-03-08T16:25:01z	 -10.001	 -5.000		   4.0	18	35.8809	4.400	196.52	 0.00	  0.023	0.023	  0.05	 1.16	0.0085	0.0061	0.0044	0.0049	0.0041	0.0009		0.0016	0.0199	0.0012	0.0074			0.0990		0.0044	0.0034	0.0078	0.0146	0.0000		0.0447	0.0720	0.1167	0.0032		29.9690	8.0640	25.0000	2353.9110	
PIRATA-FR34	st020c01	B	2024-03-08T16:25:01z	 -10.001	 -5.000		  20.0	17	36.0390	4.500	200.97	-0.00	  0.057	0.057	  0.07	 1.05	0.0093	0.0060	0.0041	0.0053	0.0036	0.0012		0.0014	0.0244	0.0013	0.0074			0.0881		0.0048	0.0037	0.0085	0.0101	0.0000		0.0402	0.0590	0.0992	0.0032		29.3990	8.0560	25.0000	2365.1250	
PIRATA-FR34	st020c01	B	2024-03-08T16:25:01z	 -10.001	 -5.000		  40.0	16	36.2587	4.812	214.89	-0.00	  0.011	0.011	  0.08	 1.06	0.0157	0.0130	0.0061	0.0113	0.0050	0.0018		0.0019	0.0474	0.0017	0.0093			0.1108		0.0126	0.0117	0.0243	0.0178	0.0000		0.0869	0.1050	0.1919	0.0037		27.3290	8.0460	25.0000	2381.0080	
PIRATA-FR34	st020c01	B	2024-03-08T16:25:01z	 -10.001	 -5.000		  60.0	15	35.9069	5.007	223.62	 0.03	  0.497	0.471	  0.29	 2.16	0.0700	0.0706	0.0174	0.0848	0.0183	0.0265	0.0053	0.0097	0.1917	0.0030	0.0147	0.0050		0.1618	0.0072	0.0736	0.2000	0.2736	0.0692	0.0000		0.2205	0.4659	0.6864	0.0072		22.3300	7.9510	25.0000	2365.1520	
PIRATA-FR34	st020c01	B	2024-03-08T16:25:01z	 -10.001	 -5.000		  80.0	14	35.8525	3.154	140.85	 0.48	 12.200	11.721	  0.89	 3.80	0.0541	0.0362	0.0044	0.0845	0.0191	0.0202	0.0055	0.0051	0.0799	0.0010	0.0081	0.0015		0.0368		0.0979	0.1071	0.2050	0.0421	0.0000		0.0919	0.2525	0.3444	0.0060		18.7750				
PIRATA-FR34	st020c01	B	2024-03-08T16:25:01z	 -10.001	 -5.000		 100.0	13	35.5877	2.760	123.24	 0.04	 18.092	18.055	  1.20	 5.52	0.0320	0.0163	0.0013	0.0442	0.0118	0.0032	0.0015	0.0013	0.0440	0.0010	0.0049	0.0011		0.0106		0.0841	0.0192	0.1033	0.0286	0.0000		0.0410	0.1135	0.1545	0.0042		15.4340	7.7190	25.0000	2340.4810	
PIRATA-FR34	st020c01	B	2024-03-08T16:25:01z	 -10.001	 -5.000		 100.0	12																																			15.4390				
PIRATA-FR34	st020c01	B	2024-03-08T16:25:01z	 -10.001	 -5.000		 200.0	11	35.2266	2.444	109.17	 0.01	 24.263	24.255	  1.53	 8.85																											12.6510	7.6360	25.0000	2319.4790	
PIRATA-FR34	st020c01	B	2024-03-08T16:25:01z	 -10.001	 -5.000		 299.0	10	35.0080	2.215	 98.92	 0.01	 28.607	28.601	  1.78	11.49																											10.8710	7.5750	25.0000	2309.0370	
PIRATA-FR34	st020c01	B	2024-03-08T16:25:01z	 -10.001	 -5.000		 499.0	 9	34.6954	1.943	 86.78	 0.01	 36.067	36.061	  2.27	18.61																											7.8690	7.4830	25.0000	2295.6150	
PIRATA-FR34	st020c01	B	2024-03-08T16:25:01z	 -10.001	 -5.000		 799.0	 8	34.5060	2.891	129.10	 0.00	 37.203	37.199	  2.44	28.67																											5.1990	7.5120	25.0000	2299.2040	
PIRATA-FR34	st020c01	B	2024-03-08T16:25:01z	 -10.001	 -5.000		1000.0	 7	34.5641	3.531	157.72	 0.00	 34.739	34.737	  2.31	32.62																											4.3780	7.5570	25.0000	2306.8400	
PIRATA-FR34	st020c01	B	2024-03-08T16:25:01z	 -10.001	 -5.000		1500.0	 6	34.9344	5.071	226.46	 0.00	 23.209	23.208	  1.52	20.54																											4.1540	7.6910	25.0000	2320.6350	
PIRATA-FR34	st020c01	B	2024-03-08T16:25:01z	 -10.001	 -5.000		2001.0	 5	34.9506	5.534	247.16	 0.00	 21.280	21.277	  1.39	24.05																											3.5090	7.7190	25.0000	2326.6580	
PIRATA-FR34	st020c01	B	2024-03-08T16:25:01z	 -10.001	 -5.000		2001.0	 4	34.9507	5.537	247.27	 0.00	 21.184	21.181	  1.39	24.04																											3.5090	7.7170	25.0000	2324.9780	
PIRATA-FR34	st020c01	B	2024-03-08T16:25:01z	 -10.001	 -5.000		2499.0	 3	34.9204	5.497	245.48	 0.01	 22.387	22.382	  1.47	35.44																											2.9160	7.7150	25.0000	2334.5920	
PIRATA-FR34	st020c01	B	2024-03-08T16:25:01z	 -10.001	 -5.000		2902.0	 2	34.8991	5.463	244.00	 0.00	 23.106	23.103	  1.52	42.19																											2.6360				
PIRATA-FR34	st020c01	B	2024-03-08T16:25:01z	 -10.001	 -5.000		3200.0	 1	34.8922	5.433	242.62	 0.01	 23.396	23.389	  1.53	45.17																											2.5150	7.7120	25.0000	2353.7900	
PIRATA-FR34	st021c01	B	2024-03-08T22:06:34z	  -9.998	 -5.499		   2.0	16																																			29.5920				
PIRATA-FR34	st021c01	B	2024-03-08T22:06:34z	  -9.998	 -5.499		   2.0	15	36.0236	4.484	200.25																																29.5930	8.0590	25.0000	2373.1700	
PIRATA-FR34	st021c01	B	2024-03-08T22:06:34z	  -9.998	 -5.499		  20.0	14	36.0266	4.438	198.22																																29.5850	8.0600	25.0000	2372.0000	
PIRATA-FR34	st021c01	B	2024-03-08T22:06:34z	  -9.998	 -5.499		  40.0	13	36.2549	4.617	206.20																																28.3870	8.0470	25.0000	2389.3300	
PIRATA-FR34	st021c01	B	2024-03-08T22:06:34z	  -9.998	 -5.499		  40.0	12																																			28.3950				
PIRATA-FR34	st021c01	B	2024-03-08T22:06:34z	  -9.998	 -5.499		  60.0	11																																			24.8160				
PIRATA-FR34	st021c01	B	2024-03-08T22:06:34z	  -9.998	 -5.499		  60.0	10	36.2486	4.837	216.03																																24.7920	8.0170	25.0000	2392.1600	
PIRATA-FR34	st021c01	B	2024-03-08T22:06:34z	  -9.998	 -5.499		  80.0	 9																																			20.6110				
PIRATA-FR34	st021c01	B	2024-03-08T22:06:34z	  -9.998	 -5.499		 100.0	 8	35.8482	2.848	127.20																																17.9590	7.7770	25.0000	2362.6200	
PIRATA-FR34	st021c01	B	2024-03-08T22:06:34z	  -9.998	 -5.499		 200.0	 7	35.0632	2.595	115.88																																11.3210	7.6190	25.0000	2316.2600	
PIRATA-FR34	st021c01	B	2024-03-08T22:06:34z	  -9.998	 -5.499		 302.0	 6	34.8898	2.340	104.52																																9.8480	7.5630	25.0000	2308.1500	
PIRATA-FR34	st021c01	B	2024-03-08T22:06:34z	  -9.998	 -5.499		 302.0	 5	34.8894	2.353	105.10																																9.8440	7.5640	25.0000	2307.2600	
PIRATA-FR34	st021c01	B	2024-03-08T22:06:34z	  -9.998	 -5.499		 402.0	 4	34.7683	1.878	 83.86																																8.6130	7.4980	25.0000	2303.5200	
PIRATA-FR34	st021c01	B	2024-03-08T22:06:34z	  -9.998	 -5.499		 502.0	 3	34.6420	2.167	 96.78																																7.2650	7.4920	25.0000	2299.7500	
PIRATA-FR34	st021c01	B	2024-03-08T22:06:34z	  -9.998	 -5.499		 801.0	 2	34.5070	2.875	128.38																																5.1570	7.5100	25.0000	2304.2100	
PIRATA-FR34	st021c01	B	2024-03-08T22:06:34z	  -9.998	 -5.499		1001.0	 1	34.6003	3.581	159.94																																4.3400	7.5660	25.0000	2312.6600	
PIRATA-FR34	st022c01	B	2024-03-09T02:43:06z	  -9.998	 -6.016		   2.0	14	35.8730	4.402	196.61	 0.00	  0.022	0.020	  0.05	 1.13	0.0099	0.0073	0.0032	0.0066	0.0064			0.0019	0.0255	0.0016	0.0067			0.0869		0.0078	0.0095	0.0173	0.0245	0.0000		0.0604	0.0753	0.1357	0.0033		29.4880	8.0610	25.0000	2363.8600	
PIRATA-FR34	st022c01	B	2024-03-09T02:43:06z	  -9.998	 -6.016		  20.0	13	35.8835	4.402	196.61	 0.00	  0.025	0.024	  0.05	 1.14	0.0102	0.0070	0.0032	0.0064	0.0060			0.0017	0.0248	0.0014	0.0068			0.0882		0.0078	0.0094	0.0172	0.0246	0.0000		0.0618	0.0717	0.1335	0.0035		29.4960	8.0590	25.0000	2363.2300	
PIRATA-FR34	st022c01	B	2024-03-09T02:43:06z	  -9.998	 -6.016		  20.0	12																																			29.4970				
PIRATA-FR34	st022c01	B	2024-03-09T02:43:06z	  -9.998	 -6.016		  41.0	11	36.3011	4.709	210.31	 0.00	  0.022	0.022	  0.10	 1.04	0.0132	0.0109	0.0033	0.0093	0.0050			0.0015	0.0367	0.0013	0.0063			0.0975		0.0145	0.0119	0.0264	0.0296	0.0000		0.1004	0.0798	0.1802	0.0034		27.6680	8.0390	25.0000	2396.2900	
PIRATA-FR34	st022c01	B	2024-03-09T02:43:06z	  -9.998	 -6.016		  59.0	10	36.3601	4.953	221.21	 0.00	  0.020	0.020	  0.13	 1.30	0.0286	0.0264	0.0058	0.0327	0.0074	0.0042		0.0023	0.0821	0.0014	0.0075			0.0781		0.0290	0.0392	0.0682	0.0363	0.0000		0.1463	0.1667	0.3130	0.0044		24.3280	8.0260	25.0000	2399.5600	
PIRATA-FR34	st022c01	B	2024-03-09T02:43:06z	  -9.998	 -6.016		  79.0	 9				 0.08	  2.872	2.794	  0.38	 2.16	0.0557	0.0421	0.0099	0.0899	0.0121	0.0229	0.0031	0.0058	0.1123	0.0009	0.0104			0.0504		0.0982	0.1148	0.2130	0.0416	0.0000		0.1177	0.2842	0.4019	0.0045		21.0050				
PIRATA-FR34	st022c01	B	2024-03-09T02:43:06z	  -9.998	 -6.016		 100.0	 8	35.7580	2.718	121.37	 0.15	 16.587	16.437	  1.10	 4.90	0.0298	0.0182	0.0011	0.0517	0.0100	0.0075	0.0033	0.0011	0.0388	0.0009	0.0053			0.0143		0.0932	0.0404	0.1336	0.0287	0.0000		0.0469	0.1303	0.1772	0.0053		17.3180	7.7560	25.0000	2357.8000	
PIRATA-FR34	st022c01	B	2024-03-09T02:43:06z	  -9.998	 -6.016		 201.0	 7	35.0481	2.139	 95.53	 0.01	 28.301	28.295	  1.78	10.94																											11.0820	7.5770	25.0000	2318.0100	
PIRATA-FR34	st022c01	B	2024-03-09T02:43:06z	  -9.998	 -6.016		 200.0	 6	35.0475	2.134	 95.32	 0.01	 28.437	28.430	  1.77	10.89																											11.0810	7.5780	25.0000	2314.8700	
PIRATA-FR34	st022c01	B	2024-03-09T02:43:06z	  -9.998	 -6.016		 296.0	 5	34.8850	2.014	 89.96	 0.01	 31.863	31.858	  1.98	13.76																											9.7300	7.5340	25.0000	2311.2600	
PIRATA-FR34	st022c01	B	2024-03-09T02:43:06z	  -9.998	 -6.016		 504.0	 4	34.6651	2.091	 93.36	 0.00	 36.238	36.234	  2.28	19.26																											7.5340	7.4900	25.0000	2301.8600	
PIRATA-FR34	st022c01	B	2024-03-09T02:43:06z	  -9.998	 -6.016		 773.0	 3	34.5003	3.066	136.95	 0.01	 36.764	36.758	  2.43	29.55																											5.0190	7.5200	25.0000	2309.0600	
PIRATA-FR34	st022c01	B	2024-03-09T02:43:06z	  -9.998	 -6.016		1495.0	 2	34.9485	5.221	233.19	 0.01	 22.586	22.579	  1.48	20.26																											4.0620	7.6980	25.0000	2328.5700	
PIRATA-FR34	st022c01	B	2024-03-09T02:43:06z	  -9.998	 -6.016		2005.0	 1																																			3.4740				
PIRATA-FR34	st023c01	B	2024-03-09T13:05:55z	  -9.989	 -6.026		 201.0	11																																			11.2410				
PIRATA-FR34	st023c01	B	2024-03-09T13:05:55z	  -9.989	 -6.026		 200.0	10																																			11.2480				
PIRATA-FR34	st023c01	B	2024-03-09T13:05:55z	  -9.989	 -6.026		 200.0	 9																																			11.1020				
PIRATA-FR34	st023c01	B	2024-03-09T13:05:55z	  -9.989	 -6.026		 201.0	 8																																			11.0930				
PIRATA-FR34	st023c01	B	2024-03-09T13:05:55z	  -9.989	 -6.026		 200.0	 7																																			11.0440				
PIRATA-FR34	st023c01	B	2024-03-09T13:05:55z	  -9.989	 -6.026		 201.0	 6																																			11.0510				
PIRATA-FR34	st023c01	B	2024-03-09T13:05:55z	  -9.989	 -6.026		 200.0	 5																																			11.1030				
PIRATA-FR34	st023c01	B	2024-03-09T13:05:55z	  -9.989	 -6.026		 201.0	 4																																			11.1030				
PIRATA-FR34	st023c01	B	2024-03-09T13:05:55z	  -9.989	 -6.026		 199.0	 3																																			11.1030				
PIRATA-FR34	st023c01	B	2024-03-09T13:05:55z	  -9.989	 -6.026		 200.0	 2																																			11.0990				
PIRATA-FR34	st023c01	B	2024-03-09T13:05:55z	  -9.989	 -6.026		 199.0	 1																																			11.0990				
PIRATA-FR34	st024c01	B	2024-03-09T21:40:17z	 -10.002	 -6.499		   3.0	16																																			29.1670				
PIRATA-FR34	st024c01	B	2024-03-09T21:40:17z	 -10.002	 -6.499		   2.0	15	36.2987	4.487	200.40																																29.1670	8.0480	25.0000	2395.0700	
PIRATA-FR34	st024c01	B	2024-03-09T21:40:17z	 -10.002	 -6.499		  20.0	14	36.3691	4.460	199.18																																28.9950	8.0500	25.0000	2400.9000	
PIRATA-FR34	st024c01	B	2024-03-09T21:40:17z	 -10.002	 -6.499		  43.0	13	36.4093	4.966	221.78																																25.1950	8.0400	25.0000	2401.7100	
PIRATA-FR34	st024c01	B	2024-03-09T21:40:17z	 -10.002	 -6.499		  43.0	12																																			25.2100				
PIRATA-FR34	st024c01	B	2024-03-09T21:40:17z	 -10.002	 -6.499		  61.0	11																																			23.0630				
PIRATA-FR34	st024c01	B	2024-03-09T21:40:17z	 -10.002	 -6.499		  60.0	10	35.7655	5.012	223.84																																23.0500	8.0140	25.0000	2412.6300	
PIRATA-FR34	st024c01	B	2024-03-09T21:40:17z	 -10.002	 -6.499		  81.0	 9																																			17.5990				
PIRATA-FR34	st024c01	B	2024-03-09T21:40:17z	 -10.002	 -6.499		 101.0	 8	35.5395	2.415	107.84																																15.2450	7.6860	25.0000	2345.9200	
PIRATA-FR34	st024c01	B	2024-03-09T21:40:17z	 -10.002	 -6.499		 101.0	 7	35.5285	2.402	107.25																																15.2460	7.6850	25.0000	2346.1800	
PIRATA-FR34	st024c01	B	2024-03-09T21:40:17z	 -10.002	 -6.499		 201.0	 6	34.9867	2.384	106.47																																10.7030	7.5830	25.0000	2315.8700	
PIRATA-FR34	st024c01	B	2024-03-09T21:40:17z	 -10.002	 -6.499		 301.0	 5	34.8567	1.748	 78.05																																9.4570	7.5010	25.0000	2307.8400	
PIRATA-FR34	st024c01	B	2024-03-09T21:40:17z	 -10.002	 -6.499		 401.0	 4	34.7397	1.916	 85.56																																8.3710	7.4910	25.0000	2304.1200	
PIRATA-FR34	st024c01	B	2024-03-09T21:40:17z	 -10.002	 -6.499		 500.0	 3	34.6472	2.225	 99.36																																7.3550	7.4950	25.0000	2301.3800	
PIRATA-FR34	st024c01	B	2024-03-09T21:40:17z	 -10.002	 -6.499		 799.0	 2	34.4890	3.374	150.67																																4.7200	7.5390	25.0000	2307.6200	
PIRATA-FR34	st024c01	B	2024-03-09T21:40:17z	 -10.002	 -6.499		 998.0	 1	34.5803	3.557	158.86																																4.3290	7.5590	25.0000	2313.9900	
PIRATA-FR34	st025c01	B	2024-03-10T01:49:13z	 -10.002	 -7.000		   3.0	14	36.3083	4.558	203.55	 0.01	  0.058	0.053	  0.10	 1.08																											29.1990	8.0500	25.0000	2399.7800	
PIRATA-FR34	st025c01	B	2024-03-10T01:49:13z	 -10.002	 -7.000		  20.0	13	36.3223	4.419	197.35	 0.01	  0.042	0.037	  0.09	 1.05																											29.1990	8.0500	25.0000	2397.7600	
PIRATA-FR34	st025c01	B	2024-03-10T01:49:13z	 -10.002	 -7.000		  20.0	12																																			29.1990				
PIRATA-FR34	st025c01	B	2024-03-10T01:49:13z	 -10.002	 -7.000		  39.0	11	36.4951	4.843	216.30	 0.00	  0.031	0.031	  0.08	 1.00																											26.5430	8.0470	25.0000	2411.8900	
PIRATA-FR34	st025c01	B	2024-03-10T01:49:13z	 -10.002	 -7.000		  59.0	10	36.5323	5.106	228.05	 0.00	  0.051	0.049	  0.11	 1.14																											23.3680	8.0280	25.0000	2416.1300	
PIRATA-FR34	st025c01	B	2024-03-10T01:49:13z	 -10.002	 -7.000		  80.0	 9	36.1334	3.869	172.81	 0.21	  7.624	7.412	  0.62	 2.77																											19.3410	7.8840	25.0000	2388.7800	
PIRATA-FR34	st025c01	B	2024-03-10T01:49:13z	 -10.002	 -7.000		  80.0	 8	36.1602	4.004	178.82	 0.17	  6.591	6.416	  0.57	 2.62																											19.7230	7.8980	25.0000	2391.0600	
PIRATA-FR34	st025c01	B	2024-03-10T01:49:13z	 -10.002	 -7.000		 100.0	 7	35.6069	2.341	104.54	 0.08	 20.436	20.359	  1.32	 5.93																											15.6270	7.6900	25.0000	2361.3100	
PIRATA-FR34	st025c01	B	2024-03-10T01:49:13z	 -10.002	 -7.000		 200.0	 6	35.0520	1.939	 86.61	 0.01	 29.330	29.324	  1.82	11.40																											11.1440	7.5580	25.0000	2315.9600	
PIRATA-FR34	st025c01	B	2024-03-10T01:49:13z	 -10.002	 -7.000		 301.0	 5	34.9064	1.643	 73.37	 0.00	 33.377	33.373	  2.06	14.04																											9.9080	7.5020	25.0000	2313.7700	
PIRATA-FR34	st025c01	B	2024-03-10T01:49:13z	 -10.002	 -7.000		 399.0	 4	34.7573	1.745	 77.94	 0.01	 35.893	35.888	  2.23	16.96																											8.5260	7.4810	25.0000	2305.6700	
PIRATA-FR34	st025c01	B	2024-03-10T01:49:13z	 -10.002	 -7.000		 500.0	 3	34.6484	1.922	 85.83	 0.01	 37.646	37.641	  2.37	20.27																											7.3160	7.4710	25.0000	2303.7500	
PIRATA-FR34	st025c01	B	2024-03-10T01:49:13z	 -10.002	 -7.000		 799.0	 2	34.5044	3.117	139.19	 0.00	 36.468	36.465	  2.43	31.11																											4.7530	7.5250	25.0000	2312.7100	
PIRATA-FR34	st025c01	B	2024-03-10T01:49:13z	 -10.002	 -7.000		 999.0	 1	34.5932	3.607	161.10	 0.01	 33.880	33.872	  2.28	32.74																											4.2860	7.5650	25.0000	2320.2100	
PIRATA-FR34	st026c01	B	2024-03-10T06:02:30z	 -10.002	 -7.499		   3.0	15																																			29.1440				
PIRATA-FR34	st026c01	B	2024-03-10T06:02:30z	 -10.002	 -7.499		   4.0	14	36.2606	4.405	196.75																																29.1440	8.0530	25.0000	2394.1100	
PIRATA-FR34	st026c01	B	2024-03-10T06:02:30z	 -10.002	 -7.499		  21.0	13		4.428	197.75																																29.1260	8.0500	25.0000	2394.8200	
PIRATA-FR34	st026c01	B	2024-03-10T06:02:30z	 -10.002	 -7.499		  21.0	12																																			29.1390				
PIRATA-FR34	st026c01	B	2024-03-10T06:02:30z	 -10.002	 -7.499		  41.0	11	36.3346	4.714	210.55																																27.6350	8.0450	25.0000	2400.7700	
PIRATA-FR34	st026c01	B	2024-03-10T06:02:30z	 -10.002	 -7.499		  60.0	10	36.6251	5.082	226.97																																22.6380	8.0190	25.0000	2422.6700	
PIRATA-FR34	st026c01	B	2024-03-10T06:02:30z	 -10.002	 -7.499		  60.0	 9	36.6156	5.064	226.14																																22.6020	8.0160	25.0000	2424.0100	
PIRATA-FR34	st026c01	B	2024-03-10T06:02:30z	 -10.002	 -7.499		  81.0	 8																																			17.8710				
PIRATA-FR34	st026c01	B	2024-03-10T06:02:30z	 -10.002	 -7.499		 101.0	 7	35.6553	2.751	122.85																																15.5760	7.7290	25.0000	2356.7200	
PIRATA-FR34	st026c01	B	2024-03-10T06:02:30z	 -10.002	 -7.499		 200.0	 6	35.0072	2.018	 90.11																																10.7620	7.5610	25.0000	2319.1900	
PIRATA-FR34	st026c01	B	2024-03-10T06:02:30z	 -10.002	 -7.499		 301.0	 5	34.8658	1.729	 77.24																																9.5230	7.5060	25.0000	2312.4100	
PIRATA-FR34	st026c01	B	2024-03-10T06:02:30z	 -10.002	 -7.499		 400.0	 4	34.7697	1.652	 73.78																																8.6070	7.4740	25.0000	2306.7700	
PIRATA-FR34	st026c01	B	2024-03-10T06:02:30z	 -10.002	 -7.499		 501.0	 3	34.6804	1.663	 74.25																																7.6290	7.4590	25.0000	2305.6600	
PIRATA-FR34	st026c01	B	2024-03-10T06:02:30z	 -10.002	 -7.499		 801.0	 2	34.5008	3.108	138.82																																4.8250	7.5250	25.0000	2312.1600	
PIRATA-FR34	st026c01	B	2024-03-10T06:02:30z	 -10.002	 -7.499		1002.0	 1	34.5910	3.614	161.40																																4.2810	7.5630	25.0000	2317.0600	
PIRATA-FR34	st027c01	B	2024-03-10T10:05:52z	 -10.000	 -8.000		   2.0	14	36.2856	4.453	198.89	 0.00	  0.010	0.008	  0.09	 1.08	0.0024	0.0037	0.0007	0.0033	0.0030			0.0012	0.0141	0.0004	0.0078		0.0032	0.0751		0.0151	0.0167	0.0318	0.0193	0.0000		0.0393	0.0472	0.0865	0.0044		29.1150	8.0520	25.0000	2399.5400	
PIRATA-FR34	st027c01	B	2024-03-10T10:05:52z	 -10.000	 -8.000		  20.0	13	36.2914	4.454	198.94	 0.00	  0.010	0.007	  0.08	 1.04	0.0027	0.0043	0.0012	0.0042	0.0039			0.0015	0.0150	0.0008	0.0094		0.0019	0.0792		0.0153	0.0178	0.0331	0.0183	0.0000		0.0388	0.0521	0.0909	0.0036		29.0770	8.0520	25.0000	2399.3600	
PIRATA-FR34	st027c01	B	2024-03-10T10:05:52z	 -10.000	 -8.000		  20.0	12																																			29.0680				
PIRATA-FR34	st027c01	B	2024-03-10T10:05:52z	 -10.000	 -8.000		  40.0	11	36.5604	5.044	225.28	-0.00	  0.017	0.019	  0.09	 1.01																											25.4310	8.0440	25.0000	2419.2600	
PIRATA-FR34	st027c01	B	2024-03-10T10:05:52z	 -10.000	 -8.000		  40.0	10	36.5601	5.043	225.24	 0.00	  0.003	0.002	  0.09	 1.01	0.0069	0.0101	0.0058	0.0090	0.0055			0.0014	0.0322	0.0007	0.0099		0.0014	0.0827		0.0068	0.0087	0.0155	0.0100	0.0000		0.0428	0.0810	0.1238	0.0038		25.3280	8.0430	25.0000	2418.8700	
PIRATA-FR34	st027c01	B	2024-03-10T10:05:52z	 -10.000	 -8.000		  60.0	 9	36.5979	5.012	223.83	 0.00	  0.007	0.005	  0.15	 1.19	0.0184	0.0230	0.0123	0.0219	0.0064	0.0044		0.0022	0.0697	0.0006	0.0101		0.0010	0.0831		0.0114	0.0315	0.0429	0.0169	0.0000		0.0815	0.1500	0.2315	0.0046		22.6330	8.0130	25.0000	2424.2500	
PIRATA-FR34	st027c01	B	2024-03-10T10:05:52z	 -10.000	 -8.000		  81.0	 8				 0.23	  7.609	7.383	  0.64	 2.87	0.0531	0.0454	0.0129	0.0797	0.0159	0.0137		0.0044	0.1267	0.0009	0.0093			0.0545		0.0518	0.0984	0.1502	0.0269	0.0000		0.0932	0.2677	0.3609	0.0062		19.3870				
PIRATA-FR34	st027c01	B	2024-03-10T10:05:52z	 -10.000	 -8.000		 100.0	 7	35.6098	2.659	118.75	 0.31	 17.665	17.353	  1.19	 6.08	0.0307	0.0186	0.0045	0.0496	0.0098	0.0042	0.0015		0.0516		0.0057			0.0108		0.0817	0.0257	0.1074	0.0183	0.0000		0.0420	0.1270	0.1690	0.0044		15.2680	7.7150	25.0000	2357.9000	
PIRATA-FR34	st027c01	B	2024-03-10T10:05:52z	 -10.000	 -8.000		 201.0	 6	34.9890	2.054	 91.73	 0.25	 27.570	27.320	  1.78	11.93																											10.6150	7.5620	25.0000	2318.3800	
PIRATA-FR34	st027c01	B	2024-03-10T10:05:52z	 -10.000	 -8.000		 303.0	 5	34.8608	1.854	 82.80	 0.17	 30.687	30.520	  1.97	14.45																											9.4860	7.5180	25.0000	2313.3000	
PIRATA-FR34	st027c01	B	2024-03-10T10:05:52z	 -10.000	 -8.000		 401.0	 4	34.7682	1.278	 57.06	 0.02	 35.258	35.235	  2.22	17.64																											8.5620	7.4500	25.0000	2310.1700	
PIRATA-FR34	st027c01	B	2024-03-10T10:05:52z	 -10.000	 -8.000		 502.0	 3	34.6808	1.482	 66.19	 0.15	 36.338	36.185	  2.35	20.24																											7.5690	7.4460	25.0000	2308.0300	
PIRATA-FR34	st027c01	B	2024-03-10T10:05:52z	 -10.000	 -8.000		 802.0	 2	34.5014	3.079	137.51	 0.08	 34.443	34.363	  2.35	31.02																											4.8100	7.5230	25.0000	2316.2100	
PIRATA-FR34	st027c01	B	2024-03-10T10:05:52z	 -10.000	 -8.000		 999.0	 1	34.5963	3.531	157.71	 0.07	 31.180	31.105	  2.18	32.46																											4.3440	7.5600	25.0000	2323.7000	
PIRATA-FR34	st028c01	B	2024-03-10T14:02:17z	 -10.000	 -8.500		   3.0	14	36.3425	4.424	197.59																																29.2890	8.0520	25.0000	2405.2700	
PIRATA-FR34	st028c01	B	2024-03-10T14:02:17z	 -10.000	 -8.500		  20.0	13	36.3415	4.434	198.01																																29.0270	8.0530	25.0000	2404.2500	
PIRATA-FR34	st028c01	B	2024-03-10T14:02:17z	 -10.000	 -8.500		  20.0	12																																			29.0270				
PIRATA-FR34	st028c01	B	2024-03-10T14:02:17z	 -10.000	 -8.500		  20.0	11	36.3452	4.440	198.30																																29.0260	8.0520	25.0000	2401.9300	
PIRATA-FR34	st028c01	B	2024-03-10T14:02:17z	 -10.000	 -8.500		  39.0	10	36.4462	4.607	205.73																																27.9010	8.0460	25.0000	2411.4900	
PIRATA-FR34	st028c01	B	2024-03-10T14:02:17z	 -10.000	 -8.500		  61.0	 9	36.6596	5.129	229.08																																23.2090	8.0300	25.0000	2426.9800	
PIRATA-FR34	st028c01	B	2024-03-10T14:02:17z	 -10.000	 -8.500		  80.0	 8																																			21.7190				
PIRATA-FR34	st028c01	B	2024-03-10T14:02:17z	 -10.000	 -8.500		 103.0	 7	35.7640	2.673	119.37																																16.4910	7.7380	25.0000	2365.7300	
PIRATA-FR34	st028c01	B	2024-03-10T14:02:17z	 -10.000	 -8.500		 199.0	 6	35.0186	2.131	 95.16																																10.8680	7.5700	25.0000	2322.2000	
PIRATA-FR34	st028c01	B	2024-03-10T14:02:17z	 -10.000	 -8.500		 303.0	 5	34.8591	1.912	 85.41																																9.4980	7.5220	25.0000	2315.1400	
PIRATA-FR34	st028c01	B	2024-03-10T14:02:17z	 -10.000	 -8.500		 399.0	 4	34.7360	2.083	 93.05																																8.3630	7.5070	25.0000	2312.4500	
PIRATA-FR34	st028c01	B	2024-03-10T14:02:17z	 -10.000	 -8.500		 499.0	 3	34.6462	1.998	 89.23																																7.3090	7.4780	25.0000	2310.0300	
PIRATA-FR34	st028c01	B	2024-03-10T14:02:17z	 -10.000	 -8.500		 801.0	 2	34.4926	3.238	144.59																																4.8220	7.5320	25.0000	2313.9300	
PIRATA-FR34	st028c01	B	2024-03-10T14:02:17z	 -10.000	 -8.500		1001.0	 1	34.5758	3.626	161.93																																4.2790	7.5660	25.0000	2322.0000	
PIRATA-FR34	st029c01	B	2024-03-10T18:06:49z	 -10.000	 -8.999		   3.0	14	36.3885	4.438	198.21	 0.01	  0.021	0.011	  0.08	 1.12																											29.0850	8.0490	25.0000	2401.6000	
PIRATA-FR34	st029c01	B	2024-03-10T18:06:49z	 -10.000	 -8.999		   3.0	13	36.3884	4.437	198.18	 0.01	  0.051	0.040	  0.08	 1.10	0.0466	0.0265	0.0042	0.0752	0.0122	0.0098	0.0052	0.0051	0.0622		0.0049			0.0207		0.0882	0.0508	0.1390	0.0248	0.0000		0.0571	0.1791	0.2362	0.0027		29.1080	8.0510	25.0000	2402.3300	
PIRATA-FR34	st029c01	B	2024-03-10T18:06:49z	 -10.000	 -8.999		   3.0	12																																			29.0930				
PIRATA-FR34	st029c01	B	2024-03-10T18:06:49z	 -10.000	 -8.999		  20.0	11	36.3916	4.439	198.25	 0.01	  0.031	0.020	  0.08	 1.11	0.0046	0.0041	0.0020	0.0035	0.0021			0.0035	0.0194	0.0007	0.0048			0.0715		0.0040	0.0063	0.0103	0.0089	0.0000		0.0260	0.0425	0.0685	0.0012		28.9810	8.0500	25.0000	2402.3700	
PIRATA-FR34	st029c01	B	2024-03-10T18:06:49z	 -10.000	 -8.999		  40.0	10	36.3941	4.443	198.44	 0.01	  0.036	0.025	  0.08	 1.10	0.0053	0.0049	0.0033	0.0042	0.0022			0.0012	0.0168	0.0008	0.0047			0.0757		0.0043	0.0079	0.0122	0.0095	0.0000		0.0273	0.0513	0.0786	0.0000		28.9380	8.0510	25.0000	2400.5000	
PIRATA-FR34	st029c01	B	2024-03-10T18:06:49z	 -10.000	 -8.999		  60.0	 9	35.9817	5.103	227.91	 0.01	  0.069	0.055	  0.21	 2.09	0.0556	0.0546	0.0190	0.0624	0.0129			0.0046	0.1887	0.0046	0.0227			0.1387		0.0109	0.0554	0.0663	0.0262	0.0000		0.0782	0.3528	0.4310	0.0055		22.7920	7.9900	25.0000	2384.6000	
PIRATA-FR34	st029c01	B	2024-03-10T18:06:49z	 -10.000	 -8.999		  80.0	 8				 0.28	  6.038	5.755	  0.55	 2.49	0.0496	0.0419	0.0124	0.0845	0.0163	0.0310	0.0030	0.0084	0.0943	0.0012	0.0079			0.0705		0.0644	0.1634	0.2278	0.0346	0.0000		0.1117	0.2906	0.4023	0.0046		19.9760				
PIRATA-FR34	st029c01	B	2024-03-10T18:06:49z	 -10.000	 -8.999		 100.0	 7	35.7912	2.784	124.34	 0.17	 16.947	16.778	  1.14	 4.97	0.0047	0.0038	0.0021	0.0057	0.0047		0.0003	0.0016	0.0141	0.0011	0.0052			0.0633		0.0035	0.0070	0.0105	0.0076	0.0000		0.0236	0.0414	0.0650	0.0014		16.9450	7.7480	25.0000	2367.0200	
PIRATA-FR34	st029c01	B	2024-03-10T18:06:49z	 -10.000	 -8.999		 201.0	 6	35.0037	2.121	 94.72	 0.01	 28.818	28.803	  1.83	11.66																											10.7170	7.5690	25.0000	2322.8300	
PIRATA-FR34	st029c01	B	2024-03-10T18:06:49z	 -10.000	 -8.999		 301.0	 5	34.8539	1.861	 83.11	 0.01	 32.930	32.916	  2.06	14.66																											9.4680	7.5170	25.0000	2316.5100	
PIRATA-FR34	st029c01	B	2024-03-10T18:06:49z	 -10.000	 -8.999		 400.0	 4	34.7583	1.945	 86.85	 0.01	 34.452	34.444	  2.18	16.60																											8.5620	7.5030	25.0000	2314.0100	
PIRATA-FR34	st029c01	B	2024-03-10T18:06:49z	 -10.000	 -8.999		 501.0	 3	34.6628	2.084	 93.08	 0.00	 35.956	35.953	  2.31	19.39																											7.5530	7.4910	25.0000	2309.1600	
PIRATA-FR34	st029c01	B	2024-03-10T18:06:49z	 -10.000	 -8.999		 803.0	 2	34.5037	3.079	137.51	-0.00	 36.531	36.532	  2.44	31.04																											4.7940	7.5220	25.0000	2316.0300	
PIRATA-FR34	st029c01	B	2024-03-10T18:06:49z	 -10.000	 -8.999		1004.0	 1	34.5802	3.612	161.33	-0.00	 33.963	33.966	  2.31	33.29																											4.2600	7.5600	25.0000	2328.0800	
PIRATA-FR34	st030c01	B	2024-03-10T22:06:49z	 -10.000	 -9.500		   3.0	14	36.3561	4.471	199.68																																28.8010	8.0500	25.0000	2398.4500	
PIRATA-FR34	st030c01	B	2024-03-10T22:06:49z	 -10.000	 -9.500		  20.0	13	36.3549	4.465	199.42																																28.7950	8.0500	25.0000	2398.9800	
PIRATA-FR34	st030c01	B	2024-03-10T22:06:49z	 -10.000	 -9.500		  40.0	12																																			28.6900				
PIRATA-FR34	st030c01	B	2024-03-10T22:06:49z	 -10.000	 -9.500		  40.0	11	36.3423	4.508	201.31																																28.6480	8.0490	25.0000	2397.3200	
PIRATA-FR34	st030c01	B	2024-03-10T22:06:49z	 -10.000	 -9.500		  60.0	10	35.9671	4.853	216.72																																21.6610	7.9630	25.0000	2377.2700	
PIRATA-FR34	st030c01	B	2024-03-10T22:06:49z	 -10.000	 -9.500		  80.0	 9																																			19.1600				
PIRATA-FR34	st030c01	B	2024-03-10T22:06:49z	 -10.000	 -9.500		 101.0	 8	36.0724	3.486	155.69																																18.3020	7.8350	25.0000	2379.1200	
PIRATA-FR34	st030c01	B	2024-03-10T22:06:49z	 -10.000	 -9.500		 201.0	 7	35.0636	1.907	 85.15																																11.1960	7.5630	25.0000	2313.8200	
PIRATA-FR34	st030c01	B	2024-03-10T22:06:49z	 -10.000	 -9.500		 301.0	 6	34.9043	1.874	 83.72																																9.8740	7.5300	25.0000	2306.7900	
PIRATA-FR34	st030c01	B	2024-03-10T22:06:49z	 -10.000	 -9.500		 400.0	 5	34.8002	1.422	 63.49																																8.8570	7.4700	25.0000	2303.8100	
PIRATA-FR34	st030c01	B	2024-03-10T22:06:49z	 -10.000	 -9.500		 501.0	 4	35.1496	2.066	 92.29																																7.6180		25.0000		
PIRATA-FR34	st030c01	B	2024-03-10T22:06:49z	 -10.000	 -9.500		 802.0	 3	34.4958	3.054	136.37																																4.8760	7.5210	25.0000	2305.0500	
PIRATA-FR34	st030c01	B	2024-03-10T22:06:49z	 -10.000	 -9.500		1000.0	 2	34.5868	3.643	162.68																																4.2240	7.5660	25.0000	2313.8500	
PIRATA-FR34	st030c01	B	2024-03-10T22:06:49z	 -10.000	 -9.500		1000.0	 1	34.5898	3.647	162.88																																4.2230	7.5680	25.0000	2316.7800	
PIRATA-FR34	st031c01	B	2024-03-11T01:31:03z	  -9.984	 -9.902		   6.0	18	36.3611	4.474	199.83	 0.00	  0.027	0.024	  0.09	 1.12	0.0002	0.0038	0.0044	0.0039	0.0023			0.0014	0.0146	0.0013	0.0041			0.0684		0.0042	0.0045	0.0087	0.0094	0.0000		0.0351	0.0390	0.0741	0.0013		28.6660	8.0470	25.0000	2393.9200	
PIRATA-FR34	st031c01	B	2024-03-11T01:31:03z	  -9.984	 -9.902		  20.0	17	36.3513	4.477	199.92	 0.01	  0.042	0.036	  0.09	 1.10	0.0022	0.0039	0.0045	0.0041	0.0025			0.0013	0.0157	0.0012	0.0042			0.0732		0.0030	0.0032	0.0062	0.0106	0.0000		0.0374	0.0411	0.0785	0.0019		28.6680	8.0470	25.0000	2393.2100	
PIRATA-FR34	st031c01	B	2024-03-11T01:31:03z	  -9.984	 -9.902		  42.0	16	36.1271	5.017	224.04	 0.01	  0.034	0.027	  0.14	 1.47	0.0055	0.0085	0.0060	0.0141	0.0050			0.0017	0.0395	0.0013	0.0067			0.1029		0.0154	0.0212	0.0366	0.0183	0.0000		0.0742	0.0987	0.1729	0.0000		24.9190	8.0170	25.0000	2385.1800	
PIRATA-FR34	st031c01	B	2024-03-11T01:31:03z	  -9.984	 -9.902		  60.0	15	36.7011	5.215	232.89	 0.01	  0.038	0.032	  0.11	 0.86	0.0094	0.0159	0.0080	0.0180	0.0043	0.0017		0.0018	0.0533	0.0043	0.0061			0.0883		0.0225	0.0263	0.0488	0.0230	0.0000		0.1177	0.1138	0.2315	0.0024		22.9060	8.0230	25.0000	2420.4000	
PIRATA-FR34	st031c01	B	2024-03-11T01:31:03z	  -9.984	 -9.902		  80.0	14	36.6574	5.007	223.60	 0.00	  0.033	0.032	  0.15	 1.07	0.0128	0.0186	0.0078	0.0269	0.0045	0.0022		0.0025	0.0610	0.0011	0.0054			0.0968		0.0138	0.0750	0.0888	0.0268	0.0000		0.1118	0.1473	0.2591	0.0030		22.0140				
PIRATA-FR34	st031c01	B	2024-03-11T01:31:03z	  -9.984	 -9.902		 101.0	13	36.3095	4.111	183.62	 0.35	  6.663	6.310	  0.57	 2.30	0.0542	0.0341	0.0048	0.0762	0.0096	0.0150	0.0052	0.0061	0.0989		0.0054			0.0458		0.1105	0.0766	0.1871	0.0348	0.0000		0.1119	0.2181	0.3300	0.0035		19.3610	7.8990	25.0000	2399.2500	
PIRATA-FR34	st031c01	B	2024-03-11T01:31:03z	  -9.984	 -9.902		 101.0	12																																			19.3660				
PIRATA-FR34	st031c01	B	2024-03-11T01:31:03z	  -9.984	 -9.902		 199.0	11	35.0857	2.143	 95.69	 0.00	 27.370	27.369	  1.75	10.58																											11.3540	7.5870	25.0000	2316.1100	
PIRATA-FR34	st031c01	B	2024-03-11T01:31:03z	  -9.984	 -9.902		 300.0	10	34.9121	2.066	 92.25	-0.00	 30.744	30.745	  1.94	13.15																											9.9510	7.5450	25.0000	2306.9500	
PIRATA-FR34	st031c01	B	2024-03-11T01:31:03z	  -9.984	 -9.902		 499.0	 9	34.6694	1.889	 84.36	 0.00	 36.633	36.632	  2.33	19.44																											7.5860	7.4800	25.0000	2297.3100	
PIRATA-FR34	st031c01	B	2024-03-11T01:31:03z	  -9.984	 -9.902		 799.0	 8	34.4989	3.110	138.89	 0.01	 36.372	36.364	  2.42	30.61																											4.8600	7.5260	25.0000	2306.8500	
PIRATA-FR34	st031c01	B	2024-03-11T01:31:03z	  -9.984	 -9.902		 998.0	 7	34.5909	3.621	161.70	 0.02	 33.760	33.744	  2.28	33.19																											4.2320	7.5660	25.0000	2315.6700	
PIRATA-FR34	st031c01	B	2024-03-11T01:31:03z	  -9.984	 -9.902		1499.0	 6	34.9060	4.901	218.86	 0.00	 24.165	24.163	  1.60	22.34																											4.1710	7.6790	25.0000	2322.3600	
PIRATA-FR34	st031c01	B	2024-03-11T01:31:03z	  -9.984	 -9.902		2000.0	 5	34.9313	5.467	244.18	-0.00	 21.845	21.846	  1.45	27.91																											3.3720	7.7130	25.0000	2336.8200	
PIRATA-FR34	st031c01	B	2024-03-11T01:31:03z	  -9.984	 -9.902		2500.0	 4	34.9056	5.472	244.37	-0.00	 22.608	22.608	  1.51	37.63																											2.8510	7.7130	25.0000	2343.7600	
PIRATA-FR34	st031c01	B	2024-03-11T01:31:03z	  -9.984	 -9.902		3000.0	 3	34.8882	5.442	243.03	 0.00	 23.263	23.261	  1.56	45.53																											2.5190	7.7110	25.0000	2357.6100	
PIRATA-FR34	st031c01	B	2024-03-11T01:31:03z	  -9.984	 -9.902		3000.0	 2	34.8903	5.447	243.25	 0.01	 23.277	23.263	  1.56	45.57																											2.5190	7.7120	25.0000	2356.2400	
PIRATA-FR34	st031c01	B	2024-03-11T01:31:03z	  -9.984	 -9.902		3831.0	 1	34.8841	5.431	242.54	 0.02	 23.451	23.435	  1.56	48.19																											2.4680	7.7110	25.0000	2359.2400	
PIRATA-FR34	st032c01	B	2024-03-11T11:29:56z	  -9.988	 -9.911		 250.0	13																																			10.3050				
PIRATA-FR34	st032c01	B	2024-03-11T11:29:56z	  -9.988	 -9.911		 250.0	12																																			10.2990				
PIRATA-FR34	st032c01	B	2024-03-11T11:29:56z	  -9.988	 -9.911		 250.0	11																																			10.3040				
PIRATA-FR34	st032c01	B	2024-03-11T11:29:56z	  -9.988	 -9.911		 250.0	10																																			10.4180				
PIRATA-FR34	st032c01	B	2024-03-11T11:29:56z	  -9.988	 -9.911		 250.0	 9																																			10.4250				
PIRATA-FR34	st032c01	B	2024-03-11T11:29:56z	  -9.988	 -9.911		 250.0	 8																																			10.4340				
PIRATA-FR34	st032c01	B	2024-03-11T11:29:56z	  -9.988	 -9.911		 250.0	 7																																			10.4500				
PIRATA-FR34	st032c01	B	2024-03-11T11:29:56z	  -9.988	 -9.911		 250.0	 6																																			10.4450				
PIRATA-FR34	st032c01	B	2024-03-11T11:29:56z	  -9.988	 -9.911		 250.0	 5																																			10.3880				
PIRATA-FR34	st032c01	B	2024-03-11T11:29:56z	  -9.988	 -9.911		 250.0	 4																																			10.3880				
PIRATA-FR34	st032c01	B	2024-03-11T11:29:56z	  -9.988	 -9.911		 250.0	 3																																			10.2040				
PIRATA-FR34	st032c01	B	2024-03-11T11:29:56z	  -9.988	 -9.911		 250.0	 2																																			10.2050				
PIRATA-FR34	st032c01	B	2024-03-11T11:29:56z	  -9.988	 -9.911		 250.0	 1																																			10.2040				
PIRATA-FR34	st033c01	B	2024-03-14T01:45:01z	  -9.966	-19.925		   2.0	19	36.8664	4.630	206.77	 0.01	  0.028	0.024	  0.15	 0.60	0.0036	0.0032	0.0018	0.0049	0.0039			0.0014	0.0119	0.0007	0.0033			0.0407		0.0032	0.0061	0.0093	0.0059	0.0000		0.0224	0.0329	0.0553	0.0000		26.7840	8.0190	25.0000	2433.7820	
PIRATA-FR34	st033c01	B	2024-03-14T01:45:01z	  -9.966	-19.925		  20.0	18	36.8550	4.650	207.66	 0.01	  0.030	0.024	  0.16	 0.60	0.0038	0.0035	0.0020	0.0046	0.0038			0.0012	0.0127	0.0007	0.0034			0.0448		0.0034	0.0055	0.0089	0.0064	0.0000		0.0233	0.0336	0.0569	0.0000		26.6740	8.0170	25.0000	2431.3530	
PIRATA-FR34	st033c01	B	2024-03-14T01:45:01z	  -9.966	-19.925		  40.0	17																																			25.7360				
PIRATA-FR34	st033c01	B	2024-03-14T01:45:01z	  -9.966	-19.925		  40.0	16	36.7293	4.811	214.87	 0.01	  0.045	0.032	  0.17	 0.53	0.0050	0.0046	0.0030	0.0060	0.0039			0.0013	0.0177	0.0005	0.0041			0.0450		0.0038	0.0064	0.0102	0.0074	0.0000		0.0283	0.0401	0.0684	0.0000		25.7240	8.0110	25.0000	2424.9710	
PIRATA-FR34	st033c01	B	2024-03-14T01:45:01z	  -9.966	-19.925		  60.0	15	36.2717	5.559	248.25	 0.01	  0.023	0.009	  0.18	 0.75	0.0077	0.0075	0.0033	0.0113	0.0050			0.0016	0.0239	0.0007	0.0040			0.0545		0.0048	0.0121	0.0169	0.0095	0.0000		0.0433	0.0591	0.1024	0.0019		21.5550	7.9950	25.0000	2394.1950	
PIRATA-FR34	st033c01	B	2024-03-14T01:45:01z	  -9.966	-19.925		  80.0	14	36.2270	5.484	244.90	 0.01	  0.021	0.011	  0.21	 0.99	0.0129	0.0119	0.0037	0.0173	0.0061	0.0016		0.0020	0.0381	0.0010	0.0039			0.0688		0.0036	0.0357	0.0393	0.0134	0.0000		0.0575	0.0876	0.1451	0.0022		20.0150				
PIRATA-FR34	st033c01	B	2024-03-14T01:45:01z	  -9.966	-19.925		 100.0	13	36.2651	5.187	231.63	 0.02	  0.062	0.045	  0.21	 1.23	0.0208	0.0175	0.0037	0.0282	0.0070	0.0019		0.0019	0.0559	0.0008	0.0043			0.0578		0.0085	0.0651	0.0736	0.0191	0.0000		0.0766	0.1075	0.1841	0.0023		19.6600	7.9660	25.0000	2398.3780	
PIRATA-FR34	st033c01	B	2024-03-14T01:45:01z	  -9.966	-19.925		 100.0	12																																			19.6600				
PIRATA-FR34	st033c01	B	2024-03-14T01:45:01z	  -9.966	-19.925		 200.0	11	35.5770	4.338	193.72	 0.02	  8.963	8.944	  0.69	 3.09																											15.6930	7.8330	25.0000	2343.3810	
PIRATA-FR34	st033c01	B	2024-03-14T01:45:01z	  -9.966	-19.925		 300.0	10	35.0391	3.704	165.40	 0.01	 18.625	18.617	  1.25	 6.61																											11.9570	7.7000	25.0000	2312.8410	
PIRATA-FR34	st033c01	B	2024-03-14T01:45:01z	  -9.966	-19.925		 501.0	 9	34.5641	3.008	134.35	 0.01	 32.402	32.394	  2.13	18.05																											7.2660	7.5420	25.0000	2293.9000	
PIRATA-FR34	st033c01	B	2024-03-14T01:45:01z	  -9.966	-19.925		 801.0	 8	34.4490	3.498	156.23	 0.01	 35.196	35.190	  2.37	31.60																											4.6890	7.5460	25.0000	2305.9210	
PIRATA-FR34	st033c01	B	2024-03-14T01:45:01z	  -9.966	-19.925		1000.0	 7	34.5332	3.815	170.39	 0.00	 33.746	33.743	  2.29	37.01																											3.9500	7.5720	25.0000	2315.7110	
PIRATA-FR34	st033c01	B	2024-03-14T01:45:01z	  -9.966	-19.925		1500.0	 6	34.8351	4.807	214.68	 0.01	 25.887	25.880	  1.73	29.88																											3.6980	7.6680	25.0000	2330.4130	
PIRATA-FR34	st033c01	B	2024-03-14T01:45:01z	  -9.966	-19.925		2000.0	 5	34.8963	5.428	242.40	-0.00	 22.831	22.833	  1.52	32.62																											3.1430	7.7080	25.0000	2337.6200	
PIRATA-FR34	st033c01	B	2024-03-14T01:45:01z	  -9.966	-19.925		2501.0	 4	34.8846	5.513	246.20	-0.00	 22.963	22.964	  1.55	41.52																											2.6560	7.7110	25.0000	2347.7850	
PIRATA-FR34	st033c01	B	2024-03-14T01:45:01z	  -9.966	-19.925		2501.0	 3	34.8858	5.515	246.28	-0.00	 23.038	23.040	  1.54	41.46																											2.6560	7.7110	25.0000	2345.0230	
PIRATA-FR34	st033c01	B	2024-03-14T01:45:01z	  -9.966	-19.925		3000.0	 2	34.8810	5.522	246.60	 0.00	 23.198	23.196	  1.56	45.28																											2.5320	7.7110	25.0000	2347.7990	
PIRATA-FR34	st033c01	B	2024-03-14T01:45:01z	  -9.966	-19.925		3851.0	 1	34.8764	5.437	242.80	-0.00	 23.613	23.617	  1.59	49.68																											2.4460	7.7100	25.0000	2361.3870	
PIRATA-FR34	st034c01	B	2024-03-15T20:30:36z	  -5.783	-16.098		   2.0	10	36.7817	4.680	209.03	 0.00	  0.013	0.012	  0.11	 0.63	0.0053	0.0046	0.0025	0.0067	0.0062	0.0014	0.0024	0.0020	0.0147	0.0005	0.0062			0.0569		0.0042	0.0090	0.0132	0.0080	0.0000		0.0339	0.0531	0.0870	0.0015		26.4550	8.0280	25.0000	2420.4930	
PIRATA-FR34	st034c01	B	2024-03-15T20:30:36z	  -5.783	-16.098		  20.0	 9	36.7477			 0.01	  0.014	0.006	  0.11	 0.62	0.0066	0.0067	0.0042	0.0083	0.0089	0.0017	0.0035	0.0026	0.0189	0.0008	0.0079		0.0007	0.0739		0.0048	0.0154	0.0202	0.0109	0.0000		0.0415	0.0788	0.1203	0.0020		26.1470				
PIRATA-FR34	st034c01	B	2024-03-15T20:30:36z	  -5.783	-16.098		  40.0	 8	36.7131	4.841	216.19	 0.01	  0.020	0.011	  0.13	 0.56	0.0115	0.0099	0.0037	0.0119	0.0129	0.0023	0.0065	0.0038	0.0318	0.0008	0.0091		0.0007	0.0770		0.0063	0.0255	0.0318	0.0139	0.0000		0.0537	0.1144	0.1681	0.0023		25.6120				
PIRATA-FR34	st034c01	B	2024-03-15T20:30:36z	  -5.783	-16.098		  61.0	 7				 0.02	  0.098	0.082	  0.19	 0.58	0.0988	0.0653	0.0105	0.0672	0.2207	0.0126	0.0231	0.0064	0.1333	0.0036	0.0293		0.0015	0.0795		0.0158	0.1112	0.1270	0.0468	0.0000		0.1322	0.7859	0.9181	0.0087		22.1490				
PIRATA-FR34	st034c01	B	2024-03-15T20:30:36z	  -5.783	-16.098		  80.0	 6				 0.31	  3.060	2.747	  0.40	 1.31	0.1524	0.0685	0.0092	0.1026	0.3676	0.0124	0.0087	0.0052	0.1211	0.0044	0.0296			0.0421		0.0329	0.1073	0.1402	0.0454	0.0000		0.0987	0.9774	1.0761	0.0091		19.5910				
PIRATA-FR34	st034c01	B	2024-03-15T20:30:36z	  -5.783	-16.098		 101.0	 5	36.0941	4.513	201.53	 0.28	  7.361	7.086	  0.65	 2.19																											18.3750				
PIRATA-FR34	st034c01	B	2024-03-15T20:30:36z	  -5.783	-16.098		 101.0	 4	36.0891	4.486	200.34	 0.26	  7.520	7.265	  0.65	 2.23	0.0295	0.0153	0.0023	0.0400	0.0337	0.0049	0.0021	0.0014	0.0290		0.0043			0.0114		0.0321	0.0262	0.0583	0.0141	0.0000		0.0372	0.1461	0.1833	0.0035		18.3600				
PIRATA-FR34	st034c01	B	2024-03-15T20:30:36z	  -5.783	-16.098		 151.0	 3	35.7248	3.762	168.01	 0.03	 12.865	12.832	  0.94	 3.94																											16.0520				
PIRATA-FR34	st034c01	B	2024-03-15T20:30:36z	  -5.783	-16.098		 251.0	 2	35.0264	2.128	 95.03	 0.01	 27.156	27.151	  1.77	 9.99																											11.3400	7.5690	25.0000	2307.6060	
PIRATA-FR34	st034c01	B	2024-03-15T20:30:36z	  -5.783	-16.098		 399.0	 1	34.7566	1.835	 81.96	 0.00	 34.259	34.258	  2.21	16.73																											8.5810	7.4900	25.0000	2300.3430	
PIRATA-FR34	st035c01	B	2024-03-15T22:22:49z	  -5.622	-16.003		   3.0	 8	36.7632	4.746	211.94	 0.00	  0.034	0.031	  0.10	 0.67	0.0055	0.0058	0.0056	0.0062	0.0059	0.0013	0.0042	0.0036	0.0196		0.0072			0.0747		0.0040	0.0124	0.0164	0.0119	0.0000		0.0488	0.0672	0.1160	0.0010		26.3930	8.0330	25.0000	2419.5390	
PIRATA-FR34	st035c01	B	2024-03-15T22:22:49z	  -5.622	-16.003		  19.0	 7	36.7558	4.717	210.67	 0.01	  0.025	0.021	  0.11	 0.62	0.0063	0.0063	0.0057	0.0070	0.0077	0.0013	0.0043	0.0037	0.0210		0.0081		0.0007	0.0779		0.0047	0.0128	0.0175	0.0131	0.0000		0.0499	0.0744	0.1243	0.0012		26.1510				
PIRATA-FR34	st035c01	B	2024-03-15T22:22:49z	  -5.622	-16.003		  39.0	 6				 0.01	  0.081	0.068	  0.12	 0.65	0.0392	0.0360	0.0093	0.0350	0.0775	0.0091	0.0286	0.0078	0.1021	0.0010	0.0193		0.0009	0.0824		0.0092	0.1128	0.1220	0.0311	0.0000		0.0988	0.4441	0.5429	0.0034		25.1110				
PIRATA-FR34	st035c01	B	2024-03-15T22:22:49z	  -5.622	-16.003		  61.0	 5				 0.11	  0.802	0.695	  0.20	 0.52	0.1167	0.0709	0.0185	0.1120	0.1664	0.0215	0.0103	0.0076	0.1846	0.0012	0.0229			0.0705	0.0045	0.0349	0.1698	0.2047	0.0457	0.0000		0.1405	0.7049	0.8454	0.0049		20.3190				
PIRATA-FR34	st035c01	B	2024-03-15T22:22:49z	  -5.622	-16.003		  80.0	 4	36.1480	4.955	221.27	 0.95	  4.660	3.711	  0.58	 1.21																											18.9190				
PIRATA-FR34	st035c01	B	2024-03-15T22:22:49z	  -5.622	-16.003		  81.0	 3	36.1495	4.925	219.95	 0.96	  4.883	3.923	  0.58	 1.25	0.0493	0.0439	0.0114	0.0729	0.0573	0.0164	0.0030	0.0050	0.0973	0.0007	0.0078			0.0375		0.0299	0.1187	0.1486	0.0238	0.0000		0.0814	0.2719	0.3533	0.0051		18.9150				
PIRATA-FR34	st035c01	B	2024-03-15T22:22:49z	  -5.622	-16.003		 101.0	 2	36.0824	4.469	199.57	 0.17	  8.051	7.879	  0.67	 2.23	0.0271	0.0156	0.0051	0.0497	0.0149	0.0049	0.0024	0.0022	0.0372	0.0004	0.0040			0.0137		0.0590	0.0205	0.0795	0.0149	0.0000		0.0419	0.1093	0.1512	0.0032		18.3080				
PIRATA-FR34	st035c01	B	2024-03-15T22:22:49z	  -5.622	-16.003		 169.0	 1	35.2899	2.755	123.06	 0.02	 20.870	20.853	  1.37	 6.61																											13.3380				
PIRATA-FR34	st036c01	B	2024-03-15T23:48:37z	  -5.627	-15.914		   3.0	 9	36.7910	4.639	207.18	 0.00	  0.052	0.049	  0.10	 0.68	0.0042	0.0042	0.0047	0.0079	0.0076			0.0025	0.0131	0.0016	0.0056			0.0644		0.0053	0.0049	0.0102	0.0094	0.0000		0.0417	0.0387	0.0804	0.0020		26.5060	8.0260	25.0000	2420.0690	
PIRATA-FR34	st036c01	B	2024-03-15T23:48:37z	  -5.627	-15.914		  20.0	 8	36.7900	4.654	207.85	 0.00	  0.054	0.053	  0.11	 0.67																											26.4170				
PIRATA-FR34	st036c01	B	2024-03-15T23:48:37z	  -5.627	-15.914		  20.0	 7	36.7888	4.660	208.13	 0.00	  0.061	0.059	  0.11	 0.62	0.0059	0.0066	0.0067	0.0102	0.0106	0.0027	0.0032	0.0036	0.0194	0.0016	0.0074			0.0683		0.0031	0.0131	0.0162	0.0113	0.0000		0.0438	0.0694	0.1132	0.0021		26.4240				
PIRATA-FR34	st036c01	B	2024-03-15T23:48:37z	  -5.627	-15.914		  32.0	 6																																			25.3450				
PIRATA-FR34	st036c01	B	2024-03-15T23:48:37z	  -5.627	-15.914		  39.0	 5	36.5297	5.074	226.59	 0.05	  0.364	0.312	  0.15	 0.62	0.0869	0.0556	0.0080	0.0500	0.2013	0.0112	0.0321	0.0075	0.1137	0.0028	0.0257		0.0013	0.0517		0.0084	0.1197	0.1281	0.0000	0.0340		0.0806	0.7204	0.8010	0.0078		23.6970				
PIRATA-FR34	st036c01	B	2024-03-15T23:48:37z	  -5.627	-15.914		  60.0	 4				 0.33	  2.670	2.343	  0.37	 1.07	0.1597	0.0745	0.0111	0.0814	0.4130	0.0131	0.0138	0.0062	0.1129	0.0017	0.0343		0.0010	0.0427		0.0171	0.1152	0.1323	0.0000	0.0417		0.0810	1.0667	1.1477	0.0104		20.8630				
PIRATA-FR34	st036c01	B	2024-03-15T23:48:37z	  -5.627	-15.914		  80.0	 3				 0.75	  6.034	5.283	  0.61	 1.70	0.0473	0.0271	0.0064	0.0591	0.0405	0.0095	0.0021	0.0027	0.0672	0.0012	0.0064		0.0005	0.0261		0.0422	0.0724	0.1146	0.0212	0.0000		0.0659	0.2084	0.2743	0.0046		18.7520				
PIRATA-FR34	st036c01	B	2024-03-15T23:48:37z	  -5.627	-15.914		 101.0	 2	35.9485	4.169	186.18	 0.23	 10.154	9.929	  0.80	 2.89	0.0258	0.0135	0.0043	0.0410	0.0154	0.0048	0.0014	0.0014	0.0334	0.0011	0.0036			0.0109		0.0294	0.0254	0.0548	0.0113	0.0000		0.0308	0.0957	0.1265	0.0030		17.4970	7.8380	25.0000	2363.6880	
PIRATA-FR34	st036c01	B	2024-03-15T23:48:37z	  -5.627	-15.914		 145.0	 1	35.4840	3.028	135.22	 0.02	 18.259	18.235	  1.23	 5.37																											14.5370	7.7040	25.0000	2333.6730	
PIRATA-FR34	st037c01	B	2024-03-16T01:58:30z	  -5.712	-15.848		   3.0	10	36.7943	4.644	207.38	 0.01	  0.045	0.032	  0.11	 0.57	0.0053	0.0039	0.0040	0.0085	0.0075			0.0011	0.0118	0.0008	0.0051			0.0615		0.0037	0.0048	0.0085	0.0082	0.0000		0.0295	0.0335	0.0630	0.0008		26.3750	8.0260	25.0000	2423.6660	
PIRATA-FR34	st037c01	B	2024-03-16T01:58:30z	  -5.712	-15.848		  20.0	 9				 0.02	  0.039	0.020	  0.11	 0.53	0.0055	0.0042	0.0047	0.0084	0.0077			0.0013	0.0121	0.0015	0.0053			0.0639		0.0031	0.0053	0.0084	0.0082	0.0000		0.0283	0.0364	0.0647	0.0007		26.3750				
PIRATA-FR34	st037c01	B	2024-03-16T01:58:30z	  -5.712	-15.848		  40.0	 8	36.7771	4.669	208.51	 0.01	  0.041	0.031	  0.11	 0.55	0.0077	0.0062	0.0050	0.0110	0.0097	0.0016	0.0012	0.0018	0.0192	0.0009	0.0061			0.0720		0.0038	0.0092	0.0130	0.0100	0.0000		0.0421	0.0618	0.1039	0.0013		26.2090				
PIRATA-FR34	st037c01	B	2024-03-16T01:58:30z	  -5.712	-15.848		  40.0	 7	36.7758	4.684	209.20	 0.02	  0.046	0.030	  0.11	 0.55																											26.2090				
PIRATA-FR34	st037c01	B	2024-03-16T01:58:30z	  -5.712	-15.848		  60.0	 6	36.3257			 0.03	  0.110	0.081	  0.14	 0.33	0.0688	0.0440	0.0111	0.0542	0.1100	0.0052	0.0142	0.0054	0.1142	0.0019	0.0205			0.0845		0.0015	0.0589	0.0604	0.0419	0.0000		0.1351	0.4895	0.6246	0.0060		21.7640				
PIRATA-FR34	st037c01	B	2024-03-16T01:58:30z	  -5.712	-15.848		  80.0	 5				 0.32	  2.605	2.288	  0.35	 0.90	0.2477	0.0967	0.0150	0.0869	0.7418	0.0076	0.0083	0.0054	0.1021	0.0013	0.0536			0.0328		0.0216	0.1145	0.1361	0.0574	0.0000		0.0742	1.6584	1.7326	0.0082		20.0220				
PIRATA-FR34	st037c01	B	2024-03-16T01:58:30z	  -5.712	-15.848		 101.0	 4	36.1381	4.933	220.30	 0.56	  4.312	3.749	  0.50	 1.33	0.1271	0.0479	0.0082	0.0695	0.3242	0.0072	0.0034	0.0031	0.0707	0.0008	0.0235			0.0255		0.0281	0.0833	0.1114	0.0000	0.0332		0.0609	0.7630	0.8239	0.0052		19.1810				
PIRATA-FR34	st037c01	B	2024-03-16T01:58:30z	  -5.712	-15.848		 151.0	 3	35.8272	3.883	173.43	 0.15	 12.133	11.980	  0.89	 3.37																											16.8030				
PIRATA-FR34	st037c01	B	2024-03-16T01:58:30z	  -5.712	-15.848		 224.0	 2	35.1958	2.291	102.33	 0.02	 24.756	24.733	  1.58	 7.95																											12.7530	7.6000	25.0000	2316.8090	
PIRATA-FR34	st037c01	B	2024-03-16T01:58:30z	  -5.712	-15.848		 511.0	 1	34.6101	2.298	102.65	 0.02	 36.058	36.035	  2.32	20.90																											6.9520	7.4940	25.0000	2298.6440	
PIRATA-FR34	st038c01	B	2024-03-16T03:42:25z	  -5.825	-15.979		   2.0	10	36.7908	4.632	206.85	 0.01	  0.029	0.017	  0.11	 0.59	0.0065	0.0051	0.0045	0.0092	0.0081	0.0012		0.0009	0.0137		0.0055			0.0700		0.0044	0.0049	0.0093	0.0111	0.0000		0.0412	0.0480	0.0892	0.0010		26.5700	8.0250	25.0000	2420.9730	
PIRATA-FR34	st038c01	B	2024-03-16T03:42:25z	  -5.825	-15.979		  22.0	 9	36.7885	4.642	207.29	 0.01	  0.028	0.016	  0.10	 0.57	0.0075	0.0068	0.0054	0.0107	0.0086	0.0013		0.0009	0.0189	0.0015	0.0052			0.0807		0.0045	0.0054	0.0099	0.0133	0.0000		0.0469	0.0593	0.1062	0.0012		26.4550				
PIRATA-FR34	st038c01	B	2024-03-16T03:42:25z	  -5.825	-15.979		  22.0	 8	36.7867	4.660	208.11	 0.02	  0.027	0.012	  0.12	 0.57																											26.4530				
PIRATA-FR34	st038c01	B	2024-03-16T03:42:25z	  -5.825	-15.979		  42.0	 7	36.7305	4.770	213.03	 0.01	  0.028	0.020	  0.11	 0.52	0.0092	0.0082	0.0056	0.0124	0.0096	0.0014		0.0010	0.0239	0.0015	0.0053			0.0831		0.0062	0.0078	0.0140	0.0156	0.0000		0.0631	0.0729	0.1360	0.0013		25.8890				
PIRATA-FR34	st038c01	B	2024-03-16T03:42:25z	  -5.825	-15.979		  60.0	 6				 0.04	  0.265	0.222	  0.17	 0.50	0.0530	0.0357	0.0152	0.0438	0.0848	0.0054	0.0063	0.0027	0.0852	0.0012	0.0159				0.0879	0.0138	0.0516	0.0654	0.0336	0.0000		0.1157	0.3706	0.4863	0.0038		21.6030				
PIRATA-FR34	st038c01	B	2024-03-16T03:42:25z	  -5.825	-15.979		  79.0	 5				 0.23	  0.843	0.613	  0.29	 0.92	0.0712	0.0481	0.0195	0.0753	0.0536	0.0162	0.0020	0.0051	0.1442	0.0027	0.0137			0.0687		0.0334	0.1308	0.1642	0.0346	0.0000		0.1069	0.4015	0.5084	0.0038		19.2240				
PIRATA-FR34	st038c01	B	2024-03-16T03:42:25z	  -5.825	-15.979		 101.0	 4	36.1551	4.808	214.73	 0.74	  5.094	4.357	  0.52	 1.44	0.0441	0.0306	0.0079	0.0634	0.0186	0.0092	0.0014	0.0020	0.0893	0.0007	0.0058			0.0444		0.0576	0.0789	0.1365	0.0323	0.0000		0.1048	0.2026	0.3074	0.0026		18.8310				
PIRATA-FR34	st038c01	B	2024-03-16T03:42:25z	  -5.825	-15.979		 151.0	 3	35.5493	3.558	158.88	 0.04	 14.916	14.876	  1.02	 4.36																											15.0800				
PIRATA-FR34	st038c01	B	2024-03-16T03:42:25z	  -5.825	-15.979		 250.0	 2	35.0820	2.268	101.29	 0.02	 26.212	26.192	  1.67	 9.48																											11.7770	7.5860	25.0000	2312.9670	
PIRATA-FR34	st038c01	B	2024-03-16T03:42:25z	  -5.825	-15.979		 421.0	 1	34.7359	1.841	 82.22	 0.02	 34.900	34.877	  2.21	16.96																											8.4090	7.4860	25.0000	2303.4140	
PIRATA-FR34	st039c01	B	2024-03-16T05:10:26z	  -5.779	-15.947		   2.0	 9	36.7878	4.639	207.17	 0.02	  0.032	0.015	  0.10	 0.55	0.0053	0.0045	0.0046	0.0086	0.0076			0.0007	0.0119	0.0014	0.0045			0.0610		0.0024	0.0018	0.0042	0.0098	0.0000		0.0349	0.0419	0.0768	0.0012		26.4660	8.0260	25.0000	2422.3050	
PIRATA-FR34	st039c01	B	2024-03-16T05:10:26z	  -5.779	-15.947		  22.0	 8	36.7873	4.635	207.00	 0.02	  0.035	0.015	  0.12	 0.56																											26.4690				
PIRATA-FR34	st039c01	B	2024-03-16T05:10:26z	  -5.779	-15.947		  22.0	 7	36.7879	4.636	207.06	 0.01	  0.033	0.020	  0.11	 0.56	0.0059	0.0050	0.0048	0.0091	0.0080			0.0007	0.0141	0.0013	0.0047			0.0695		0.0025	0.0024	0.0049	0.0111	0.0000		0.0400	0.0463	0.0863	0.0012		26.4700				
PIRATA-FR34	st039c01	B	2024-03-16T05:10:26z	  -5.779	-15.947		  42.0	 6				 0.02	  0.042	0.021	  0.12	 0.54	0.0081	0.0072	0.0058	0.0111	0.0092		0.0005	0.0008	0.0216	0.0014	0.0046			0.0782		0.0049	0.0051	0.0100	0.0138	0.0000		0.0534	0.0667	0.1201	0.0014		26.3380				
PIRATA-FR34	st039c01	B	2024-03-16T05:10:26z	  -5.779	-15.947		  60.0	 5	36.5254	5.010	223.76	 0.07	  0.554	0.488	  0.17	 0.55	0.0695	0.0386	0.0078	0.0422	0.1752	0.0093	0.0110	0.0023	0.0759	0.0005	0.0197			0.0497		0.0129	0.0673	0.0802	0.0000	0.0292		0.0749	0.5461	0.6210	0.0056		23.9980				
PIRATA-FR34	st039c01	B	2024-03-16T05:10:26z	  -5.779	-15.947		  80.0	 4				 0.25	  2.693	2.442	  0.35	 0.96	0.1417	0.0624	0.0114	0.0689	0.3598	0.0126	0.0066	0.0026	0.0958	0.0015	0.0306			0.0356		0.0262	0.0927	0.1189	0.0000	0.0399		0.0755	0.9463	1.0218	0.0064		20.4170				
PIRATA-FR34	st039c01	B	2024-03-16T05:10:26z	  -5.779	-15.947		 100.0	 3	36.0353	4.514	201.58	 0.32	  7.200	6.877	  0.62	 2.07	0.0443	0.0213	0.0053	0.0468	0.0591	0.0079	0.0010	0.0009	0.0495	0.0010	0.0068			0.0213		0.0460	0.0452	0.0912	0.0213	0.0000		0.0596	0.2159	0.2755	0.0035		18.2570				
PIRATA-FR34	st039c01	B	2024-03-16T05:10:26z	  -5.779	-15.947		 150.0	 2	35.4378	3.386	151.23	 0.03	 16.610	16.578	  1.11	 4.94																											14.6950				
PIRATA-FR34	st039c01	B	2024-03-16T05:10:26z	  -5.779	-15.947		 254.0	 1	35.0630	2.295	102.51	 0.03	 26.287	26.261	  1.68	 9.40																											11.6020	7.5850	25.0000	2313.3810	
PIRATA-FR34	st040c01	B	2024-03-21T20:19:23z	  -2.694	 +0.010		   3.0	19																																			30.5080				
PIRATA-FR34	st040c01	B	2024-03-21T20:19:23z	  -2.694	 +0.010		   3.0	18	34.1000	4.459	199.14	 0.02	  0.037	0.015	  0.01	 0.17	0.0088	0.0067	0.0060	0.0087	0.0121	0.0037	0.0002	0.0010	0.0246	0.0025	0.0123			0.0875		0.0022	0.0084	0.0106	0.0150	0.0000		0.0340	0.0899	0.1239	0.0010		30.5050	8.1030	25.0000	2238.6720	
PIRATA-FR34	st040c01	B	2024-03-21T20:19:23z	  -2.694	 +0.010		  20.0	17																																			30.2720				
PIRATA-FR34	st040c01	B	2024-03-21T20:19:23z	  -2.694	 +0.010		  19.0	16	34.2328	4.511	201.48	 0.01	  0.038	0.023	  0.00	 0.24	0.0099	0.0078	0.0049	0.0095	0.0134	0.0040		0.0006	0.0290	0.0022	0.0105			0.0918		0.0035	0.0105	0.0140	0.0185	0.0000		0.0444	0.1078	0.1522	0.0013		30.2660	8.0960	25.0000	2252.2260	
PIRATA-FR34	st040c01	B	2024-03-21T20:19:23z	  -2.694	 +0.010		  40.0	15																																			27.4040				
PIRATA-FR34	st040c01	B	2024-03-21T20:19:23z	  -2.694	 +0.010		  40.0	14	36.1397	4.641	207.25	 0.02	  0.029	0.013	  0.08	 1.07	0.0140	0.0108	0.0057	0.0163	0.0112	0.0036		0.0004	0.0363	0.0016	0.0067		0.0008	0.0969		0.0107	0.0155	0.0262	0.0242	0.0000		0.0934	0.1015	0.1949	0.0020		27.4070	8.0310	25.0000	2387.4910	
PIRATA-FR34	st040c01	B	2024-03-21T20:19:23z	  -2.694	 +0.010		  60.0	13																																			24.9570				
PIRATA-FR34	st040c01	B	2024-03-21T20:19:23z	  -2.694	 +0.010		  60.0	12																																			24.9800				
PIRATA-FR34	st040c01	B	2024-03-21T20:19:23z	  -2.694	 +0.010		  60.0	11	36.4352	4.322	193.04	 0.03	  0.035	0.010	  0.13	 1.34																											24.9420	7.9930	25.0000	2410.0250	
PIRATA-FR34	st040c01	B	2024-03-21T20:19:23z	  -2.694	 +0.010		  60.0	10	36.4350	4.322	193.01	 0.02	  0.040	0.019	  0.14	 1.38	0.0522	0.0347	0.0058	0.0524	0.0112	0.0065	0.0041	0.0018	0.1310	0.0008	0.0090			0.0600		0.0977	0.0517	0.1494	0.0423	0.0000		0.1435	0.2541	0.3976	0.0031		24.9220	7.9950	25.0000	2406.9870	
PIRATA-FR34	st040c01	B	2024-03-21T20:19:23z	  -2.694	 +0.010		  80.0	 9				 0.13	  8.551	8.423	  0.65	 3.13	0.0277	0.0131		0.0390	0.0046	0.0041	0.0017	0.0011	0.0369		0.0035			0.0104		0.0735	0.0244	0.0979	0.0192	0.0000		0.0395	0.0964	0.1359	0.0018		19.2540				
PIRATA-FR34	st040c01	B	2024-03-21T20:19:23z	  -2.694	 +0.010		 100.0	 8																																			16.3300				
PIRATA-FR34	st040c01	B	2024-03-21T20:19:23z	  -2.694	 +0.010		 100.0	 7	35.7285	3.736	166.84	 0.05	 11.840	11.793	  0.85	 4.29	0.0263	0.0122		0.0372	0.0046				0.0362		0.0030			0.0103		0.0742	0.0215	0.0957	0.0188	0.0000		0.0383	0.0934	0.1317	0.0016		16.3280	7.8160	25.0000	2365.4830	
PIRATA-FR34	st040c01	B	2024-03-21T20:19:23z	  -2.694	 +0.010		 200.0	 6	35.5320	2.856	127.55	 0.02	 18.346	18.325	  1.21	 6.37																											14.9380	7.7240	25.0000	2352.0580	
PIRATA-FR34	st040c01	B	2024-03-21T20:19:23z	  -2.694	 +0.010		 351.0	 5	34.9154	1.984	 88.60	 0.03	 31.245	31.215	  1.94	13.61																											9.9240	7.5390	25.0000	2314.1400	
PIRATA-FR34	st040c01	B	2024-03-21T20:19:23z	  -2.694	 +0.010		 500.0	 4	34.5921	2.987	133.39	 0.02	 33.317	33.298	  2.17	20.53																											6.8320	7.5470	25.0000	2306.6030	
PIRATA-FR34	st040c01	B	2024-03-21T20:19:23z	  -2.694	 +0.010		 801.0	 3	34.5067	3.435	153.39	 0.02	 34.745	34.724	  2.32	29.47																											4.9360	7.5520	25.0000	2312.5230	
PIRATA-FR34	st040c01	B	2024-03-21T20:19:23z	  -2.694	 +0.010		1600.0	 2	34.9675	5.379	240.21	 0.02	 21.352	21.329	  1.39	18.11																											4.1140	7.7070	25.0000	2328.4250	
PIRATA-FR34	st040c01	B	2024-03-21T20:19:23z	  -2.694	 +0.010		2000.0	 1	34.9616	5.614	250.74	 0.02	 20.614	20.593	  1.35	20.88																											3.6410	7.7220	25.0000	2335.3290	
PIRATA-FR34	st041c01	B	2024-03-24T03:18:06z	  -9.853	 +0.022		   2.0	 6	35.1941	4.510	201.42	 0.02	  0.039	0.020	  0.03	 0.75	0.0094	0.0098	0.0044	0.0034	0.0176			0.0021	0.0259	0.0057	0.0146			0.0842		0.0047	0.0058	0.0105	0.0000	0.0198		0.0483	0.1165	0.1648	0.0017		29.8780	8.0750	25.0000	2307.9260	
PIRATA-FR34	st041c01	B	2024-03-24T03:18:06z	  -9.853	 +0.022		  41.0	 5				 0.03	  0.051	0.024	  0.06	 1.11	0.0132	0.0120	0.0075	0.0074	0.0049			0.0020	0.0380	0.0040	0.0058			0.0617		0.0124	0.0137	0.0261	0.0210	0.0000		0.0849	0.1136	0.1985	0.0017		27.5900				
PIRATA-FR34	st041c01	B	2024-03-24T03:18:06z	  -9.853	 +0.022		  58.0	 4				 0.15	  1.330	1.177	  0.26	 1.70	0.0611	0.0414	0.0101	0.0784	0.0121	0.0123	0.0058	0.0028	0.1349		0.0109	0.0027		0.0486		0.0600	0.0757	0.1357	0.0378	0.0000		0.1010	0.3084	0.4094	0.0037		23.4950				
PIRATA-FR34	st041c01	B	2024-03-24T03:18:06z	  -9.853	 +0.022		 100.0	 3	35.7569	3.834	171.22	 0.06	 11.061	11.005	  0.81	 4.08	0.0358	0.0174	0.0012	0.0524	0.0091	0.0069	0.0011		0.0460		0.0043			0.0151		0.0704	0.0407	0.1111	0.0247	0.0000		0.0547	0.1270	0.1817	0.0017		16.5300	7.8250	25.0000	2360.6330	
PIRATA-FR34	st041c01	B	2024-03-24T03:18:06z	  -9.853	 +0.022		 201.0	 2	35.4419	2.480	110.76	 0.02	 21.464	21.441	  1.38	 7.53																											14.2630				
PIRATA-FR34	st041c01	B	2024-03-24T03:18:06z	  -9.853	 +0.022		 201.0	 1		2.441	109.03	 0.03	 21.573	21.547	  1.37	 7.49																											14.2690	7.6760	25.0000	2337.1510	
PIRATA-FR34	st042c01	B	2024-03-24T06:05:53z	  -9.852	 +0.021		   2.0	 6	35.2064	4.507	201.31	 0.02	  0.034	0.014	  0.01	 0.67	0.0103	0.0124	0.0053	0.0078	0.0223	0.0059	0.0003		0.0273		0.0146			0.0900		0.0043	0.0076	0.0119	0.0000	0.0247		0.0544	0.1730	0.2274	0.0019		29.8540	8.0750	25.0000	2308.6520	
PIRATA-FR34	st042c01	B	2024-03-24T06:05:53z	  -9.852	 +0.021		  40.0	 5				 0.02	  0.032	0.013	  0.07	 1.11	0.0181	0.0191	0.0085	0.0157	0.0080	0.0059		0.0010	0.0547		0.0066			0.0710		0.0256	0.0163	0.0419	0.0234	0.0000		0.1016	0.1403	0.2419	0.0016		27.2710				
PIRATA-FR34	st042c01	B	2024-03-24T06:05:53z	  -9.852	 +0.021		  61.0	 4				 0.26	  1.737	1.480	  0.27	 1.63	0.0608	0.0398	0.0085	0.0782	0.0136	0.0125	0.0063	0.0018	0.1379		0.0103	0.0011		0.0571		0.0992	0.0875	0.1867	0.0453	0.0000		0.1360	0.2939	0.4299	0.0052		22.8250				
PIRATA-FR34	st042c01	B	2024-03-24T06:05:53z	  -9.852	 +0.021		 100.0	 3	35.7878	3.812	170.24	 0.06	 10.870	10.812	  0.80	 3.94	0.0363	0.0180	0.0017	0.0538	0.0101	0.0072	0.0012	0.0005	0.0477		0.0046			0.0186		0.1076	0.0241	0.1317	0.0266	0.0000		0.0622	0.1326	0.1948	0.0019		16.7190	7.8310	25.0000	2365.3650	
PIRATA-FR34	st042c01	B	2024-03-24T06:05:53z	  -9.852	 +0.021		 200.0	 2	35.4834	2.692	120.23	 0.02	 19.744	19.722	  1.28	 6.86																											14.5530				
PIRATA-FR34	st042c01	B	2024-03-24T06:05:53z	  -9.852	 +0.021		 200.0	 1	35.4844	2.708	120.94	 0.02	 19.789	19.764	  1.28	 6.85																											14.5570	7.7030	25.0000	2339.9820	
PIRATA-FR34	st043c01	B	2024-03-24T09:07:17z	  -9.853	 +0.020		   2.0	 6	35.2514	4.517	201.71	 0.02	  0.035	0.015	  0.02	 0.69	0.0095	0.0116	0.0043	0.0080	0.0193	0.0055		0.0018	0.0259	0.0031	0.0198		0.0035	0.0895		0.0060	0.0082	0.0142	0.0000	0.0214		0.0598	0.1500	0.2098	0.0017		29.8700	8.0740	25.0000	2312.4630	
PIRATA-FR34	st043c01	B	2024-03-24T09:07:17z	  -9.853	 +0.020		  40.0	 5				 0.02	  0.037	0.013	  0.05	 1.07	0.0150	0.0161	0.0113	0.0120	0.0099			0.0027	0.0500	0.0033	0.0066		0.0017	0.0790		0.0160	0.0187	0.0347	0.0241	0.0000		0.1039	0.1611	0.2650	0.0022		27.9400				
PIRATA-FR34	st043c01	B	2024-03-24T09:07:17z	  -9.853	 +0.020		  60.0	 4				 0.04	  0.283	0.238	  0.15	 1.36	0.0429	0.0346	0.0105	0.0411	0.0122	0.0066	0.0022	0.0019	0.1131	0.0014	0.0083	0.0023	0.0017	0.0708		0.0927	0.0738	0.1665	0.0450	0.0000		0.1540	0.2431	0.3971	0.0037		25.0050				
PIRATA-FR34	st043c01	B	2024-03-24T09:07:17z	  -9.853	 +0.020		 100.0	 3	35.8359	3.639	162.53	 0.06	 11.196	11.134	  0.81	 3.93	0.0429	0.0229	0.0044	0.0626	0.0120	0.0052	0.0019	0.0014	0.0598		0.0056	0.0006		0.0234		0.0867	0.0250	0.1117	0.0240	0.0000		0.0606	0.1654	0.2260	0.0024		17.2070	7.8240	25.0000	2366.8280	
PIRATA-FR34	st043c01	B	2024-03-24T09:07:17z	  -9.853	 +0.020		 200.0	 2	35.4678	2.607	116.41	 0.02	 20.313	20.288	  1.31	 7.04																											14.4480				
PIRATA-FR34	st043c01	B	2024-03-24T09:07:17z	  -9.853	 +0.020		 200.0	 1	35.4680	2.619	116.98	 0.03	 20.311	20.284	  1.31	 7.04																											14.4450	7.6930	25.0000	2340.3220	
PIRATA-FR34	st044c01	B	2024-03-24T12:08:51z	  -9.851	 +0.014		   1.0	 6	35.1938	4.534	202.50	 0.03	  0.165	0.139	  0.01	 0.63	0.0051	0.0119	0.0093	0.0055	0.0178			0.0026	0.0225		0.0235		0.0079	0.0940		0.0031	0.0037	0.0068	0.0000	0.0241		0.0515	0.1473	0.1988	0.0026		30.0380	8.0740	25.0000	2307.8970	
PIRATA-FR34	st044c01	B	2024-03-24T12:08:51z	  -9.851	 +0.014		  42.0	 5				 0.02	  0.058	0.041	  0.07	 1.07	0.0115	0.0187	0.0109	0.0150	0.0093			0.0021	0.0457		0.0105		0.0014	0.0864		0.0188	0.0149	0.0337	0.0285	0.0000		0.1216	0.1311	0.2527	0.0034		27.5820				
PIRATA-FR34	st044c01	B	2024-03-24T12:08:51z	  -9.851	 +0.014		  61.0	 4				 0.17	  1.457	1.292	  0.55	 1.73	0.0752	0.0638	0.0202	0.0927	0.0226	0.0137	0.0068	0.0040	0.1776	0.0016	0.0180	0.0048	0.0022	0.0871		0.1091	0.1105	0.2196	0.0601	0.0000		0.1758	0.3773	0.5531	0.0058		23.5010				
PIRATA-FR34	st044c01	B	2024-03-24T12:08:51z	  -9.851	 +0.014		 100.0	 3	35.7766	3.790	169.26	 0.06	 11.007	10.948	  0.80	 3.98	0.0297	0.0211	0.0053	0.0489	0.0107	0.0037	0.0015	0.0013	0.0453		0.0051			0.0182		0.0921	0.0308	0.1229	0.0270	0.0000		0.0578	0.1141	0.1719	0.0019		16.6760	7.8260	25.0000	2362.9280	
PIRATA-FR34	st044c01	B	2024-03-24T12:08:51z	  -9.851	 +0.014		 200.0	 2	35.4678	2.610	116.58	 0.03	 20.200	20.173	  1.32	 7.06																											14.4310				
PIRATA-FR34	st044c01	B	2024-03-24T12:08:51z	  -9.851	 +0.014		 200.0	 1	35.4677	2.632	117.52	 0.03	 20.421	20.392	  1.32	 7.07																											14.4480	7.6930	25.0000	2339.4230	
PIRATA-FR34	st045c01	B	2024-03-24T15:07:18z	  -9.850	 +0.013		   2.0	 7	35.1928			 0.02	  0.070	0.049	  0.01	 0.67	0.0092	0.0136	0.0107	0.0056	0.0191			0.0035	0.0255		0.0217		0.0022	0.1075		0.0029	0.0045	0.0074	0.0000	0.0300		0.0475	0.1895	0.2370	0.0037		30.2420	8.0740	25.0000	2309.0630	
PIRATA-FR34	st045c01	B	2024-03-24T15:07:18z	  -9.850	 +0.013		  40.0	 6		4.474	199.80	 0.02	  0.032	0.011	  0.03	 0.95	0.0133	0.0188	0.0141	0.0093	0.0089	0.0026		0.0027	0.0416	0.0021	0.0092	0.0011	0.0008	0.1076		0.0110	0.0144	0.0254	0.0276	0.0000		0.1104	0.1273	0.2377	0.0025		28.3640				
PIRATA-FR34	st045c01	B	2024-03-24T15:07:18z	  -9.850	 +0.013		  60.0	 5				 0.03	  0.039	0.011	  0.13	 1.24	0.0300	0.0287	0.0092	0.0301	0.0096	0.0025		0.0012	0.0815	0.0022	0.0078			0.1031		0.0467	0.0921	0.1388	0.0454	0.0000		0.1599	0.1767	0.3366	0.0046		25.3780				
PIRATA-FR34	st045c01	B	2024-03-24T15:07:18z	  -9.850	 +0.013		 101.0	 4																																			16.9730				
PIRATA-FR34	st045c01	B	2024-03-24T15:07:18z	  -9.850	 +0.013		 101.0	 3	35.8094	3.789	169.21	 0.06	 10.690	10.631	  0.79	 3.86	0.0418	0.0263	0.0058	0.0634	0.0146	0.0036	0.0027	0.0021	0.0606	0.0013	0.0060	0.0006		0.0221		0.1092	0.0240	0.1332	0.0279	0.0000		0.0679	0.1524	0.2203	0.0023		16.9400	7.8320	25.0000	2368.3250	
PIRATA-FR34	st045c01	B	2024-03-24T15:07:18z	  -9.850	 +0.013		 199.0	 2	35.4168	2.229	 99.53	 0.03	 22.643	22.612	  1.44	 7.84																											14.0820				
PIRATA-FR34	st045c01	B	2024-03-24T15:07:18z	  -9.850	 +0.013		 199.0	 1	35.4171	2.247	100.35	 0.04	 22.827	22.791	  1.46	 7.85																											14.0580	7.6550	25.0000	2338.7410	
PIRATA-FR34	st046c01	B	2024-03-24T18:03:31z	  -9.857	 +0.017		   2.0	 6	35.0438	4.483	200.22	 0.02	  0.179	0.158	  0.01	 0.66	0.0125	0.0159	0.0099	0.0101	0.0254	0.0024		0.0028	0.0305	0.0014	0.0140		0.0011	0.0932		0.0063	0.0082	0.0145	0.0000	0.0211		0.0502	0.1486	0.1988	0.0018		29.9690	8.0760	25.0000	2297.5910	
PIRATA-FR34	st046c01	B	2024-03-24T18:03:31z	  -9.857	 +0.017		  41.0	 5				 0.02	  0.044	0.024	  0.05	 1.04	0.0132	0.0175	0.0148	0.0131	0.0105	0.0029		0.0026	0.0339	0.0008	0.0072	0.0010	0.0006	0.1056		0.0190	0.0172	0.0362	0.0294	0.0000		0.1227	0.1229	0.2456	0.0021		27.6620				
PIRATA-FR34	st046c01	B	2024-03-24T18:03:31z	  -9.857	 +0.017		  61.0	 4				 0.23	  1.817	1.588	  0.26	 1.66	0.0675	0.0531	0.0143	0.0896	0.0201	0.0093	0.0122	0.0038	0.1424	0.0018	0.0121	0.0037		0.0862		0.1130	0.1127	0.2257	0.0577	0.0000		0.1763	0.3521	0.5284	0.0068		23.2370				
PIRATA-FR34	st046c01	B	2024-03-24T18:03:31z	  -9.857	 +0.017		 101.0	 3	35.8162	3.714	165.88	 0.06	 11.087	11.028	  0.81	 3.92	0.0377	0.0251	0.0059	0.0612	0.0147	0.0036	0.0048		0.0537	0.0004	0.0059	0.0017		0.0223		0.0752	0.0387	0.1139	0.0270	0.0000		0.0639	0.1472	0.2111	0.0021		17.0820	7.8260	25.0000	2365.6640	
PIRATA-FR34	st046c01	B	2024-03-24T18:03:31z	  -9.857	 +0.017		 200.0	 2	35.4778	2.691	120.16	 0.03	 19.820	19.787	  1.29	 6.87																											14.5080				
PIRATA-FR34	st046c01	B	2024-03-24T18:03:31z	  -9.857	 +0.017		 200.0	 1	35.4776	2.682	119.78	 0.03	 19.897	19.870	  1.29	 6.87																											14.5120	7.7000	25.0000	2342.5390	
PIRATA-FR34	st047c01	B	2024-03-24T21:03:34z	  -9.853	 +0.015		   3.0	 6	35.1125	4.474	199.80	 0.01	  0.048	0.039	  0.01	 0.73	0.0109	0.0149	0.0090	0.0093	0.0242			0.0015	0.0259	0.0010	0.0127			0.0904		0.0054	0.0080	0.0134	0.0000	0.0243		0.0492	0.1551	0.2043	0.0020		30.1610	8.0760	25.0000	2302.8890	
PIRATA-FR34	st047c01	B	2024-03-24T21:03:34z	  -9.853	 +0.015		  40.0	 5				 0.01	  0.025	0.016	  0.05	 1.19	0.0123	0.0157	0.0134	0.0114	0.0092			0.0012	0.0312	0.0021	0.0066	0.0020		0.0850		0.0207	0.0112	0.0319	0.0244	0.0000		0.1035	0.1037	0.2072	0.0021		27.6610				
PIRATA-FR34	st047c01	B	2024-03-24T21:03:34z	  -9.853	 +0.015		  60.0	 4				 0.20	  1.913	1.709	  0.27	 1.79	0.0564	0.0480	0.0144	0.0820	0.0195	0.0103	0.0113	0.0031	0.1272	0.0008	0.0120	0.0035		0.0852		0.1497	0.0852	0.2349	0.0577	0.0000		0.1888	0.3221	0.5109	0.0064		23.1820				
PIRATA-FR34	st047c01	B	2024-03-24T21:03:34z	  -9.853	 +0.015		 100.0	 3	35.7990	3.731	166.61	 0.05	 10.950	10.901	  0.80	 4.04	0.0372	0.0229	0.0055	0.0563	0.0132	0.0021	0.0035	0.0008	0.0474		0.0056			0.0196		0.1006	0.0189	0.1195	0.0262	0.0000		0.0650	0.1328	0.1978	0.0023		16.9790	7.8230	25.0000	2366.5090	
PIRATA-FR34	st047c01	B	2024-03-24T21:03:34z	  -9.853	 +0.015		 200.0	 2	35.4626	2.615	116.81	 0.02	 20.269	20.251	  1.32	 7.25																											14.4100				
PIRATA-FR34	st047c01	B	2024-03-24T21:03:34z	  -9.853	 +0.015		 200.0	 1	35.4661	2.588	115.60	 0.01	 20.302	20.288	  1.33	 7.22																											14.4180	7.6900	25.0000	2340.4180	
PIRATA-FR34	st048c01	B	2024-03-25T00:08:03z	  -9.850	 +0.015		   2.0	 6	34.8130	4.453	198.86	 0.01	  0.063	0.054	  0.01	 0.70	0.0123	0.0158	0.0108	0.0093	0.0264			0.0015	0.0263	0.0020	0.0117			0.0860		0.0068	0.0060	0.0128	0.0000	0.0238		0.0528	0.1550	0.2078	0.0020		29.9380	8.0730	25.0000	2281.1520	
PIRATA-FR34	st048c01	B	2024-03-25T00:08:03z	  -9.850	 +0.015		  40.0	 5				 0.01	  0.018	0.005	  0.04	 1.06	0.0130	0.0163	0.0139	0.0113	0.0092			0.0012	0.0344	0.0017	0.0070			0.0862		0.0154	0.0135	0.0289	0.0254	0.0000		0.1123	0.1140	0.2263	0.0021		28.2430				
PIRATA-FR34	st048c01	B	2024-03-25T00:08:03z	  -9.850	 +0.015		  61.0	 4				 0.15	  1.334	1.179	  0.23	 1.70	0.0572	0.0446	0.0145	0.0711	0.0174	0.0060	0.0083	0.0027	0.1200	0.0013	0.0115	0.0042		0.0786		0.0934	0.0969	0.1903	0.0502	0.0000		0.1722	0.2950	0.4672	0.0046		23.3230				
PIRATA-FR34	st048c01	B	2024-03-25T00:08:03z	  -9.850	 +0.015		  99.0	 3	35.7468	3.821	170.63	 0.05	 11.146	11.099	  0.81	 4.19	0.0285	0.0194		0.0460	0.0103	0.0019	0.0012	0.0006	0.0381		0.0047			0.0148		0.0892	0.0172	0.1064	0.0241	0.0000		0.0557	0.1043	0.1600	0.0020		16.5300	7.8210	25.0000	2360.6660	
PIRATA-FR34	st048c01	B	2024-03-25T00:08:03z	  -9.850	 +0.015		 200.0	 2	35.4425	2.430	108.54	 0.02	 21.407	21.390	  1.39	 7.58																											14.2720				
PIRATA-FR34	st048c01	B	2024-03-25T00:08:03z	  -9.850	 +0.015		 200.0	 1	35.4429	2.455	109.64	 0.02	 21.474	21.454	  1.38	 7.56																											14.2590	7.6700	25.0000	2335.6380	
PIRATA-FR34	st049c01	B	2024-03-25T03:06:16z	  -9.851	 +0.014		   2.0	 6	35.1089	4.472	199.70	 0.07	  1.803	1.732	  0.19	 0.92	0.0111	0.0164	0.0079	0.0089	0.0273	0.0010		0.0013	0.0238	0.0043	0.0136			0.0880		0.0137	0.0095	0.0232	0.0000	0.0234		0.0647	0.1394	0.2041	0.0018		29.8730	8.0750	25.0000	2305.3500	
PIRATA-FR34	st049c01	B	2024-03-25T03:06:16z	  -9.851	 +0.014		  41.0	 5				 0.01	  0.032	0.026	  0.05	 1.09	0.0132	0.0154	0.0098	0.0120	0.0082			0.0010	0.0327	0.0012	0.0059			0.0784		0.0263	0.0161	0.0424	0.0245	0.0000		0.1172	0.1004	0.2176	0.0021		27.5970				
PIRATA-FR34	st049c01	B	2024-03-25T03:06:16z	  -9.851	 +0.014		  60.0	 4				 0.25	  2.341	2.096	  0.29	 1.81	0.0649	0.0456	0.0106	0.0794	0.0178	0.0083	0.0091	0.0026	0.1266	0.0011	0.0113	0.0040		0.0632		0.1210	0.1003	0.2213	0.0499	0.0000		0.1576	0.3150	0.4726	0.0052		22.9250				
PIRATA-FR34	st049c01	B	2024-03-25T03:06:16z	  -9.851	 +0.014		 100.0	 3	35.6878	3.759	167.86	 0.04	 12.118	12.077	  0.87	 4.57	0.0290	0.0170		0.0423	0.0071	0.0017	0.0011	0.0005	0.0381	0.0007	0.0047			0.0113		0.0797	0.0177	0.0974	0.0210	0.0000		0.0471	0.1001	0.1472	0.0025		16.1610	7.8090	25.0000	2358.7060	
PIRATA-FR34	st049c01	B	2024-03-25T03:06:16z	  -9.851	 +0.014		 200.0	 2	35.3976	2.232	 99.68	 0.02	 22.981	22.965	  1.47	 8.15																											13.9140				
PIRATA-FR34	st049c01	B	2024-03-25T03:06:16z	  -9.851	 +0.014		 200.0	 1	35.3978	2.238	 99.94	 0.02	 23.015	22.998	  1.48	 8.16																											13.9130	7.6450	25.0000	2333.5860	
PIRATA-FR34	st050c01	B	2024-03-25T06:02:27z	  -9.853	 +0.013		   2.0	 6	35.1753	4.480	200.10	 0.01	  0.015	0.007	  0.01	 0.69	0.0112	0.0164	0.0064	0.0059	0.0271			0.0019	0.0264	0.0029	0.0136			0.0845		0.0106	0.0099	0.0205	0.0000	0.0255		0.0701	0.1650	0.2351	0.0026		29.8440	8.0710	25.0000	2307.6100	
PIRATA-FR34	st050c01	B	2024-03-25T06:02:27z	  -9.853	 +0.013		  41.0	 5				 0.01	  0.015	0.008	  0.04	 1.09	0.0135	0.0160	0.0091	0.0094	0.0073	0.0009		0.0015	0.0348	0.0022	0.0057	0.0006		0.0787		0.0205	0.0166	0.0371	0.0239	0.0000		0.1144	0.1076	0.2220	0.0022		27.7040				
PIRATA-FR34	st050c01	B	2024-03-25T06:02:27z	  -9.853	 +0.013		  60.0	 4				 0.24	  2.327	2.090	  0.29	 1.81	0.0683	0.0469	0.0102	0.0763	0.0170	0.0137	0.0107	0.0023	0.1281	0.0008	0.0114	0.0024		0.0764		0.1427	0.1163	0.2590	0.0590	0.0000		0.1943	0.3309	0.5252	0.0067		22.9640				
PIRATA-FR34	st050c01	B	2024-03-25T06:02:27z	  -9.853	 +0.013		 100.0	 3	35.7760	3.772	168.47	 0.05	 10.948	10.896	  0.81	 4.06	0.0331	0.0193	0.0017	0.0480	0.0099	0.0054	0.0027	0.0006	0.0418	0.0004	0.0050			0.0166		0.0968	0.0179	0.1147	0.0256	0.0000		0.0614	0.1147	0.1761	0.0026		16.7490	7.8240	25.0000	2363.2170	
PIRATA-FR34	st050c01	B	2024-03-25T06:02:27z	  -9.853	 +0.013		 201.0	 2	35.4206	2.256	100.74	 0.02	 22.397	22.380	  1.44	 7.91																											14.0980				
PIRATA-FR34	st050c01	B	2024-03-25T06:02:27z	  -9.853	 +0.013		 200.0	 1	35.4210	2.262	101.02	 0.02	 22.380	22.360	  1.44	 7.91																											14.1010	7.6550	25.0000	2334.3110	
PIRATA-FR34	st051c01	B	2024-03-25T09:03:43z	  -9.850	 +0.012		   2.0	 6	35.1219	4.507	201.29	 0.01	  0.038	0.029	  0.00	 0.70	0.0111	0.0161	0.0066	0.0076	0.0272	0.0039		0.0029	0.0259	0.0013	0.0242		0.0034	0.0939		0.0058	0.0044	0.0102	0.0000	0.0255		0.0752	0.1583	0.2335	0.0021		29.8130	8.0740	25.0000	2302.8250	
PIRATA-FR34	st051c01	B	2024-03-25T09:03:43z	  -9.850	 +0.012		  40.0	 5				 0.01	  0.027	0.019	  0.05	 1.13	0.0151	0.0181	0.0088	0.0128	0.0084		0.0046	0.0017	0.0408	0.0010	0.0074		0.0013	0.0853		0.0171	0.0107	0.0278	0.0265	0.0000		0.1211	0.1240	0.2451	0.0023		27.7900				
PIRATA-FR34	st051c01	B	2024-03-25T09:03:43z	  -9.850	 +0.012		  60.0	 4				 0.25	  2.260	2.014	  0.28	 1.84	0.0742	0.0545	0.0140	0.0857	0.0209	0.0145	0.0111	0.0037	0.1562	0.0018	0.0125	0.0039	0.0016	0.0839		0.1457	0.1065	0.2522	0.0637	0.0000		0.2036	0.3754	0.5790	0.0056		23.0270				
PIRATA-FR34	st051c01	B	2024-03-25T09:03:43z	  -9.850	 +0.012		 100.0	 3	35.7926	3.763	168.03	 0.05	 10.823	10.770	  0.79	 4.02				0.0029	0.0018				0.0042	0.0004				0.0007					0.0000	0.0000		0.0005	0.0030	0.0035	0.0016		16.8920	7.8250	25.0000	2362.8970	
PIRATA-FR34	st051c01	B	2024-03-25T09:03:43z	  -9.850	 +0.012		 200.0	 2	35.4398	2.400	107.20	 0.01	 21.349	21.334	  1.39	 7.62																											14.2300				
PIRATA-FR34	st051c01	B	2024-03-25T09:03:43z	  -9.850	 +0.012		 200.0	 1	35.4416	2.492	111.29	 0.02	 21.361	21.339	  1.39	 7.62																											14.2260	7.6700	25.0000	2339.3890	
PIRATA-FR34	st052c01	B	2024-03-25T12:13:16z	  -9.846	 +0.011		   2.0	 6																																			29.9570				
PIRATA-FR34	st052c01	B	2024-03-25T12:13:16z	  -9.846	 +0.011		  39.0	 5				 0.01	  0.059	0.049	  0.03	 1.02	0.0069	0.0164	0.0086	0.0112	0.0089			0.0018	0.0450	0.0012	0.0116	0.0029	0.0016	0.0960		0.0122	0.0134	0.0256	0.0278	0.0000		0.1250	0.1357	0.2607	0.0028		28.3360				
PIRATA-FR34	st052c01	B	2024-03-25T12:13:16z	  -9.846	 +0.011		  59.0	 4				 0.02	  0.135	0.115	  0.12	 1.34	0.0311	0.0329	0.0068	0.0490	0.0141	0.0033	0.0033	0.0018	0.1082	0.0011	0.0121	0.0024	0.0013	0.0961		0.0846	0.0980	0.1826	0.0556	0.0000		0.2023	0.2392	0.4415	0.0070		25.2150				
PIRATA-FR34	st052c01	B	2024-03-25T12:13:16z	  -9.846	 +0.011		 100.0	 3	35.8109	3.677	164.24	 0.06	 11.144	11.089	  0.81	 4.04	0.0243	0.0170	0.0027	0.0496	0.0110	0.0017	0.0021	0.0006	0.0473	0.0005	0.0059	0.0011		0.0156		0.0715	0.0314	0.1029	0.0251	0.0000		0.0532	0.1228	0.1760	0.0043		17.1040	7.8220	25.0000	2368.1890	
PIRATA-FR34	st052c01	B	2024-03-25T12:13:16z	  -9.846	 +0.011		 199.0	 2	35.4163	2.256	100.75	 0.02	 22.317	22.295	  1.44	 7.91																											14.0550				
PIRATA-FR34	st052c01	B	2024-03-25T12:13:16z	  -9.846	 +0.011		 199.0	 1	35.4189	2.259	100.88	 0.02	 22.406	22.387	  1.44	 7.90																											14.0560	7.6550	25.0000	2337.2670	
PIRATA-FR34	st053c01	B	2024-03-25T15:06:58z	  -9.850	 +0.012		   2.0	 7																																			30.5200				
PIRATA-FR34	st053c01	B	2024-03-25T15:06:58z	  -9.850	 +0.012		   2.0	 6	35.7653	4.499	200.93	 0.01	  0.006	-0.008	  0.08	 0.78	0.0048	0.0081	0.0054	0.0051	0.0160			0.0017	0.0193	0.0008	0.0182		0.0063	0.0833		0.0069	0.0121	0.0190	0.0000	0.0175		0.0572	0.1101	0.1673	0.0028		30.5230	8.0760	25.0000	2302.8410	
PIRATA-FR34	st053c01	B	2024-03-25T15:06:58z	  -9.850	 +0.012		  40.0	 5				 0.01	  0.022	0.014	  0.03	 0.90	0.0100	0.0177	0.0139	0.0118	0.0120			0.0019	0.0412	0.0031	0.0119	0.0012	0.0021	0.1209		0.0146	0.0232	0.0378	0.0334	0.0000		0.1334	0.1598	0.2932	0.0031		28.5350				
PIRATA-FR34	st053c01	B	2024-03-25T15:06:58z	  -9.850	 +0.012		  60.0	 4				 0.02	  0.078	0.058	  0.20	 1.30	0.0254	0.0251	0.0081	0.0299	0.0103	0.0054	0.0023	0.0017	0.0888	0.0022	0.0103	0.0010	0.0015	0.1027		0.0420	0.0770	0.1190	0.0445	0.0000		0.1766	0.1917	0.3683	0.0041		25.5600				
PIRATA-FR34	st053c01	B	2024-03-25T15:06:58z	  -9.850	 +0.012		 100.0	 3	35.1235	3.808	170.05	 0.05	 10.789	10.739	  0.81	 4.11	0.0282	0.0171	0.0023	0.0503	0.0102	0.0018	0.0016	0.0006	0.0471		0.0045	0.0005		0.0154		0.1147	0.0190	0.1337	0.0289	0.0000		0.0664	0.1284	0.1948	0.0035		16.6280	7.8250	25.0000	2367.7560	
PIRATA-FR34	st053c01	B	2024-03-25T15:06:58z	  -9.850	 +0.012		 202.0	 2	35.3586	2.064	 92.19	 0.02	 24.077	24.061	  1.55	 8.69																											13.5660				
PIRATA-FR34	st053c01	B	2024-03-25T15:06:58z	  -9.850	 +0.012		 202.0	 1	35.3610	2.069	 92.41	 0.02	 24.078	24.060	  1.55	 8.65																											13.5680	7.6260	25.0000	2337.6200	
PIRATA-FR34	st054c01	B	2024-03-25T18:07:13z	  -9.849	 +0.011		   2.0	17	35.1029	4.508	201.34	 0.01	  0.019	0.005	  0.00	 0.66	0.0063	0.0100	0.0059	0.0062	0.0246	0.0009		0.0018	0.0225	0.0020	0.0188			0.0918		0.0041	0.0063	0.0104	0.0213	0.0000		0.0537	0.1435	0.1972	0.0029		30.3130	8.0770	25.0000	2304.8530	
PIRATA-FR34	st054c01	B	2024-03-25T18:07:13z	  -9.849	 +0.011		  40.0	16				 0.01	  0.018	0.011	  0.03	 0.99	0.0108	0.0166	0.0151	0.0122	0.0098	0.0018		0.0015	0.0464	0.0016	0.0106	0.0012		0.1120		0.0152	0.0135	0.0287	0.0295	0.0000		0.1206	0.1439	0.2645	0.0037		28.1560				
PIRATA-FR34	st054c01	B	2024-03-25T18:07:13z	  -9.849	 +0.011		  61.0	15				 0.22	  2.126	1.902	  0.28	 1.77	0.0585	0.0510	0.0095	0.0844	0.0169	0.0100	0.0140	0.0039	0.1333	0.0008	0.0128	0.0024		0.1141		0.1327	0.1284	0.2611	0.0667	0.0000		0.2233	0.3382	0.5615	0.0063		23.0120				
PIRATA-FR34	st054c01	B	2024-03-25T18:07:13z	  -9.849	 +0.011		 101.0	14	35.7886	3.774	168.53	 0.06	 10.875	10.818	  0.80	 4.01	0.0304	0.0202	0.0023	0.0510	0.0098	0.0018	0.0042	0.0006	0.0465	0.0005	0.0058			0.0160		0.0987	0.0214	0.1201	0.0265	0.0000		0.0649	0.1237	0.1886	0.0034		16.8550	7.8240	25.0000	2367.5770	
PIRATA-FR34	st054c01	B	2024-03-25T18:07:13z	  -9.849	 +0.011		 202.0	13	35.3648	2.048	 91.44	 0.01	 23.835	23.821	  1.53	 8.54																											13.5980				
PIRATA-FR34	st054c01	B	2024-03-25T18:07:13z	  -9.849	 +0.011		 202.0	12																																			13.5970				
PIRATA-FR34	st054c01	B	2024-03-25T18:07:13z	  -9.849	 +0.011		 202.0	11	35.3658	2.066	 92.28	 0.02	 23.878	23.858	  1.53	 8.54																											13.6000	7.6260	25.0000	2334.9050	
PIRATA-FR34	st054c01	B	2024-03-25T18:07:13z	  -9.849	 +0.011		 202.0	10	35.3666	2.081	 92.95	 0.01	 23.957	23.943	  1.53	 8.56																											13.6010	7.6280	25.0000	2336.3260	
PIRATA-FR34	st054c01	B	2024-03-25T18:07:13z	  -9.849	 +0.011		 202.0	 9	35.3672	2.060	 91.98	 0.02	 23.875	23.859	  1.53	 8.53																											13.5990	7.6280	25.0000	2333.5360	
PIRATA-FR34	st054c01	B	2024-03-25T18:07:13z	  -9.849	 +0.011		 202.0	 8	35.3697	2.072	 92.56	 0.02	 23.859	23.844	  1.53	 8.55																											13.6020	7.6290	25.0000	2336.7600	
PIRATA-FR34	st054c01	B	2024-03-25T18:07:13z	  -9.849	 +0.011		 202.0	 7	35.3719	2.103	 93.94	 0.01	 23.806	23.792	  1.52	 8.50																											13.6040	7.6270	25.0000	2337.3940	
PIRATA-FR34	st054c01	B	2024-03-25T18:07:13z	  -9.849	 +0.011		 202.0	 6	35.3732	2.078	 92.79	 0.02	 23.706	23.690	  1.52	 8.49																											13.6430	7.6320	25.0000	2334.8840	
PIRATA-FR34	st054c01	B	2024-03-25T18:07:13z	  -9.849	 +0.011		 202.0	 5	35.3737	2.112	 94.31	 0.02	 23.745	23.730	  1.52	 8.53																											13.6060	7.6310	25.0000	2334.5290	
PIRATA-FR34	st054c01	B	2024-03-25T18:07:13z	  -9.849	 +0.011		 202.0	 4	35.3769	2.073	 92.60	 0.02	 23.648	23.630	  1.51	 8.47																											13.6210	7.6330	25.0000	2337.5600	
PIRATA-FR34	st054c01	B	2024-03-25T18:07:13z	  -9.849	 +0.011		 202.0	 3	35.3785	2.083	 93.02	 0.02	 23.676	23.655	  1.52	 8.47																											13.6210	7.6340	25.0000	2336.6820	
PIRATA-FR34	st054c01	B	2024-03-25T18:07:13z	  -9.849	 +0.011		 202.0	 2	35.3781	2.094	 93.50	 0.02	 23.689	23.672	  1.52	 8.47																											13.6380	7.6340	25.0000	2335.6410	
PIRATA-FR34	st054c01	B	2024-03-25T18:07:13z	  -9.849	 +0.011		 202.0	 1	35.3786	2.105	 94.03	 0.02	 23.623	23.604	  1.52	 8.44																											13.6680	7.6330	25.0000	2336.2820	
PIRATA-FR34	st055c01	B	2024-03-25T21:04:36z	  -9.849	 +0.014		   2.0	 6	35.1279	4.493	200.67	 0.01	  0.028	0.014	 -0.00	 0.66	0.0080	0.0112	0.0048	0.0063	0.0190	0.0009		0.0014	0.0198	0.0022	0.0167			0.0916		0.0053	0.0062	0.0115	0.0000	0.0194		0.0527	0.1056	0.1583	0.0032		30.1140	8.0780	25.0000	2304.5150	
PIRATA-FR34	st055c01	B	2024-03-25T21:04:36z	  -9.849	 +0.014		  40.0	 5				 0.01	  0.032	0.024	  0.04	 1.10	0.0120	0.0158	0.0124	0.0106	0.0071	0.0015		0.0012	0.0341	0.0020	0.0090	0.0009	0.0013	0.0956		0.0142	0.0134	0.0276	0.0236	0.0000		0.0874	0.1088	0.1962	0.0037		27.8120				
PIRATA-FR34	st055c01	B	2024-03-25T21:04:36z	  -9.849	 +0.014		  60.0	 4				 0.18	  1.641	1.461	  0.24	 1.72	0.0584	0.0468	0.0096	0.0745	0.0150	0.0120	0.0093	0.0050	0.1398	0.0007	0.0133	0.0031		0.1114		0.1337	0.1048	0.2385	0.0621	0.0000		0.1986	0.3118	0.5104	0.0074		24.4200				
PIRATA-FR34	st055c01	B	2024-03-25T21:04:36z	  -9.849	 +0.014		 100.0	 3	35.8175	3.653	163.16	 0.06	 11.155	11.096	  0.81	 4.05	0.0305	0.0196	0.0024	0.0478	0.0091	0.0035	0.0014		0.0454	0.0008	0.0057	0.0013		0.0143		0.0875	0.0214	0.1089	0.0246	0.0000		0.0551	0.1165	0.1716	0.0039		17.2970	7.8220	25.0000	2369.0600	
PIRATA-FR34	st055c01	B	2024-03-25T21:04:36z	  -9.849	 +0.014		 200.0	 2	35.4199	2.257	100.80	 0.02	 22.173	22.152	  1.44	 7.94																											14.0770				
PIRATA-FR34	st055c01	B	2024-03-25T21:04:36z	  -9.849	 +0.014		 200.0	 1	35.4221	2.276	101.66	 0.02	 22.162	22.140	  1.44	 7.91																											14.0760	7.6560	25.0000	2339.2580	
PIRATA-FR34	st056c01	B	2024-03-26T00:06:46z	  -9.848	 +0.012		   2.0	 7																																			29.9940				
PIRATA-FR34	st056c01	B	2024-03-26T00:06:46z	  -9.848	 +0.012		   2.0	 6	35.1017	4.498	200.88	 0.01	  0.014	0.004	  0.01	 0.71	0.0088	0.0115	0.0051	0.0037	0.0216	0.0013		0.0023	0.0217	0.0031	0.0142			0.0887		0.0054	0.0054	0.0108	0.0000	0.0216		0.0439	0.1108	0.1547	0.0031		29.9930	8.0770	25.0000	2296.7900	
PIRATA-FR34	st056c01	B	2024-03-26T00:06:46z	  -9.848	 +0.012		  41.0	 5				 0.01	  0.022	0.009	  0.07	 1.14	0.0123	0.0147	0.0110	0.0080	0.0052	0.0024		0.0021	0.0351	0.0036	0.0083	0.0006	0.0004	0.0863		0.0152	0.0132	0.0284	0.0205	0.0000		0.0745	0.0995	0.1740	0.0030		26.8820				
PIRATA-FR34	st056c01	B	2024-03-26T00:06:46z	  -9.848	 +0.012		  60.0	 4				 0.21	  1.792	1.580	  0.26	 1.76	0.0676	0.0594	0.0124	0.0760	0.0186	0.0138	0.0115	0.0080	0.1444	0.0025	0.0143	0.0039		0.1138		0.1481	0.1124	0.2605	0.0682	0.0000		0.2115	0.3403	0.5518	0.0071		23.6100				
PIRATA-FR34	st056c01	B	2024-03-26T00:06:46z	  -9.848	 +0.012		  99.0	 3	35.8002	3.701	165.28	 0.06	 10.986	10.928	  0.83	 4.11	0.0358	0.0254	0.0022	0.0457	0.0091	0.0033	0.0012	0.0009	0.0465	0.0017	0.0056	0.0007		0.0165		0.0883	0.0225	0.1108	0.0261	0.0000		0.0559	0.1164	0.1723	0.0036		17.0710	7.8220	25.0000	2361.9960	
PIRATA-FR34	st056c01	B	2024-03-26T00:06:46z	  -9.848	 +0.012		 199.0	 2	35.4211	2.290	102.26	 0.02	 22.014	21.995	  1.45	 7.89																											14.0970				
PIRATA-FR34	st056c01	B	2024-03-26T00:06:46z	  -9.848	 +0.012		 199.0	 1	35.4210	2.277	101.69	 0.02	 22.212	22.192	  1.45	 7.96																											14.0970	7.6580	25.0000	2330.1970	
PIRATA-FR34	st057c01	B	2024-03-29T08:13:35z	 -23.000	 -1.997		   3.0	13																																			30.1190				
PIRATA-FR34	st057c01	B	2024-03-29T08:13:35z	 -23.000	 -1.997		   3.0	12	35.7334	4.498	200.86	 0.01	  0.021	0.010	  0.02	 0.96	0.0120	0.0150	0.0042	0.0035	0.0052	0.0013	0.0001	0.0021	0.0184	0.0025	0.0068	0.0004	0.0005	0.0910		0.0058	0.0054	0.0112	0.0168	0.0000		0.0485	0.0680	0.1165	0.0026		30.1170	8.0690	25.0000	2340.9140	
PIRATA-FR34	st057c01	B	2024-03-29T08:13:35z	 -23.000	 -1.997		  20.0	11	35.8511	4.500	200.95	 0.01	  0.015	0.002	  0.02	 0.96	0.0036	0.0072	0.0041	0.0043	0.0051			0.0017	0.0233	0.0026	0.0057			0.0965		0.0059	0.0064	0.0123	0.0166	0.0000		0.0450	0.0726	0.1176	0.0026		29.9100	8.0670	25.0000	2349.4810	
PIRATA-FR34	st057c01	B	2024-03-29T08:13:35z	 -23.000	 -1.997		  39.0	10	36.0464	4.706	210.19	 0.01	  0.024	0.014	  0.06	 0.97	0.0121	0.0135	0.0073	0.0095	0.0070			0.0013	0.0420	0.0033	0.0071			0.0874		0.0122	0.0099	0.0221	0.0219	0.0000		0.0869	0.1068	0.1937	0.0033		28.4910	8.0450	25.0000	2372.9070	
PIRATA-FR34	st057c01	B	2024-03-29T08:13:35z	 -23.000	 -1.997		  60.0	 9	35.9711	3.940	175.94	 0.15	  4.220	4.069	  0.50	 2.72	0.0682	0.0473	0.0168	0.0769	0.0380	0.0161	0.0119	0.0044	0.1465	0.0031	0.0138			0.0434		0.0283	0.0776	0.1059	0.0294	0.0000		0.0766	0.3728	0.4494	0.0055		20.4990	7.8950	25.0000	2380.1140	
PIRATA-FR34	st057c01	B	2024-03-29T08:13:35z	 -23.000	 -1.997		  80.0	 8	35.5395	3.240	144.68	 0.16	 15.809	15.646	  1.08	 5.86	0.0501	0.0298	0.0041	0.0705	0.0265	0.0060	0.0098	0.0014	0.0791		0.0093	0.0025		0.0225		0.0381	0.0574	0.0955	0.0231	0.0000		0.0437	0.2307	0.2744	0.0042		14.9030				
PIRATA-FR34	st057c01	B	2024-03-29T08:13:35z	 -23.000	 -1.997		 100.0	 7	35.4732	2.968	132.53	 0.04	 18.163	18.122	  1.20	 6.50	0.0342	0.0181	0.0021	0.0454	0.0159	0.0023	0.0009	0.0007	0.0527		0.0058	0.0006		0.0097		0.0535	0.0196	0.0731	0.0209	0.0000		0.0388	0.1202	0.1590	0.0038		14.4760	7.7210	25.0000	2343.5680	
PIRATA-FR34	st057c01	B	2024-03-29T08:13:35z	 -23.000	 -1.997		 150.0	 6	35.4220	2.595	115.88	 0.03	 20.586	20.560	  1.34	 7.27																											14.1190	7.6820	25.0000	2339.9270	
PIRATA-FR34	st057c01	B	2024-03-29T08:13:35z	 -23.000	 -1.997		 200.0	 5	35.3414	2.401	107.23	 0.02	 22.389	22.365	  1.44	 7.97																											13.5210	7.6530	25.0000	2336.9320	
PIRATA-FR34	st057c01	B	2024-03-29T08:13:35z	 -23.000	 -1.997		 300.0	 4	35.0913	1.930	 86.21	 0.02	 28.118	28.098	  1.77	11.15																											11.5190	7.5660	25.0000	2321.8020	
PIRATA-FR34	st057c01	B	2024-03-29T08:13:35z	 -23.000	 -1.997		 401.0	 3	34.7045	2.632	117.54	 0.02	 31.606	31.586	  2.04	16.84																											8.1120	7.5450	25.0000	2307.3500	
PIRATA-FR34	st057c01	B	2024-03-29T08:13:35z	 -23.000	 -1.997		 500.0	 2	34.6054	3.027	135.18	 0.02	 32.207	32.189	  2.11	19.73																											7.0350	7.5530	25.0000	2302.2740	
PIRATA-FR34	st057c01	B	2024-03-29T08:13:35z	 -23.000	 -1.997		 500.0	 1	34.6059	3.056	136.50	 0.02	 32.216	32.197	  2.11	19.67																											7.0350	7.5530	25.0000	2304.4930	
PIRATA-FR34	st058c01	B	2024-03-29T11:42:11z	 -22.999	 -1.498		   2.0	13																																			30.3740				
PIRATA-FR34	st058c01	B	2024-03-29T11:42:11z	 -22.999	 -1.498		   2.0	12	35.9395	4.494	200.68	 0.02	  0.024	0.008	  0.02	 1.01	0.0033	0.0080	0.0065	0.0056	0.0062			0.0014	0.0142	0.0026	0.0158	0.0005	0.0063	0.0898		0.0025	0.0038	0.0063	0.0000	0.0195		0.0382	0.1066	0.1448	0.0030		30.3550	8.0670	25.0000	2360.7330	
PIRATA-FR34	st058c01	B	2024-03-29T11:42:11z	 -22.999	 -1.498		  20.0	11	35.9933	4.523	201.98	 0.01	  0.026	0.016	  0.03	 0.94	0.0053	0.0085	0.0047	0.0057	0.0053			0.0018	0.0171	0.0025	0.0113	0.0007	0.0019	0.0845		0.0031	0.0051	0.0082	0.0000	0.0152		0.0332	0.0762	0.1094	0.0027		29.6830	8.0620	25.0000	2367.1420	
PIRATA-FR34	st058c01	B	2024-03-29T11:42:11z	 -22.999	 -1.498		  40.0	10	36.0037	4.669	208.50	 0.01	  0.027	0.016	  0.10	 1.06	0.0073	0.0101	0.0061	0.0077	0.0061			0.0012	0.0239	0.0012	0.0095	0.0005	0.0009	0.0828		0.0062	0.0077	0.0139	0.0171	0.0000		0.0628	0.0779	0.1407	0.0030		29.2420	8.0560	25.0000	2375.0620	
PIRATA-FR34	st058c01	B	2024-03-29T11:42:11z	 -22.999	 -1.498		  61.0	 9	36.2334	4.428	197.77	 0.02	  0.171	0.152	  0.17	 1.43	0.0261	0.0253	0.0051	0.0317	0.0115			0.0014	0.0782	0.0027	0.0110			0.0754		0.0193	0.0281	0.0474	0.0279	0.0000		0.1231	0.1582	0.2813	0.0047		24.3460	7.9850	25.0000	2399.9930	
PIRATA-FR34	st058c01	B	2024-03-29T11:42:11z	 -22.999	 -1.498		  81.0	 8	35.7345	3.342	149.27	 0.49	 11.988	11.498	  0.90	 4.35	0.0552	0.0368	0.0068	0.0775	0.0269	0.0126	0.0229	0.0054	0.1203	0.0023	0.0116	0.0027	0.0028	0.0305		0.0354	0.1080	0.1434	0.0278	0.0000		0.0567	0.3142	0.3709	0.0059		17.2010				
PIRATA-FR34	st058c01	B	2024-03-29T11:42:11z	 -22.999	 -1.498		 101.0	 7	35.5252	3.049	136.18	 0.13	 17.202	17.075	  1.15	 5.98	0.0446	0.0267	0.0036	0.0654	0.0233	0.0050	0.0070	0.0026	0.0768		0.0076	0.0021		0.0252		0.0943	0.0431	0.1374	0.0251	0.0000		0.0546	0.1880	0.2426	0.0049		14.8730	7.7320	25.0000	2353.1950	
PIRATA-FR34	st058c01	B	2024-03-29T11:42:11z	 -22.999	 -1.498		 152.0	 6	35.4663	2.957	132.06	 0.04	 18.234	18.196	  1.21	 6.53																											14.4310	7.7190	25.0000	2347.8160	
PIRATA-FR34	st058c01	B	2024-03-29T11:42:11z	 -22.999	 -1.498		 198.0	 5	35.3762	2.603	116.23	 0.02	 20.905	20.885	  1.37	 7.46																											13.7510	7.6760	25.0000	2341.3660	
PIRATA-FR34	st058c01	B	2024-03-29T11:42:11z	 -22.999	 -1.498		 295.0	 4	35.0867	2.160	 96.47	 0.02	 27.184	27.162	  1.72	10.80																											11.5050	7.5840	25.0000	2323.5340	
PIRATA-FR34	st058c01	B	2024-03-29T11:42:11z	 -22.999	 -1.498		 295.0	 3	35.0853	2.156	 96.31	 0.02	 27.068	27.051	  1.72	10.83																											11.4970	7.5830	25.0000	2324.4320	
PIRATA-FR34	st058c01	B	2024-03-29T11:42:11z	 -22.999	 -1.498		 399.0	 2	34.7612	2.548	113.80	 0.02	 31.246	31.226	  2.01	16.03																											8.6890	7.5450	25.0000	2308.2020	
PIRATA-FR34	st058c01	B	2024-03-29T11:42:11z	 -22.999	 -1.498		 500.0	 1	34.6140	2.915	130.20	 0.01	 32.631	32.617	  2.13	19.66																											7.1040	7.5430	25.0000	2306.1750	
PIRATA-FR34	st059c01	B	2024-03-29T15:26:11z	 -22.998	 -1.000		   3.0	13																																			30.7490				
PIRATA-FR34	st059c01	B	2024-03-29T15:26:11z	 -22.998	 -1.000		   3.0	12	36.1067	4.483	200.21	 0.01	  0.024	0.019	  0.03	 1.07	0.0047	0.0068	0.0046	0.0089	0.0082			0.0036	0.0171		0.0141		0.0046	0.1035					0.0000	0.0173		0.0367	0.0970	0.1337	0.0030		30.7530	8.0670	25.0000	2381.1210	
PIRATA-FR34	st059c01	B	2024-03-29T15:26:11z	 -22.998	 -1.000		  20.0	11	36.0958	4.547	203.09	 0.01	  0.020	0.014	  0.03	 1.04	0.0054	0.0079	0.0040	0.0097	0.0094			0.0033	0.0207	0.0014	0.0101		0.0022	0.0997		0.0032	0.0032	0.0064	0.0000	0.0140		0.0308	0.0773	0.1081	0.0027		29.5800	8.0660	25.0000	2380.8060	
PIRATA-FR34	st059c01	B	2024-03-29T15:26:11z	 -22.998	 -1.000		  40.0	10	36.2809	4.737	211.56	 0.00	  0.020	0.018	  0.06	 1.09	0.0089	0.0136	0.0077	0.0145	0.0112			0.0020	0.0354	0.0059	0.0112	0.0012	0.0010	0.1077		0.0068	0.0066	0.0134	0.0000	0.0183		0.0644	0.1037	0.1681	0.0030		28.5960	8.0510	25.0000	2396.5970	
PIRATA-FR34	st059c01	B	2024-03-29T15:26:11z	 -22.998	 -1.000		  60.0	 9	36.2024	4.035	180.21	 0.07	  1.065	0.992	  0.36	 2.13	0.0665	0.0585	0.0104	0.0923	0.0249	0.0117	0.0057		0.1693	0.0037	0.0146	0.0028	0.0010	0.1231		0.0830	0.0885	0.1715	0.0596	0.0000		0.1992	0.3563	0.5555	0.0068		21.8550	7.9200	25.0000	2398.4500	
PIRATA-FR34	st059c01	B	2024-03-29T15:26:11z	 -22.998	 -1.000		  79.0	 8	35.8963	3.625	161.89	 0.25	 10.012	9.763	  0.78	 3.83	0.0616	0.0418	0.0052	0.1003	0.0283	0.0098	0.0100	0.0021	0.0957		0.0110	0.0033		0.0394		0.0787	0.0720	0.1507	0.0325	0.0000		0.0845	0.2875	0.3720	0.0052		17.7830				
PIRATA-FR34	st059c01	B	2024-03-29T15:26:11z	 -22.998	 -1.000		 100.0	 7	35.6113	3.338	149.09	 0.12	 14.754	14.635	  1.03	 5.23	0.0415	0.0234	0.0032	0.0660	0.0183	0.0053	0.0035	0.0009	0.0585		0.0070	0.0016		0.0190		0.0806	0.0361	0.1167	0.0272	0.0000		0.0602	0.1631	0.2233	0.0048		15.6490	7.7700	25.0000	2358.7900	
PIRATA-FR34	st059c01	B	2024-03-29T15:26:11z	 -22.998	 -1.000		 151.0	 6	35.4541	2.635	117.68	 0.02	 20.147	20.124	  1.31	 7.03																											14.3480	7.6890	25.0000	2343.2260	
PIRATA-FR34	st059c01	B	2024-03-29T15:26:11z	 -22.998	 -1.000		 199.0	 5	35.3853	2.619	116.95	 0.01	 21.048	21.036	  1.37	 7.51																											13.8290	7.6760	25.0000	2341.0110	
PIRATA-FR34	st059c01	B	2024-03-29T15:26:11z	 -22.998	 -1.000		 300.0	 4	34.9325	2.039	 91.06	 0.01	 30.285	30.275	  1.91	13.14																											10.2270	7.5430	25.0000	2319.7980	
PIRATA-FR34	st059c01	B	2024-03-29T15:26:11z	 -22.998	 -1.000		 402.0	 3	34.7853	2.483	110.87	 0.01	 31.148	31.134	  1.99	15.63																											8.8070	7.5470	25.0000	2313.9740	
PIRATA-FR34	st059c01	B	2024-03-29T15:26:11z	 -22.998	 -1.000		 402.0	 2	34.7848	2.482	110.86	 0.01	 31.251	31.237	  1.99	15.65																											8.8090	7.5470	25.0000	2311.3970	
PIRATA-FR34	st059c01	B	2024-03-29T15:26:11z	 -22.998	 -1.000		 502.0	 1	34.6005	2.949	131.71	 0.01	 32.969	32.960	  2.15	20.21																											6.9540	7.5450	25.0000	2309.6840	
PIRATA-FR34	st060c01	B	2024-03-29T19:10:35z	 -22.999	 -0.501		 200.0	 5	35.3952	2.641	117.94																																13.9260				
PIRATA-FR34	st060c01	B	2024-03-29T19:10:35z	 -22.999	 -0.501		 200.0	 4	35.3920	2.622	117.09																																13.9280				
PIRATA-FR34	st060c01	B	2024-03-29T19:10:35z	 -22.999	 -0.501		 300.0	 3	34.9375	2.924	130.57																																10.3710				
PIRATA-FR34	st060c01	B	2024-03-29T19:10:35z	 -22.999	 -0.501		 400.0	 2	34.7981	2.488	111.13																																8.9570				
PIRATA-FR34	st060c01	B	2024-03-29T19:10:35z	 -22.999	 -0.501		 501.0	 1	34.6233	2.876	128.44																																7.1850				
PIRATA-FR34	st061c01	B	2024-03-29T23:15:53z	 -22.997	 -0.009		   3.0	17																																			30.2070				
PIRATA-FR34	st061c01	B	2024-03-29T23:15:53z	 -22.997	 -0.009		   3.0	16	35.8841	4.443	198.41	 0.01	  0.052	0.046	  0.03	 1.03	0.0030	0.0036	0.0041	0.0032	0.0039			0.0010	0.0142	0.0022	0.0060			0.0825		0.0033	0.0032	0.0065	0.0146	0.0000		0.0360	0.0573	0.0933	0.0021		30.2150	8.0690	25.0000	2357.5770	
PIRATA-FR34	st061c01	B	2024-03-29T23:15:53z	 -22.997	 -0.009		  20.0	15	35.9858	4.569	204.03	 0.01	  0.057	0.050	  0.03	 1.02	0.0033	0.0041	0.0063	0.0035	0.0043			0.0011	0.0157	0.0021			0.0040	0.0894		0.0036	0.0039	0.0075	0.0000	0.0197		0.0353	0.1009	0.1362	0.0024		29.7250	8.0670	25.0000	2366.7590	
PIRATA-FR34	st061c01	B	2024-03-29T23:15:53z	 -22.997	 -0.009		  40.0	14	36.2784	4.582	204.63	 0.01	  0.057	0.050	  0.04	 1.04	0.0075	0.0073	0.0088	0.0069	0.0050			0.0013	0.0321	0.0027	0.0063	0.0011		0.1102		0.0073	0.0103	0.0176	0.0200	0.0000		0.0562	0.1091	0.1653	0.0023		28.1340	8.0530	25.0000	2386.4730	
PIRATA-FR34	st061c01	B	2024-03-29T23:15:53z	 -22.997	 -0.009		  57.0	13	36.5034	4.501	201.03	 0.01	  0.056	0.051	  0.12	 1.29	0.0258	0.0165	0.0088	0.0289	0.0105	0.0041	0.0037	0.0027	0.0767	0.0036	0.0095	0.0019		0.1417		0.0290	0.0759	0.1049	0.0421	0.0000		0.1414	0.1897	0.3311	0.0034		24.4050	8.0060	25.0000	2407.7460	
PIRATA-FR34	st061c01	B	2024-03-29T23:15:53z	 -22.997	 -0.009		  79.0	12	36.0249	4.039	180.40	 0.12	  7.654	7.533	  0.62	 3.17	0.0592	0.0407	0.0060	0.0798	0.0170	0.0085	0.0049	0.0018	0.0969		0.0086	0.0037		0.0432		0.1897	0.0674	0.2571	0.0484	0.0000		0.1364	0.2826	0.4190	0.0041		18.3790				
PIRATA-FR34	st061c01	B	2024-03-29T23:15:53z	 -22.997	 -0.009		 101.0	11	35.7144	3.839	171.47	 0.05	 11.175	11.129	  0.82	 4.29	0.0257	0.0173	0.0027	0.0400	0.0071	0.0017	0.0014	0.0003	0.0366	0.0007	0.0032	0.0008		0.0133		0.0979	0.0215	0.1194	0.0230	0.0000		0.0534	0.0958	0.1492	0.0028		16.1410	7.8200	25.0000	2359.1320	
PIRATA-FR34	st061c01	B	2024-03-29T23:15:53z	 -22.997	 -0.009		 149.0	10	35.4691	3.452	154.17	 0.02	 15.712	15.696	  1.08	 5.94																											14.4600	7.7550	25.0000	2344.0010	
PIRATA-FR34	st061c01	B	2024-03-29T23:15:53z	 -22.997	 -0.009		 351.0	 9	34.9004	2.869	128.15	 0.01	 26.760	26.750	  1.74	12.50																											9.9360	7.6040	25.0000	2310.3600	
PIRATA-FR34	st061c01	B	2024-03-29T23:15:53z	 -22.997	 -0.009		 551.0	 8	34.5887	3.074	137.28	 0.01	 32.978	32.964	  2.17	21.22																											6.6880	7.5490	25.0000	2302.0360	
PIRATA-FR34	st061c01	B	2024-03-29T23:15:53z	 -22.997	 -0.009		 750.0	 7	34.5130	3.377	150.84	 0.01	 34.309	34.297	  2.31	28.45																											5.1400	7.5490	25.0000	2304.3540	
PIRATA-FR34	st061c01	B	2024-03-29T23:15:53z	 -22.997	 -0.009		1002.0	 6	34.6088	3.516	157.03	 0.01	 33.237	33.225	  2.25	30.36																											4.6680	7.5650	25.0000	2317.3700	
PIRATA-FR34	st061c01	B	2024-03-29T23:15:53z	 -22.997	 -0.009		1001.0	 5	34.6055	3.531	157.70	 0.01	 33.356	33.346	  2.26	30.37																											4.6690	7.5650	25.0000	2313.7610	
PIRATA-FR34	st061c01	B	2024-03-29T23:15:53z	 -22.997	 -0.009		1600.0	 4	34.9771	5.431	242.56	 0.01	 20.705	20.692	  1.37	17.24																											4.1840	7.7080	25.0000	2323.7490	
PIRATA-FR34	st061c01	B	2024-03-29T23:15:53z	 -22.997	 -0.009		2001.0	 3	34.9586	5.689	254.06	 0.01	 20.123	20.116	  1.33	22.50																											3.4380	7.7230	25.0000	2334.6310	
PIRATA-FR34	st061c01	B	2024-03-29T23:15:53z	 -22.997	 -0.009		2999.0	 2	34.9097	5.638	251.80	 0.01	 21.499	21.490	  1.44	37.57																											2.6050	7.7200	25.0000	2350.4200	
PIRATA-FR34	st061c01	B	2024-03-29T23:15:53z	 -22.997	 -0.009		3911.0	 1	34.8877	5.644	252.05	 0.01	 21.858	21.849	  1.48	43.67																											2.3710	7.7160	25.0000	2361.2000	
PIRATA-FR34	st062c01	B	2024-03-30T22:34:51z	 -23.000	 +1.000		   3.0	13																																			29.9040				
PIRATA-FR34	st062c01	B	2024-03-30T22:34:51z	 -23.000	 +1.000		   3.0	12	35.5406	4.515	201.66	 0.00	  0.021	0.020	  0.02	 1.00	0.0043	0.0090	0.0051	0.0040	0.0050	0.0006		0.0011	0.0199	0.0015	0.0070			0.0998	0.0065		0.0067	0.0067	0.0000	0.0228		0.0566	0.0977	0.1543	0.0025		29.9030	8.0760	25.0000	2331.8600	
PIRATA-FR34	st062c01	B	2024-03-30T22:34:51z	 -23.000	 +1.000		  20.0	11	35.8961	4.686	209.28	 0.00	  0.012	0.008	  0.02	 1.00	0.0109	0.0195	0.0162	0.0099	0.0078	0.0017		0.0019	0.0471	0.0037	0.0148			0.1327		0.0116	0.0135	0.0251	0.0000	0.0396		0.0986	0.2158	0.3144	0.0037		29.4770	8.0740	25.0000	2361.6360	
PIRATA-FR34	st062c01	B	2024-03-30T22:34:51z	 -23.000	 +1.000		  40.0	10	36.1964	4.357	194.60	 0.01	  0.050	0.042	  0.05	 1.23	0.0110	0.0198	0.0164	0.0101	0.0079	0.0018		0.0019	0.0478	0.0037	0.0150			0.1347		0.0117	0.0137	0.0254	0.0415	0.0000		0.1001	0.2190	0.3191	0.0037		26.9900	8.0240	25.0000	2387.0080	
PIRATA-FR34	st062c01	B	2024-03-30T22:34:51z	 -23.000	 +1.000		  60.0	 9	36.0142	3.843	171.64	 0.13	  8.382	8.254	  0.65	 3.51	0.0716	0.0554	0.0067	0.1078	0.0302	0.0108	0.0099	0.0021	0.1189		0.0131	0.0066		0.0655		0.1053	0.1144	0.2197	0.0443	0.0000		0.1237	0.3883	0.5120	0.0063		18.8540	7.8690	25.0000	2380.8920	
PIRATA-FR34	st062c01	B	2024-03-30T22:34:51z	 -23.000	 +1.000		  80.0	 8	35.7933	3.981	177.78	 0.05	  9.911	9.858	  0.75	 3.90	0.0464	0.0292	0.0033	0.0686	0.0139	0.0024	0.0025	0.0003	0.0697	0.0004	0.0072	0.0010		0.0309		0.1030	0.0353	0.1383	0.0314	0.0000		0.0820	0.1814	0.2634	0.0046		16.7340				
PIRATA-FR34	st062c01	B	2024-03-30T22:34:51z	 -23.000	 +1.000		 100.0	 7	35.7221	3.917	174.94	 0.05	 10.935	10.890	  0.80	 4.27																											16.2440	7.8260	25.0000	2364.3930	
PIRATA-FR34	st062c01	B	2024-03-30T22:34:51z	 -23.000	 +1.000		 100.0	 6	35.7215	3.922	175.17	 0.05	 11.008	10.958	  0.81	 4.28	0.0415	0.0261	0.0028	0.0652	0.0129	0.0023	0.0020	0.0003	0.0620	0.0001	0.0064	0.0009		0.0242		0.1037	0.0298	0.1335	0.0308	0.0000		0.0762	0.1612	0.2374	0.0036		16.2500	7.8260	25.0000	2363.2630	
PIRATA-FR34	st062c01	B	2024-03-30T22:34:51z	 -23.000	 +1.000		 150.0	 5	35.4907	2.571	114.82	 0.01	 20.116	20.102	  1.33	 6.96																											14.6460	7.6900	25.0000	2342.8690	
PIRATA-FR34	st062c01	B	2024-03-30T22:34:51z	 -23.000	 +1.000		 200.0	 4	35.4439	2.612	116.64	 0.01	 20.323	20.311	  1.34	 7.14																											14.2670	7.6870	25.0000	2340.1070	
PIRATA-FR34	st062c01	B	2024-03-30T22:34:51z	 -23.000	 +1.000		 300.0	 3	35.1165	2.735	122.13	 0.01	 24.023	24.009	  1.55	 9.93																											11.7600	7.6370	25.0000	2320.7430	
PIRATA-FR34	st062c01	B	2024-03-30T22:34:51z	 -23.000	 +1.000		 400.0	 2	34.7934	2.469	110.28	 0.01	 31.066	31.051	  1.99	15.51																											8.8330	7.5480	25.0000	2308.6250	
PIRATA-FR34	st062c01	B	2024-03-30T22:34:51z	 -23.000	 +1.000		 496.0	 1	34.6457	2.915	130.18	 0.01	 32.220	32.206	  2.11	18.92																											7.3820	7.5480	25.0000	2303.2570	
PIRATA-FR34	st063c01	B	2024-03-31T05:09:10z	 -23.001	 +1.999		   2.0	12	35.4343	4.505	201.19	 0.01	  0.013	0.007	  0.01	 0.98	0.0047	0.0113	0.0089	0.0043	0.0052	0.0013		0.0016	0.0196	0.0021	0.0067			0.0882		0.0072	0.0091	0.0163	0.0198	0.0000		0.0624	0.0913	0.1537	0.0030		29.4990	8.0800	25.0000	2328.9190	
PIRATA-FR34	st063c01	B	2024-03-31T05:09:10z	 -23.001	 +1.999		  19.0	11	35.4507	4.512	201.51	 0.01	  0.025	0.017	  0.01	 0.95	0.0048	0.0122	0.0109	0.0048	0.0055	0.0016		0.0019	0.0213	0.0023	0.0066			0.0916		0.0039	0.0102	0.0141	0.0000	0.0233		0.0647	0.1149	0.1796	0.0031		29.4860	8.0820	25.0000	2329.9550	
PIRATA-FR34	st063c01	B	2024-03-31T05:09:10z	 -23.001	 +1.999		  40.0	10	35.8129	4.499	200.91	 0.01	  0.032	0.028	  0.03	 1.14	0.0143	0.0253	0.0222	0.0101	0.0084	0.0029		0.0023	0.0570	0.0022	0.0093	0.0044		0.1102		0.0085	0.0226	0.0311	0.0000	0.0347		0.0873	0.2483	0.3356	0.0037		27.5930	8.0420	25.0000	2360.1730	
PIRATA-FR34	st063c01	B	2024-03-31T05:09:10z	 -23.001	 +1.999		  60.0	 9	35.8854	3.711	165.75	 0.01	  0.162	0.147	  0.19	 2.15	0.0867	0.0783	0.0221	0.1013	0.0399	0.0161	0.0111	0.0074	0.2045	0.0080	0.0181		0.0105	0.1255		0.0998	0.1546	0.2544	0.0000	0.0757		0.2263	0.5068	0.7331	0.0096		23.1950	7.9130	25.0000	2374.2100	
PIRATA-FR34	st063c01	B	2024-03-31T05:09:10z	 -23.001	 +1.999		  80.0	 8	35.7134	2.848	127.19	 0.06	 16.023	15.959	  1.07	 5.18																											16.5680	7.7530	25.0000	2358.5500	
PIRATA-FR34	st063c01	B	2024-03-31T05:09:10z	 -23.001	 +1.999		  81.0	 7	35.7098	2.819	125.91	 0.06	 16.347	16.290	  1.09	 5.24	0.0858	0.0562	0.0063	0.1102	0.0600	0.0129	0.0075	0.0041	0.1350		0.0132	0.0084		0.0418		0.1248	0.0862	0.2110	0.0469	0.0000		0.0926	0.4025	0.4951	0.0073		16.5140	7.7500	25.0000	2359.5310	
PIRATA-FR34	st063c01	B	2024-03-31T05:09:10z	 -23.001	 +1.999		 100.0	 6	35.5864	2.624	117.21	 0.02	 18.771	18.754	  1.25	 6.22	0.0202	0.0117		0.0196	0.0088	0.0020	0.0013	0.0011	0.0383		0.0024	0.0003		0.0039		0.0546	0.0151	0.0697	0.0139	0.0000		0.0254	0.0747	0.1001	0.0033		15.3430	7.7110	25.0000	2351.7790	
PIRATA-FR34	st063c01	B	2024-03-31T05:09:10z	 -23.001	 +1.999		 150.0	 5	35.4742	2.618	116.91	 0.01	 19.829	19.819	  1.31	 6.91																											14.4880	7.6940	25.0000	2345.7870	
PIRATA-FR34	st063c01	B	2024-03-31T05:09:10z	 -23.001	 +1.999		 201.0	 4	35.4207	2.600	116.09	 0.01	 20.562	20.553	  1.35	 7.29																											14.1040	7.6840	25.0000	2341.3430	
PIRATA-FR34	st063c01	B	2024-03-31T05:09:10z	 -23.001	 +1.999		 300.0	 3	35.1376	2.053	 91.70	 0.01	 27.305	27.295	  1.73	10.96																											11.9860	7.5850	25.0000	2325.8260	
PIRATA-FR34	st063c01	B	2024-03-31T05:09:10z	 -23.001	 +1.999		 401.0	 2	34.7596	2.516	112.38	 0.00	 31.499	31.495	  2.03	16.27																											8.5000	7.5450	25.0000	2314.0530	
PIRATA-FR34	st063c01	B	2024-03-31T05:09:10z	 -23.001	 +1.999		 500.0	 1	34.6291	2.905	129.72	 0.01	 32.572	32.563	  2.13	19.58																											7.1300	7.5480	25.0000	2307.2310	
