//ODV Spreadsheet file : /media/irdcampagnes/PIRATA/PIRATA-FR33/data-final/CHIMIE/PIRATA-FR33_CHIMIE_odv.txt
//Data treated : 2025-01-14T11:21:11
//<InstrumentType>Chemical bottle analysis</InstrumentType>
//<Source>/media/irdcampagnes/PIRATA/PIRATA-FR33/data-final/CHIMIE/PIRATA-FR33_CHIMIE.xlsx</Sources>
//<DataType>Bottles</DataType>
//<Creator>Pierre.Rousselot@ird.fr</Creator>
//
Cruise	Station	Type	yyyy-mm-ddThh:mm:ss	Longitude [degrees_east]	Latitude [degrees_north]	Bot. Depth [m]	DEPTH [m]	Bottle nb	PSAL [Psu]	DOX1 [ml/l]	DOX2 [micromole/kg]	NTIW [micromole/kg]	NTAW+NTIW [micromole/kg]	NTAW [micromole/kg]	PHOW [micromole/kg]	SLCW [micromole/kg]	CHC3 [microgramme/l]	CHCZ [microgramme/l]	PERP [microgramme/l]	BFUP [microgramme/l]	FUCP [microgramme/l]	NEXW [microgramme/l]	PXAP [microgramme/l]	VIOW [microgramme/l]	HFUP [microgramme/l]	ATXA [microgramme/l]	DXAP [microgramme/l]	AXAP [microgramme/l]	TXAP [microgramme/l]	ZXAP [microgramme/l]	LUTW [microgramme/l]	CHBD [microgramme/l]	CH2P [microgramme/l]	CHLB [microgramme/l]	AACP [microgramme/l]	BBCP [microgramme/l]	PHEP [microgramme/l]	CHAD [microgramme/l]	CH1P [microgramme/l]	CPHL [microgramme/l]	PHEA [microgramme/l]	CXAP [microgramme/l]	TEMP [°C]	PHPH [pH unit]	PHTP [°C]	ALKY [micromole/kg]
PIRATA-FR33	st002c01	B	2023-03-06T18:52:58z	 -22.983	+11.748		4032.0	21																																			2.3730				
PIRATA-FR33	st002c01	B	2023-03-06T18:52:58z	 -22.983	+11.748		4032.0	20																																			2.3730				
PIRATA-FR33	st002c01	B	2023-03-06T18:52:58z	 -22.983	+11.748		4033.0	19																																			2.3730				
PIRATA-FR33	st002c01	B	2023-03-06T18:52:58z	 -22.983	+11.748		4032.0	18																																			2.3730				
PIRATA-FR33	st002c01	B	2023-03-06T18:52:58z	 -22.983	+11.748		4032.0	17																																			2.3730				
PIRATA-FR33	st002c01	B	2023-03-06T18:52:58z	 -22.983	+11.748		4033.0	16																																			2.3730				
PIRATA-FR33	st002c01	B	2023-03-06T18:52:58z	 -22.983	+11.748		4033.0	15																																			2.3730				
PIRATA-FR33	st002c01	B	2023-03-06T18:52:58z	 -22.983	+11.748		4033.0	14																																			2.3730				
PIRATA-FR33	st002c01	B	2023-03-06T18:52:58z	 -22.983	+11.748		4033.0	13																																			2.3730				
PIRATA-FR33	st002c01	B	2023-03-06T18:52:58z	 -22.983	+11.748		4033.0	12																																			2.3730				
PIRATA-FR33	st002c01	B	2023-03-06T18:52:58z	 -22.983	+11.748		4033.0	11																																			2.3730				
PIRATA-FR33	st002c01	B	2023-03-06T18:52:58z	 -22.983	+11.748		4033.0	10																																			2.3730				
PIRATA-FR33	st002c01	B	2023-03-06T18:52:58z	 -22.983	+11.748		4034.0	 9																																			2.3730				
PIRATA-FR33	st002c01	B	2023-03-06T18:52:58z	 -22.983	+11.748		4034.0	 8																																			2.3730				
PIRATA-FR33	st002c01	B	2023-03-06T18:52:58z	 -22.983	+11.748		4034.0	 7																																			2.3730				
PIRATA-FR33	st002c01	B	2023-03-06T18:52:58z	 -22.983	+11.748		4034.0	 6																																			2.3730				
PIRATA-FR33	st002c01	B	2023-03-06T18:52:58z	 -22.983	+11.748		4033.0	 5																																			2.3730				
PIRATA-FR33	st002c01	B	2023-03-06T18:52:58z	 -22.983	+11.748		4034.0	 4																																			2.3730				
PIRATA-FR33	st002c01	B	2023-03-06T18:52:58z	 -22.983	+11.748		4034.0	 3																																			2.3730				
PIRATA-FR33	st002c01	B	2023-03-06T18:52:58z	 -22.983	+11.748		4034.0	 2																																			2.3730				
PIRATA-FR33	st002c01	B	2023-03-06T18:52:58z	 -22.983	+11.748		4034.0	 1																																			2.3730				
PIRATA-FR33	st003c01	B	2023-03-07T00:16:19z	 -22.971	+11.465		   2.0	21																																			25.2470				
PIRATA-FR33	st003c01	B	2023-03-07T00:16:19z	 -22.971	+11.465		   1.0	20	35.5732	4.736	206.57	 0.01	  0.012	-0.001	  0.03	 1.24	0.0029	0.0066	0.0018	0.0051	0.0056				0.0156		0.0058			0.0805		0.0789	0.0134	0.0923	0.0133			0.0532	0.0487	0.1019	0.0012		25.2470	8.0550	25.0000	2316.1110	
PIRATA-FR33	st003c01	B	2023-03-07T00:16:19z	 -22.971	+11.465		  20.0	19	35.5743	4.732	206.39	 0.01	  0.003	-0.007	  0.04	 1.24	0.0051	0.0071	0.0024	0.0053	0.0051				0.0170	0.0027	0.0059			0.0847		0.0068	0.0057	0.0126	0.0136			0.0549	0.0589	0.1138	0.0031		25.1800	8.0510	25.0000	2324.9880	
PIRATA-FR33	st003c01	B	2023-03-07T00:16:19z	 -22.971	+11.465		  29.0	18																																			25.1190				
PIRATA-FR33	st003c01	B	2023-03-07T00:16:19z	 -22.971	+11.465		  41.0	17																																			25.0980				
PIRATA-FR33	st003c01	B	2023-03-07T00:16:19z	 -22.971	+11.465		  41.0	16	35.5774	4.746	207.01	 0.01	  0.016	0.004	  0.05	 1.35	0.0095	0.0120	0.0072	0.0093	0.0070				0.0319	0.0026	0.0067			0.0741		0.0054	0.0049	0.0104	0.0159			0.0604	0.0905	0.1509	0.0018		25.0980	8.0500	25.0000	2331.3520	
PIRATA-FR33	st003c01	B	2023-03-07T00:16:19z	 -22.971	+11.465		  50.0	15																																			20.5780				
PIRATA-FR33	st003c01	B	2023-03-07T00:16:19z	 -22.971	+11.465		  50.0	14																																			20.7740				
PIRATA-FR33	st003c01	B	2023-03-07T00:16:19z	 -22.971	+11.465		  50.0	13	35.8203	4.332	188.78	 0.01	  0.148	0.138	  0.14	 2.57	0.0416	0.0447	0.0233	0.0423	0.0191	0.0017	0.0055	0.0056	0.1174		0.0176	0.0025		0.1066		0.0147	0.0528	0.0675	0.0364			0.1010	0.3258	0.4267	0.0059		20.9930	7.9180	25.0000	2352.9900	
PIRATA-FR33	st003c01	B	2023-03-07T00:16:19z	 -22.971	+11.465		  60.0	12																																			18.8930				
PIRATA-FR33	st003c01	B	2023-03-07T00:16:19z	 -22.971	+11.465		  70.0	11																																			16.7800				
PIRATA-FR33	st003c01	B	2023-03-07T00:16:19z	 -22.971	+11.465		  70.0	10																																			16.5380				
PIRATA-FR33	st003c01	B	2023-03-07T00:16:19z	 -22.971	+11.465		  80.0	 9																																			14.9300				
PIRATA-FR33	st003c01	B	2023-03-07T00:16:19z	 -22.971	+11.465		  80.0	 8	35.5261	1.667	 72.58	 0.05	 24.412	24.363	  1.56	 7.20	0.0360	0.0194		0.0395	0.0192	0.0023	0.0036		0.0498		0.0044	0.0015		0.0089		0.0761	0.0217	0.0979	0.0199		0.0020	0.0413	0.1236	0.1649	0.0031		14.8890				
PIRATA-FR33	st003c01	B	2023-03-07T00:16:19z	 -22.971	+11.465		 100.0	 7																																			14.3000				
PIRATA-FR33	st003c01	B	2023-03-07T00:16:19z	 -22.971	+11.465		 100.0	 6	35.4668	1.828	 79.59	 0.03	 24.445	24.415	  1.57	 7.60	0.0184	0.0090		0.0203	0.0087		0.0014		0.0308		0.0022			0.0027		0.0345	0.0088	0.0433	0.0097			0.0161	0.0602	0.0763	0.0020		14.3040	7.6230	25.0000	2319.4100	
PIRATA-FR33	st003c01	B	2023-03-07T00:16:19z	 -22.971	+11.465		 121.0	 5																																			13.6960				
PIRATA-FR33	st003c01	B	2023-03-07T00:16:19z	 -22.971	+11.465		 168.0	 4																																			12.8380				
PIRATA-FR33	st003c01	B	2023-03-07T00:16:19z	 -22.971	+11.465		 300.0	 3	35.1364	1.671	 72.74	 0.01	 29.867	29.855	  1.86	11.53																											11.2840	7.5520	25.0000	2308.4360	
PIRATA-FR33	st003c01	B	2023-03-07T00:16:19z	 -22.971	+11.465		 499.0	 2	35.0953	1.012	 44.03	 0.01	 35.651	35.635	  2.17	15.47																											9.7790	7.4770	25.0000	2303.7820	
PIRATA-FR33	st003c01	B	2023-03-07T00:16:19z	 -22.971	+11.465		1953.0	 1	34.9680	5.446	236.76	 0.01	 21.080	21.067	  1.39	21.56																											3.6060	7.7210	25.0000	2315.1140	
PIRATA-FR33	st004c01	B	2023-03-08T06:54:17z	 -18.851	 +8.000		   1.0	22																																			26.6100				
PIRATA-FR33	st004c01	B	2023-03-08T06:54:17z	 -18.851	 +8.000		   1.0	21																																			26.6080				
PIRATA-FR33	st004c01	B	2023-03-08T06:54:17z	 -18.851	 +8.000		   1.0	20	35.6534	4.669	203.76	 0.01	  0.009	0.003	  0.01	 1.14	0.0141	0.0235	0.0170	0.0123	0.0115			0.0025	0.0507	0.0022	0.0078		0.0017	0.0692		0.0071	0.0160	0.0230	0.0188			0.0738	0.1718	0.2456	0.0069		26.6070	8.0560	25.0000	2329.5120	
PIRATA-FR33	st004c01	B	2023-03-08T06:54:17z	 -18.851	 +8.000		  19.0	19																																			25.2800				
PIRATA-FR33	st004c01	B	2023-03-08T06:54:17z	 -18.851	 +8.000		  19.0	18	35.6530	4.545	198.25	 0.01	  0.000	-0.010	  0.02	 1.55	0.0216	0.0286	0.0196	0.0170	0.0157			0.0039	0.0670		0.0097	0.0024		0.0768		0.0081	0.0183	0.0264	0.0233			0.0908	0.1968	0.2875	0.0028		25.0140	8.0150	25.0000	2333.9950	
PIRATA-FR33	st004c01	B	2023-03-08T06:54:17z	 -18.851	 +8.000		  30.0	17																																			21.1880				
PIRATA-FR33	st004c01	B	2023-03-08T06:54:17z	 -18.851	 +8.000		  40.0	16																																			19.2800				
PIRATA-FR33	st004c01	B	2023-03-08T06:54:17z	 -18.851	 +8.000		  40.0	15																																			19.2820				
PIRATA-FR33	st004c01	B	2023-03-08T06:54:17z	 -18.851	 +8.000		  40.0	14	35.8392	2.891	125.96	 0.23	 10.490	10.259	  0.65	 3.46	0.0669	0.0460	0.0118	0.0616	0.0543	0.0154	0.0249	0.0055	0.1052	0.0121	0.0113	0.0039		0.0215		0.0204	0.1326	0.1530	0.0215			0.0441	0.3825	0.4266	0.0053		19.2810	7.7960	25.0000	2353.6410	
PIRATA-FR33	st004c01	B	2023-03-08T06:54:17z	 -18.851	 +8.000		  50.0	13																																			17.4590				
PIRATA-FR33	st004c01	B	2023-03-08T06:54:17z	 -18.851	 +8.000		  58.0	12																																			16.9650				
PIRATA-FR33	st004c01	B	2023-03-08T06:54:17z	 -18.851	 +8.000		  63.0	11																																			17.1260				
PIRATA-FR33	st004c01	B	2023-03-08T06:54:17z	 -18.851	 +8.000		  63.0	10	35.7305	1.951	 84.94	 0.25	 19.465	19.218	  1.21	 5.00	0.0597	0.0393	0.0111	0.0444	0.0531	0.0108	0.0174	0.0024	0.0801	0.0054	0.0104	0.0041		0.0266		0.0847	0.0855	0.1703	0.0302			0.0709	0.2790	0.3500	0.0075		17.1770	7.6890	25.0000	2337.3480	
PIRATA-FR33	st004c01	B	2023-03-08T06:54:17z	 -18.851	 +8.000		  82.0	 9																																			16.5780				
PIRATA-FR33	st004c01	B	2023-03-08T06:54:17z	 -18.851	 +8.000		  82.0	 8	35.7066	1.974	 85.93	 0.16	 20.293	20.132	  1.25	 5.53	0.0519	0.0302	0.0103	0.0406	0.0451	0.0022	0.0070	0.0006	0.0738		0.0079	0.0019		0.0151		0.0965	0.0300	0.1265	0.0244			0.0570	0.2016	0.2587	0.0049		16.7000				
PIRATA-FR33	st004c01	B	2023-03-08T06:54:17z	 -18.851	 +8.000		 100.0	 7																																			15.6720				
PIRATA-FR33	st004c01	B	2023-03-08T06:54:17z	 -18.851	 +8.000		 101.0	 6	35.6080	1.938	 84.37	 0.05	 21.905	21.858	  1.36	 6.36	0.0270	0.0135	0.0014	0.0259	0.0159				0.0412		0.0039			0.0058		0.0780	0.0132	0.0912	0.0178			0.0383	0.0882	0.1265	0.0028		15.6640	7.6640	25.0000	2330.7320	
PIRATA-FR33	st004c01	B	2023-03-08T06:54:17z	 -18.851	 +8.000		 120.0	 5																																			14.9470				
PIRATA-FR33	st004c01	B	2023-03-08T06:54:17z	 -18.851	 +8.000		 150.0	 4																																			14.2310				
PIRATA-FR33	st004c01	B	2023-03-08T06:54:17z	 -18.851	 +8.000		 401.0	 3	35.0132	1.047	 45.57	 0.01	 35.781	35.766	  2.14	15.53																											9.8150	7.4660	25.0000	2302.9740	
PIRATA-FR33	st004c01	B	2023-03-08T06:54:17z	 -18.851	 +8.000		1001.0	 2	34.7374	2.901	126.18	 0.01	 34.030	34.019	  2.23	26.95																											5.2840	7.5440	25.0000	2283.6650	
PIRATA-FR33	st004c01	B	2023-03-08T06:54:17z	 -18.851	 +8.000		1961.0	 1	34.9513	5.324	231.47	 0.02	 21.802	21.785	  1.43	24.25																											3.5470	7.7090	25.0000	2308.1700	
PIRATA-FR33	st005c01	B	2023-03-10T22:29:42z	 -10.001	 +1.501		   2.0	22																																			28.9040				
PIRATA-FR33	st005c01	B	2023-03-10T22:29:42z	 -10.001	 +1.501		   1.0	21																																			28.8990				
PIRATA-FR33	st005c01	B	2023-03-10T22:29:42z	 -10.001	 +1.501		   2.0	20	34.8663	4.479	195.66	 0.01	  0.034	0.019	  0.00	 0.91																											28.8930	8.0700	25.0000	2273.8170	
PIRATA-FR33	st005c01	B	2023-03-10T22:29:42z	 -10.001	 +1.501		  20.0	19																																			28.8670				
PIRATA-FR33	st005c01	B	2023-03-10T22:29:42z	 -10.001	 +1.501		  20.0	18	35.3008	4.487	195.98	 0.01	  0.020	0.005	  0.01	 0.94																											28.8670	8.0640	25.0000		
PIRATA-FR33	st005c01	B	2023-03-10T22:29:42z	 -10.001	 +1.501		  40.0	17																																			27.1910				
PIRATA-FR33	st005c01	B	2023-03-10T22:29:42z	 -10.001	 +1.501		  40.0	16	35.6046	4.499	196.37	 0.02	  0.022	0.004	  0.08	 1.02																											27.2100	8.0350	25.0000		
PIRATA-FR33	st005c01	B	2023-03-10T22:29:42z	 -10.001	 +1.501		  50.0	15																																			23.5550				
PIRATA-FR33	st005c01	B	2023-03-10T22:29:42z	 -10.001	 +1.501		  60.0	14																																			18.6760				
PIRATA-FR33	st005c01	B	2023-03-10T22:29:42z	 -10.001	 +1.501		  60.0	13																																			18.6850				
PIRATA-FR33	st005c01	B	2023-03-10T22:29:42z	 -10.001	 +1.501		  60.0	12	35.7584	3.076	134.00	 0.43	 10.754	10.325	  0.71	 3.21																											18.7120	7.7950	25.0000	2324.9600	
PIRATA-FR33	st005c01	B	2023-03-10T22:29:42z	 -10.001	 +1.501		  70.0	11																																			17.2410				
PIRATA-FR33	st005c01	B	2023-03-10T22:29:42z	 -10.001	 +1.501		  80.0	10																																			15.9150				
PIRATA-FR33	st005c01	B	2023-03-10T22:29:42z	 -10.001	 +1.501		  80.0	 9	35.6488	2.967	129.15	 0.08	 16.477	16.401	  1.03	 5.27																											15.9120				
PIRATA-FR33	st005c01	B	2023-03-10T22:29:42z	 -10.001	 +1.501		 101.0	 8																																			15.6110				
PIRATA-FR33	st005c01	B	2023-03-10T22:29:42z	 -10.001	 +1.501		 101.0	 7																																			15.6110				
PIRATA-FR33	st005c01	B	2023-03-10T22:29:42z	 -10.001	 +1.501		 101.0	 6	35.6233	3.055	133.01	 0.04	 16.532	16.493	  1.06	 5.54																											15.6070	7.7490	25.0000		
PIRATA-FR33	st005c01	B	2023-03-10T22:29:42z	 -10.001	 +1.501		 121.0	 5																																			15.1530				
PIRATA-FR33	st005c01	B	2023-03-10T22:29:42z	 -10.001	 +1.501		 151.0	 4																																			14.8260				
PIRATA-FR33	st005c01	B	2023-03-10T22:29:42z	 -10.001	 +1.501		 298.0	 3	34.9473	2.218	 96.53	 0.01	 29.849	29.838	  1.80	13.05																											10.0200	7.5600	25.0000		
PIRATA-FR33	st005c01	B	2023-03-10T22:29:42z	 -10.001	 +1.501		 498.0	 2	34.6223	2.979	129.59	 0.01	 32.412	32.398	  2.02	19.15																											7.1500	7.5500	25.0000	2275.2530	
PIRATA-FR33	st005c01	B	2023-03-10T22:29:42z	 -10.001	 +1.501		1962.0	 1	34.9643	5.665	246.29	 0.01	 20.110	20.099	  1.27	19.58																											3.6470	7.7190	25.0000	2283.0040	
PIRATA-FR33	st006c01	B	2023-03-11T03:53:37z	  -9.999	 +1.001		   2.0	12	35.6240	4.532	197.88	 0.01	  0.005	-0.009	  0.02	 0.98	0.0047	0.0088	0.0081	0.0065	0.0065			0.0022	0.0230	0.0067	0.0049			0.0918		0.0076	0.0063	0.0139	0.0167			0.0685	0.0799	0.1484	0.0011		28.2030	8.0550	25.0000	2332.5410	
PIRATA-FR33	st006c01	B	2023-03-11T03:53:37z	  -9.999	 +1.001		  20.0	11	35.6083	4.507	196.77	 0.01	  0.027	0.017	  0.01	 0.86	0.0057	0.0081	0.0067	0.0071	0.0060			0.0018	0.0249	0.0112	0.0055			0.0844		0.0110	0.0139	0.0249	0.0177			0.0719	0.0874	0.1593	0.0016		28.0740	8.0260	25.0000		
PIRATA-FR33	st006c01	B	2023-03-11T03:53:37z	  -9.999	 +1.001		  37.0	10	35.6323	4.458	194.61	 0.01	  0.005	-0.003	  0.03	 0.85	0.0092	0.0072	0.0091	0.0080	0.0066				0.0285		0.0059			0.0898		0.0076	0.0089	0.0165	0.0187			0.0769	0.1010	0.1779	0.0032		28.0410	8.0440	25.0000		
PIRATA-FR33	st006c01	B	2023-03-11T03:53:37z	  -9.999	 +1.001		  57.0	 9	35.8777	3.660	159.54	 0.14	  1.428	1.287	  0.19	 1.79	0.0816	0.0623	0.0201	0.0926	0.0270	0.0232	0.0189	0.0136		0.1589	0.0153		0.0089	0.0492		0.0931	0.2032	0.2962	0.0499			0.1297	0.5006	0.6303	0.0149		22.1330	7.8880	25.0000	2345.6930	
PIRATA-FR33	st006c01	B	2023-03-11T03:53:37z	  -9.999	 +1.001		  76.0	 8	35.6733	2.808	122.27	 0.11	 16.226	16.120	  1.00	 4.93	0.0400	0.0233	0.0035	0.0516	0.0191	0.0038	0.0064	0.0025	0.0546		0.0052	0.0023		0.0196		0.1054	0.0490	0.1544	0.0286			0.0696	0.1631	0.2328	0.0050		16.7740				
PIRATA-FR33	st006c01	B	2023-03-11T03:53:37z	  -9.999	 +1.001		  99.0	 7	35.5871	3.082	134.17	 0.03	 16.564	16.533	  1.06	 5.59	0.0234	0.0098	0.0020	0.0266		0.0096	0.0013		0.0359		0.0029			0.0056		0.0617	0.0130	0.0748	0.0160			0.0319	0.0697	0.1015	0.0020		15.3060	7.7470	25.0000		
PIRATA-FR33	st006c01	B	2023-03-11T03:53:37z	  -9.999	 +1.001		 273.0	 6	35.1404	1.886	 82.11	 0.01	 28.134	28.119	  1.70	10.87																											11.7920	7.5770	25.0000		
PIRATA-FR33	st006c01	B	2023-03-11T03:53:37z	  -9.999	 +1.001		 497.0	 5	34.6207	2.801	121.88	 0.01	 33.232	33.221	  2.09	19.50																											7.1060	7.5420	25.0000	2285.3820	
PIRATA-FR33	st006c01	B	2023-03-11T03:53:37z	  -9.999	 +1.001		 797.0	 4	34.5429	3.317	144.30	 0.01	 34.712	34.701	  2.27	28.83																											4.9930	7.5490	25.0000		
PIRATA-FR33	st006c01	B	2023-03-11T03:53:37z	  -9.999	 +1.001		1502.0	 3	34.9528	5.074	220.64	 0.01	 22.499	22.489	  1.45	18.70																											4.3340	7.6920	25.0000		
PIRATA-FR33	st006c01	B	2023-03-11T03:53:37z	  -9.999	 +1.001		1980.0	 2	34.9611	5.662	246.15	 0.01	 20.118	20.106	  1.31	20.43																											3.5820	7.7250	25.0000		
PIRATA-FR33	st006c01	B	2023-03-11T03:53:37z	  -9.999	 +1.001		1979.0	 1	34.9635	5.664	246.23	 0.01	 20.041	20.029	  1.30	20.39																											3.5830	7.7250	25.0000	2313.7930	
PIRATA-FR33	st007c01	B	2023-03-11T09:03:44z	  -9.997	 +0.497		   2.0	14																																			27.9670				
PIRATA-FR33	st007c01	B	2023-03-11T09:03:44z	  -9.997	 +0.497		   2.0	13	35.8823	4.479	195.53	 0.01	  0.020	0.013	  0.04	 0.95																											27.9620	8.0280	25.0000	2341.3050	
PIRATA-FR33	st007c01	B	2023-03-11T09:03:44z	  -9.997	 +0.497		  20.0	12	35.8752	4.476	195.37	 0.01	  0.011	0.001	  0.03	 0.94																											27.7530	8.0130	25.0000		
PIRATA-FR33	st007c01	B	2023-03-11T09:03:44z	  -9.997	 +0.497		  40.0	11																																			26.0160				
PIRATA-FR33	st007c01	B	2023-03-11T09:03:44z	  -9.997	 +0.497		  40.0	10	35.9966	4.339	189.33	 0.01	  0.007	-0.005	  0.05	 1.23																											26.0950	8.0090	25.0000		
PIRATA-FR33	st007c01	B	2023-03-11T09:03:44z	  -9.997	 +0.497		  60.0	 9	36.0097	3.132	136.45	 0.37	  9.899	9.531	  0.63	 3.26																											20.6670	7.8540	25.0000	2346.3090	
PIRATA-FR33	st007c01	B	2023-03-11T09:03:44z	  -9.997	 +0.497		  80.0	 8	35.7195	3.130	136.30	 0.07	 14.977	14.906	  0.97	 4.93																											16.5450				
PIRATA-FR33	st007c01	B	2023-03-11T09:03:44z	  -9.997	 +0.497		 100.0	 7	35.6654	3.269	142.34	 0.04	 14.868	14.825	  0.98	 5.15																											15.9740	7.7800	25.0000		
PIRATA-FR33	st007c01	B	2023-03-11T09:03:44z	  -9.997	 +0.497		 300.0	 6	34.9858	1.899	 82.63	 0.01	 30.287	30.274	  1.84	12.89																											10.4340	7.5510	25.0000		
PIRATA-FR33	st007c01	B	2023-03-11T09:03:44z	  -9.997	 +0.497		 498.0	 5	34.6147	2.859	124.40	 0.01	 33.034	33.027	  2.10	19.53																											7.0630	7.5450	25.0000	2315.1900	
PIRATA-FR33	st007c01	B	2023-03-11T09:03:44z	  -9.997	 +0.497		 797.0	 4	34.5136	3.417	148.63	 0.01	 34.400	34.392	  2.25	28.30																											5.0960	7.5480	25.0000		
PIRATA-FR33	st007c01	B	2023-03-11T09:03:44z	  -9.997	 +0.497		1487.0	 3	34.9599	5.194	225.83	 0.01	 21.900	21.891	  1.42	18.10																											4.3050				
PIRATA-FR33	st007c01	B	2023-03-11T09:03:44z	  -9.997	 +0.497		1487.0	 2	34.9609	5.159	224.29	 0.01	 21.896	21.888	  1.42	18.08																											4.3050	7.6980	25.0000		
PIRATA-FR33	st007c01	B	2023-03-11T09:03:44z	  -9.997	 +0.497		1979.0	 1	34.9634	5.742	249.58	 0.01	 20.042	20.030	  1.30	20.44																											3.5880	7.7230	25.0000	2286.3380	
PIRATA-FR33	st008c01	B	2023-03-11T19:36:09z	  -9.905	 +0.058		   2.0	14	35.9410								0.0056	0.0057	0.0046	0.0044	0.0066				0.0118	0.0027	0.0044		0.0008	0.0827					0.0108			0.0484	0.0470	0.0954			28.0580				
PIRATA-FR33	st008c01	B	2023-03-11T19:36:09z	  -9.905	 +0.058		   2.0	13		4.495	196.34																																28.0570	8.0360	25.0000		
PIRATA-FR33	st008c01	B	2023-03-11T19:36:09z	  -9.905	 +0.058		  20.0	12	35.9848	4.493	196.08	 0.01	  0.003	-0.005	  0.07	 0.92	0.0041	0.0040	0.0039	0.0060	0.0059			0.0018	0.0228	0.0060	0.0059			0.0918		0.0095	0.0115	0.0210	0.0151			0.0624	0.0604	0.1228	0.0019		27.6620	8.0100	25.0000		
PIRATA-FR33	st008c01	B	2023-03-11T19:36:09z	  -9.905	 +0.058		  41.0	11	36.2404	4.382	191.14	 0.01	  0.006	-0.005	  0.03	 0.91	0.0339	0.0311	0.0118	0.0242	0.0109				0.1068		0.0113	0.0029		0.0856		0.0202	0.0231	0.0433	0.0296			0.1176	0.1922	0.3098	0.0053		26.0750	8.0170	25.0000		
PIRATA-FR33	st008c01	B	2023-03-11T19:36:09z	  -9.905	 +0.058		  51.0	10				 0.01	  0.006	-0.006	  0.03	 1.19	0.1041	0.0825	0.0150	0.1182	0.0364	0.0155	0.0146	0.0067	0.2443		0.0181	0.0073		0.0853		0.0919	0.1497	0.2416	0.0564			0.1812	0.5200	0.7012	0.0098		23.4410				
PIRATA-FR33	st008c01	B	2023-03-11T19:36:09z	  -9.905	 +0.058		  60.0	 9	36.3918	3.875	168.88	 0.32	  3.660	3.342	  0.28	 1.98	0.1376	0.0834	0.0108	0.1173	0.0466	0.0167	0.0154	0.0042	0.3180		0.0226	0.0088		0.0183		0.0216	0.1118	0.1334	0.0259			0.0430	0.5916	0.6346	0.0147		23.0580	7.9560	25.0000		
PIRATA-FR33	st008c01	B	2023-03-11T19:36:09z	  -9.905	 +0.058		  81.0	 8	35.8902	3.590	156.35	 0.12	 11.139	11.024	  0.74	 3.85	0.0525	0.0316	0.0024	0.0760	0.0162		0.0037	0.0019	0.0780		0.0068	0.0016		0.0202		0.0758	0.0244	0.1002	0.0230			0.0619	0.1858	0.2476	0.0040		17.4670				
PIRATA-FR33	st008c01	B	2023-03-11T19:36:09z	  -9.905	 +0.058		  99.0	 7		3.485	151.82	 0.06	 13.205	13.147	  0.88	 4.52	0.0304	0.0183		0.0450	0.0091		0.0015	0.0009	0.0481		0.0039			0.0096		0.0726	0.0144	0.0869	0.0196			0.0478	0.1048	0.1527	0.0029		16.4590	7.8070	25.0000		
PIRATA-FR33	st008c01	B	2023-03-11T19:36:09z	  -9.905	 +0.058		 324.0	 6	34.9363	1.774	 77.23	 0.01	 31.926	31.912	  1.90	13.52																											9.9900	7.5250	25.0000		
PIRATA-FR33	st008c01	B	2023-03-11T19:36:09z	  -9.905	 +0.058		 497.0	 5	34.5825	3.065	133.37	 0.01	 32.994	32.980	  2.06	20.37																											6.7180	7.5480	25.0000		
PIRATA-FR33	st008c01	B	2023-03-11T19:36:09z	  -9.905	 +0.058		 745.0	 4	34.5076	3.360	146.14	 0.02	 34.827	34.808	  2.22	27.75																											5.1710	7.5490	25.0000		
PIRATA-FR33	st008c01	B	2023-03-11T19:36:09z	  -9.905	 +0.058		 745.0	 3	34.5085	3.351	145.75	 0.02	 34.830	34.807	  2.23	27.78																											5.1710	7.5470	25.0000		
PIRATA-FR33	st008c01	B	2023-03-11T19:36:09z	  -9.905	 +0.058		1488.0	 2	34.9607	5.186	225.48	 0.02	 22.039	22.021	  1.39	17.95																											4.3040	7.6970	25.0000		
PIRATA-FR33	st008c01	B	2023-03-11T19:36:09z	  -9.905	 +0.058		1979.0	 1	34.9624	5.657	245.93	 0.01	 20.322	20.307	  1.27	21.26																											3.5270	7.7260	25.0000		
PIRATA-FR33	st009c01	B	2023-03-12T06:17:20z	 -10.000	 -0.500		   3.0	14																																			27.6560				
PIRATA-FR33	st009c01	B	2023-03-12T06:17:20z	 -10.000	 -0.500		   3.0	13	35.9617	4.474	195.31	 0.01	  0.021	0.016	  0.06	 0.86																											27.6540	8.0290	25.0000		
PIRATA-FR33	st009c01	B	2023-03-12T06:17:20z	 -10.000	 -0.500		  21.0	12	36.0499	4.466	194.88	 0.01	  0.015	0.008	  0.05	 0.94																											27.2330	8.0350	25.0000		
PIRATA-FR33	st009c01	B	2023-03-12T06:17:20z	 -10.000	 -0.500		  40.0	11																																			23.6720				
PIRATA-FR33	st009c01	B	2023-03-12T06:17:20z	 -10.000	 -0.500		  40.0	10	36.4322	4.102	178.79	 0.18	  2.088	1.907	  0.20	 1.71																											23.6890	7.9690	25.0000		
PIRATA-FR33	st009c01	B	2023-03-12T06:17:20z	 -10.000	 -0.500		  60.0	 9	36.2742	3.833	167.03	 0.33	  5.600	5.269	  0.45	 2.19																											21.3460	7.9090	25.0000		
PIRATA-FR33	st009c01	B	2023-03-12T06:17:20z	 -10.000	 -0.500		  79.0	 8	35.9985	3.784	164.82	 0.21	  8.654	8.445	  0.64	 3.02																											18.4190				
PIRATA-FR33	st009c01	B	2023-03-12T06:17:20z	 -10.000	 -0.500		  99.0	 7	35.7896	3.741	162.90	 0.09	 11.168	11.076	  0.77	 3.82																											16.7700	7.8290	25.0000		
PIRATA-FR33	st009c01	B	2023-03-12T06:17:20z	 -10.000	 -0.500		 306.0	 6	34.9737	1.684	 73.31	 0.01	 31.658	31.644	  1.87	12.84																											10.3690	7.5280	25.0000		
PIRATA-FR33	st009c01	B	2023-03-12T06:17:20z	 -10.000	 -0.500		 498.0	 5	34.6364	2.739	119.18	 0.01	 33.220	33.205	  2.06	18.94																											7.2550	7.5420	25.0000		
PIRATA-FR33	st009c01	B	2023-03-12T06:17:20z	 -10.000	 -0.500		 498.0	 4	34.6345	2.761	120.16	 0.01	 33.153	33.139	  2.07	18.96																											7.2560	7.5390	25.0000		
PIRATA-FR33	st009c01	B	2023-03-12T06:17:20z	 -10.000	 -0.500		 754.0	 3	34.5074	3.315	144.20	 0.01	 34.564	34.551	  2.22	26.91																											5.3600	7.5500	25.0000		
PIRATA-FR33	st009c01	B	2023-03-12T06:17:20z	 -10.000	 -0.500		1499.0	 2	34.9572	5.140	223.49	 0.01	 22.227	22.218	  1.41	18.14																											4.3260	7.6970	25.0000		
PIRATA-FR33	st009c01	B	2023-03-12T06:17:20z	 -10.000	 -0.500		1980.0	 1	34.9637	5.656	251.85	 0.00	 20.342	20.338	  1.27	20.97																											3.5620	7.7240	25.0000		
PIRATA-FR33	st010c01	B	2023-03-12T11:19:12z	  -9.993	 -1.007		   1.0	13	35.8683								0.0027	0.0069	0.0050	0.0043	0.0059				0.0155		0.0108		0.0036	0.0830					0.0129			0.0607	0.0589	0.1196			28.1040				
PIRATA-FR33	st010c01	B	2023-03-12T11:19:12z	  -9.993	 -1.007		   1.0	12		4.498	196.48	 0.01	  0.006	-0.002	  0.03	 0.85																											28.1020	8.0280	25.0000		
PIRATA-FR33	st010c01	B	2023-03-12T11:19:12z	  -9.993	 -1.007		  20.0	11	35.9857	4.475	195.31	 0.00	  0.018	0.014	  0.04	 0.92	0.0065	0.0202	0.0153	0.0128	0.0105			0.0035	0.0473	0.0057	0.0190	0.0039	0.0028	0.1062		0.0085	0.0163	0.0249	0.0227			0.0966	0.1444	0.2411	0.0063		27.1650	8.0130	25.0000		
PIRATA-FR33	st010c01	B	2023-03-12T11:19:12z	  -9.993	 -1.007		  40.0	10	36.3171	4.343	189.33	 0.01	  0.049	0.037	  0.15	 1.37	0.0800	0.0832	0.0209	0.0815	0.0385	0.0046	0.0044	0.0049	0.2379		0.0320	0.0048	0.0024	0.1415		0.0291	0.0981	0.1272	0.0523			0.2021	0.4467	0.6488	0.0071		24.2920	7.9830	25.0000		
PIRATA-FR33	st010c01	B	2023-03-12T11:19:12z	  -9.993	 -1.007		  50.0	 9	36.2249	3.937	171.54	 0.12	  2.549	2.430	  0.34	 1.92	0.0971	0.0902	0.0167	0.1229	0.0411	0.0226	0.0051	0.0070	0.2160		0.0181	0.0080	0.0009	0.1172	0.0042	0.1195	0.1576	0.2771	0.0691			0.2428	0.4554	0.6981	0.0116		22.1150	7.9150	25.0000		
PIRATA-FR33	st010c01	B	2023-03-12T11:19:12z	  -9.993	 -1.007		  79.0	 8	35.7928	3.548	154.64	 0.14	 11.987	11.845	  0.81	 4.12	0.0668	0.0460	0.0047	0.0840	0.0292	0.0031	0.0047	0.0008	0.0969		0.0080	0.0035		0.0300		0.1233	0.0376	0.1609	0.0350			0.0956	0.2497	0.3453	0.0050		16.9440				
PIRATA-FR33	st010c01	B	2023-03-12T11:19:12z	  -9.993	 -1.007		 100.0	 7	35.5926	3.421	148.91	 0.04	 14.654	14.613	  0.95	 5.13	0.0292	0.0161		0.0396	0.0090	0.0011	0.0008	0.0003	0.0450		0.0032			0.0079		0.0735	0.0039	0.0774	0.0161			0.0383	0.0956	0.1339	0.0028		15.3970	7.7720	25.0000		
PIRATA-FR33	st010c01	B	2023-03-12T11:19:12z	  -9.993	 -1.007		 299.0	 6	34.9523	1.676	 72.91	 0.01	 31.978	31.963	  1.89	13.28																											10.1910	7.5200	25.0000		
PIRATA-FR33	st010c01	B	2023-03-12T11:19:12z	  -9.993	 -1.007		 299.0	 5	34.9509	1.678	 72.99	 0.01	 32.019	32.004	  1.92	13.63																											10.1930	7.5180	25.0000		
PIRATA-FR33	st010c01	B	2023-03-12T11:19:12z	  -9.993	 -1.007		 496.0	 4	34.5994	3.167	137.76	 0.02	 32.011	31.992	  2.02	19.22																											7.0220	7.5600	25.0000		
PIRATA-FR33	st010c01	B	2023-03-12T11:19:12z	  -9.993	 -1.007		 716.0	 3	34.4916	3.476	151.16	 0.02	 33.817	33.799	  2.18	26.24																											5.4180	7.5560	25.0000		
PIRATA-FR33	st010c01	B	2023-03-12T11:19:12z	  -9.993	 -1.007		1480.0	 2	34.9472	5.009	217.73	 0.01	 22.949	22.939	  1.46	18.97																											4.3730	7.6860	25.0000		
PIRATA-FR33	st010c01	B	2023-03-12T11:19:12z	  -9.993	 -1.007		1978.0	 1	34.9643	5.667	246.76	 0.01	 20.036	20.024	  1.27	20.29																											3.5870	7.7210	25.0000		
PIRATA-FR33	st011c01	B	2023-03-12T16:05:53z	 -10.000	 -1.500		   2.0	14																																			28.3700				
PIRATA-FR33	st011c01	B	2023-03-12T16:05:53z	 -10.000	 -1.500		   3.0	13	35.8083	4.513	197.04	 0.01	  0.017	0.007	  0.01	 0.78																											28.3690	8.0420	25.0000		
PIRATA-FR33	st011c01	B	2023-03-12T16:05:53z	 -10.000	 -1.500		  20.0	12	35.8292	4.526	197.56	 0.01	  0.018	0.013	  0.01	 0.85																											27.9050	8.0240	25.0000		
PIRATA-FR33	st011c01	B	2023-03-12T16:05:53z	 -10.000	 -1.500		  40.0	11																																			22.3820				
PIRATA-FR33	st011c01	B	2023-03-12T16:05:53z	 -10.000	 -1.500		  40.0	10	35.8765	4.371	190.59	 0.07	  1.514	1.448	  0.26	 1.90																											22.4720	7.9420	25.0000		
PIRATA-FR33	st011c01	B	2023-03-12T16:05:53z	 -10.000	 -1.500		  60.0	 9	35.7787	3.108	135.39	 0.48	 12.817	12.336	  0.86	 4.08																											18.8140	7.8070	25.0000		
PIRATA-FR33	st011c01	B	2023-03-12T16:05:53z	 -10.000	 -1.500		  80.0	 8	35.5844	2.702	117.66	 0.25	 18.056	17.807	  1.18	 5.74																											15.6230				
PIRATA-FR33	st011c01	B	2023-03-12T16:05:53z	 -10.000	 -1.500		 100.0	 7	35.4997	2.663	115.93	 0.07	 19.252	19.186	  1.24	 6.44																											14.7170	7.7050	25.0000		
PIRATA-FR33	st011c01	B	2023-03-12T16:05:53z	 -10.000	 -1.500		 100.0	 6	35.4996	2.661	115.85	 0.08	 19.495	19.419	  1.26	 6.43																											14.7120	7.7080	25.0000		
PIRATA-FR33	st011c01	B	2023-03-12T16:05:53z	 -10.000	 -1.500		 310.0	 5	34.9929	1.681	 73.17	 0.02	 31.164	31.141	  1.89	12.66																											10.5410	7.5310	25.0000		
PIRATA-FR33	st011c01	B	2023-03-12T16:05:53z	 -10.000	 -1.500		 500.0	 4	34.6317	2.938	127.83	 0.01	 32.119	32.109	  2.04	18.66																											7.3320	7.5570	25.0000		
PIRATA-FR33	st011c01	B	2023-03-12T16:05:53z	 -10.000	 -1.500		 694.0	 3	34.5008	3.377	146.91	 0.01	 33.552	33.543	  2.20	25.46																											5.5850	7.5570	25.0000		
PIRATA-FR33	st011c01	B	2023-03-12T16:05:53z	 -10.000	 -1.500		1499.0	 2	34.9528	5.048	219.50	 0.01	 22.450	22.445	  1.46	18.49																											4.4170	7.6950	25.0000		
PIRATA-FR33	st011c01	B	2023-03-12T16:05:53z	 -10.000	 -1.500		1980.0	 1	34.9638	5.697	247.70	 0.01	 19.864	19.854	  1.30	19.65																											3.5980	7.7220	25.0000		
PIRATA-FR33	st012c01	B	2023-03-12T20:58:55z	  -9.998	 -2.003		   2.0	22																																			28.3150				
PIRATA-FR33	st012c01	B	2023-03-12T20:58:55z	  -9.998	 -2.003		   2.0	21																																			28.3140				
PIRATA-FR33	st012c01	B	2023-03-12T20:58:55z	  -9.998	 -2.003		   2.0	20	35.6937			 0.01	  0.016	0.008	  0.02	 0.83	0.0071	0.0089	0.0073	0.0034	0.0062			0.0012	0.0171	0.0027	0.0066		0.0016	0.0779		0.0056	0.0056	0.0112	0.0138			0.0565	0.0593	0.1158	0.0017		28.3150	8.0520	25.0000		
PIRATA-FR33	st012c01	B	2023-03-12T20:58:55z	  -9.998	 -2.003		  20.0	19																																			28.2380				
PIRATA-FR33	st012c01	B	2023-03-12T20:58:55z	  -9.998	 -2.003		  20.0	18	35.7047			 0.01	  0.016	0.005	  0.03	 0.84	0.0030	0.0044	0.0067	0.0039	0.0066			0.0009	0.0194	0.0032	0.0068			0.0769		0.0047	0.0051	0.0098	0.0142			0.0589	0.0664	0.1253	0.0019		28.2470	8.0460	25.0000		
PIRATA-FR33	st012c01	B	2023-03-12T20:58:55z	  -9.998	 -2.003		  30.0	17																																			23.3080				
PIRATA-FR33	st012c01	B	2023-03-12T20:58:55z	  -9.998	 -2.003		  40.0	16		4.517	197.34																																20.2920				
PIRATA-FR33	st012c01	B	2023-03-12T20:58:55z	  -9.998	 -2.003		  40.0	15		4.534	198.05																																20.3640				
PIRATA-FR33	st012c01	B	2023-03-12T20:58:55z	  -9.998	 -2.003		  40.0	14	35.8911	3.819	166.37	 0.11	  6.719	6.606	  0.56	 3.15	0.0875	0.0645	0.0276	0.0825	0.0408	0.0235	0.0078	0.0095	0.2244		0.0168	0.0089		0.1491		0.0635	0.1850	0.2485	0.0563			0.1843	0.5175	0.7018	0.0174		20.4320	7.8800	25.0000		
PIRATA-FR33	st012c01	B	2023-03-12T20:58:55z	  -9.998	 -2.003		  51.0	13																																			18.0060				
PIRATA-FR33	st012c01	B	2023-03-12T20:58:55z	  -9.998	 -2.003		  60.0	12																																			16.5210				
PIRATA-FR33	st012c01	B	2023-03-12T20:58:55z	  -9.998	 -2.003		  60.0	11	35.6296	2.571	111.93	 0.46	 18.221	17.759	  1.16	 5.47	0.0575	0.0280	0.0072	0.0632	0.0286	0.0161	0.0154		0.0947	0.0073	0.0078	0.0033		0.0484		0.1191	0.1117	0.2308	0.0419			0.1162	0.2839	0.4001	0.0138		16.5220	7.7230	25.0000		
PIRATA-FR33	st012c01	B	2023-03-12T20:58:55z	  -9.998	 -2.003		  80.0	10																																			15.0940				
PIRATA-FR33	st012c01	B	2023-03-12T20:58:55z	  -9.998	 -2.003		  80.0	 9																																			15.0950				
PIRATA-FR33	st012c01	B	2023-03-12T20:58:55z	  -9.998	 -2.003		  80.0	 8	35.5334	2.396	104.29	 0.10	 20.419	20.316	  1.30	 6.46	0.0435	0.0303	0.0051	0.0514	0.0225	0.0046	0.0040	0.0008	0.0563	0.0018	0.0056	0.0034		0.0188		0.0974	0.0325	0.1298		0.0283		0.0627	0.1759	0.2386	0.0043		15.0880				
PIRATA-FR33	st012c01	B	2023-03-12T20:58:55z	  -9.998	 -2.003		 100.0	 7																																			14.8650				
PIRATA-FR33	st012c01	B	2023-03-12T20:58:55z	  -9.998	 -2.003		 100.0	 6	35.5161	2.340	101.85	 0.07	 20.955	20.886	  1.35	 6.66	0.0350	0.0212	0.0034	0.0402	0.0171	0.0030	0.0021		0.0483	0.0072	0.0042	0.0025	0.0003	0.0093		0.0714	0.0176	0.0890	0.0185			0.0414	0.1251	0.1666	0.0036		14.8670	7.6810	25.0000		
PIRATA-FR33	st012c01	B	2023-03-12T20:58:55z	  -9.998	 -2.003		 120.0	 5																																			14.6500				
PIRATA-FR33	st012c01	B	2023-03-12T20:58:55z	  -9.998	 -2.003		 149.0	 4																																			14.2620				
PIRATA-FR33	st012c01	B	2023-03-12T20:58:55z	  -9.998	 -2.003		 301.0	 3	35.1309	1.790	 77.88	 0.02	 28.496	28.476	  1.76	10.88																											11.7690	7.5650	25.0000		
PIRATA-FR33	st012c01	B	2023-03-12T20:58:55z	  -9.998	 -2.003		 499.0	 2	34.6102	3.161	137.52	 0.03	 31.466	31.441	  2.04	18.66																											7.2050	7.5730	25.0000		
PIRATA-FR33	st012c01	B	2023-03-12T20:58:55z	  -9.998	 -2.003		1977.0	 1	34.9585	5.713	248.34	 0.02	 20.098	20.076	  1.31	21.33																											3.4510	7.7280	25.0000		
PIRATA-FR33	st013c01	B	2023-03-13T01:28:15z	 -10.000	 -2.501		   1.0	14																																			28.2550				
PIRATA-FR33	st013c01	B	2023-03-13T01:28:15z	 -10.000	 -2.501		   1.0	13	35.6854	4.518	197.25																																28.2510	8.0440	25.0000		
PIRATA-FR33	st013c01	B	2023-03-13T01:28:15z	 -10.000	 -2.501		  20.0	12	35.6788	4.518	197.22																																28.1830	8.0540	25.0000		
PIRATA-FR33	st013c01	B	2023-03-13T01:28:15z	 -10.000	 -2.501		  40.0	11																																			19.0580				
PIRATA-FR33	st013c01	B	2023-03-13T01:28:15z	 -10.000	 -2.501		  40.0	10	35.7691	3.302	143.81																																18.8760	7.8130	25.0000		
PIRATA-FR33	st013c01	B	2023-03-13T01:28:15z	 -10.000	 -2.501		  51.0	 9	35.7064	2.872	125.07																																17.4980	7.7680	25.0000		
PIRATA-FR33	st013c01	B	2023-03-13T01:28:15z	 -10.000	 -2.501		  80.0	 8	35.5819	2.544	110.76																																15.6160	7.7090	25.0000		
PIRATA-FR33	st013c01	B	2023-03-13T01:28:15z	 -10.000	 -2.501		  80.0	 7	35.5831	2.557	111.30																																15.6260	7.7120	25.0000		
PIRATA-FR33	st013c01	B	2023-03-13T01:28:15z	 -10.000	 -2.501		 100.0	 6	35.5241	2.730	118.80																																14.8900	7.7170	25.0000		
PIRATA-FR33	st013c01	B	2023-03-13T01:28:15z	 -10.000	 -2.501		 358.0	 5	34.9821	1.598	 69.53																																10.5130	7.5230	25.0000		
PIRATA-FR33	st013c01	B	2023-03-13T01:28:15z	 -10.000	 -2.501		 498.0	 4	34.6915	1.864	 81.07																																7.7820	7.4820	25.0000		
PIRATA-FR33	st013c01	B	2023-03-13T01:28:15z	 -10.000	 -2.501		 695.0	 3	34.4876	3.291	143.13																																5.1820	7.5440	25.0000		
PIRATA-FR33	st013c01	B	2023-03-13T01:28:15z	 -10.000	 -2.501		1487.0	 2	34.9575	5.155	224.06																																4.3210	7.6990	25.0000		
PIRATA-FR33	st013c01	B	2023-03-13T01:28:15z	 -10.000	 -2.501		1978.0	 1	34.9533	5.582	242.59																																3.4970	7.7210	25.0000		
PIRATA-FR33	st014c01	B	2023-03-13T06:05:59z	 -10.004	 -3.001		   3.0	13	35.6266			 0.01	  0.029	0.024	  0.03	 0.77																											28.3280				
PIRATA-FR33	st014c01	B	2023-03-13T06:05:59z	 -10.004	 -3.001		   2.0	12		5.489	239.67																																28.3250	8.0430	25.0000		
PIRATA-FR33	st014c01	B	2023-03-13T06:05:59z	 -10.004	 -3.001		  20.0	11	35.6290	4.497	196.34	 0.00	  0.024	0.023	  0.02	 0.83																											28.3310	8.0340	25.0000		
PIRATA-FR33	st014c01	B	2023-03-13T06:05:59z	 -10.004	 -3.001		  40.0	10	35.9761	4.275	186.30	 0.06	  1.560	1.502	  0.33	 2.24																											21.6640	7.9330	25.0000		
PIRATA-FR33	st014c01	B	2023-03-13T06:05:59z	 -10.004	 -3.001		  60.0	 9	35.6090	2.337	101.76	 0.29	 19.568	19.273	  1.25	 5.70																											16.0750	7.7000	25.0000		
PIRATA-FR33	st014c01	B	2023-03-13T06:05:59z	 -10.004	 -3.001		  60.0	 8	35.6067	2.336	101.71	 0.29	 19.644	19.355	  1.27	 5.69																											16.0680	7.7000	25.0000		
PIRATA-FR33	st014c01	B	2023-03-13T06:05:59z	 -10.004	 -3.001		  80.0	 7	35.5076	2.317	100.85	 0.05	 21.088	21.038	  1.34	 6.59																											14.8340				
PIRATA-FR33	st014c01	B	2023-03-13T06:05:59z	 -10.004	 -3.001		 100.0	 6	35.4559	2.256	 98.19	 0.03	 21.974	21.946	  1.39	 7.11																											14.3590	7.6650	25.0000		
PIRATA-FR33	st014c01	B	2023-03-13T06:05:59z	 -10.004	 -3.001		 381.0	 5	34.8739	1.695	 73.12	 0.01	 33.151	33.139	  2.05	14.33																											9.6170	7.5070	25.0000		
PIRATA-FR33	st014c01	B	2023-03-13T06:05:59z	 -10.004	 -3.001		 500.0	 4	34.6277	2.403	104.54	 0.01	 35.009	35.002	  2.24	19.95																											7.1740	7.5110	25.0000		
PIRATA-FR33	st014c01	B	2023-03-13T06:05:59z	 -10.004	 -3.001		 800.0	 3	34.4970	3.519	153.04	 0.01	 34.422	34.416	  2.32	30.36																											4.8020	7.5550	25.0000		
PIRATA-FR33	st014c01	B	2023-03-13T06:05:59z	 -10.004	 -3.001		1500.0	 2	34.9593	5.246	228.05	 0.01	 21.722	21.715	  1.44	18.74																											4.1560	7.7010	25.0000		
PIRATA-FR33	st014c01	B	2023-03-13T06:05:59z	 -10.004	 -3.001		1982.0	 1	34.9557	5.647	245.47	 0.01	 20.258	20.250	  1.33	21.79																											3.5170	7.7200	25.0000		
PIRATA-FR33	st015c01	B	2023-03-13T10:48:11z	  -9.999	 -3.505		   1.0	14																																			28.3880				
PIRATA-FR33	st015c01	B	2023-03-13T10:48:11z	  -9.999	 -3.505		   1.0	13	35.5859	4.512	197.02																																28.3870	8.0410	25.0000		
PIRATA-FR33	st015c01	B	2023-03-13T10:48:11z	  -9.999	 -3.505		  20.0	12	35.5852	4.514	197.09																																28.3270	8.0350	25.0000		
PIRATA-FR33	st015c01	B	2023-03-13T10:48:11z	  -9.999	 -3.505		  50.0	11																																			18.1980				
PIRATA-FR33	st015c01	B	2023-03-13T10:48:11z	  -9.999	 -3.505		  50.0	10	35.8190	2.931	127.64																																18.1860	7.7870	25.0000		
PIRATA-FR33	st015c01	B	2023-03-13T10:48:11z	  -9.999	 -3.505		  50.0	 9	35.8006	2.889	125.81																																18.1140	7.7820	25.0000		
PIRATA-FR33	st015c01	B	2023-03-13T10:48:11z	  -9.999	 -3.505		  60.0	 8	35.6243	2.357	102.62																																15.9420	7.6990	25.0000		
PIRATA-FR33	st015c01	B	2023-03-13T10:48:11z	  -9.999	 -3.505		  80.0	 7	35.5125	2.145	 93.35																																14.8050				
PIRATA-FR33	st015c01	B	2023-03-13T10:48:11z	  -9.999	 -3.505		 100.0	 6	35.4510	2.075	 90.30																																14.3010	7.6460	25.0000		
PIRATA-FR33	st015c01	B	2023-03-13T10:48:11z	  -9.999	 -3.505		 298.0	 5	35.1223	2.005	 87.24																																11.7810	7.5640	25.0000		
PIRATA-FR33	st015c01	B	2023-03-13T10:48:11z	  -9.999	 -3.505		 398.0	 4	34.9064	1.514	 65.84																																9.9190	7.4970	25.0000		
PIRATA-FR33	st015c01	B	2023-03-13T10:48:11z	  -9.999	 -3.505		 497.0	 3	34.6581	2.357	102.51																																7.5240	7.5100	25.0000		
PIRATA-FR33	st015c01	B	2023-03-13T10:48:11z	  -9.999	 -3.505		 794.0	 2	34.4906	3.399	147.81																																4.9900	7.5460	25.0000		
PIRATA-FR33	st015c01	B	2023-03-13T10:48:11z	  -9.999	 -3.505		 993.0	 1	34.5656	3.540	153.91																																4.4220	7.5600	25.0000		
PIRATA-FR33	st016c01	B	2023-03-13T14:40:33z	  -9.999	 -4.000		   1.0	13																																			28.5170				
PIRATA-FR33	st016c01	B	2023-03-13T14:40:33z	  -9.999	 -4.000		   1.0	12																																			28.5150				
PIRATA-FR33	st016c01	B	2023-03-13T14:40:33z	  -9.999	 -4.000		  20.0	11	35.5995	4.523	197.52	 0.00	  0.027	0.026	  0.05	 0.91	0.0084	0.0092	0.0096	0.0050	0.0063			0.0007	0.0224	0.0059	0.0074		0.0024	0.1082		0.0051	0.0069	0.0120	0.0179			0.0634	0.0797	0.1431	0.0016		28.3270	8.0290	25.0000		
PIRATA-FR33	st016c01	B	2023-03-13T14:40:33z	  -9.999	 -4.000		  40.0	10	35.8145	4.417	192.52	 0.04	  1.274	1.232	  0.39	 2.42																											20.8590	7.9160	25.0000		
PIRATA-FR33	st016c01	B	2023-03-13T14:40:33z	  -9.999	 -4.000		  40.0	 9	35.8189	4.487	195.55	 0.04	  0.948	0.912	  0.39	 2.34	0.1002	0.1081	0.0290	0.1239	0.0500	0.0201	0.0181	0.0094	0.2867	0.0050	0.0265	0.0063	0.0038	0.0563	0.0053	0.0077	0.1241	0.1318		0.0295		0.0463	0.6453	0.6917	0.0070		20.9330	7.9280	25.0000		
PIRATA-FR33	st016c01	B	2023-03-13T14:40:33z	  -9.999	 -4.000		  50.0	 8	35.8079	3.378	147.15	 0.19	 10.070	9.881	  0.79	 3.55	0.0792	0.0669	0.0137	0.1056	0.0430	0.0241	0.0148	0.0068	0.1603	0.0058	0.0151	0.0027	0.0022	0.0468	0.0037	0.0367	0.1534	0.1900	0.0303			0.0744	0.4444	0.5188	0.0084		18.8470	7.8310	25.0000		
PIRATA-FR33	st016c01	B	2023-03-13T14:40:33z	  -9.999	 -4.000		  80.0	 7	35.5071	2.109	 91.80	 0.05	 22.032	21.979	  1.41	 6.75	0.0409	0.0227	0.0090	0.0490	0.0266	0.0030	0.0054	0.0011	0.0577	0.0046	0.0050	0.0025		0.0205		0.1132	0.0285	0.1417	0.0300			0.0663	0.1590	0.2252	0.0039		14.7850				
PIRATA-FR33	st016c01	B	2023-03-13T14:40:33z	  -9.999	 -4.000		 101.0	 6	35.4410	2.063	 89.78	 0.02	 23.012	22.991	  1.47	 7.45	0.0180	0.0096	0.0024	0.0220	0.0093		0.0017		0.0302		0.0033	0.0020		0.0055		0.0473	0.0115	0.0588	0.0131			0.0253	0.0705	0.0958	0.0020		14.2310	7.6450	25.0000		
PIRATA-FR33	st016c01	B	2023-03-13T14:40:33z	  -9.999	 -4.000		 300.0	 5	35.1543	2.010	 87.49	 0.01	 26.641	26.631	  1.68	10.04																											12.0220	7.5890	25.0000		
PIRATA-FR33	st016c01	B	2023-03-13T14:40:33z	  -9.999	 -4.000		 399.0	 4	34.9573	1.925	 83.76	 0.01	 30.407	30.393	  1.90	12.69																											10.3760	7.5400	25.0000		
PIRATA-FR33	st016c01	B	2023-03-13T14:40:33z	  -9.999	 -4.000		 497.0	 3	34.7502	1.752	 76.22	 0.01	 35.326	35.315	  2.21	17.34																											8.4480	7.4850	25.0000		
PIRATA-FR33	st016c01	B	2023-03-13T14:40:33z	  -9.999	 -4.000		 794.0	 2	34.4939	3.151	137.03	 0.01	 35.448	35.440	  2.35	28.16																											5.2230	7.5320	25.0000		
PIRATA-FR33	st016c01	B	2023-03-13T14:40:33z	  -9.999	 -4.000		 992.0	 1	34.5750	3.546	154.20	 0.01	 33.879	33.871	  2.28	32.44																											4.4040	7.5630	25.0000		
PIRATA-FR33	st017c01	B	2023-03-13T18:48:17z	 -10.002	 -4.498		   2.0	14																																			28.2550				
PIRATA-FR33	st017c01	B	2023-03-13T18:48:17z	 -10.002	 -4.498		   2.0	13	35.6383	4.549	198.64																																28.2610	8.0410	25.0000		
PIRATA-FR33	st017c01	B	2023-03-13T18:48:17z	 -10.002	 -4.498		  20.0	12	35.6217	4.558	198.99																																28.1050	8.0120	25.0000		
PIRATA-FR33	st017c01	B	2023-03-13T18:48:17z	 -10.002	 -4.498		  20.0	11	35.6341	4.565	199.32																																28.1040	8.0500	25.0000		
PIRATA-FR33	st017c01	B	2023-03-13T18:48:17z	 -10.002	 -4.498		  40.0	10	36.2707	4.866	212.20																																24.8630	8.0270	25.0000		
PIRATA-FR33	st017c01	B	2023-03-13T18:48:17z	 -10.002	 -4.498		  60.0	 9																																			20.1020				
PIRATA-FR33	st017c01	B	2023-03-13T18:48:17z	 -10.002	 -4.498		  60.0	 8	35.9767	3.472	151.27																																20.0610	7.8580	25.0000		
PIRATA-FR33	st017c01	B	2023-03-13T18:48:17z	 -10.002	 -4.498		  80.0	 7	35.5922	2.211	 96.25																																15.6190				
PIRATA-FR33	st017c01	B	2023-03-13T18:48:17z	 -10.002	 -4.498		 100.0	 6	35.4689	1.995	 86.85																																14.4570	7.6410	25.0000		
PIRATA-FR33	st017c01	B	2023-03-13T18:48:17z	 -10.002	 -4.498		 301.0	 5	35.1030	2.013	 87.61																																11.5960	7.5810	25.0000		
PIRATA-FR33	st017c01	B	2023-03-13T18:48:17z	 -10.002	 -4.498		 428.0	 4	34.8281	1.775	 77.21																																9.1920	7.5060	25.0000		
PIRATA-FR33	st017c01	B	2023-03-13T18:48:17z	 -10.002	 -4.498		 500.0	 3	34.7024	1.980	 86.15																																7.9300	7.4910	25.0000		
PIRATA-FR33	st017c01	B	2023-03-13T18:48:17z	 -10.002	 -4.498		 808.0	 2	34.4973	3.054	132.83																																5.2010	7.5250	25.0000		
PIRATA-FR33	st017c01	B	2023-03-13T18:48:17z	 -10.002	 -4.498		1004.0	 1	34.5705	3.603	156.67																																4.3440	7.5630	25.0000		
PIRATA-FR33	st018c01	B	2023-03-13T22:59:54z	  -9.998	 -4.998		   2.0	13	35.6995	4.586	200.20	 0.00	  0.035	0.035	  0.03	 0.92																											28.3550	8.0510	25.0000		
PIRATA-FR33	st018c01	B	2023-03-13T22:59:54z	  -9.998	 -4.998		   2.0	12	35.7082	4.579	199.90	 0.00	  0.040	0.037	  0.01	 0.87																											28.3590	8.0620	25.0000		
PIRATA-FR33	st018c01	B	2023-03-13T22:59:54z	  -9.998	 -4.998		   2.0	11																																			28.3560				
PIRATA-FR33	st018c01	B	2023-03-13T22:59:54z	  -9.998	 -4.998		  20.0	10	35.7058	4.581	199.98	 0.00	  0.031	0.030	  0.01	 0.90																											28.3580	8.0590	25.0000		
PIRATA-FR33	st018c01	B	2023-03-13T22:59:54z	  -9.998	 -4.998		  40.0	 9	36.0791	4.649	202.88	 0.01	  0.031	0.026	  0.04	 0.92																											28.1240	8.0490	25.0000		
PIRATA-FR33	st018c01	B	2023-03-13T22:59:54z	  -9.998	 -4.998		  60.0	 8	36.1403	4.416	192.46	 0.03	  0.458	0.433	  0.22	 1.86																											22.6630	7.9640	25.0000		
PIRATA-FR33	st018c01	B	2023-03-13T22:59:54z	  -9.998	 -4.998		  80.0	 7	35.8192	2.935	127.82	 0.44	 13.905	13.466	  0.95	 4.26																											19.1590				
PIRATA-FR33	st018c01	B	2023-03-13T22:59:54z	  -9.998	 -4.998		 100.0	 6	35.5320	2.084	 90.72	 0.08	 22.064	21.982	  1.39	 6.65																											15.1270	7.6580	25.0000		
PIRATA-FR33	st018c01	B	2023-03-13T22:59:54z	  -9.998	 -4.998		 298.0	 5	35.0868	1.998	 86.93	 0.02	 28.159	28.140	  1.74	10.81																											11.4810	7.5770	25.0000		
PIRATA-FR33	st018c01	B	2023-03-13T22:59:54z	  -9.998	 -4.998		 393.0	 4	34.9168	1.859	 80.86	 0.01	 31.780	31.766	  1.95	13.38																											10.0370	7.5310	25.0000		
PIRATA-FR33	st018c01	B	2023-03-13T22:59:54z	  -9.998	 -4.998		 498.0	 3	34.7125	1.933	 84.09	 0.01	 35.454	35.444	  2.23	17.94																											8.0790	7.4910	25.0000		
PIRATA-FR33	st018c01	B	2023-03-13T22:59:54z	  -9.998	 -4.998		 795.0	 2	34.4940	3.075	133.73	 0.01	 36.187	36.172	  2.38	28.13																											5.2150	7.5290	25.0000		
PIRATA-FR33	st018c01	B	2023-03-13T22:59:54z	  -9.998	 -4.998		 992.0	 1	34.5460	3.448	149.94	 0.02	 34.973	34.957	  2.33	32.71																											4.4090	7.5520	25.0000		
PIRATA-FR33	st019c01	B	2023-03-14T03:02:19z	  -9.999	 -5.501		   2.0	14																																			28.5100				
PIRATA-FR33	st019c01	B	2023-03-14T03:02:19z	  -9.999	 -5.501		   2.0	13	35.7492	4.485	195.79																																28.5090	8.0510	25.0000		
PIRATA-FR33	st019c01	B	2023-03-14T03:02:19z	  -9.999	 -5.501		  20.0	12	35.7461	4.487	195.87																																28.5120	8.0260	25.0000		
PIRATA-FR33	st019c01	B	2023-03-14T03:02:19z	  -9.999	 -5.501		  41.0	11	36.2360	4.760	207.66																																26.5330	8.0370	25.0000		
PIRATA-FR33	st019c01	B	2023-03-14T03:02:19z	  -9.999	 -5.501		  60.0	10																																			22.7590				
PIRATA-FR33	st019c01	B	2023-03-14T03:02:19z	  -9.999	 -5.501		  60.0	 9	36.0476	4.133	180.14																																22.7670	7.9300	25.0000		
PIRATA-FR33	st019c01	B	2023-03-14T03:02:19z	  -9.999	 -5.501		  79.0	 8	35.6443	2.398	104.41																																15.8740				
PIRATA-FR33	st019c01	B	2023-03-14T03:02:19z	  -9.999	 -5.501		  99.0	 7	35.4660	2.872	125.01																																14.3940	7.7110	25.0000		
PIRATA-FR33	st019c01	B	2023-03-14T03:02:19z	  -9.999	 -5.501		 299.0	 6	35.0116	1.915	 83.31																																10.8270	7.5520	25.0000		
PIRATA-FR33	st019c01	B	2023-03-14T03:02:19z	  -9.999	 -5.501		 397.0	 5	34.8620	1.635	 71.14																																9.5030	7.4960	25.0000		
PIRATA-FR33	st019c01	B	2023-03-14T03:02:19z	  -9.999	 -5.501		 497.0	 4	34.6850	2.135	 92.90																																7.8010	7.5000	25.0000		
PIRATA-FR33	st019c01	B	2023-03-14T03:02:19z	  -9.999	 -5.501		 794.0	 3	34.5081	2.826	122.91																																5.2890	7.5160	25.0000		
PIRATA-FR33	st019c01	B	2023-03-14T03:02:19z	  -9.999	 -5.501		 994.0	 2	34.5652	3.406	148.12																																4.4150	7.5510	25.0000		
PIRATA-FR33	st019c01	B	2023-03-14T03:02:19z	  -9.999	 -5.501		 993.0	 1	34.5675	3.396	147.69																																4.4150	7.5550	25.0000		
PIRATA-FR33	st020c01	B	2023-03-14T11:23:48z	  -9.988	 -6.036		   1.0	22																																			28.5840				
PIRATA-FR33	st020c01	B	2023-03-14T11:23:48z	  -9.988	 -6.036		   2.0	21																																			28.5810				
PIRATA-FR33	st020c01	B	2023-03-14T11:23:48z	  -9.988	 -6.036		   1.0	20	36.0337	4.474	195.28	 0.01	  0.029	0.025	  0.04	 0.87	0.0075	0.0032	0.0040	0.0035	0.0038			0.0009	0.0131		0.0085	0.0007	0.0034	0.0821					0.0080			0.0437	0.0408	0.0845			28.5800	8.0550	25.0000		
PIRATA-FR33	st020c01	B	2023-03-14T11:23:48z	  -9.988	 -6.036		  20.0	19																																			28.4690				
PIRATA-FR33	st020c01	B	2023-03-14T11:23:48z	  -9.988	 -6.036		  20.0	18	36.0243	4.478	195.47	 0.01	  0.033	0.028	  0.03	 0.93	0.0028	0.0073	0.0062	0.0036	0.0036				0.0152		0.0115	0.0012	0.0034	0.0919					0.0104			0.0442	0.0506	0.0949	0.0039		28.4700	8.0540	25.0000		
PIRATA-FR33	st020c01	B	2023-03-14T11:23:48z	  -9.988	 -6.036		  40.0	17																																			28.4490				
PIRATA-FR33	st020c01	B	2023-03-14T11:23:48z	  -9.988	 -6.036		  40.0	16	36.0300	4.478	195.45	 0.02	  0.029	0.009	  0.04	 0.89	0.0066	0.0078	0.0051	0.0048	0.0049			0.0039	0.0251		0.0087			0.0942		0.0036	0.0037	0.0072	0.0120			0.0511	0.0647	0.1158	0.0021		28.4490	8.0530	25.0000		
PIRATA-FR33	st020c01	B	2023-03-14T11:23:48z	  -9.988	 -6.036		  60.0	15																																			27.0410				
PIRATA-FR33	st020c01	B	2023-03-14T11:23:48z	  -9.988	 -6.036		  60.0	14	36.2504	4.745	207.03	 0.01	  0.019	0.008	  0.05	 0.98	0.0162	0.0189	0.0076	0.0143	0.0081			0.0024	0.0584		0.0097			0.1043		0.0119	0.0131	0.0250	0.0195			0.0913	0.1290	0.2203	0.0031		26.8460	8.0430	25.0000		
PIRATA-FR33	st020c01	B	2023-03-14T11:23:48z	  -9.988	 -6.036		  70.0	13																																			23.4580				
PIRATA-FR33	st020c01	B	2023-03-14T11:23:48z	  -9.988	 -6.036		  70.0	12																																			23.4270				
PIRATA-FR33	st020c01	B	2023-03-14T11:23:48z	  -9.988	 -6.036		  81.0	11																																			20.1640				
PIRATA-FR33	st020c01	B	2023-03-14T11:23:48z	  -9.988	 -6.036		  80.0	10	36.0390	3.355	146.15	 0.58	  9.872	9.291	  0.70	 3.02	0.0490	0.0256	0.0071	0.0724	0.0182	0.0124	0.0046	0.0037	0.0834		0.0064			0.0457		0.1421	0.0882	0.2303	0.0455			0.1332	0.2305	0.3637	0.0153		20.1940				
PIRATA-FR33	st020c01	B	2023-03-14T11:23:48z	  -9.988	 -6.036		  90.0	 9																																			17.9160				
PIRATA-FR33	st020c01	B	2023-03-14T11:23:48z	  -9.988	 -6.036		 100.0	 8																																			15.7350				
PIRATA-FR33	st020c01	B	2023-03-14T11:23:48z	  -9.988	 -6.036		 100.0	 7																																			15.6970				
PIRATA-FR33	st020c01	B	2023-03-14T11:23:48z	  -9.988	 -6.036		 100.0	 6	35.6103	2.329	101.37	 0.04	 20.242	20.206	  1.27	 5.90	0.0195	0.0111		0.0302	0.0076				0.0268		0.0026	0.0018		0.0066		0.0522	0.0115	0.0637	0.0136			0.0294	0.0748	0.1042	0.0050		15.6750	7.7000	25.0000		
PIRATA-FR33	st020c01	B	2023-03-14T11:23:48z	  -9.988	 -6.036		 120.0	 5																																			14.4460				
PIRATA-FR33	st020c01	B	2023-03-14T11:23:48z	  -9.988	 -6.036		 200.0	 4																																			11.0980				
PIRATA-FR33	st020c01	B	2023-03-14T11:23:48z	  -9.988	 -6.036		 398.0	 3	34.7778	1.793	 78.02	 0.01	 34.976	34.961	  2.15	16.49																											8.6900	7.4880	25.0000		
PIRATA-FR33	st020c01	B	2023-03-14T11:23:48z	  -9.988	 -6.036		 496.0	 2	34.6739	2.118	 92.11	 0.01	 35.557	35.544	  2.23	18.81																											7.6700	7.4970	25.0000		
PIRATA-FR33	st020c01	B	2023-03-14T11:23:48z	  -9.988	 -6.036		1979.0	 1	34.9505	5.507	239.41	 0.01	 21.256	21.247	  1.39	23.19																											3.6140	7.7130	25.0000		
PIRATA-FR33	st021c01	B	2023-03-14T20:23:50z	  -9.996	 -6.503		   3.0	14																																			28.3540				
PIRATA-FR33	st021c01	B	2023-03-14T20:23:50z	  -9.996	 -6.503		   3.0	13	36.1555	4.493	196.08																																28.3520	8.0380	25.0000		
PIRATA-FR33	st021c01	B	2023-03-14T20:23:50z	  -9.996	 -6.503		  20.0	12	36.1581	4.497	196.26																																28.3540	8.0480	25.0000		
PIRATA-FR33	st021c01	B	2023-03-14T20:23:50z	  -9.996	 -6.503		  40.0	11	36.1559	4.523	197.41																																28.3260	8.0550	25.0000		
PIRATA-FR33	st021c01	B	2023-03-14T20:23:50z	  -9.996	 -6.503		  61.0	10																																			25.3770				
PIRATA-FR33	st021c01	B	2023-03-14T20:23:50z	  -9.996	 -6.503		  60.0	 9	36.3258	4.943	215.53																																25.4050	8.0310	25.0000		
PIRATA-FR33	st021c01	B	2023-03-14T20:23:50z	  -9.996	 -6.503		  80.0	 8	36.1514	4.125	179.73																																21.7470				
PIRATA-FR33	st021c01	B	2023-03-14T20:23:50z	  -9.996	 -6.503		 100.0	 7	35.8274	2.784	121.21																																18.1110	7.7450	25.0000		
PIRATA-FR33	st021c01	B	2023-03-14T20:23:50z	  -9.996	 -6.503		 299.0	 6	34.8893	1.855	 80.69																																9.7560	7.5220	25.0000		
PIRATA-FR33	st021c01	B	2023-03-14T20:23:50z	  -9.996	 -6.503		 398.0	 5	34.7475	1.778	 77.33																																8.4400	7.4860	25.0000		
PIRATA-FR33	st021c01	B	2023-03-14T20:23:50z	  -9.996	 -6.503		 499.0	 4	34.6338	2.272	 98.84																																7.2420	7.5010	25.0000		
PIRATA-FR33	st021c01	B	2023-03-14T20:23:50z	  -9.996	 -6.503		 795.0	 3	34.5042	2.889	125.62																																5.1210	7.5110	25.0000		
PIRATA-FR33	st021c01	B	2023-03-14T20:23:50z	  -9.996	 -6.503		 795.0	 2	34.5055	2.924	127.17																																5.1250	7.5090	25.0000		
PIRATA-FR33	st021c01	B	2023-03-14T20:23:50z	  -9.996	 -6.503		 992.0	 1	34.5888	3.491	151.80																																4.3360	7.5540	25.0000		
PIRATA-FR33	st022c01	B	2023-03-15T00:30:46z	  -9.998	 -7.000		   2.0	12	36.2237	4.539	198.09	 0.01	  0.036	0.027	  0.05	 0.85																											28.1690	8.0390	25.0000		
PIRATA-FR33	st022c01	B	2023-03-15T00:30:46z	  -9.998	 -7.000		  20.0	11	36.2239	4.495	196.18	 0.01	  0.027	0.020	  0.04	 0.82																											28.1820	8.0620	25.0000		
PIRATA-FR33	st022c01	B	2023-03-15T00:30:46z	  -9.998	 -7.000		  39.0	10	36.2253	4.499	196.34	 0.00	  0.036	0.032	  0.03	 0.85																											28.1790	8.0550	25.0000		
PIRATA-FR33	st022c01	B	2023-03-15T00:30:46z	  -9.998	 -7.000		  59.0	 9	36.3905	4.851	211.55	 0.01	  0.028	0.022	  0.06	 0.85																											26.2710	8.0450	25.0000		
PIRATA-FR33	st022c01	B	2023-03-15T00:30:46z	  -9.998	 -7.000		  80.0	 8	36.0204	4.267	185.89	 0.08	  3.590	3.514	  0.40	 2.34																											21.5220				
PIRATA-FR33	st022c01	B	2023-03-15T00:30:46z	  -9.998	 -7.000		 101.0	 7	35.6251	2.383	103.76	 0.23	 19.461	19.234	  1.22	 5.52																											16.1550	7.7100	25.0000		
PIRATA-FR33	st022c01	B	2023-03-15T00:30:46z	  -9.998	 -7.000		 299.0	 6	34.8993	1.918	 83.43	 0.01	 31.490	31.483	  1.93	13.47																											9.8610	7.5320	25.0000		
PIRATA-FR33	st022c01	B	2023-03-15T00:30:46z	  -9.998	 -7.000		 398.0	 5	34.7758	1.633	 71.06	 0.01	 35.524	35.515	  2.18	16.73																											8.6430	7.4830	25.0000		
PIRATA-FR33	st022c01	B	2023-03-15T00:30:46z	  -9.998	 -7.000		 496.0	 4	34.6607	1.981	 86.15	 0.01	 36.507	36.501	  2.28	19.46																											7.4850	7.4880	25.0000		
PIRATA-FR33	st022c01	B	2023-03-15T00:30:46z	  -9.998	 -7.000		 496.0	 3	34.6632	1.968	 85.61	 0.01	 36.481	36.474	  2.28	19.40																											7.4930	7.4890	25.0000		
PIRATA-FR33	st022c01	B	2023-03-15T00:30:46z	  -9.998	 -7.000		 796.0	 2	34.4993	3.065	133.28	 0.01	 36.383	36.376	  2.40	29.85																											4.9510	7.5220	25.0000		
PIRATA-FR33	st022c01	B	2023-03-15T00:30:46z	  -9.998	 -7.000		 986.0	 1	34.5768	3.446	149.83	 0.00	 34.377	34.374	  2.29	32.73																											4.3610	7.5570	25.0000		
PIRATA-FR33	st023c01	B	2023-03-15T04:35:24z	 -10.001	 -7.499		   2.0	14																																			28.0580				
PIRATA-FR33	st023c01	B	2023-03-15T04:35:24z	 -10.001	 -7.499		   2.0	13	36.2265	4.498	196.27																																28.0540	8.0420	25.0000		
PIRATA-FR33	st023c01	B	2023-03-15T04:35:24z	 -10.001	 -7.499		  20.0	12	36.2251	4.499	196.33																																28.0720	8.0450	25.0000		
PIRATA-FR33	st023c01	B	2023-03-15T04:35:24z	 -10.001	 -7.499		  40.0	11	36.2226	4.496	196.18																																28.0750	8.0510	25.0000		
PIRATA-FR33	st023c01	B	2023-03-15T04:35:24z	 -10.001	 -7.499		  59.0	10																																			25.1860				
PIRATA-FR33	st023c01	B	2023-03-15T04:35:24z	 -10.001	 -7.499		  59.0	 9	36.3346	4.839	211.00																																25.0320	8.0200	25.0000		
PIRATA-FR33	st023c01	B	2023-03-15T04:35:24z	 -10.001	 -7.499		  80.0	 8	35.6819	2.454	106.87																																16.6220				
PIRATA-FR33	st023c01	B	2023-03-15T04:35:24z	 -10.001	 -7.499		 100.0	 7	35.5255	2.171	 94.51																																15.0720	7.6710	25.0000		
PIRATA-FR33	st023c01	B	2023-03-15T04:35:24z	 -10.001	 -7.499		 299.0	 6	34.9511	1.841	 80.10																																10.3120	7.5370	25.0000		
PIRATA-FR33	st023c01	B	2023-03-15T04:35:24z	 -10.001	 -7.499		 358.0	 5	34.8783	1.754	 76.33																																9.6370	7.5160	25.0000		
PIRATA-FR33	st023c01	B	2023-03-15T04:35:24z	 -10.001	 -7.499		 358.0	 4	34.8758	1.742	 75.80																																9.6390	7.5130	25.0000		
PIRATA-FR33	st023c01	B	2023-03-15T04:35:24z	 -10.001	 -7.499		 500.0	 3	34.6877	1.835	 79.82																																7.7630	7.4830	25.0000		
PIRATA-FR33	st023c01	B	2023-03-15T04:35:24z	 -10.001	 -7.499		 799.0	 2	34.4980	3.015	131.13																																5.1110	7.5250	25.0000		
PIRATA-FR33	st023c01	B	2023-03-15T04:35:24z	 -10.001	 -7.499		 999.0	 1	34.5735	3.701	160.94																																4.2180	7.5710	25.0000		
PIRATA-FR33	st024c01	B	2023-03-15T08:46:46z	  -9.998	 -8.000		   2.0	12	36.2384	4.515	197.04	 0.00	  0.036	0.033	  0.03	 1.13	0.0056	0.0071	0.0052	0.0072	0.0085				0.0197		0.0091		0.0012	0.0768		0.0053	0.0037	0.0090	0.0114			0.0591	0.0567	0.1158			28.0350	8.0340	25.0000		
PIRATA-FR33	st024c01	B	2023-03-15T08:46:46z	  -9.998	 -8.000		  20.0	11	36.2346	4.509	196.78	 0.01	  0.033	0.028	  0.01	 0.79	0.0033	0.0084	0.0027	0.0047	0.0046			0.0018	0.0223		0.0089			0.0777		0.0050	0.0050	0.0100	0.0116			0.0598	0.0577	0.1175	0.0014		28.0370	8.0490	25.0000		
PIRATA-FR33	st024c01	B	2023-03-15T08:46:46z	  -9.998	 -8.000		  40.0	10	36.2406	4.519	197.20	 0.00	  0.026	0.026	  0.02	 0.79	0.0062	0.0043	0.0051	0.0056	0.0048			0.0017	0.0274		0.0055			0.0674		0.0036	0.0044	0.0080	0.0109			0.0570	0.0646	0.1216	0.0021		28.0170	8.0520	25.0000		
PIRATA-FR33	st024c01	B	2023-03-15T08:46:46z	  -9.998	 -8.000		  60.0	 9	36.4928	5.074	221.13	 0.00	  0.019	0.018	  0.06	 0.94	0.0207	0.0226	0.0093	0.0230	0.0072				0.0708		0.0077			0.0639		0.0105	0.0143	0.0248	0.0158			0.0850	0.1342	0.2192	0.0025		23.7360	8.0270	25.0000		
PIRATA-FR33	st024c01	B	2023-03-15T08:46:46z	  -9.998	 -8.000		  80.0	 8	36.0335	4.107	178.94	 0.09	  4.119	4.029	  0.43	 2.38	0.0646	0.0533	0.0182	0.0781	0.0171	0.0089	0.0020	0.0049	0.1614		0.0096	0.0017		0.0931		0.0374	0.1144	0.1517	0.0365			0.1445	0.3082	0.4527	0.0060		20.9530				
PIRATA-FR33	st024c01	B	2023-03-15T08:46:46z	  -9.998	 -8.000		  99.0	 7	35.7202	2.487	108.28	 0.34	 18.024	17.682	  1.15	 5.07	0.0578	0.0336	0.0061	0.0764	0.0173	0.0039	0.0041	0.0020	0.0916	0.0017	0.0062	0.0016		0.0208		0.0827	0.0390	0.1217	0.0231			0.0632	0.2019	0.2651	0.0033		17.6420	7.7300	25.0000		
PIRATA-FR33	st024c01	B	2023-03-15T08:46:46z	  -9.998	 -8.000		 298.0	 6	34.8995	1.798	 78.26	 0.01	 31.936	31.924	  1.95	13.56																											9.8580	7.5240	25.0000		
PIRATA-FR33	st024c01	B	2023-03-15T08:46:46z	  -9.998	 -8.000		 298.0	 5	34.8967	1.803	 78.45	 0.01	 32.058	32.050	  1.97	13.64																											9.8660	7.5250	25.0000		
PIRATA-FR33	st024c01	B	2023-03-15T08:46:46z	  -9.998	 -8.000		 398.0	 4	34.7852	2.052	 89.30	 0.01	 33.080	33.074	  2.06	15.43																											8.8880	7.5210	25.0000		
PIRATA-FR33	st024c01	B	2023-03-15T08:46:46z	  -9.998	 -8.000		 497.0	 3	34.6967	1.990	 86.61	 0.01	 35.282	35.276	  2.22	18.10																											7.9400	7.4960	25.0000		
PIRATA-FR33	st024c01	B	2023-03-15T08:46:46z	  -9.998	 -8.000		 795.0	 2	34.5009	3.062	133.17	 0.01	 36.224	36.218	  2.38	30.32																											4.9040	7.5220	25.0000		
PIRATA-FR33	st024c01	B	2023-03-15T08:46:46z	  -9.998	 -8.000		 993.0	 1	34.5822	3.560	154.79	 0.01	 33.823	33.816	  2.26	33.20																											4.2530	7.5600	25.0000		
PIRATA-FR33	st025c01	B	2023-03-15T13:05:02z	  -9.999	 -8.501		   2.0	14																																			28.0560				
PIRATA-FR33	st025c01	B	2023-03-15T13:05:02z	  -9.999	 -8.501		   2.0	13	36.3517	4.495	196.13																																28.0630				
PIRATA-FR33	st025c01	B	2023-03-15T13:05:02z	  -9.999	 -8.501		  20.0	12	36.3385	4.500	196.34																																27.9120	8.0320	25.0000		
PIRATA-FR33	st025c01	B	2023-03-15T13:05:02z	  -9.999	 -8.501		  40.0	11	36.3705	4.512	196.87																																27.8920	8.0440	25.0000		
PIRATA-FR33	st025c01	B	2023-03-15T13:05:02z	  -9.999	 -8.501		  59.0	10																																			24.4340	8.0510	25.0000		
PIRATA-FR33	st025c01	B	2023-03-15T13:05:02z	  -9.999	 -8.501		  59.0	 9	36.5693	5.094	222.02																																24.4130	8.0350	25.0000		
PIRATA-FR33	st025c01	B	2023-03-15T13:05:02z	  -9.999	 -8.501		  80.0	 8	36.2921	4.303	187.39																																20.8160				
PIRATA-FR33	st025c01	B	2023-03-15T13:05:02z	  -9.999	 -8.501		  99.0	 7	36.0028	3.414	148.60																																18.0300	7.8250	25.0000		
PIRATA-FR33	st025c01	B	2023-03-15T13:05:02z	  -9.999	 -8.501		  99.0	 6	36.0161	3.424	149.07																																17.9630	7.8260	25.0000		
PIRATA-FR33	st025c01	B	2023-03-15T13:05:02z	  -9.999	 -8.501		 299.0	 5	34.9032	1.919	 83.46																																9.8970	7.5350	25.0000		
PIRATA-FR33	st025c01	B	2023-03-15T13:05:02z	  -9.999	 -8.501		 397.0	 4	34.7788	1.831	 79.65																																8.7330	7.4970	25.0000		
PIRATA-FR33	st025c01	B	2023-03-15T13:05:02z	  -9.999	 -8.501		 497.0	 3	34.6818	2.079	 90.41																																7.7380	7.4960	25.0000		
PIRATA-FR33	st025c01	B	2023-03-15T13:05:02z	  -9.999	 -8.501		 796.0	 2	34.5040	3.093	134.51																																4.7850	7.5250	25.0000		
PIRATA-FR33	st025c01	B	2023-03-15T13:05:02z	  -9.999	 -8.501		 992.0	 1	34.5978	3.676	159.84																																4.2190	7.5700	25.0000		
PIRATA-FR33	st026c01	B	2023-03-15T17:32:18z	 -10.000	 -8.999		   2.0	12	36.5173	4.543	198.18	 0.00	  0.003	-0.001	  0.08	 0.76	0.0029	0.0024		0.0033	0.0023				0.0132		0.0061		0.0006	0.0598					0.0057			0.0279	0.0308	0.0587			27.7690	8.0250	25.0000		
PIRATA-FR33	st026c01	B	2023-03-15T17:32:18z	 -10.000	 -8.999		  20.0	11	36.5136	4.511	196.78	 0.01	  0.000	-0.013	  0.07	 0.75	0.0033	0.0034		0.0045	0.0033				0.0148		0.0053			0.0675					0.0072			0.0293	0.0356	0.0649			27.6200	8.0370	25.0000		
PIRATA-FR33	st026c01	B	2023-03-15T17:32:18z	 -10.000	 -8.999		  40.0	10	36.5097	4.534	197.78	 0.01	  0.015	0.005	  0.08	 0.75	0.0032	0.0071	0.0020	0.0052	0.0039				0.0220	0.0033	0.0051			0.0708		0.0044	0.0050	0.0094	0.0085			0.0368	0.0496	0.0864	0.0007		27.3720	8.0420	25.0000		
PIRATA-FR33	st026c01	B	2023-03-15T17:32:18z	 -10.000	 -8.999		  60.0	 9	36.6223	5.067	220.84	 0.01	  0.025	0.015	  0.08	 0.85	0.0048	0.0118	0.0016	0.0115	0.0050				0.0353		0.0056			0.0699		0.0051	0.0073	0.0124	0.0088			0.0425	0.0724	0.1150			24.3840	8.0340	25.0000		
PIRATA-FR33	st026c01	B	2023-03-15T17:32:18z	 -10.000	 -8.999		  79.0	 8	36.7678	5.062	220.53	 0.01	  0.031	0.022	  0.10	 0.85																											23.1480				
PIRATA-FR33	st026c01	B	2023-03-15T17:32:18z	 -10.000	 -8.999		  80.0	 7	36.7657	5.054	220.19	 0.01	  0.004	-0.004	  0.10	 0.70	0.0166	0.0191	0.0045	0.0213	0.0050				0.0560		0.0057			0.0790		0.0100	0.0218	0.0319	0.0169			0.0901	0.1088	0.1989	0.0033		23.1380	8.0250	25.0000		
PIRATA-FR33	st026c01	B	2023-03-15T17:32:18z	 -10.000	 -8.999		  94.0	 6	36.6444	4.834	210.55	 0.02	  0.139	0.117	  0.18	 0.93	0.0626	0.0588	0.0139	0.0686	0.0105	0.0051		0.0017	0.1762		0.0101	0.0034		0.0930		0.0367	0.1167	0.1534	0.0384			0.1628	0.2880	0.4509	0.0083		22.0100	7.9910	25.0000		
PIRATA-FR33	st026c01	B	2023-03-15T17:32:18z	 -10.000	 -8.999		 299.0	 5	34.8571	1.761	 76.60	 0.02	 32.540	32.522	  2.00	14.18																											9.4470	7.5120	25.0000		
PIRATA-FR33	st026c01	B	2023-03-15T17:32:18z	 -10.000	 -8.999		 401.0	 4	34.7433	1.850	 80.47	 0.01	 34.684	34.671	  2.17	16.75																											8.3740	7.4940	25.0000		
PIRATA-FR33	st026c01	B	2023-03-15T17:32:18z	 -10.000	 -8.999		 500.0	 3	34.6482	2.110	 91.77	 0.01	 35.602	35.592	  2.26	19.39																											7.3850	7.4980	25.0000		
PIRATA-FR33	st026c01	B	2023-03-15T17:32:18z	 -10.000	 -8.999		 801.0	 2	34.5008	3.194	138.89	 0.01	 35.812	35.801	  2.36	30.68																											4.7560	7.5290	25.0000		
PIRATA-FR33	st026c01	B	2023-03-15T17:32:18z	 -10.000	 -8.999		1005.0	 1	34.5759	3.523	153.19	 0.01	 33.806	33.797	  2.28	32.91																											4.2750	7.5630	25.0000		
PIRATA-FR33	st027c01	B	2023-03-15T22:07:53z	  -9.997	 -9.503		   2.0	14																																			27.3580				
PIRATA-FR33	st027c01	B	2023-03-15T22:07:53z	  -9.997	 -9.503		   2.0	13	36.5512	4.548	198.36																																27.3600	8.0330	25.0000	2400.4460	
PIRATA-FR33	st027c01	B	2023-03-15T22:07:53z	  -9.997	 -9.503		  20.0	12	36.5495	4.559	198.85																																27.3590	8.0310	25.0000		
PIRATA-FR33	st027c01	B	2023-03-15T22:07:53z	  -9.997	 -9.503		  41.0	11	36.5511	4.573	199.46																																27.1570	8.0430	25.0000		
PIRATA-FR33	st027c01	B	2023-03-15T22:07:53z	  -9.997	 -9.503		  59.0	10																																			24.0020				
PIRATA-FR33	st027c01	B	2023-03-15T22:07:53z	  -9.997	 -9.503		  60.0	 9	36.6677	5.065	220.75																																23.9880	8.0330	25.0000		
PIRATA-FR33	st027c01	B	2023-03-15T22:07:53z	  -9.997	 -9.503		  60.0	 8	36.6825	5.105	222.49																																24.0150	8.0320	25.0000	2409.3890	
PIRATA-FR33	st027c01	B	2023-03-15T22:07:53z	  -9.997	 -9.503		  80.0	 7	36.6467	4.909	213.82																																22.2470				
PIRATA-FR33	st027c01	B	2023-03-15T22:07:53z	  -9.997	 -9.503		  99.0	 6	36.1495	3.770	164.16																																19.0180	7.8680	25.0000		
PIRATA-FR33	st027c01	B	2023-03-15T22:07:53z	  -9.997	 -9.503		 299.0	 5	34.8822	1.876	 81.64																																9.7280	7.5250	25.0000	2292.4320	
PIRATA-FR33	st027c01	B	2023-03-15T22:07:53z	  -9.997	 -9.503		 398.0	 4	34.7593	1.943	 84.52																																8.5440	7.5030	25.0000		
PIRATA-FR33	st027c01	B	2023-03-15T22:07:53z	  -9.997	 -9.503		 497.0	 3	34.6656	1.911	 83.13																																7.5220	7.4800	25.0000		
PIRATA-FR33	st027c01	B	2023-03-15T22:07:53z	  -9.997	 -9.503		 794.0	 2	34.5065	2.957	128.62																																4.8900	7.5160	25.0000		
PIRATA-FR33	st027c01	B	2023-03-15T22:07:53z	  -9.997	 -9.503		 992.0	 1	34.5891	3.629	157.83																																4.2530	7.5640	25.0000	2317.4430	
PIRATA-FR33	st028c01	B	2023-03-16T04:37:09z	  -9.984	 -9.900		   3.0	24																																			27.3430				
PIRATA-FR33	st028c01	B	2023-03-16T04:37:09z	  -9.984	 -9.900		   3.0	23																																			27.3440				
PIRATA-FR33	st028c01	B	2023-03-16T04:37:09z	  -9.984	 -9.900		   2.0	22																																			27.3430				
PIRATA-FR33	st028c01	B	2023-03-16T04:37:09z	  -9.984	 -9.900		   2.0	21																																			27.3440				
PIRATA-FR33	st028c01	B	2023-03-16T04:37:09z	  -9.984	 -9.900		   3.0	20	36.5326	4.521	197.21	 0.01	  0.012	0.005	  0.08	 0.87	0.0045	0.0049	0.0022	0.0053	0.0037			0.0009	0.0152		0.0031			0.0428		0.0022	0.0026	0.0047	0.0057			0.0259	0.0389	0.0648			27.3410	8.0370	25.0000	2458.7800	
PIRATA-FR33	st028c01	B	2023-03-16T04:37:09z	  -9.984	 -9.900		  19.0	19	36.5321	4.520	197.15	 0.00	  0.001	-0.000	  0.07	 0.80	0.0033	0.0043	0.0037	0.0044	0.0052			0.0011	0.0162	0.0034	0.0031			0.0522		0.0024	0.0034	0.0059	0.0068			0.0315	0.0402	0.0717			27.3440	8.0400	25.0000		
PIRATA-FR33	st028c01	B	2023-03-16T04:37:09z	  -9.984	 -9.900		  40.0	18																																			27.0680				
PIRATA-FR33	st028c01	B	2023-03-16T04:37:09z	  -9.984	 -9.900		  40.0	17	36.5313	4.560	198.91	 0.01	  0.021	0.015	  0.08	 0.78	0.0047	0.0066	0.0027	0.0056	0.0043			0.0012	0.0176		0.0032			0.0492		0.0021	0.0030	0.0051	0.0065			0.0294	0.0423	0.0717			27.1320	8.0370	25.0000		
PIRATA-FR33	st028c01	B	2023-03-16T04:37:09z	  -9.984	 -9.900		  60.0	16																																			24.0490				
PIRATA-FR33	st028c01	B	2023-03-16T04:37:09z	  -9.984	 -9.900		  60.0	15	36.7558	5.109	222.62	 0.01	  0.004	-0.004	  0.07	 0.71	0.0106	0.0120	0.0054	0.0128	0.0074			0.0017	0.0356		0.0046			0.0490		0.0043	0.0086	0.0129	0.0077			0.0348	0.0791	0.1139	0.0014		23.9330	8.0340	25.0000		
PIRATA-FR33	st028c01	B	2023-03-16T04:37:09z	  -9.984	 -9.900		  80.0	14																																			22.5030				
PIRATA-FR33	st028c01	B	2023-03-16T04:37:09z	  -9.984	 -9.900		  80.0	13	36.7162	4.870	212.10	 0.01	  0.103	0.091	  0.14	 0.87	0.0325	0.0281	0.0106	0.0392	0.0072	0.0041	0.0015	0.0033	0.0918		0.0067	0.0015		0.0557	0.0021	0.0163	0.0652	0.0816	0.0211			0.0971	0.1740	0.2712	0.0024		22.3000				
PIRATA-FR33	st028c01	B	2023-03-16T04:37:09z	  -9.984	 -9.900		  90.0	12																																			20.7830				
PIRATA-FR33	st028c01	B	2023-03-16T04:37:09z	  -9.984	 -9.900		  90.0	11																																			20.7650				
PIRATA-FR33	st028c01	B	2023-03-16T04:37:09z	  -9.984	 -9.900		 100.0	10																																			19.5720				
PIRATA-FR33	st028c01	B	2023-03-16T04:37:09z	  -9.984	 -9.900		 100.0	 9	36.2897	4.087	177.94	 0.26	  5.862	5.605	  0.51	 1.94	0.0457	0.0285	0.0048	0.0647	0.0104	0.0061	0.0030	0.0045	0.0835		0.0048			0.0344		0.0733	0.0785	0.1518	0.0264			0.0946	0.1871	0.2817	0.0061		19.5770	7.9050	25.0000	2417.4030	
PIRATA-FR33	st028c01	B	2023-03-16T04:37:09z	  -9.984	 -9.900		 109.0	 8																																			18.2300				
PIRATA-FR33	st028c01	B	2023-03-16T04:37:09z	  -9.984	 -9.900		 109.0	 7																																			18.2320				
PIRATA-FR33	st028c01	B	2023-03-16T04:37:09z	  -9.984	 -9.900		 117.0	 6																																			17.0720				
PIRATA-FR33	st028c01	B	2023-03-16T04:37:09z	  -9.984	 -9.900		 149.0	 5																																			13.4400				
PIRATA-FR33	st028c01	B	2023-03-16T04:37:09z	  -9.984	 -9.900		 201.0	 4																																			11.3770				
PIRATA-FR33	st028c01	B	2023-03-16T04:37:09z	  -9.984	 -9.900		 300.0	 3	34.8538	1.849	 80.46	 0.00	 32.548	32.543	  2.01	14.06																											9.4480	7.5190	25.0000		
PIRATA-FR33	st028c01	B	2023-03-16T04:37:09z	  -9.984	 -9.900		 500.0	 2	34.6585	2.076	 90.32	 0.01	 35.812	35.805	  2.25	19.04																											7.4270	7.4940	25.0000	2325.2370	
PIRATA-FR33	st028c01	B	2023-03-16T04:37:09z	  -9.984	 -9.900		1979.0	 1	34.9350	5.443	236.64	 0.01	 22.086	22.078	  1.46	26.57																											3.4440	7.7120	25.0000	2395.5730	
PIRATA-FR33	st029c01	B	2023-03-16T11:17:12z	  -9.982	 -9.909		 179.0	 8	35.2864																																		12.9420				
PIRATA-FR33	st029c01	B	2023-03-16T11:17:12z	  -9.982	 -9.909		 179.0	 7	35.2904																																		12.9490				
PIRATA-FR33	st029c01	B	2023-03-16T11:17:12z	  -9.982	 -9.909		 178.0	 6	35.2812																																		12.8980				
PIRATA-FR33	st029c01	B	2023-03-16T11:17:12z	  -9.982	 -9.909		 178.0	 5	35.2803																																		12.8970				
PIRATA-FR33	st029c01	B	2023-03-16T11:17:12z	  -9.982	 -9.909		 178.0	 4	35.2904																																		12.9660				
PIRATA-FR33	st029c01	B	2023-03-16T11:17:12z	  -9.982	 -9.909		 178.0	 3	35.2912																																		12.9670				
PIRATA-FR33	st029c01	B	2023-03-16T11:17:12z	  -9.982	 -9.909		 178.0	 2	35.2922																																		12.9800				
PIRATA-FR33	st029c01	B	2023-03-16T11:17:12z	  -9.982	 -9.909		 178.0	 1	35.2925																																		12.9850				
PIRATA-FR33	st030c01	B	2023-03-19T10:42:19z	  -9.977	-19.932		   2.0	22																																			25.4410				
PIRATA-FR33	st030c01	B	2023-03-19T10:42:19z	  -9.977	-19.932		   2.0	21																																			25.4390				
PIRATA-FR33	st030c01	B	2023-03-19T10:42:19z	  -9.977	-19.932		   2.0	20	36.7143	4.714	205.49	 0.00	  0.023	0.023	  0.18	 0.58	0.0025	0.0036		0.0050	0.0035				0.0104		0.0068		0.0031	0.0435		0.0027	0.0045	0.0071	0.0038			0.0196	0.0310	0.0507			25.4460	8.0100	25.0000		
PIRATA-FR33	st030c01	B	2023-03-19T10:42:19z	  -9.977	-19.932		  20.0	19																																			25.3720				
PIRATA-FR33	st030c01	B	2023-03-19T10:42:19z	  -9.977	-19.932		  20.0	18	36.7117	4.751	206.57	 0.00	  0.049	0.046	  0.21	 0.54		0.0024		0.0050	0.0034				0.0107		0.0068		0.0026	0.0471		0.0017	0.0033	0.0050	0.0044			0.0207	0.0288	0.0495			25.3680	8.0080	25.0000		
PIRATA-FR33	st030c01	B	2023-03-19T10:42:19z	  -9.977	-19.932		  39.0	17	36.7087	4.738	206.02	 0.00	  0.105	0.105	  0.18	 0.67	0.0035	0.0025		0.0079	0.0075				0.0104		0.0065		0.0030	0.0465					0.0044			0.0210	0.0303	0.0514			25.3480	8.0050	25.0000		
PIRATA-FR33	st030c01	B	2023-03-19T10:42:19z	  -9.977	-19.932		  60.0	16																																			21.2030				
PIRATA-FR33	st030c01	B	2023-03-19T10:42:19z	  -9.977	-19.932		  60.0	15	36.7121	4.749	206.46	 0.00	  0.019	0.017	  0.16	 0.50	0.0037	0.0053	0.0012	0.0043	0.0022			0.0011	0.0116		0.0071		0.0011	0.0427		0.0009	0.0028	0.0037	0.0043			0.0194	0.0345	0.0539	0.0000		21.2390	8.0060	25.0000		
PIRATA-FR33	st030c01	B	2023-03-19T10:42:19z	  -9.977	-19.932		  79.0	14																																			20.3390				
PIRATA-FR33	st030c01	B	2023-03-19T10:42:19z	  -9.977	-19.932		  79.0	13	36.1942	5.398	235.07	 0.00	  0.034	0.033	  0.17	 0.93	0.0125	0.0147	0.0056	0.0175	0.0075				0.0426		0.0044			0.0546		0.0046	0.0172	0.0218	0.0103			0.0615	0.0842	0.1457	0.0023		20.3390				
PIRATA-FR33	st030c01	B	2023-03-19T10:42:19z	  -9.977	-19.932		  99.0	12																																			19.7260				
PIRATA-FR33	st030c01	B	2023-03-19T10:42:19z	  -9.977	-19.932		  99.0	11	36.1749	5.250	228.62	 0.00	  0.038	0.036	  0.17	 1.07	0.0184	0.0228	0.0063	0.0234	0.0041				0.0545		0.0039			0.0597		0.0065	0.0611	0.0676	0.0195			0.0901	0.1003	0.1904	0.0053		19.7460	7.9700	25.0000		
PIRATA-FR33	st030c01	B	2023-03-19T10:42:19z	  -9.977	-19.932		 110.0	10																																			19.4780				
PIRATA-FR33	st030c01	B	2023-03-19T10:42:19z	  -9.977	-19.932		 120.0	 9																																			19.2030				
PIRATA-FR33	st030c01	B	2023-03-19T10:42:19z	  -9.977	-19.932		 120.0	 8																																			19.1920				
PIRATA-FR33	st030c01	B	2023-03-19T10:42:19z	  -9.977	-19.932		 130.0	 7																																			18.6530				
PIRATA-FR33	st030c01	B	2023-03-19T10:42:19z	  -9.977	-19.932		 141.0	 6																																			17.7810				
PIRATA-FR33	st030c01	B	2023-03-19T10:42:19z	  -9.977	-19.932		 141.0	 5																																			17.7790				
PIRATA-FR33	st030c01	B	2023-03-19T10:42:19z	  -9.977	-19.932		 248.0	 4																																			13.5540				
PIRATA-FR33	st030c01	B	2023-03-19T10:42:19z	  -9.977	-19.932		 299.0	 3	35.1006	4.333	188.56	 0.00	 13.783	13.781	  0.93	 4.80																											12.5990	7.7620	25.0000		
PIRATA-FR33	st030c01	B	2023-03-19T10:42:19z	  -9.977	-19.932		 497.0	 2	34.5986	3.327	144.73	 0.01	 29.610	29.603	  1.91	15.49																											7.8160	7.5760	25.0000		
PIRATA-FR33	st030c01	B	2023-03-19T10:42:19z	  -9.977	-19.932		1978.0	 1	34.8917	5.392	234.36	 0.01	 23.054	23.049	  1.52	35.48																											2.9770	7.7040	25.0000		
PIRATA-FR33	st031c01	B	2023-03-21T00:03:53z	  -5.787	-16.098		   3.0	10	36.7731	4.738	206.76	 0.00	  0.000	-0.000	  0.08	 0.56	0.0081	0.0081	0.0060	0.0066	0.0099			0.0012	0.0195		0.0064			0.0672		0.0041	0.0056	0.0097	0.0099			0.0466	0.0610	0.1076	0.0026		25.0430	8.0310	25.0000		
PIRATA-FR33	st031c01	B	2023-03-21T00:03:53z	  -5.787	-16.098		   3.0	 9		4.740	206.85	 0.00	  0.001	0.000	  0.10	 0.54																											25.0430				
PIRATA-FR33	st031c01	B	2023-03-21T00:03:53z	  -5.787	-16.098		  19.0	 8	36.7698			 0.00	  0.011	0.010	  0.09	 0.55	0.0097	0.0100	0.0044	0.0074	0.0116			0.0011	0.0221	0.0031	0.0073			0.0775		0.0053	0.0073	0.0126	0.0127			0.0554	0.0730	0.1284	0.0032		25.0240				
PIRATA-FR33	st031c01	B	2023-03-21T00:03:53z	  -5.787	-16.098		  40.0	 7	36.6758	4.949	215.62	 0.01	  0.004	-0.001	  0.10	 0.57	0.0323	0.0331	0.0039	0.0201	0.0713		0.0061	0.0042	0.0594		0.0127			0.0747		0.0092	0.0190	0.0282	0.0226			0.1161	0.2129	0.3290	0.0111		24.2780				
PIRATA-FR33	st031c01	B	2023-03-21T00:03:53z	  -5.787	-16.098		  60.0	 6				 0.04	  0.223	0.188	  0.15	 0.81	0.2605	0.1992	0.0118	0.0513	0.8156		0.0077		0.0902		0.0570	0.0062	0.0116	0.0423		0.0122	0.0444	0.0567		0.0381	0.0431	0.0940	1.1225	1.2165	0.0162		21.9790				
PIRATA-FR33	st031c01	B	2023-03-21T00:03:53z	  -5.787	-16.098		  79.0	 5				 0.26	  3.674	3.414	  0.39	 1.68	0.1749	0.1092	0.0217	0.0394	0.4816				0.0477		0.0269	0.0048	0.0185	0.0200		0.0253	0.0347	0.0600		0.0265	0.0458	0.0513	0.6828	0.7341	0.0187		19.7850				
PIRATA-FR33	st031c01	B	2023-03-21T00:03:53z	  -5.787	-16.098		 101.0	 4	36.1384	4.411	192.03	 0.13	  6.850	6.716	  0.55	 2.04	0.0556	0.0345	0.0052	0.0508	0.0753				0.0533		0.0078		0.0042	0.0180		0.0661	0.0252	0.0913	0.0219			0.0644	0.2129	0.2773	0.0085		18.5570				
PIRATA-FR33	st031c01	B	2023-03-21T00:03:53z	  -5.787	-16.098		 150.0	 3	35.5004	3.398	147.86	 0.02	 15.560	15.544	  1.02	 4.49																											14.8640				
PIRATA-FR33	st031c01	B	2023-03-21T00:03:53z	  -5.787	-16.098		 251.0	 2	35.0455	1.788	 77.78	 0.00	 29.077	29.075	  1.78	10.31																											11.3320	7.5430	25.0000		
PIRATA-FR33	st031c01	B	2023-03-21T00:03:53z	  -5.787	-16.098		 496.0	 1	34.6272	2.387	103.82	 0.01	 34.620	34.612	  2.22	19.52																											7.2600	7.5120	25.0000		
PIRATA-FR33	st032c01	B	2023-03-21T02:09:09z	  -5.618	-16.004		   2.0	10	36.6720	4.726	205.98	 0.00	  0.007	0.006	  0.12	 0.54	0.0055	0.0102	0.0046	0.0059	0.0046				0.0180		0.0048			0.0627		0.0038	0.0076	0.0114	0.0084			0.0444	0.0488	0.0932			24.9570	8.0170	25.0000		
PIRATA-FR33	st032c01	B	2023-03-21T02:09:09z	  -5.618	-16.004		  19.0	 9	36.6719	4.729	206.11	 0.00	  0.075	0.072	  0.12	 0.45	0.0069	0.0055	0.0031	0.0060	0.0054				0.0184		0.0048			0.0615		0.0036	0.0056	0.0091	0.0080			0.0433	0.0483	0.0916			24.9600				
PIRATA-FR33	st032c01	B	2023-03-21T02:09:09z	  -5.618	-16.004		  39.0	 8				 0.01	  0.025	0.021	  0.12	 0.45	0.0070	0.0072	0.0022	0.0064	0.0061				0.0196		0.0051			0.0628		0.0029	0.0052	0.0082	0.0090			0.0465	0.0545	0.1010	0.0028		24.8870				
PIRATA-FR33	st032c01	B	2023-03-21T02:09:09z	  -5.618	-16.004		  60.0	 7				 0.01	  0.002	-0.009	  0.12	 0.51	0.0512	0.0470	0.0054	0.0314	0.0969	0.0043	0.0084	0.0037	0.0767		0.0152			0.0722		0.0103	0.0336	0.0439	0.0268			0.1143	0.2900	0.4043	0.0046		23.1750				
PIRATA-FR33	st032c01	B	2023-03-21T02:09:09z	  -5.618	-16.004		  79.0	 6				 0.04	  0.268	0.224	  0.22	 1.05	0.0944	0.0692	0.0584	0.1427				0.1205		0.0143		0.0037	0.0703			0.0301	0.1010	0.1311	0.0334		0.0133	0.1382	0.3819	0.5201	0.0124		20.0630				
PIRATA-FR33	st032c01	B	2023-03-21T02:09:09z	  -5.618	-16.004		  99.0	 5	36.3147	4.825	210.06	 0.47	  3.045	2.574	  0.42	 2.08	0.4231	0.3075	0.0715	0.0292	1.4859				0.0285		0.0638	0.0181	0.0253	0.0070		0.0145	0.0221	0.0366	0.0264		0.0594	0.0418	1.5035	1.5453	0.0282		19.6630				
PIRATA-FR33	st032c01	B	2023-03-21T02:09:09z	  -5.618	-16.004		 150.0	 4	35.5624	3.585	156.00	 0.01	 13.835	13.820	  0.93	 3.85																											15.1240				
PIRATA-FR33	st032c01	B	2023-03-21T02:09:09z	  -5.618	-16.004		 247.0	 3	35.0166	1.515	 65.90	 0.00	 30.498	30.494	  1.90	10.94																											11.1050	7.5140	25.0000		
PIRATA-FR33	st032c01	B	2023-03-21T02:09:09z	  -5.618	-16.004		 290.0	 2	34.9544	1.648	 71.67	 0.01	 30.906	30.897	  1.94	11.82																											10.5030				
PIRATA-FR33	st032c01	B	2023-03-21T02:09:09z	  -5.618	-16.004		 289.0	 1	34.9576	1.655	 72.00	 0.01	 30.852	30.843	  1.94	11.87																											10.5220	7.5170	25.0000		
PIRATA-FR33	st033c01	B	2023-03-21T03:41:47z	  -5.625	-15.913		   3.0	 8	36.6771	4.731	206.17	 0.00	  0.012	0.009	  0.12	 0.52	0.0058	0.0068	0.0031	0.0067	0.0083				0.0199		0.0052			0.0700		0.0050	0.0084	0.0134	0.0110			0.0535	0.0593	0.1128	0.0020		24.9770	7.7630	25.0000		
PIRATA-FR33	st033c01	B	2023-03-21T03:41:47z	  -5.625	-15.913		  20.0	 7				 0.01	  0.018	0.005	  0.12	 0.49	0.0045	0.0056	0.0024	0.0067	0.0083				0.0194		0.0051			0.0688		0.0051	0.0080	0.0132	0.0103			0.0528	0.0575	0.1102	0.0018		24.9830				
PIRATA-FR33	st033c01	B	2023-03-21T03:41:47z	  -5.625	-15.913		  40.0	 6	36.6831	4.731	206.18	 0.01	  0.012	0.002	  0.13	 0.47	0.0074	0.0075	0.0018	0.0066	0.0080				0.0198		0.0053			0.0696		0.0035	0.0050	0.0084	0.0104			0.0534	0.0583	0.1116	0.0027		24.9880				
PIRATA-FR33	st033c01	B	2023-03-21T03:41:47z	  -5.625	-15.913		  59.0	 5				 0.03	  0.111	0.079	  0.17	 0.93	0.3153	0.2319		0.0343	1.0491				0.0618		0.0567	0.0040	0.0101	0.0373		0.0128	0.0317	0.0445		0.0434	0.0403	0.0815	1.4029	1.4844	0.0185		21.5750	7.9980	25.0000		
PIRATA-FR33	st033c01	B	2023-03-21T03:41:47z	  -5.625	-15.913		  79.0	 4				 0.14	  0.772	0.634	  0.26	 1.41	0.4709	0.3036	0.0747	0.0298	1.5192		0.0260		0.0376		0.0742	0.0177	0.0240	0.0128		0.0108	0.0318	0.0426		0.0417		0.0460	1.7854	1.8314	0.0379		20.4260				
PIRATA-FR33	st033c01	B	2023-03-21T03:41:47z	  -5.625	-15.913		 100.0	 3	36.2934	4.768	207.59	 0.45	  3.411	2.960	  0.42	 2.09	0.3078	0.2304	0.0721	0.0256	1.1759		0.0322		0.0208		0.0531	0.0171	0.0383	0.0063		0.0094	0.0141	0.0235		0.0284	0.0616	0.0353	1.2379	1.2732	0.0291		19.5860				
PIRATA-FR33	st033c01	B	2023-03-21T03:41:47z	  -5.625	-15.913		 100.0	 2	36.2812	4.707	204.91	 0.51	  4.054	3.546	  0.47	 2.27																											19.5640				
PIRATA-FR33	st033c01	B	2023-03-21T03:41:47z	  -5.625	-15.913		 144.0	 1	35.6006	3.466	150.87	 0.05	 14.689	14.638	  0.99	 4.30																											15.5140	8.0190	25.0000		
PIRATA-FR33	st034c01	B	2023-03-21T05:00:32z	  -5.712	-15.848		   3.0	10	36.7512	4.738	206.47	 0.00	  0.026	0.022	  0.10	 0.65	0.0150	0.0169	0.0033	0.0105	0.0275		0.0039	0.0033	0.0345		0.0083			0.0715		0.0060	0.0142	0.0202	0.0148			0.0746	0.1174	0.1920	0.0036		25.0370	8.0190	25.0000		
PIRATA-FR33	st034c01	B	2023-03-21T05:00:32z	  -5.712	-15.848		  20.0	 9				 0.01	  0.034	0.024	  0.10	 0.63	0.0128	0.0144	0.0031	0.0103	0.0209		0.0032	0.0034	0.0332		0.0070			0.0586		0.0053	0.0135	0.0187	0.0131			0.0595	0.1047	0.1642	0.0034		25.0620				
PIRATA-FR33	st034c01	B	2023-03-21T05:00:32z	  -5.712	-15.848		  39.0	 8	36.7510	4.745	206.77	 0.01	  0.027	0.014	  0.10	 0.61	0.0149	0.0166	0.0041	0.0110	0.0261				0.0315		0.0079			0.0690		0.0072	0.0166	0.0238	0.0160			0.0707	0.1169	0.1875	0.0049		25.0600				
PIRATA-FR33	st034c01	B	2023-03-21T05:00:32z	  -5.712	-15.848		  60.0	 7				 0.01	  0.001	-0.009	  0.14	 0.65	0.0842	0.0755	0.0078	0.0243	0.2840	0.0036	0.0062	0.0042	0.0585		0.0300			0.0678		0.0090	0.0222	0.0312	0.0270			0.1057	0.4622	0.5680	0.0146		22.6420				
PIRATA-FR33	st034c01	B	2023-03-21T05:00:32z	  -5.712	-15.848		  80.0	 6				 0.03	  0.048	0.018	  0.18	 0.77	0.2173	0.1697	0.0133	0.0504	0.7140	0.0154			0.0905		0.0459	0.0151	0.0436	0.0414		0.0229	0.0503	0.0732	0.0453		0.1377	0.1056	0.9811	1.0866	0.0291		20.4810				
PIRATA-FR33	st034c01	B	2023-03-21T05:00:32z	  -5.712	-15.848		 100.0	 5	36.3041	4.859	211.56	 0.41	  2.973	2.563	  0.40	 1.66	0.1398	0.1007	0.0679	0.0346	0.4728		0.0228	0.0011	0.0326		0.0258	0.0130	0.0515	0.0143		0.0149	0.0240	0.0388	0.0228		0.1020	0.0334	0.5797	0.6131	0.0249		19.7670				
PIRATA-FR33	st034c01	B	2023-03-21T05:00:32z	  -5.712	-15.848		 152.0	 4	35.6791	3.485	151.70	 0.11	 14.357	14.248	  0.99	 4.40																											15.7450				
PIRATA-FR33	st034c01	B	2023-03-21T05:00:32z	  -5.712	-15.848		 152.0	 3	35.6735	3.482	151.55	 0.11	 14.527	14.421	  1.02	 4.33																											15.7000				
PIRATA-FR33	st034c01	B	2023-03-21T05:00:32z	  -5.712	-15.848		 225.0	 2	35.1351	1.772	 77.08	 0.02	 27.709	27.688	  1.76	 9.41																											12.0870	7.5590	25.0000		
PIRATA-FR33	st034c01	B	2023-03-21T05:00:32z	  -5.712	-15.848		 501.0	 1	34.6395	2.294	 99.77	 0.01	 34.691	34.677	  2.25	19.19																											7.3840	7.5070	25.0000		
PIRATA-FR33	st035c01	B	2023-03-21T06:49:05z	  -5.826	-15.980		   2.0	10	36.7965	4.741	206.60	 0.01	  0.017	0.006	  0.11	 0.56	0.0369	0.0191	0.0033	0.0549	0.0100	0.0017	0.0028	0.0009	0.0487	0.0007	0.0042	0.0011		0.0158		0.0873	0.0211	0.1084	0.0229			0.0617	0.1265	0.1882	0.0028		25.1530	8.0260	25.0000		
PIRATA-FR33	st035c01	B	2023-03-21T06:49:05z	  -5.826	-15.980		  20.0	 9				 0.00	  0.006	0.004	  0.10	 0.54	0.0053	0.0079	0.0052	0.0067	0.0113				0.0191		0.0053			0.0676		0.0067	0.0069	0.0136	0.0126			0.0609	0.0693	0.1302	0.0008		25.1520				
PIRATA-FR33	st035c01	B	2023-03-21T06:49:05z	  -5.826	-15.980		  40.0	 8	36.7709	4.810	209.59	 0.01	  0.005	-0.003	  0.11	 0.55	0.0099	0.0162	0.0047	0.0097	0.0234				0.0030	0.0023	0.0072			0.0689		0.0109	0.0094	0.0203	0.0172			0.0849	0.1086	0.1934	0.0065		24.9500				
PIRATA-FR33	st035c01	B	2023-03-21T06:49:05z	  -5.826	-15.980		  60.0	 7				 0.01	  0.006	-0.002	  0.21	 0.91	0.0432	0.0388	0.0094	0.0558	0.0266	0.0054		0.0044	0.1205		0.0098			0.0729		0.0336	0.0627	0.0963	0.0362			0.1605	0.2417	0.4022	0.0088		20.4500				
PIRATA-FR33	st035c01	B	2023-03-21T06:49:05z	  -5.826	-15.980		  81.0	 6				 0.71	  4.805	4.097	  0.47	 1.88	0.0258	0.0173	0.0031	0.0256	0.0296	0.0083		0.0020	0.0297		0.0045	0.0020	0.0081	0.0100		0.0301	0.0242	0.0543	0.0122		0.0169	0.0329	0.1078	0.1407	0.0107		19.5260				
PIRATA-FR33	st035c01	B	2023-03-21T06:49:05z	  -5.826	-15.980		  98.0	 5	36.2777	4.480	195.04	 0.50	  6.296	5.793	  0.55	 2.03	0.0169	0.0088	0.0009	0.0212	0.0103	0.0019			0.0232		0.0034	0.0016	0.0033	0.0075		0.0275	0.0138	0.0413	0.0088			0.0249	0.0670	0.0920	0.0037		19.0930				
PIRATA-FR33	st035c01	B	2023-03-21T06:49:05z	  -5.826	-15.980		  99.0	 4	36.2670	4.489	195.41	 0.49	  6.385	5.896	  0.56	 2.02																											19.0160				
PIRATA-FR33	st035c01	B	2023-03-21T06:49:05z	  -5.826	-15.980		 150.0	 3	35.6510	3.617	157.40	 0.05	 13.738	13.689	  0.97	 4.04																											15.7170				
PIRATA-FR33	st035c01	B	2023-03-21T06:49:05z	  -5.826	-15.980		 250.0	 2	35.1208	1.830	 79.64	 0.01	 27.493	27.479	  1.78	 9.36																											11.9010	7.5580	25.0000		
PIRATA-FR33	st035c01	B	2023-03-21T06:49:05z	  -5.826	-15.980		 372.0	 1	34.8935	1.778	 77.36	 0.02	 31.597	31.576	  2.04	13.23																											10.0030	7.5120	25.0000		
PIRATA-FR33	st036c01	B	2023-03-21T08:12:09z	  -5.782	-15.944		   2.0	11	36.7951	4.745	206.78	 0.01	  0.006	-0.004	  0.07	 0.63	0.0089	0.0109	0.0050	0.0079	0.0109			0.0038	0.0264		0.0086			0.0704		0.0104	0.0128	0.0232	0.0136			0.0604	0.0800	0.1404	0.0022		25.1870	8.0200	25.0000		
PIRATA-FR33	st036c01	B	2023-03-21T08:12:09z	  -5.782	-15.944		  20.0	10				 0.01	  0.003	-0.006	  0.08	 0.51	0.0062	0.0058	0.0069	0.0075	0.0108				0.0208		0.0058			0.0693		0.0055	0.0080	0.0135	0.0134			0.0624	0.0772	0.1395	0.0029		25.1840				
PIRATA-FR33	st036c01	B	2023-03-21T08:12:09z	  -5.782	-15.944		  40.0	 9	36.7945			 0.00	  0.035	0.031	  0.08	 0.61	0.0088	0.0105	0.0029	0.0078	0.0121			0.0028	0.0251	0.0014	0.0056			0.0662		0.0077	0.0080	0.0157	0.0133			0.0612	0.0803	0.1415	0.0038		25.1830				
PIRATA-FR33	st036c01	B	2023-03-21T08:12:09z	  -5.782	-15.944		  60.0	 8	36.4627	5.377	234.25	 0.01	  0.018	0.008	  0.14	 0.53	0.0276	0.0311	0.0081	0.0291	0.0440	0.0020	0.0014	0.0033	0.0656		0.0101			0.0767		0.0136	0.0167	0.0303	0.0272			0.1408	0.1987	0.3394	0.0041		22.4550	8.0070	25.0000		
PIRATA-FR33	st036c01	B	2023-03-21T08:12:09z	  -5.782	-15.944		  60.0	 7	36.4618	5.378	234.28	 0.01	  0.019	0.006	  0.13	 0.54																											22.4580				
PIRATA-FR33	st036c01	B	2023-03-21T08:12:09z	  -5.782	-15.944		  80.0	 6				 0.09	  0.447	0.362	  0.24	 1.21	0.2445	0.1979	0.0111	0.0504	0.9540				0.0620		0.0548	0.0041	0.1100	0.0250		0.0167	0.0387	0.0554	0.0482		0.3362	0.0771	1.2257	1.3028	0.0537		20.7060				
PIRATA-FR33	st036c01	B	2023-03-21T08:12:09z	  -5.782	-15.944		 100.0	 5	36.2996	4.790	208.56	 0.39	  3.548	3.158	  0.42	 1.79	0.0914	0.0800	0.0078	0.0251	0.4312				0.0191		0.0256	0.0107	0.0372	0.0128		0.0079	0.0123	0.0202	0.0244		0.0675	0.0301	0.5282	0.5583	0.0286		19.7640				
PIRATA-FR33	st036c01	B	2023-03-21T08:12:09z	  -5.782	-15.944		 150.0	 4	35.5636	3.395	147.74	 0.03	 15.455	15.422	  1.03	 4.43																											15.2630				
PIRATA-FR33	st036c01	B	2023-03-21T08:12:09z	  -5.782	-15.944		 259.0	 3	35.0663	1.531	 66.61	 0.02	 30.351	30.329	  1.88	10.67																											11.4060	7.5280	25.0000		
PIRATA-FR33	st036c01	B	2023-03-21T08:12:09z	  -5.782	-15.944		 299.0	 2	35.0123	1.487	 64.68	 0.01	 31.502	31.487	  1.94	11.55																											10.8570				
PIRATA-FR33	st036c01	B	2023-03-21T08:12:09z	  -5.782	-15.944		 498.0	 1	34.6298	2.352	102.29	 0.02	 35.287	35.270	  2.22	19.17																											7.2710	7.5060	25.0000		
PIRATA-FR33	st037c01	B	2023-03-26T13:58:39z	  -2.690	 -0.017		   3.0	22																																			29.7480				
PIRATA-FR33	st037c01	B	2023-03-26T13:58:39z	  -2.690	 -0.017		   3.0	21																																			29.7500				
PIRATA-FR33	st037c01	B	2023-03-26T13:58:39z	  -2.690	 -0.017		   3.0	20	34.6247	4.434	193.84	 0.01	  0.042	0.031	  0.01	 0.90	0.0063	0.0084	0.0047	0.0045	0.0051			0.0016	0.0205	0.0016	0.0077		0.0015	0.0975		0.0041	0.0055	0.0096	0.0157			0.0590	0.0684	0.1273	0.0038		29.7520	8.1050	25.0000	2263.9840	
PIRATA-FR33	st037c01	B	2023-03-26T13:58:39z	  -2.690	 -0.017		  20.0	19																																			29.6850				
PIRATA-FR33	st037c01	B	2023-03-26T13:58:39z	  -2.690	 -0.017		  20.0	18	34.6177	4.440	194.07	 0.01	  0.000	-0.010	  0.02	 0.81	0.0067	0.0049	0.0061	0.0054	0.0054			0.0029	0.0264		0.0066			0.1015		0.0112	0.0137	0.0249	0.0167			0.0635	0.1348	0.1983	0.0078		29.6840	8.1050	25.0000	2264.6600	
PIRATA-FR33	st037c01	B	2023-03-26T13:58:39z	  -2.690	 -0.017		  40.0	17																																			25.5570				
PIRATA-FR33	st037c01	B	2023-03-26T13:58:39z	  -2.690	 -0.017		  40.0	16	36.1374	4.424	192.95	 0.01	  0.012	0.006	  0.05	 1.23	0.0141	0.0155	0.0079	0.0114	0.0084			0.0049	0.0547	0.0098	0.0064	0.0012	0.0030	0.1513		0.0179	0.0186	0.0365	0.0359			0.1660	0.1412	0.3073	0.0075		25.5360	8.0080	25.0000	2365.0680	
PIRATA-FR33	st037c01	B	2023-03-26T13:58:39z	  -2.690	 -0.017		  50.0	15																																			23.1350				
PIRATA-FR33	st037c01	B	2023-03-26T13:58:39z	  -2.690	 -0.017		  50.0	14																																			23.1630				
PIRATA-FR33	st037c01	B	2023-03-26T13:58:39z	  -2.690	 -0.017		  60.0	13																																			20.8690				
PIRATA-FR33	st037c01	B	2023-03-26T13:58:39z	  -2.690	 -0.017		  60.0	12	36.2562	3.940	171.62	 0.34	  5.921	5.579	  0.43	 2.54	0.0972	0.0766	0.1206	0.0330	0.0135	0.0165	0.0051	0.1992		0.0134	0.0038		0.0833	0.0113		0.0880	0.1517	0.2397	0.0535		0.0091	0.1782	0.4485	0.6266	0.0219		20.8210	7.9100	25.0000	2389.0290	
PIRATA-FR33	st037c01	B	2023-03-26T13:58:39z	  -2.690	 -0.017		  70.0	11																																			18.1810				
PIRATA-FR33	st037c01	B	2023-03-26T13:58:39z	  -2.690	 -0.017		  80.0	10																																			17.8230				
PIRATA-FR33	st037c01	B	2023-03-26T13:58:39z	  -2.690	 -0.017		  80.0	 9																																			17.8230				
PIRATA-FR33	st037c01	B	2023-03-26T13:58:39z	  -2.690	 -0.017		  80.0	 8	35.9278	3.680	160.23	 0.24	 10.396	10.158	  0.72	 3.53	0.0839	0.0555	0.0039	0.1105	0.0314	0.0063	0.0085	0.0022	0.1335	0.0110	0.0045		0.0333	0.0080		0.0917	0.0622	0.1539	0.0346			0.0890	0.3303	0.4192	0.0069		17.8280				
PIRATA-FR33	st037c01	B	2023-03-26T13:58:39z	  -2.690	 -0.017		 101.0	 7																																			16.9250				
PIRATA-FR33	st037c01	B	2023-03-26T13:58:39z	  -2.690	 -0.017		 101.0	 6	35.8136	3.563	155.09	 0.12	 12.045	11.926	  0.83	 4.07	0.0413	0.0238	0.0020	0.0576	0.0124	0.0026	0.0030		0.0647	0.0050			0.0120	0.0059		0.0779	0.0148	0.0927	0.0225			0.0533	0.1449	0.1982	0.0043		16.9290	7.8140	25.0000	2352.3620	
PIRATA-FR33	st037c01	B	2023-03-26T13:58:39z	  -2.690	 -0.017		 118.0	 5																																			16.5890				
PIRATA-FR33	st037c01	B	2023-03-26T13:58:39z	  -2.690	 -0.017		 199.0	 4																																			15.0550				
PIRATA-FR33	st037c01	B	2023-03-26T13:58:39z	  -2.690	 -0.017		 300.0	 3	35.1146	1.708	 74.31	 0.01	 29.546	29.535	  1.78	11.28																											11.5140	7.5530	25.0000	2313.9600	
PIRATA-FR33	st037c01	B	2023-03-26T13:58:39z	  -2.690	 -0.017		 496.0	 2	34.6285	2.744	119.34	 0.01	 33.710	33.698	  2.11	19.34																											7.2330	7.5370	25.0000	2293.8630	
PIRATA-FR33	st037c01	B	2023-03-26T13:58:39z	  -2.690	 -0.017		1982.0	 1	34.9626	5.647	245.45	 0.00	 20.407	20.403	  1.31	20.94																											3.5910	7.7220	25.0000	2311.5320	
PIRATA-FR33	st038c01	B	2023-03-28T19:37:00z	  -9.843	 +0.007		   3.0	19									0.0088	0.0057		0.0063	0.0073	0.0028			0.0215	0.0112	0.0077			0.1277		0.0051	0.0042	0.0092	0.0183			0.0683	0.0594	0.1277			29.7680				
PIRATA-FR33	st038c01	B	2023-03-28T19:37:00z	  -9.843	 +0.007		   3.0	18	34.8186	4.420	193.16	 0.00	  0.032	0.032	  0.03	 0.78																											29.7740	8.0960	25.0000		
PIRATA-FR33	st038c01	B	2023-03-28T19:37:00z	  -9.843	 +0.007		  20.0	17	35.9116	4.542	198.24	 0.01	  0.014	0.008	  0.01	 0.89	0.0053	0.0043	0.0094	0.0056	0.0046				0.0190	0.0049	0.0064		0.0033	0.1314		0.0128	0.0110	0.0238	0.0179			0.0701	0.0647	0.1349	0.0029		28.0410	8.0480	25.0000		
PIRATA-FR33	st038c01	B	2023-03-28T19:37:00z	  -9.843	 +0.007		  40.0	16	36.3071	4.602	200.76	 0.01	  0.015	0.007	  0.01	 0.91	0.0140	0.0148	0.0077	0.0133	0.0065				0.0455	0.0041	0.0076		0.0047	0.1438		0.0190	0.0078	0.0268	0.0302			0.1364	0.1155	0.2519	0.0055		27.0370	8.0360	25.0000		
PIRATA-FR33	st038c01	B	2023-03-28T19:37:00z	  -9.843	 +0.007		  58.0	15	36.4250	4.089	178.18	 0.29	  2.336	2.046	  0.25	 1.89	0.1154	0.0943	0.0178	0.1493	0.0329	0.0138	0.0107	0.0079	0.2641	0.0058	0.0215	0.0080		0.0751		0.0076	0.0693	0.0769	0.0092			0.1533	0.1555	0.3088	0.5693		22.6550	7.9510	25.0000		
PIRATA-FR33	st038c01	B	2023-03-28T19:37:00z	  -9.843	 +0.007		  81.0	14	36.1735	3.712	161.65	 0.32	  7.983	7.659	  0.56	 2.86	0.0430	0.0297	0.0075	0.0657	0.0155	0.0049	0.0058	0.0022	0.0802		0.0071	0.0034		0.0143		0.0380	0.0367	0.0746	0.0186			0.0435	0.1998	0.2433	0.0045		19.7370	7.8840	25.0000		
PIRATA-FR33	st038c01	B	2023-03-28T19:37:00z	  -9.843	 +0.007		  99.0	13	35.7456	3.601	156.76	 0.13	 12.199	12.066	  0.83	 4.23	0.0308	0.0241	0.0019	0.0513	0.0102	0.0021	0.0045		0.0454	0.0012	0.0041	0.0011		0.0152		0.0803	0.0214	0.1017	0.0257			0.0652	0.1240	0.1892	0.0051		16.5420	7.8090	25.0000		
PIRATA-FR33	st038c01	B	2023-03-28T19:37:00z	  -9.843	 +0.007		 150.0	12				 0.01	 14.663	14.648	  0.98	 5.05																											15.2560				
PIRATA-FR33	st038c01	B	2023-03-28T19:37:00z	  -9.843	 +0.007		 198.0	11	35.5379	3.116	135.64	 0.01	 16.864	16.857	  1.09	 5.71																											14.9640	7.7470	25.0000		
PIRATA-FR33	st038c01	B	2023-03-28T19:37:00z	  -9.843	 +0.007		 299.0	10	34.9632	1.829	 79.59	 0.00	 31.346	31.345	  1.88	12.83																											10.2950	7.5370	25.0000		
PIRATA-FR33	st038c01	B	2023-03-28T19:37:00z	  -9.843	 +0.007		 398.0	 9	34.7437	2.315	100.72	 0.00	 33.038	33.038	  2.04	16.34																											8.3330	7.5320	25.0000		
PIRATA-FR33	st038c01	B	2023-03-28T19:37:00z	  -9.843	 +0.007		 398.0	 8	34.7420	2.316	100.74	 0.00	 33.164	33.164	  2.05	16.38																											8.3430	7.5310	25.0000		
PIRATA-FR33	st038c01	B	2023-03-28T19:37:00z	  -9.843	 +0.007		 497.0	 7	34.6413	2.683	116.69	 0.00	 33.597	33.596	  2.12	18.87																											7.3270	7.5390	25.0000		
PIRATA-FR33	st038c01	B	2023-03-28T19:37:00z	  -9.843	 +0.007		 794.0	 6	34.5250	3.278	142.58	 0.00	 35.205	35.204	  2.29	28.38																											5.0690	7.5480	25.0000		
PIRATA-FR33	st038c01	B	2023-03-28T19:37:00z	  -9.843	 +0.007		 992.0	 5	34.6580	3.627	157.71	 0.00	 32.766	32.766	  2.15	28.94																											4.5930	7.5800	25.0000		
PIRATA-FR33	st038c01	B	2023-03-28T19:37:00z	  -9.843	 +0.007		1239.0	 4				 0.01	 27.261	27.254	  1.75	22.97																											4.5680				
PIRATA-FR33	st038c01	B	2023-03-28T19:37:00z	  -9.843	 +0.007		1486.0	 3	34.9552	5.169	224.69	 0.00	 22.469	22.469	  1.45	18.36																											4.3200	7.6920	25.0000		
PIRATA-FR33	st038c01	B	2023-03-28T19:37:00z	  -9.843	 +0.007		1734.0	 2				 0.01	 20.278	20.272	  1.32	17.65																											3.9130				
PIRATA-FR33	st038c01	B	2023-03-28T19:37:00z	  -9.843	 +0.007		1979.0	 1	34.9578	5.650	245.57	 0.01	 20.295	20.288	  1.33	21.50																											3.5150	7.7230	25.0000		
PIRATA-FR33	st039c01	B	2023-03-28T22:38:49z	  -9.839	 -0.001		   3.0	 6	34.7807	4.424	193.41	 0.01	  0.040	0.026	  0.02	 0.78	0.0053	0.0033	0.0053	0.0053	0.0028				0.0179	0.0043	0.0075		0.0023	0.1214		0.0048	0.0062	0.0110	0.0174			0.0601	0.0559	0.1159	0.0014		29.6480	8.0940	25.0000		
PIRATA-FR33	st039c01	B	2023-03-28T22:38:49z	  -9.839	 -0.001		  40.0	 5				 0.01	  0.043	0.034	  0.03	 0.96	0.0162	0.0109	0.0112	0.0159	0.0071				0.0528	0.0080	0.0096	0.0014		0.1428		0.0174	0.0140	0.0314	0.0322			0.1426	0.1433	0.2859	0.0048		26.9810				
PIRATA-FR33	st039c01	B	2023-03-28T22:38:49z	  -9.839	 -0.001		  60.0	 4				 0.37	  2.959	2.592	  0.28	 2.00	0.1225	0.0879		0.1360	0.0295	0.0119	0.0109	0.0073	0.2522		0.0224	0.0070	0.0091	0.0628		0.0864	0.1613	0.2478	0.0514		0.0147	0.1455	0.5694	0.7149	0.0167		22.4930				
PIRATA-FR33	st039c01	B	2023-03-28T22:38:49z	  -9.839	 -0.001		 100.0	 3	35.6503	3.534	153.82	 0.06	 13.448	13.390	  0.90	 4.68	0.0288	0.0174	0.0402	0.0077	0.0013	0.0010		0.0417		0.0036		0.0016	0.0101	0.0060		0.0853	0.0141	0.0995	0.0211		0.0011	0.0526	0.0984	0.1510	0.0052		15.7990	7.7940	25.0000		
PIRATA-FR33	st039c01	B	2023-03-28T22:38:49z	  -9.839	 -0.001		 200.0	 2	35.4797	2.625	114.24	 0.01	 19.814	19.805	  1.25	 6.75																											14.5240				
PIRATA-FR33	st039c01	B	2023-03-28T22:38:49z	  -9.839	 -0.001		 199.0	 1	35.4812	2.650	115.34	 0.01	 19.826	19.814	  1.25	 6.71																											14.5440	7.7040	25.0000		
PIRATA-FR33	st040c01	B	2023-03-29T01:34:49z	  -9.839	 +0.010		   2.0	 6	34.7563	4.425	193.40	 0.00	  0.020	0.015	  0.01	 0.92	0.0067	0.0073	0.0031	0.0069	0.0068				0.0168	0.0098	0.0071			0.1132		0.0090	0.0080	0.0170	0.0176			0.0580	0.0563	0.1143	0.0039		29.5150	8.0910	25.0000		
PIRATA-FR33	st040c01	B	2023-03-29T01:34:49z	  -9.839	 +0.010		  39.0	 5				 0.00	  0.020	0.019	  0.04	 0.99	0.0088	0.0117	0.0066	0.0084	0.0056			0.0013	0.0264	0.0052	0.0073			0.1320		0.0078	0.0100	0.0178	0.0210			0.0850	0.0899	0.1750	0.0022		27.7460				
PIRATA-FR33	st040c01	B	2023-03-29T01:34:49z	  -9.839	 +0.010		  60.0	 4				 0.00	  0.026	0.025	  0.12	 1.06	0.0263	0.0287	0.0130	0.0240	0.0084				0.0807		0.0110	0.0022		0.1046		0.0230	0.0230	0.0460	0.0329			0.1738	0.1865	0.3603	0.0072		25.3730				
PIRATA-FR33	st040c01	B	2023-03-29T01:34:49z	  -9.839	 +0.010		 100.0	 3	35.7774	3.604	156.88	 0.16	 11.909	11.750	  0.82	 4.09	0.0399	0.0253	0.0030	0.0558	0.0107	0.0013	0.0043		0.0538	0.0034	0.0049	0.0031		0.0184		0.1026	0.0230	0.1256	0.0276			0.0720	0.1420	0.2140	0.0068		16.5970	7.8140	25.0000		
PIRATA-FR33	st040c01	B	2023-03-29T01:34:49z	  -9.839	 +0.010		 201.0	 2	35.5388	3.127	136.06	 0.01	 16.666	16.653	  1.09	 5.72																											14.9770				
PIRATA-FR33	st040c01	B	2023-03-29T01:34:49z	  -9.839	 +0.010		 201.0	 1	35.5387	3.127	136.07	 0.02	 16.728	16.711	  1.10	 5.67																											14.9830	7.7450	25.0000		
PIRATA-FR33	st041c01	B	2023-03-29T04:36:48z	  -9.834	 +0.002		   3.0	 6	34.7859	4.424	193.34	 0.01	  0.001	-0.005	  0.01	 0.76	0.0066	0.0093	0.0024	0.0045	0.0054				0.0191	0.0073	0.0064			0.1180		0.0047	0.0050	0.0097	0.0195			0.0666	0.0679	0.1345	0.0037		29.4840	8.0910	25.0000		
PIRATA-FR33	st041c01	B	2023-03-29T04:36:48z	  -9.834	 +0.002		  40.0	 5				 0.00	  0.026	0.022	  0.03	 0.89	0.0135	0.0165	0.0099	0.0132	0.0061			0.0035	0.0448	0.0075	0.0080			0.1211		0.0127	0.0109	0.0235	0.0269			0.1189	0.1248	0.2436	0.0073		27.2920				
PIRATA-FR33	st041c01	B	2023-03-29T04:36:48z	  -9.834	 +0.002		  59.0	 4				 0.01	  0.019	0.010	  0.12	 1.18	0.0365	0.0378	0.0129	0.0301	0.0104				0.1075		0.0111	0.0014		0.0683		0.0237	0.0469	0.0706	0.0299			0.1274	0.2145	0.3419	0.0093		24.2540				
PIRATA-FR33	st041c01	B	2023-03-29T04:36:48z	  -9.834	 +0.002		 100.0	 3	35.7263	3.606	115.47	 0.13	 12.368	12.241	  0.84	 4.22	0.0360	0.0231	0.0034	0.0502	0.0095		0.0025		0.0472	0.0041	0.0043	0.0011		0.0148		0.0998	0.0194	0.1192	0.0251			0.0660	0.1236	0.1896	0.0028		16.2720	7.8090	25.0000		
PIRATA-FR33	st041c01	B	2023-03-29T04:36:48z	  -9.834	 +0.002		 199.0	 2	35.4035	2.182	 94.94	 0.01	 22.982	22.969	  1.41	 7.73																											13.9630				
PIRATA-FR33	st041c01	B	2023-03-29T04:36:48z	  -9.834	 +0.002		 199.0	 1	35.4014	2.194	 95.50	 0.01	 23.623	23.612	  1.44	 7.80																											13.9180	7.6480	25.0000		
PIRATA-FR33	st042c01	B	2023-03-29T07:34:42z	  -9.842	 +0.006		   3.0	 6	34.7976	4.431	193.66	 0.01	  0.020	0.011	  0.02	 0.92	0.0088	0.0110	0.0026	0.0047	0.0048				0.0029	0.0221	0.0067	0.0049		0.0000		0.1130	0.0080	0.1209	0.0208			0.0067	0.0777	0.0844	0.0819		29.4430	8.0930	25.0000		
PIRATA-FR33	st042c01	B	2023-03-29T07:34:42z	  -9.842	 +0.006		  40.0	 5				 0.00	  0.019	0.014	  0.03	 0.95	0.0191	0.0263	0.0110	0.0191	0.0090				0.0584	0.0059	0.0080			0.1261		0.0154	0.0144	0.0299	0.0339			0.1690	0.1549	0.3239	0.0034		26.9920				
PIRATA-FR33	st042c01	B	2023-03-29T07:34:42z	  -9.842	 +0.006		  59.0	 4				 0.00	  0.040	0.037	  0.13	 1.42	0.0369	0.0409	0.0128	0.0353	0.0119	0.0040	0.0026	0.0040	0.1078		0.0097	0.0030		0.0732		0.0297	0.0632	0.0928	0.0329			0.1344	0.2160	0.3504	0.0062		23.9930				
PIRATA-FR33	st042c01	B	2023-03-29T07:34:42z	  -9.842	 +0.006		 100.0	 3	35.7696	3.609	157.09	 0.15	 11.964	11.813	  0.81	 4.19	0.0363	0.0230	0.0026	0.0539	0.0099	0.0028	0.0039		0.0525		0.0044	0.0017		0.0172		0.0925	0.0249	0.1174	0.0270			0.0684	0.1331	0.2015	0.0050		16.7070	7.8120	25.0000		
PIRATA-FR33	st042c01	B	2023-03-29T07:34:42z	  -9.842	 +0.006		 200.0	 2	35.5309	3.057	133.03	 0.02	 17.152	17.136	  1.10	 5.92																											14.9200				
PIRATA-FR33	st042c01	B	2023-03-29T07:34:42z	  -9.842	 +0.006		 200.0	 1	35.5298	3.064	133.34	 0.01	 17.184	17.172	  1.11	 5.95																											14.9130	7.7360	25.0000		
PIRATA-FR33	st043c01	B	2023-03-29T10:35:22z	  -9.893	 -0.001		   3.0	 6	34.8409	4.435	193.83	 0.01	  0.016	0.007	  0.02	 0.76	0.0107	0.0053	0.0092	0.0052	0.0087			0.0042	0.0274	0.0041	0.0111			0.1330		0.0111	0.0113	0.0225	0.0220			0.0863	0.0993	0.1856	0.0030		29.4090	8.0930	25.0000		
PIRATA-FR33	st043c01	B	2023-03-29T10:35:22z	  -9.893	 -0.001		  40.0	 5				 0.01	  0.018	0.012	  0.03	 0.88	0.0220	0.0329	0.0116	0.0221	0.0116				0.0692	0.0072	0.0090			0.1311		0.0230	0.0175	0.0405	0.0330			0.1636	0.1869	0.3505	0.0070		27.3060				
PIRATA-FR33	st043c01	B	2023-03-29T10:35:22z	  -9.893	 -0.001		  60.0	 4				 0.01	  0.020	0.009	  0.12	 1.45	0.0408	0.0275	0.0150	0.0358	0.0145	0.0053	0.0039	0.0055	0.1130	0.0075	0.0098	0.0019		0.1144		0.0410	0.0897	0.1307	0.0460			0.1990	0.2446	0.4436	0.0067		23.7230				
PIRATA-FR33	st043c01	B	2023-03-29T10:35:22z	  -9.893	 -0.001		 100.0	 3	35.6940	3.594	156.41	 0.10	 12.746	12.649	  0.85	 4.37	0.0294	0.0191	0.0021	0.0446	0.0087		0.0022		0.0415		0.0035			0.0131		0.0828	0.0214	0.1042	0.0238			0.0587	0.1061	0.1649	0.0049		16.2560	7.8010	25.0000		
PIRATA-FR33	st043c01	B	2023-03-29T10:35:22z	  -9.893	 -0.001		 200.0	 2	35.5123	2.895	126.00	 0.02	 18.269	18.251	  1.16	 6.12																											14.7780				
PIRATA-FR33	st043c01	B	2023-03-29T10:35:22z	  -9.893	 -0.001		 199.0	 1	35.5104	2.887	125.62	 0.01	 18.307	18.298	  1.16	 6.21																											14.7740	7.7230	25.0000		
PIRATA-FR33	st044c01	B	2023-03-29T13:35:47z	  -9.844	 +0.006		   3.0	 6	34.8434	4.438	193.97	 0.01	  0.017	0.010	  0.00	 0.77	0.0069	0.0083	0.0054	0.0043	0.0056			0.0038	0.0227	0.0032	0.0131		0.0041	0.1305		0.0136	0.0125	0.0260	0.0200			0.0804	0.0856	0.1660			29.6080	8.0920	25.0000		
PIRATA-FR33	st044c01	B	2023-03-29T13:35:47z	  -9.844	 +0.006		  39.0	 5				 0.00	  0.008	0.006	  0.03	 0.94	0.0157	0.0219	0.0103	0.0156	0.0097				0.0525		0.0119			0.1423		0.0158	0.0175	0.0333	0.0275			0.1286	0.1495	0.2782	0.0037		27.6860				
PIRATA-FR33	st044c01	B	2023-03-29T13:35:47z	  -9.844	 +0.006		  58.0	 4				 0.00	  0.040	0.039	  0.09	 1.02	0.0349	0.0367	0.0160	0.0295	0.0118	0.0041		0.0034	0.1157	0.0027	0.0113			0.1041		0.0233	0.0332	0.0565	0.0334			0.1758	0.2256	0.4014	0.0037		25.2470				
PIRATA-FR33	st044c01	B	2023-03-29T13:35:47z	  -9.844	 +0.006		 100.0	 3	35.8161	3.582	155.93	 0.20	 11.777	11.581	  0.82	 4.01	0.0396	0.0250	0.0035	0.0618	0.0130	0.0033	0.0030	0.0011	0.0588		0.0049	0.0024		0.0234		0.1088	0.0278	0.1366		0.0322		0.0831	0.1539	0.2370	0.0043		16.9350	7.8160	25.0000		
PIRATA-FR33	st044c01	B	2023-03-29T13:35:47z	  -9.844	 +0.006		 202.0	 2	35.4764	2.594	112.87	 0.01	 19.299	19.286	  1.22	 6.50																											14.2550				
PIRATA-FR33	st044c01	B	2023-03-29T13:35:47z	  -9.844	 +0.006		 202.0	 1	35.4907	2.718	118.27	 0.01	 19.265	19.254	  1.25	 6.56																											14.4590	7.7070	25.0000		
PIRATA-FR33	st045c01	B	2023-03-29T16:34:02z	  -9.839	 +0.005		   2.0	 6	34.8821	4.444	194.21	 0.00	  0.037	0.036	  0.01	 0.77	0.0048	0.0075	0.0033	0.0050	0.0045			0.0034	0.0234		0.0104		0.0026	0.1286		0.0055	0.0064	0.0119	0.0184			0.0746	0.0757	0.1504			29.4980	8.0900	25.0000		
PIRATA-FR33	st045c01	B	2023-03-29T16:34:02z	  -9.839	 +0.005		  40.0	 5				 0.00	  0.027	0.025	  0.03	 0.92	0.0221	0.0296	0.0160	0.0212	0.0118			0.0031	0.0760	0.0083	0.0110			0.1301		0.0169	0.0185	0.0354	0.0317			0.1484	0.1893	0.3378			27.2120				
PIRATA-FR33	st045c01	B	2023-03-29T16:34:02z	  -9.839	 +0.005		  62.0	 4				 0.00	  0.031	0.029	  0.07	 1.04	0.0358	0.0375	0.0171	0.0303	0.0115	0.0051		0.0042	0.1138		0.0107			0.0867		0.0235	0.0335	0.0570	0.0301			0.1535	0.2248	0.3782	0.0091		25.2790				
PIRATA-FR33	st045c01	B	2023-03-29T16:34:02z	  -9.839	 +0.005		  99.0	 3	35.8521	3.522	153.31	 0.24	 11.612	11.368	  0.78	 3.90	0.0473	0.0320	0.0089	0.0669	0.0124	0.0035	0.0045		0.0655		0.0063	0.0025		0.0219		0.1028	0.0394	0.1422	0.0294			0.0779	0.1784	0.2563	0.0061		17.3540	7.8230	25.0000		
PIRATA-FR33	st045c01	B	2023-03-29T16:34:02z	  -9.839	 +0.005		 201.0	 2	35.4981	2.756	119.97	 0.02	 19.010	18.994	  1.20	 6.37																											14.6490				
PIRATA-FR33	st045c01	B	2023-03-29T16:34:02z	  -9.839	 +0.005		 201.0	 1	35.4969	2.753	119.79	 0.01	 19.101	19.091	  1.21	 6.38																											14.6300	7.7120	25.0000		
PIRATA-FR33	st046c01	B	2023-03-29T19:34:11z	  -9.841	 -0.000		   2.0	 6	34.7938	4.439	193.98	 0.02	  0.019	0.000	  0.00	 0.90	0.0082	0.0056	0.0063	0.0036	0.0056				0.0211		0.0085		0.0014	0.1265		0.0070	0.0091	0.0161	0.0179			0.0685	0.0654	0.1339	0.0027		29.5920	8.0910	25.0000		
PIRATA-FR33	st046c01	B	2023-03-29T19:34:11z	  -9.841	 -0.000		  40.0	 5				 0.02	  0.007	-0.010	  0.03	 1.02	0.0175	0.0228	0.0133	0.0173	0.0097	0.0023		0.0028	0.0606	0.0039	0.0103	0.0014	0.0041	0.1254		0.0131	0.0148	0.0279	0.0271			0.1112	0.1511	0.2623	0.0046		27.3590				
PIRATA-FR33	st046c01	B	2023-03-29T19:34:11z	  -9.841	 -0.000		  61.0	 4				 0.02	  0.012	-0.006	  0.15	 1.59	0.0628	0.0573	0.0194	0.0456	0.0159	0.0023	0.0031	0.0046	0.1922		0.0147			0.0998		0.0383	0.0830	0.1213	0.0405			0.1649	0.3115	0.4765	0.0063		23.4200				
PIRATA-FR33	st046c01	B	2023-03-29T19:34:11z	  -9.841	 -0.000		 100.0	 3	35.7476	3.601	156.76	 0.15	 12.378	12.228	  0.85	 4.64	0.0337	0.0232		0.0514	0.0097	0.0012	0.0034		0.0455		0.0040	0.0018		0.0157		0.0947	0.0228	0.1175	0.0251			0.0641	0.1206	0.1848	0.0035		16.4990	7.8140	25.0000		
PIRATA-FR33	st046c01	B	2023-03-29T19:34:11z	  -9.841	 -0.000		 201.0	 2	35.4947	2.733	118.94	 0.03	 19.304	19.279	  1.25	 7.09																											14.5780				
PIRATA-FR33	st046c01	B	2023-03-29T19:34:11z	  -9.841	 -0.000		 199.0	 1	35.5012	2.791	121.44	 0.03	 18.996	18.967	  1.24	 6.98																											14.6570	7.7130	25.0000		
PIRATA-FR33	st047c01	B	2023-03-29T22:32:26z	  -9.841	 +0.008		   2.0	 6	34.7861			 0.02	  0.043	0.022	  0.02	 0.83	0.0055	0.0043	0.0080	0.0070	0.0083				0.0213	0.0077	0.0088			0.1315		0.0082	0.0082	0.0165	0.0186			0.0659	0.0648	0.1307	0.0013		29.4870	8.0950	25.0000		
PIRATA-FR33	st047c01	B	2023-03-29T22:32:26z	  -9.841	 +0.008		  40.0	 5				 0.02	  0.020	0.003	  0.02	 0.98	0.0190	0.0242	0.0129	0.0183	0.0096			0.0035	0.0691		0.0101			0.1177		0.0151	0.0165	0.0316	0.0296			0.1325	0.1560	0.2884	0.0031		26.9620				
PIRATA-FR33	st047c01	B	2023-03-29T22:32:26z	  -9.841	 +0.008		  59.0	 4				 0.22	  1.438	1.220	  0.23	 1.97	0.1264	0.0967	0.0212	0.1550	0.0325	0.0136	0.0092	0.0071	0.2641		0.0222	0.0094		0.0742		0.0935	0.1538	0.2472	0.0553			0.1702	0.5694	0.7395	0.0250		22.8140				
PIRATA-FR33	st047c01	B	2023-03-29T22:32:26z	  -9.841	 +0.008		 100.0	 3	35.6977	3.606	156.97	 0.11	 12.671	12.564	  0.87	 4.73	0.0295	0.0189		0.0452	0.0083		0.0033		0.0403		0.0036			0.0124		0.0838	0.0166	0.1004	0.0217			0.0546	0.1035	0.1581	0.0081		16.1090	7.8030	25.0000		
PIRATA-FR33	st047c01	B	2023-03-29T22:32:26z	  -9.841	 +0.008		 200.0	 2	35.5247	2.993	130.23	 0.03	 17.617	17.588	  1.14	 6.44																											14.8480				
PIRATA-FR33	st047c01	B	2023-03-29T22:32:26z	  -9.841	 +0.008		 200.0	 1	35.5247	3.010	130.99	 0.03	 17.666	17.638	  1.15	 6.45																											14.8570	7.7330	25.0000		
PIRATA-FR33	st048c01	B	2023-03-30T01:34:07z	  -9.847	 +0.003		   2.0	 6	34.8075	4.443	194.16	 0.02	  0.002	-0.018	  0.01	 0.88	0.0058	0.0041	0.0062	0.0061	0.0057				0.0186	0.0063	0.0077			0.1238		0.0071	0.0065	0.0136	0.0174			0.0591	0.0587	0.1178			29.4400	8.0860	25.0000		
PIRATA-FR33	st048c01	B	2023-03-30T01:34:07z	  -9.847	 +0.003		  39.0	 5				 0.02	  0.009	-0.009	  0.02	 1.06	0.0169	0.0206	0.0131	0.0147	0.0073				0.0562	0.0054	0.0100			0.1078		0.0120	0.0114	0.0234	0.0245			0.1043	0.1390	0.2433	0.0023		27.1920				
PIRATA-FR33	st048c01	B	2023-03-30T01:34:07z	  -9.847	 +0.003		  59.0	 4				 0.02	  0.032	0.016	  0.12	 1.59	0.0442	0.0406	0.0157	0.0327	0.0118	0.0033	0.0024	0.0038	0.1394		0.0124	0.0027		0.0815		0.0323	0.0495	0.0818	0.0349			0.1598	0.2421	0.4019	0.0073		24.1090				
PIRATA-FR33	st048c01	B	2023-03-30T01:34:07z	  -9.847	 +0.003		 100.0	 3	35.8203	3.543	154.22	 0.22	 12.056	11.834	  0.83	 4.47	0.0397	0.0223	0.0052	0.0592	0.0110		0.0050		0.0543		0.0049	0.0026		0.0157		0.0835	0.0241	0.1076	0.0223			0.0595	0.1418	0.2013	0.0050		17.1890	7.8180	25.0000		
PIRATA-FR33	st048c01	B	2023-03-30T01:34:07z	  -9.847	 +0.003		 199.0	 2	35.5506	3.222	140.21	 0.04	 16.175	16.139	  1.09	 6.20																											15.0490				
PIRATA-FR33	st048c01	B	2023-03-30T01:34:07z	  -9.847	 +0.003		 200.0	 1	35.5515	3.233	140.68	 0.03	 16.140	16.106	  1.09	 6.07																											15.0520	7.7530	25.0000		
PIRATA-FR33	st049c01	B	2023-03-30T04:32:37z	  -9.836	 +0.001		   3.0	 6	34.8143	4.428	193.52	 0.02	  0.022	0.000	  0.01	 0.88	0.0074	0.0079	0.0100	0.0067	0.0081				0.0184	0.0078	0.0065			0.1089		0.0028	0.0044	0.0073	0.0171			0.0549	0.0652	0.1201	0.0014		29.4280	8.0910	25.0000		
PIRATA-FR33	st049c01	B	2023-03-30T04:32:37z	  -9.836	 +0.001		  40.0	 5				 0.02	  0.009	-0.011	  0.03	 1.06	0.0179	0.0208	0.0141	0.0152	0.0074				0.0572	0.0091	0.0102	0.0015		0.1010		0.0103	0.0142	0.0245	0.0251			0.1026	0.1481	0.2507	0.0046		27.0250				
PIRATA-FR33	st049c01	B	2023-03-30T04:32:37z	  -9.836	 +0.001		  59.0	 4				 0.02	  0.006	-0.013	  0.11	 1.67	0.0367	0.0179	0.0191	0.0273	0.0102	0.0026		0.0041	0.1142		0.0112	0.0008		0.0633		0.0218	0.0450	0.0668	0.0281			0.1160	0.2138	0.3298	0.0063		24.1140				
PIRATA-FR33	st049c01	B	2023-03-30T04:32:37z	  -9.836	 +0.001		 100.0	 3	35.7940	3.583	155.95	 0.20	 11.897	11.695	  0.82	 4.44	0.0392	0.0206	0.0027	0.0595	0.0105	0.0020	0.0035		0.0506		0.0046	0.0014		0.0171		0.0901	0.0261	0.1161	0.0242			0.0663	0.1369	0.2032	0.0050		16.8130	7.8170	25.0000		
PIRATA-FR33	st049c01	B	2023-03-30T04:32:37z	  -9.836	 +0.001		 201.0	 2	35.5319	3.039	132.27	 0.03	 17.280	17.249	  1.15	 6.37																											14.9050				
PIRATA-FR33	st049c01	B	2023-03-30T04:32:37z	  -9.836	 +0.001		 201.0	 1	35.5331	3.056	133.00	 0.03	 17.158	17.126	  1.15	 6.39																											14.8830	7.7370	25.0000		
PIRATA-FR33	st050c01	B	2023-03-30T07:33:28z	  -9.854	 -0.007		   3.0	 6	34.8356	4.427	193.49	 0.02	  0.005	-0.014	  0.02	 0.94	0.0076	0.0042	0.0069	0.0058	0.0070				0.0216	0.0073	0.0079			0.1087		0.0063	0.0080	0.0142	0.0171			0.0582	0.0792	0.1374			29.4470	8.0910	25.0000		
PIRATA-FR33	st050c01	B	2023-03-30T07:33:28z	  -9.854	 -0.007		  41.0	 5				 0.02	  0.030	0.011	  0.01	 1.01	0.0185	0.0243	0.0128	0.0168	0.0092			0.0042	0.0637	0.0087	0.0085	0.0021		0.1040		0.0148	0.0129	0.0278	0.0272			0.1245	0.1615	0.2860	0.0038		27.1850				
PIRATA-FR33	st050c01	B	2023-03-30T07:33:28z	  -9.854	 -0.007		  60.0	 4				 0.02	  0.010	-0.008	  0.10	 1.58	0.0374	0.0324	0.0177	0.0313	0.0117	0.0031		0.0036	0.1137		0.0102	0.0022		0.0809		0.0318	0.0527	0.0845	0.0355			0.1551	0.2217	0.3768	0.0107		23.8150				
PIRATA-FR33	st050c01	B	2023-03-30T07:33:28z	  -9.854	 -0.007		 100.0	 3	35.7869	3.620	157.60	 0.20	 11.915	11.716	  0.83	 4.54	0.0374	0.0193	0.0034	0.0557	0.0102	0.0017	0.0028	0.0009	0.0493	0.0008	0.0042	0.0011		0.0160		0.0885	0.0214	0.1099	0.0232			0.0625	0.1282	0.1907	0.0029		16.7800	7.8170	25.0000		
PIRATA-FR33	st050c01	B	2023-03-30T07:33:28z	  -9.854	 -0.007		 199.0	 2	35.5202	2.952	128.46	 0.03	 17.793	17.763	  1.19	 6.69																											14.8470				
PIRATA-FR33	st050c01	B	2023-03-30T07:33:28z	  -9.854	 -0.007		 199.0	 1	35.5207	2.963	128.95	 0.03	 17.823	17.795	  1.20	 6.70																											14.8320	7.7310	25.0000		
PIRATA-FR33	st051c01	B	2023-03-30T10:32:41z	  -9.843	 +0.003		   3.0	 6	34.8200	4.427	193.49	 0.02	  0.005	-0.016	  0.02	 0.88	0.0095	0.0067	0.0054	0.0063	0.0079			0.0049	0.0231	0.0068	0.0139		0.0072	0.1187		0.0045	0.0060	0.0105	0.0157			0.0577	0.0779	0.1356	0.0016		29.4880	8.0940	25.0000	2281.8060	
PIRATA-FR33	st051c01	B	2023-03-30T10:32:41z	  -9.843	 +0.003		  41.0	 5				 0.02	  0.006	-0.012	  0.02	 1.05	0.0205	0.0275	0.0156	0.0180	0.0099				0.0685		0.0158			0.1141		0.0145	0.0172	0.0318	0.0303			0.1414	0.1891	0.3304	0.0112		27.1860				
PIRATA-FR33	st051c01	B	2023-03-30T10:32:41z	  -9.843	 +0.003		  61.0	 4				 0.02	  0.011	-0.007	  0.13	 1.67	0.0410	0.0476	0.0153	0.0419	0.0168	0.0071	0.0048	0.0075	0.1193		0.0110	0.0029		0.1059		0.0528	0.0908	0.1436	0.0482			0.2040	0.2481	0.4521	0.0113		23.1630				
PIRATA-FR33	st051c01	B	2023-03-30T10:32:41z	  -9.843	 +0.003		  99.0	 3	35.8110	3.564	155.13	 0.23	 11.847	11.619	  0.82	 4.37	0.0402	0.0268	0.0039	0.0593	0.0117	0.0017	0.0038	0.0021	0.0560		0.0046	0.0019		0.0181		0.0875	0.0270	0.1144	0.0247			0.0638	0.1421	0.2059	0.0054		16.8490	7.8180	25.0000	2349.4950	
PIRATA-FR33	st051c01	B	2023-03-30T10:32:41z	  -9.843	 +0.003		 200.0	 2	35.5540	3.250	141.42	 0.03	 15.894	15.861	  1.07	 5.89																											15.0870				
PIRATA-FR33	st051c01	B	2023-03-30T10:32:41z	  -9.843	 +0.003		 200.0	 1	35.5534	3.259	141.80	 0.03	 15.818	15.784	  1.09	 5.92																											15.0870	7.7590	25.0000	2324.7610	
PIRATA-FR33	st052c01	B	2023-03-30T13:37:23z	  -9.841	 +0.008		   2.0	 6	34.8037	4.427	193.53	 0.02	  0.011	-0.012	  0.01	 0.87	0.0050	0.0077	0.0059	0.0045	0.0045			0.0037	0.0195	0.0039	0.0124		0.0086	0.1144		0.0043	0.0059	0.0102		0.0148		0.0492	0.0713	0.1205	0.0010		29.6930	8.0930	25.0000	2282.5270	
PIRATA-FR33	st052c01	B	2023-03-30T13:37:23z	  -9.841	 +0.008		  40.0	 5				 0.02	  0.003	-0.019	  0.03	 1.04	0.0236	0.0296	0.0153	0.0206	0.0120			0.0069	0.0909	0.0045	0.0175	0.0017	0.0016	0.1174		0.0170	0.0189	0.0359	0.0321			0.1447	0.2052	0.3499	0.0043		27.0090				
PIRATA-FR33	st052c01	B	2023-03-30T13:37:23z	  -9.841	 +0.008		  60.0	 4				 0.02	  0.005	-0.016	  0.14	 1.70	0.0483	0.0156	0.0135	0.0404	0.0153	0.0035	0.0024	0.0046	0.1514		0.0118	0.0018		0.0995		0.0504	0.0787	0.1292	0.0464			0.1972	0.2663	0.4635	0.0061		23.5540				
PIRATA-FR33	st052c01	B	2023-03-30T13:37:23z	  -9.841	 +0.008		 102.0	 3	35.8355	3.553	154.67	 0.25	 11.680	11.431	  0.83	 4.47	0.0429	0.0278	0.0044	0.0639	0.0125	0.0036	0.0043	0.0023	0.0632		0.0051	0.0027		0.0175		0.0866	0.0282	0.1148	0.0244			0.0611	0.1580	0.2191	0.0075		17.1420	7.8230	25.0000	2356.1230	
PIRATA-FR33	st052c01	B	2023-03-30T13:37:23z	  -9.841	 +0.008		 199.0	 2	35.5575	3.294	143.35	 0.04	 15.647	15.610	  1.07	 5.95																											15.1030				
PIRATA-FR33	st052c01	B	2023-03-30T13:37:23z	  -9.841	 +0.008		 200.0	 1	35.5574	3.297	143.47	 0.03	 15.663	15.630	  1.09	 5.97																											15.1000	7.7610	25.0000	2330.6830	
PIRATA-FR33	st053c01	B	2023-03-30T16:37:15z	  -9.843	 +0.004		   2.0	22																																			29.6780				
PIRATA-FR33	st053c01	B	2023-03-30T16:37:15z	  -9.843	 +0.004		   3.0	21																																			29.6650				
PIRATA-FR33	st053c01	B	2023-03-30T16:37:15z	  -9.843	 +0.004		   3.0	20	34.7660	4.445	194.27	 0.03	  0.024	-0.006	  0.01	 0.89	0.0096	0.0064	0.0037	0.0079	0.0092			0.0038	0.0269	0.0074	0.0079			0.1183		0.0069	0.0093	0.0162	0.0149			0.0486	0.0653	0.1139			29.6700	8.0930	25.0000	2281.7700	
PIRATA-FR33	st053c01	B	2023-03-30T16:37:15z	  -9.843	 +0.004		  20.0	19	36.0112	4.562	199.12	 0.03	  0.043	0.011	  0.01	 1.02	0.0072	0.0099	0.0078	0.0060	0.0059			0.0024	0.0292		0.0075			0.1289		0.0052	0.0047	0.0099	0.0167			0.0682	0.0764	0.1446	0.0052		28.3450	8.0470	25.0000	2357.3060	
PIRATA-FR33	st053c01	B	2023-03-30T16:37:15z	  -9.843	 +0.004		  40.0	18																																			27.1950				
PIRATA-FR33	st053c01	B	2023-03-30T16:37:15z	  -9.843	 +0.004		  41.0	17																																			27.1870				
PIRATA-FR33	st053c01	B	2023-03-30T16:37:15z	  -9.843	 +0.004		  40.0	16	36.2570	4.626	201.83	 0.03	  0.071	0.046	  0.01	 1.67	0.0219	0.0265	0.0124	0.0201	0.0108			0.0048	0.0853	0.0062	0.0117	0.0020		0.1337		0.0136	0.0166	0.0301	0.0321			0.1392	0.1816	0.3207	0.0038		27.1880	8.0420	25.0000	2373.8710	
PIRATA-FR33	st053c01	B	2023-03-30T16:37:15z	  -9.843	 +0.004		  50.0	15																																			26.4220				
PIRATA-FR33	st053c01	B	2023-03-30T16:37:15z	  -9.843	 +0.004		  60.0	14																																			23.7260				
PIRATA-FR33	st053c01	B	2023-03-30T16:37:15z	  -9.843	 +0.004		  69.0	13																																			22.8820				
PIRATA-FR33	st053c01	B	2023-03-30T16:37:15z	  -9.843	 +0.004		  69.0	12																																			22.9090				
PIRATA-FR33	st053c01	B	2023-03-30T16:37:15z	  -9.843	 +0.004		  70.0	11	36.4520	4.222	183.98	 0.12	  0.539	0.418	  0.19	 2.02	0.1386	0.1225	0.0184	0.1845	0.0379	0.0162	0.0083	0.0080	0.2946		0.0210	0.0117	0.1208	0.0061		0.1276	0.1838	0.3114	0.0750			0.2663	0.6347	0.9011	0.0191		22.9060	7.9670	25.0000	2389.5810	
PIRATA-FR33	st053c01	B	2023-03-30T16:37:15z	  -9.843	 +0.004		  80.0	10	36.3025	3.829	166.78	 0.41	  5.972	5.559	  0.46	 2.78	0.0850	0.0625	0.0098	0.1081	0.0261	0.0102	0.0107	0.0040	0.1436		0.0125	0.0115		0.0376		0.1015	0.0996	0.2012	0.0397			0.1086	0.3897	0.4982	0.0076		20.9790				
PIRATA-FR33	st053c01	B	2023-03-30T16:37:15z	  -9.843	 +0.004		  81.0	 9																																			20.9370				
PIRATA-FR33	st053c01	B	2023-03-30T16:37:15z	  -9.843	 +0.004		  90.0	 8																																			18.9150				
PIRATA-FR33	st053c01	B	2023-03-30T16:37:15z	  -9.843	 +0.004		 103.0	 7																																			16.4450				
PIRATA-FR33	st053c01	B	2023-03-30T16:37:15z	  -9.843	 +0.004		 103.0	 6	35.7679	3.572	155.51	 0.20	 12.125	11.926	  0.85	 4.69	0.0360	0.0230	0.0035	0.0564	0.0101	0.0028	0.0036	0.0016	0.0495	0.0019	0.0042	0.0007		0.0159		0.0834	0.0280	0.1114	0.0237			0.0612	0.1272	0.1884	0.0039		16.5150	7.8110	25.0000	2351.5130	
PIRATA-FR33	st053c01	B	2023-03-30T16:37:15z	  -9.843	 +0.004		 151.0	 5																																			15.2920				
PIRATA-FR33	st053c01	B	2023-03-30T16:37:15z	  -9.843	 +0.004		 202.0	 4																																			14.5280				
PIRATA-FR33	st053c01	B	2023-03-30T16:37:15z	  -9.843	 +0.004		 326.0	 3	34.9526	1.783	 77.59	 0.04	 31.618	31.583	  1.97	14.08																											10.1710	7.5310	25.0000	2300.4190	
PIRATA-FR33	st053c01	B	2023-03-30T16:37:15z	  -9.843	 +0.004		 807.0	 2	34.5150	3.292	143.14	 0.03	 34.851	34.822	  2.37	29.56																											5.1430	7.5500	25.0000	2300.3850	
PIRATA-FR33	st053c01	B	2023-03-30T16:37:15z	  -9.843	 +0.004		1966.0	 1	34.9636	5.649	245.64	 0.03	 20.289	20.257	  1.34	21.62																											3.5550	7.7310	25.0000	2305.8920	
PIRATA-FR33	st054c01	B	2023-04-01T14:48:22z	 -16.189	 -0.002		 996.0	17																																			4.6170				
PIRATA-FR33	st054c01	B	2023-04-01T14:48:22z	 -16.189	 -0.002		 996.0	16																																			4.6170				
PIRATA-FR33	st054c01	B	2023-04-01T14:48:22z	 -16.189	 -0.002		 996.0	15	34.6499	3.590	156.11	 0.01	 33.257	33.242	  2.17	30.13																											4.6170	7.5770	25.0000		
PIRATA-FR33	st054c01	B	2023-04-01T14:48:22z	 -16.189	 -0.002		 996.0	14	34.6491	3.598	156.45	 0.01	 33.249	33.239	  2.18	30.15																											4.6170	7.5770	25.0000		
PIRATA-FR33	st054c01	B	2023-04-01T14:48:22z	 -16.189	 -0.002		 996.0	13	34.6479	3.590	156.07	 0.01	 33.354	33.341	  2.19	30.12																											4.6170	7.5730	25.0000		
PIRATA-FR33	st054c01	B	2023-04-01T14:48:22z	 -16.189	 -0.002		 996.0	12	34.6485	3.596	156.33	 0.01	 33.264	33.255	  2.19	30.14																											4.6170	7.5720	25.0000		
PIRATA-FR33	st054c01	B	2023-04-01T14:48:22z	 -16.189	 -0.002		 996.0	11	34.6486	3.592	156.16	 0.01	 33.314	33.303	  2.19	30.09																											4.6170	7.5760	25.0000		
PIRATA-FR33	st054c01	B	2023-04-01T14:48:22z	 -16.189	 -0.002		 996.0	10	34.6487	3.584	155.81	 0.01	 33.457	33.443	  2.18	30.09																											4.6170		25.0000		
PIRATA-FR33	st054c01	B	2023-04-01T14:48:22z	 -16.189	 -0.002		 996.0	 9	34.6483	3.578	155.58	 0.01	 33.301	33.295	  2.20	30.07																											4.6170	7.5760	25.0000		
PIRATA-FR33	st054c01	B	2023-04-01T14:48:22z	 -16.189	 -0.002		 996.0	 8	34.6486	3.582	155.74	 0.01	 33.318	33.308	  2.19	30.38																											4.6170	7.5750	25.0000		
PIRATA-FR33	st054c01	B	2023-04-01T14:48:22z	 -16.189	 -0.002		 996.0	 7	34.6498	3.584	155.82	 0.02	 33.176	33.157	  2.19	30.14																											4.6170	7.5760	25.0000		
PIRATA-FR33	st054c01	B	2023-04-01T14:48:22z	 -16.189	 -0.002		 996.0	 6	34.6433	3.583	155.76	 0.01	 33.228	33.221	  2.19	30.09																											4.6170	7.5760	25.0000		
PIRATA-FR33	st054c01	B	2023-04-01T14:48:22z	 -16.189	 -0.002		 996.0	 5	34.6483	3.586	155.91	 0.01	 33.314	33.303	  2.19	30.16																											4.6170	7.5780	25.0000		
PIRATA-FR33	st054c01	B	2023-04-01T14:48:22z	 -16.189	 -0.002		 996.0	 4	34.6483	3.590	156.07	 0.01	 33.342	33.327	  2.20	30.27																											4.6170	7.5740	25.0000		
PIRATA-FR33	st054c01	B	2023-04-01T14:48:22z	 -16.189	 -0.002		 996.0	 3	34.6495			 0.01	 33.322	33.307	  2.19	30.15																											4.6170	7.5730	25.0000		
PIRATA-FR33	st054c01	B	2023-04-01T14:48:22z	 -16.189	 -0.002		 995.0	 2	34.6497	3.587	155.95	 0.01	 33.264	33.253	  2.18	30.08																											4.6170	7.5760	25.0000		
PIRATA-FR33	st054c01	B	2023-04-01T14:48:22z	 -16.189	 -0.002		 996.0	 1	34.6489	3.591	156.12	 0.01	 33.061	33.049	  2.14	30.04																											4.6170	7.5760	25.0000		
PIRATA-FR33	st055c01	B	2023-04-03T12:11:35z	 -22.998	 +0.007		   3.0	18				 0.01	  0.005	-0.010	  0.03	 0.90	0.0053	0.0043	0.0039	0.0050	0.0075			0.0034	0.0147		0.0097		0.0057	0.0956					0.0125			0.0488	0.0604	0.1092	0.0019		29.5210				
PIRATA-FR33	st055c01	B	2023-04-03T12:11:35z	 -22.998	 +0.007		   3.0	17	35.6908	4.472	195.34	 0.01	  0.018	0.004	  0.01	 0.92																											29.5230	8.0670	25.0000	2350.1770	
PIRATA-FR33	st055c01	B	2023-04-03T12:11:35z	 -22.998	 +0.007		  19.0	16	36.0277	4.651	203.03	 0.00	  0.011	0.009	  0.01	 0.84	0.0078	0.0070	0.0086	0.0051	0.0065			0.0037	0.0274		0.0160		0.0031	0.1116		0.0069	0.0116	0.0185		0.0254		0.0575	0.1368	0.1943	0.0019		28.5110	8.0590	25.0000		
PIRATA-FR33	st055c01	B	2023-04-03T12:11:35z	 -22.998	 +0.007		  39.0	15	36.3038	4.610	201.12	 0.00	  0.017	0.014	  0.02	 0.81	0.0120	0.0166	0.0111	0.0102	0.0077			0.0026	0.0442		0.0114	0.0029	0.0010	0.0883		0.0064	0.0136	0.0200	0.0162			0.0646	0.1212	0.1857	0.0031		27.5250	8.0500	25.0000	2380.1590	
PIRATA-FR33	st055c01	B	2023-04-03T12:11:35z	 -22.998	 +0.007		  60.0	14	36.5734	4.579	199.70	 0.00	  0.043	0.040	  0.05	 0.98	0.0202	0.0223	0.0084	0.0162	0.0071			0.0026	0.0664	0.0028	0.0079	0.0024		0.0926		0.0148	0.0207	0.0355	0.0239			0.1024	0.1514	0.2537	0.0048		26.6080	8.0340	25.0000		
PIRATA-FR33	st055c01	B	2023-04-03T12:11:35z	 -22.998	 +0.007		  80.0	13	36.2429	4.067	177.12	 0.18	  5.784	5.603	  0.44	 2.57	0.0702	0.0677	0.0080	0.0875	0.0214	0.0160	0.0150	0.0063	0.1241	0.0030	0.0102	0.0146		0.0794		0.1577	0.0068	0.1645	0.0708			0.2039	0.4512	0.6551	0.0075		20.5070	7.9160	25.0000		
PIRATA-FR33	st055c01	B	2023-04-03T12:11:35z	 -22.998	 +0.007		 100.0	12	35.7779	3.728	162.29	 0.10	 11.588	11.485	  0.79	 4.20	0.0381	0.0266	0.0025	0.0564	0.0124	0.0029	0.0034	0.0021	0.0546		0.0044	0.0029		0.0202		0.0985	0.0265	0.1250	0.0280			0.0748	0.1456	0.2203	0.0041		16.5810				
PIRATA-FR33	st055c01	B	2023-04-03T12:11:35z	 -22.998	 +0.007		 100.0	11	35.7717	3.729	162.32	 0.10	 11.746	11.645	  0.81	 4.25																											16.5670	7.8180	25.0000	2355.1640	
PIRATA-FR33	st055c01	B	2023-04-03T12:11:35z	 -22.998	 +0.007		 151.0	10	35.4882	3.410	148.40	 0.01	 16.093	16.082	  1.06	 5.92																											14.5980	7.7590	25.0000		
PIRATA-FR33	st055c01	B	2023-04-03T12:11:35z	 -22.998	 +0.007		 299.0	 9	34.9896	2.131	 92.70	 0.00	 29.612	29.610	  1.81	12.46																											10.5380	7.5640	25.0000	2317.2120	
PIRATA-FR33	st055c01	B	2023-04-03T12:11:35z	 -22.998	 +0.007		 545.0	 8	34.5453	3.192	138.85	 0.00	 33.955	33.952	  2.18	23.09																											6.2170	7.5520	25.0000	2293.8580	
PIRATA-FR33	st055c01	B	2023-04-03T12:11:35z	 -22.998	 +0.007		 744.0	 7	34.5194	3.248	141.24	 0.01	 35.062	35.057	  2.29	27.50																											5.3890	7.5430	25.0000	2296.1500	
PIRATA-FR33	st055c01	B	2023-04-03T12:11:35z	 -22.998	 +0.007		 992.0	 6	34.6365	3.600	156.51	 0.01	 33.372	33.365	  2.18	30.21																											4.6090	7.5690	25.0000		
PIRATA-FR33	st055c01	B	2023-04-03T12:11:35z	 -22.998	 +0.007		1586.0	 5	34.9716	5.359	232.94	 0.01	 21.310	21.299	  1.37	17.72																											4.1910	7.7130	25.0000	2298.0850	
PIRATA-FR33	st055c01	B	2023-04-03T12:11:35z	 -22.998	 +0.007		1984.0	 4	34.9639	5.691	247.36	 0.01	 20.174	20.166	  1.30	20.48																											3.5720	7.7230	25.0000		
PIRATA-FR33	st055c01	B	2023-04-03T12:11:35z	 -22.998	 +0.007		2962.0	 3	34.9120	5.652	245.64	 0.01	 21.879	21.870	  1.44	37.29																											2.6610	7.7190	25.0000	2296.5690	
PIRATA-FR33	st055c01	B	2023-04-03T12:11:35z	 -22.998	 +0.007		3925.0	 2				 0.01	 22.317	22.310	  1.47	43.80																											2.3910				
PIRATA-FR33	st055c01	B	2023-04-03T12:11:35z	 -22.998	 +0.007		3926.0	 1	34.8890	5.650	245.53	 0.01	 22.355	22.347	  1.44	43.76																											2.3910	7.7180	25.0000	2310.7980	
PIRATA-FR33	st056c01	B	2023-04-03T18:55:29z	 -22.984	 +0.005		   3.0	22																																			29.5140				
PIRATA-FR33	st056c01	B	2023-04-03T18:55:29z	 -22.984	 +0.005		   3.0	21																																			29.5360				
PIRATA-FR33	st056c01	B	2023-04-03T18:55:29z	 -22.984	 +0.005		   3.0	20	35.4446	4.456	194.63	 0.01	  0.030	0.020	  0.02	 0.93																											29.5520				
PIRATA-FR33	st056c01	B	2023-04-03T18:55:29z	 -22.984	 +0.005		  19.0	19																																			28.6460				
PIRATA-FR33	st056c01	B	2023-04-03T18:55:29z	 -22.984	 +0.005		  19.0	18	36.0258	4.649	202.91	 0.01	  0.030	0.024	  0.00	 0.94																											28.6380				
PIRATA-FR33	st056c01	B	2023-04-03T18:55:29z	 -22.984	 +0.005		  40.0	17																																			27.4750				
PIRATA-FR33	st056c01	B	2023-04-03T18:55:29z	 -22.984	 +0.005		  40.0	16	36.2945	4.611	201.17	 0.01	  0.027	0.018	  0.01	 0.98																											27.4820				
PIRATA-FR33	st056c01	B	2023-04-03T18:55:29z	 -22.984	 +0.005		  60.0	15																																			25.2340				
PIRATA-FR33	st056c01	B	2023-04-03T18:55:29z	 -22.984	 +0.005		  60.0	14	36.6586			 0.01	  0.009	-0.004	  0.07	 1.13																											25.0960				
PIRATA-FR33	st056c01	B	2023-04-03T18:55:29z	 -22.984	 +0.005		  70.0	13		4.526	197.55																																22.4330				
PIRATA-FR33	st056c01	B	2023-04-03T18:55:29z	 -22.984	 +0.005		  70.0	12																																			22.4060				
PIRATA-FR33	st056c01	B	2023-04-03T18:55:29z	 -22.984	 +0.005		  79.0	11																																			19.9930				
PIRATA-FR33	st056c01	B	2023-04-03T18:55:29z	 -22.984	 +0.005		  79.0	10	36.2007	4.051	176.40	 0.22	  6.292	6.075	  0.46	 2.77																											20.0170				
PIRATA-FR33	st056c01	B	2023-04-03T18:55:29z	 -22.984	 +0.005		  79.0	 9																																			20.0290				
PIRATA-FR33	st056c01	B	2023-04-03T18:55:29z	 -22.984	 +0.005		  80.0	 8																																			20.2040				
PIRATA-FR33	st056c01	B	2023-04-03T18:55:29z	 -22.984	 +0.005		  91.0	 7																																			18.5840				
PIRATA-FR33	st056c01	B	2023-04-03T18:55:29z	 -22.984	 +0.005		  91.0	 6	36.0336	3.883	169.07	 0.16	  8.437	8.279	  0.61	 3.35																											18.5710				
PIRATA-FR33	st056c01	B	2023-04-03T18:55:29z	 -22.984	 +0.005		 120.0	 5																																			15.6690				
PIRATA-FR33	st056c01	B	2023-04-03T18:55:29z	 -22.984	 +0.005		 182.0	 4																																			14.3230				
PIRATA-FR33	st056c01	B	2023-04-03T18:55:29z	 -22.984	 +0.005		 274.0	 3	35.1067	1.955	 85.09	 0.02	 28.371	28.353	  1.72	10.99																											11.5930				
PIRATA-FR33	st056c01	B	2023-04-03T18:55:29z	 -22.984	 +0.005		 801.0	 2	34.5110	3.320	144.38	 0.01	 35.360	35.347	  2.29	28.36																											5.2410				
PIRATA-FR33	st056c01	B	2023-04-03T18:55:29z	 -22.984	 +0.005		1969.0	 1	34.9627	5.732	249.16	 0.02	 20.225	20.208	  1.30	20.62																											3.5680				
PIRATA-FR33	st057c01	B	2023-04-05T08:03:17z	 -22.969	 +4.033		   3.0	22																																			29.3990				
PIRATA-FR33	st057c01	B	2023-04-05T08:03:17z	 -22.969	 +4.033		   3.0	21																																			29.4010				
PIRATA-FR33	st057c01	B	2023-04-05T08:03:17z	 -22.969	 +4.033		   3.0	20	34.5027	4.486	196.11	 0.02	  0.076	0.058	  0.01	 0.89	0.0127	0.0129	0.0128	0.0060	0.0089			0.0038	0.0331	0.0078	0.0170		0.0029	0.0798		0.0044	0.0072	0.0117	0.0180			0.0524	0.1313	0.1837	0.0025		29.3980	8.0830	25.0000		
PIRATA-FR33	st057c01	B	2023-04-05T08:03:17z	 -22.969	 +4.033		  20.0	19	35.0739	4.547	198.67	 0.01	  0.026	0.011	  0.02	 0.91	0.0077	0.0041	0.0048	0.0052	0.0029			0.0026	0.0261		0.0073		0.0038	0.1028		0.0073	0.0113	0.0186	0.0178			0.0681	0.0809	0.1490	0.0040		29.5190	8.0790	25.0000		
PIRATA-FR33	st057c01	B	2023-04-05T08:03:17z	 -22.969	 +4.033		  30.0	18																																			29.3120				
PIRATA-FR33	st057c01	B	2023-04-05T08:03:17z	 -22.969	 +4.033		  40.0	17																																			28.4210				
PIRATA-FR33	st057c01	B	2023-04-05T08:03:17z	 -22.969	 +4.033		  40.0	16	35.7675	4.762	207.90	 0.01	  0.016	0.007	  0.02	 1.01	0.0081	0.0298	0.0318	0.0129	0.0091				0.0575		0.0144	0.0037		0.1397		0.0116	0.0258	0.0374	0.0326			0.1201	0.2214	0.3416	0.0032		28.3720	8.0570	25.0000		
PIRATA-FR33	st057c01	B	2023-04-05T08:03:17z	 -22.969	 +4.033		  50.0	15																																			27.2200				
PIRATA-FR33	st057c01	B	2023-04-05T08:03:17z	 -22.969	 +4.033		  60.0	14																																			22.4740				
PIRATA-FR33	st057c01	B	2023-04-05T08:03:17z	 -22.969	 +4.033		  60.0	13																																			22.2670				
PIRATA-FR33	st057c01	B	2023-04-05T08:03:17z	 -22.969	 +4.033		  61.0	12	35.9844	3.214	140.07	 0.09	  0.695	0.602	  0.11	 2.56	0.1473	0.1308	0.0571	0.1186	0.0512	0.0270	0.0130	0.0092	0.3302		0.0272	0.0218		0.1191	0.0057	0.1943	0.2426	0.4369	0.1116			0.2977	0.8522	1.1499	0.0220		21.7250	7.8760	25.0000		
PIRATA-FR33	st057c01	B	2023-04-05T08:03:17z	 -22.969	 +4.033		  70.0	11																																			18.3130				
PIRATA-FR33	st057c01	B	2023-04-05T08:03:17z	 -22.969	 +4.033		  79.0	10																																			17.7770				
PIRATA-FR33	st057c01	B	2023-04-05T08:03:17z	 -22.969	 +4.033		  79.0	 9																																			17.7960				
PIRATA-FR33	st057c01	B	2023-04-05T08:03:17z	 -22.969	 +4.033		  80.0	 8	35.7540	2.106	 91.70	 0.07	 18.393	18.327	  1.11	 4.47	0.0640	0.0374	0.0068	0.0744	0.0354	0.0086	0.0074		0.0827		0.0083	0.0040		0.0305		0.1694	0.0837	0.2531	0.0469			0.1136	0.2753	0.3889	0.0098		17.8000				
PIRATA-FR33	st057c01	B	2023-04-05T08:03:17z	 -22.969	 +4.033		  90.0	 7																																			16.6860				
PIRATA-FR33	st057c01	B	2023-04-05T08:03:17z	 -22.969	 +4.033		 100.0	 6																																			16.2190				
PIRATA-FR33	st057c01	B	2023-04-05T08:03:17z	 -22.969	 +4.033		 100.0	 5	35.6719	2.021	 88.00	 0.04	 21.363	21.321	  1.32	 6.02	0.0325	0.0151	0.0022	0.0350	0.0173	0.0031	0.0039	0.0020	0.0468		0.0035			0.0092		0.0920	0.0251	0.1171	0.0223			0.0457	0.1109	0.1565	0.0044		16.2270	7.6750	25.0000		
PIRATA-FR33	st057c01	B	2023-04-05T08:03:17z	 -22.969	 +4.033		 148.0	 4																																			15.0550				
PIRATA-FR33	st057c01	B	2023-04-05T08:03:17z	 -22.969	 +4.033		 298.0	 3	35.2094	1.912	 83.20	 0.02	 27.569	27.552	  1.67	10.40																											12.2960	7.5900	25.0000		
PIRATA-FR33	st057c01	B	2023-04-05T08:03:17z	 -22.969	 +4.033		 496.0	 2	34.7032	2.417	105.15	 0.01	 34.457	34.443	  2.17	19.25																											7.6810	7.5260	25.0000		
PIRATA-FR33	st057c01	B	2023-04-05T08:03:17z	 -22.969	 +4.033		1981.0	 1	34.9657	5.670	246.46	 0.02	 20.390	20.374	  1.33	20.33																											3.6230	7.7230	25.0000		
