//ODV Spreadsheet file : /home/proussel/Documents/OUTILS/CTD/chimie/conversion/PIRATAFR21_CHIMIE_odv.txt
//Data treated : 2020-09-24T15:23:53
//<InstrumentType>Chemical bottle analysis</InstrumentType>
//<Source>/home/proussel/Documents/OUTILS/CTD/chimie/conversion/PIRATAFR21_CHIMIE.xlsx</Sources>
//<DataType>Bottles</DataType>
//<Creator>Pierre.Rousselot@ird.fr</Creator>
//
Cruise	Station	Type	yyyy-mm-ddThh:mm:ss	Longitude [degrees_east]	Latitude [degrees_north]	Bot. Depth [m]	DEPTH [m]	Bottle nb	PSAL [Psu]	DOX1 [ml/l]	DOX2 [micromole/kg]	NTIW [micromole/kg]	NTAW+NTIW [micromole/kg]	NTAW [micromole/kg]	PHOW [micromole/kg]	SLCW [micromole/kg]	CHC3 [microgramme/l]	CHCZ [microgramme/l]	PERP [microgramme/l]	BFUP [microgramme/l]	FUCP [microgramme/l]	NEXW [microgramme/l]	PXAP [microgramme/l]	VIOW [microgramme/l]	HFUP [microgramme/l]	DXAP [microgramme/l]	AXAP [microgramme/l]	TXAP [microgramme/l]	ZXAP [microgramme/l]	LUTW [microgramme/l]	CHBD [microgramme/l]	CH2P [microgramme/l]	CHLB [microgramme/l]	AACP [microgramme/l]	BBCP [microgramme/l]	PHEP [microgramme/l]	CHAD [microgramme/l]	CH1P [microgramme/l]	CPHL [microgramme/l]	PHEA [microgramme/l]	CXAP [microgramme/l]
PIRATA Fr21	st001c01	B	2011-05-05T13:28:00z	  -2.983	 +2.400		   0.0	11	 34.323	4.426	193.50	 0.00	  0.200	0.200	  0.00	 0.90	0.0034	0.0066	0.0036	0.0052	0.0049				0.0186	0.0110		0.0043	0.0909			0.0051					0.1262	0.0728				
PIRATA Fr21	st001c01	B	2011-05-05T13:28:00z	  -2.983	 +2.400		 500.0	10	 34.660	2.210	 96.20	 0.00	 34.700	34.700	  2.23	20.10																										
PIRATA Fr21	st001c01	B	2011-05-05T13:28:00z	  -2.983	 +2.400		 500.0	 9	 34.659	2.211	 96.20	 0.00	 34.600	34.600	  2.28	20.60																										
PIRATA Fr21	st001c01	B	2011-05-05T13:28:00z	  -2.983	 +2.400		 500.0	 8	 34.661	2.268	 98.70	 0.00	 34.700	34.700	  2.27	20.80																										
PIRATA Fr21	st001c01	B	2011-05-05T13:28:00z	  -2.983	 +2.400		 500.0	 7	 34.661	2.216	 96.40	 0.00	 34.600	34.600	  2.26	20.80																										
PIRATA Fr21	st001c01	B	2011-05-05T13:28:00z	  -2.983	 +2.400		 500.0	 6	 34.661	2.220	 96.60	 0.00	 34.500	34.500	  2.25	20.80																										
PIRATA Fr21	st001c01	B	2011-05-05T13:28:00z	  -2.983	 +2.400		 500.0	 5	 34.661	2.208	 96.10	 0.00	 34.500	34.500	  2.25	20.40																										
PIRATA Fr21	st001c01	B	2011-05-05T13:28:00z	  -2.983	 +2.400		 500.0	 4	 34.662	2.202	 95.80	 0.00	 34.500	34.500	  2.25	20.90																										
PIRATA Fr21	st001c01	B	2011-05-05T13:28:00z	  -2.983	 +2.400		 500.0	 3	 34.661	2.290	 99.60	 0.00	 34.600	34.600	  2.31	20.50																										
PIRATA Fr21	st001c01	B	2011-05-05T13:28:00z	  -2.983	 +2.400		 500.0	 2	 34.660	2.209	 96.10	 0.00	 34.700	34.700	  2.29	19.90																										
PIRATA Fr21	st001c01	B	2011-05-05T13:28:00z	  -2.983	 +2.400		 500.0	 1	 34.663	2.210	 96.10	 0.00	 34.700	34.700	  2.29	19.00																										
PIRATA Fr21	st002c01	B	2011-05-07T07:00:00z	 -10.000	 +1.500		   2.7	11	 34.561	4.321	188.80	 0.00	  0.000	0.000	  0.01	 0.80	0.0051	0.0093	0.0059	0.0062	0.0074				0.0201	0.0054			0.0669			0.0087					0.1000	0.0861				
PIRATA Fr21	st002c01	B	2011-05-07T07:00:00z	 -10.000	 +1.500		  10.4	10	 34.560	4.746	207.40	 0.00	  0.100	0.100	  0.01	 0.80																										
PIRATA Fr21	st002c01	B	2011-05-07T07:00:00z	 -10.000	 +1.500		  20.4	 9	 34.563	4.419	193.10	 0.01	  0.100	0.100	  0.02	 0.80	0.0047	0.0090	0.0065	0.0064	0.0074				0.0209	0.0051			0.0776			0.0087					0.1161	0.0856				
PIRATA Fr21	st002c01	B	2011-05-07T07:00:00z	 -10.000	 +1.500		  40.2	 8	 35.233	4.830	210.90	 0.00	  0.200	0.200	  0.02	 0.90	0.0157	0.0220	0.0146	0.0139	0.0090				0.0497	0.0084	0.0030		0.0940			0.0311					0.1803	0.1907				
PIRATA Fr21	st002c01	B	2011-05-07T07:00:00z	 -10.000	 +1.500		  59.6	 7	 35.828	3.611	157.30	 0.21	  5.600	5.400	  0.55	 2.80	0.0886	0.0673	0.0256	0.0951	0.0296				0.1727	0.0175	0.0066		0.0487			0.2040					0.2035	0.5677				
PIRATA Fr21	st002c01	B	2011-05-07T07:00:00z	 -10.000	 +1.500		  80.4	 6	 35.680	3.181	138.50	 0.10	 14.600	14.500	  1.02	 4.90	0.0381	0.0219	0.0060	0.0480	0.0185				0.0519	0.0054			0.0185								0.0952	0.1482				
PIRATA Fr21	st002c01	B	2011-05-07T07:00:00z	 -10.000	 +1.500		  99.7	 5	 35.643	2.883	125.50	 0.04	 16.500	16.400	  1.14	 5.50	0.0203	0.0125		0.0283	0.0113				0.0352	0.0030			0.0062								0.0544	0.0867				
PIRATA Fr21	st002c01	B	2011-05-07T07:00:00z	 -10.000	 +1.500		 500.0	 4	 34.675	2.394	104.10	 0.00	 33.600	33.600	  2.16	18.70																										
PIRATA Fr21	st002c01	B	2011-05-07T07:00:00z	 -10.000	 +1.500		1008.0	 3	 34.630	3.563	154.90	 0.00	 32.100	32.100	  2.20	29.70																										
PIRATA Fr21	st002c01	B	2011-05-07T07:00:00z	 -10.000	 +1.500		1999.0	 2	 34.663	5.667	246.40	 0.00	 19.700	19.700	  1.32	20.50																										
PIRATA Fr21	st002c01	B	2011-05-07T07:00:00z	 -10.000	 +1.500		1999.1	 1	 34.664	5.673	246.70	 0.00	 19.700	19.700	  1.32	20.90																										
PIRATA Fr21	st003c01	B	2011-05-07T12:25:00z	 -10.000	 +1.000		   2.0	11	 35.103	4.496	196.39	 0.00	  0.200	0.200	  0.01	 1.40		0.0073	0.0069	0.0043	0.0081				0.0158	0.0135		0.0021	0.0916			0.0044					0.1171	0.0839				
PIRATA Fr21	st003c01	B	2011-05-07T12:25:00z	 -10.000	 +1.000		  10.0	10	 35.101	4.496	196.38	 0.00	  0.100	0.100	  0.04	 1.20																										
PIRATA Fr21	st003c01	B	2011-05-07T12:25:00z	 -10.000	 +1.000		  20.0	 9	 35.103	4.500	196.52	 0.00	  0.200	0.200	  0.02	 1.10	0.0050	0.0115	0.0065	0.0065	0.0109				0.0231	0.0084		0.0009	0.0905			0.0070					0.1483	0.1037				
PIRATA Fr21	st003c01	B	2011-05-07T12:25:00z	 -10.000	 +1.000		  40.0	 8	 35.592	4.525	197.43	 0.01	  0.300	0.300	  0.08	 0.90	0.0353	0.0336	0.0116	0.0276	0.0156				0.0879	0.0103	0.0025		0.1122			0.0748					0.2760	0.3151				
PIRATA Fr21	st003c01	B	2011-05-07T12:25:00z	 -10.000	 +1.000		  60.0	 7	 35.888	3.349	145.92	 0.39	  7.600	7.200	  0.60	 2.60	0.1244	0.0794	0.0130	0.1357	0.0862				0.1481	0.0160	0.0045		0.0328			0.2116					0.1190	0.6303				
PIRATA Fr21	st003c01	B	2011-05-07T12:25:00z	 -10.000	 +1.000		  80.0	 6	 35.763	2.818	122.74	 0.44	 13.600	13.100	  0.94	 2.70	0.0639	0.0312	0.0075	0.0575	0.0500				0.0607	0.0067	0.0012		0.0090			0.0827					0.0410	0.2619				
PIRATA Fr21	st003c01	B	2011-05-07T12:25:00z	 -10.000	 +1.000		 100.0	 5	 35.770	2.851	124.14	 0.07	 15.100	15.100	  1.10	 5.60	0.0427	0.0200		0.0395	0.0365				0.0372	0.0043			0.0088			0.1081					0.0620	0.1511				
PIRATA Fr21	st003c01	B	2011-05-07T12:25:00z	 -10.000	 +1.000		 500.0	 4	 34.723	2.713	118.09	 0.04	 29.000	28.900	  2.02	16.90																										
PIRATA Fr21	st003c01	B	2011-05-07T12:25:00z	 -10.000	 +1.000		1000.0	 3	 34.614	3.534	153.72	 0.02	 29.200	29.200	  2.01	17.10																										
PIRATA Fr21	st003c01	B	2011-05-07T12:25:00z	 -10.000	 +1.000		1000.1	 2	 34.614	3.568	155.20	 0.02	 30.600	30.600	  2.22	30.90																										
PIRATA Fr21	st003c01	B	2011-05-07T12:25:00z	 -10.000	 +1.000		2000.0	 1	 34.962	5.665	246.29	 0.01	 18.700	18.700	  1.31	21.60																										
PIRATA Fr21	st004c01	B	2011-05-07T16:45:00z	 -10.000	 +0.500		   2.1	11	 35.438	4.523	197.50	 0.00	  0.000	0.000	  0.08	 0.90	0.0272	0.0131	0.0012	0.0303	0.0133				0.0317	0.0030			0.0058			0.0015					0.0370	0.0941				
PIRATA Fr21	st004c01	B	2011-05-07T16:45:00z	 -10.000	 +0.500		  10.1	10	 35.436	4.640	202.60	 0.00	  0.100	0.100	  0.05	 1.10																										
PIRATA Fr21	st004c01	B	2011-05-07T16:45:00z	 -10.000	 +0.500		  19.8	 9	 35.441	4.529	197.70	 0.01	  0.100	0.100	  0.08	 1.00	0.0481	0.0266	0.0067	0.0627	0.0160				0.0569	0.0058	0.0015		0.0192			0.0604					0.1057	0.2007				
PIRATA Fr21	st004c01	B	2011-05-07T16:45:00z	 -10.000	 +0.500		  40.9	 8	 35.587	4.509	196.80	 0.03	  0.000	0.000	  0.08	 1.10	0.1408	0.0913	0.0111	0.1553	0.0416				0.2232	0.0175	0.0049		0.0752			0.2358					0.2908	0.6273				
PIRATA Fr21	st004c01	B	2011-05-07T16:45:00z	 -10.000	 +0.500		  60.2	 7	 36.185	3.875	168.80	 0.36	  3.200	2.900	  0.38	 2.10	0.0126	0.0157	0.0062	0.0113	0.0129				0.0394	0.0071	0.0004		0.0798			0.0184					0.1403	0.1289				
PIRATA Fr21	st004c01	B	2011-05-07T16:45:00z	 -10.000	 +0.500		  80.2	 6	 35.898	3.562	155.10	 0.29	  9.300	9.000	  0.77	 3.50	0.0036	0.0079	0.0037	0.0050	0.0084				0.0161	0.0052			0.0836			0.0062					0.0952	0.0656				
PIRATA Fr21	st004c01	B	2011-05-07T16:45:00z	 -10.000	 +0.500		 100.8	 5	 35.674	2.909	126.60	 0.09	 14.100	14.000	  1.10	 5.20	0.0027	0.0070	0.0020	0.0038	0.0085				0.0142	0.0063		0.0010	0.0878			0.0046					0.0908	0.0651				
PIRATA Fr21	st004c01	B	2011-05-07T16:45:00z	 -10.000	 +0.500		 501.3	 4	 34.707	2.676	116.40	 0.04	 28.000	28.000	  2.01	16.80																										
PIRATA Fr21	st004c01	B	2011-05-07T16:45:00z	 -10.000	 +0.500		 501.1	 3	 34.706	2.672	116.20	 0.01	 28.000	28.000	  2.01	16.80																										
PIRATA Fr21	st004c01	B	2011-05-07T16:45:00z	 -10.000	 +0.500		1000.5	 2	 34.630	3.555	154.60	 0.02	 28.700	28.600	  2.20	29.00																										
PIRATA Fr21	st004c01	B	2011-05-07T16:45:00z	 -10.000	 +0.500		2001.0	 1	 34.963	5.684	247.10	 0.01	 17.300	17.300	  1.30	20.70																										
PIRATA Fr21	st005c01	B	2011-05-07T23:05:00z	 -10.000	 +0.000		   2.2	11	 35.597	4.541	198.20	 0.02	  0.100	0.100	  0.06	 1.40	0.0035	0.0066	0.0060	0.0050	0.0064				0.0186	0.0067		0.0010	0.0644			0.0056					0.0734	0.0652				
PIRATA Fr21	st005c01	B	2011-05-07T23:05:00z	 -10.000	 +0.000		  10.5	10	 35.600	4.732	206.50	 0.02	  0.100	0.100	  0.06	 1.70																										
PIRATA Fr21	st005c01	B	2011-05-07T23:05:00z	 -10.000	 +0.000		  20.5	 9	 35.727	4.363	190.40	 0.01	  0.100	0.100	  0.05	 1.70	0.0069	0.0117	0.0111	0.0071	0.0061				0.0270	0.0077	0.0010	0.0014	0.0721			0.0131					0.0944	0.1020				
PIRATA Fr21	st005c01	B	2011-05-07T23:05:00z	 -10.000	 +0.000		  40.8	 8	 36.491	4.063	177.10	 0.04	  0.200	0.100	  0.17	 2.50	0.1117	0.0863	0.0195	0.0997	0.0286				0.2317	0.0177	0.0053	0.0016	0.1282			0.1755					0.3582	0.6136				
PIRATA Fr21	st005c01	B	2011-05-07T23:05:00z	 -10.000	 +0.000		  60.5	 7	 36.409	4.299	187.30	 0.41	  2.800	2.400	  0.34	 2.30	0.0732	0.0524	0.0086	0.0778	0.0191				0.1204	0.0106	0.0079		0.0489			0.1305					0.2499	0.3607				
PIRATA Fr21	st005c01	B	2011-05-07T23:05:00z	 -10.000	 +0.000		  79.8	 6	 35.899	3.854	167.90	 0.09	  8.800	8.700	  0.68	 3.60	0.0299	0.0194	0.0025	0.0415	0.0090				0.0304	0.0040	0.0016		0.0131			0.0374					0.0920	0.1232				
PIRATA Fr21	st005c01	B	2011-05-07T23:05:00z	 -10.000	 +0.000		  99.0	 5	 35.792	3.737	162.80	 0.10	 10.300	10.200	  0.77	 4.40	0.0275	0.0178	0.0010	0.0371	0.0081				0.0311	0.0037	0.0008		0.0179			0.0224					0.1105	0.1043				
PIRATA Fr21	st005c01	B	2011-05-07T23:05:00z	 -10.000	 +0.000		  98.4	 4	 35.772	3.691	160.70	 0.00	 31.000	31.000	  2.02	17.20																										
PIRATA Fr21	st005c01	B	2011-05-07T23:05:00z	 -10.000	 +0.000		 500.3	 3	 34.675	2.765	120.30	 0.00	 30.900	30.900	  2.02	18.40																										
PIRATA Fr21	st005c01	B	2011-05-07T23:05:00z	 -10.000	 +0.000		 999.0	 2	 34.620	2.822	122.70	 0.00	 31.500	31.500	  2.23	31.00																										
PIRATA Fr21	st005c01	B	2011-05-07T23:05:00z	 -10.000	 +0.000		1999.7	 1	 34.959	5.290	230.10	 0.00	 19.200	19.200	  1.30	20.70																										
PIRATA Fr21	st006c01	B	2011-05-08T22:05:00z	 -10.000	 -0.500		   0.9	11	 35.871	4.542	198.20	 0.00	  0.000	0.000	  0.06	 1.60	0.0038	0.0068	0.0031	0.0059	0.0058				0.0170	0.0061	0.0010		0.0801			0.0086					0.0839	0.0729				
PIRATA Fr21	st006c01	B	2011-05-08T22:05:00z	 -10.000	 -0.500		   9.9	10	 35.889	4.607	201.00	 0.03	  0.000	0.000	  0.07	 1.50																										
PIRATA Fr21	st006c01	B	2011-05-08T22:05:00z	 -10.000	 -0.500		  19.9	 9	 36.005	4.552	198.60	 0.03	  0.000	0.000	  0.08	 1.40	0.0093	0.0136	0.0089	0.0114	0.0076				0.0343	0.0079	0.0008	0.0013	0.0912			0.0277					0.1265	0.1193				
PIRATA Fr21	st006c01	B	2011-05-08T22:05:00z	 -10.000	 -0.500		  39.7	 8	 36.414	4.242	184.80	 0.26	  2.100	1.800	  0.35	 2.20	0.0983	0.0777	0.0175	0.1006	0.0247				0.1856	0.0186	0.0068	0.0011	0.0879			0.1983					0.2737	0.5262		0.0079		
PIRATA Fr21	st006c01	B	2011-05-08T22:05:00z	 -10.000	 -0.500		  60.1	 7	 35.909	3.489	151.90	 0.23	  9.800	9.600	  0.78	 3.90	0.0679	0.0415	0.0064	0.0848	0.0208				0.0775	0.0088	0.0028		0.0299			0.0961					0.2796	0.1464		0.0051		
PIRATA Fr21	st006c01	B	2011-05-08T22:05:00z	 -10.000	 -0.500		  81.2	 6	 35.794	3.536	153.90	 0.07	 11.000	11.000	  0.81	 4.20	0.0301	0.0177	0.0014	0.0429	0.0097				0.0319	0.0037	0.0012		0.0112			0.0283					0.0781	0.1186		0.0023		
PIRATA Fr21	st006c01	B	2011-05-08T22:05:00z	 -10.000	 -0.500		  80.8	 5	 35.789	3.559	154.90	 0.06	 11.000	11.000	  0.82	 4.40																										
PIRATA Fr21	st006c01	B	2011-05-08T22:05:00z	 -10.000	 -0.500		 100.2	 4	 35.686	3.623	157.40	 0.04	 11.700	11.700	  0.86	 4.70	0.0213	0.0111		0.0284	0.0054				0.0264	0.0024			0.0063			0.0093					0.0494	0.0753				
PIRATA Fr21	st006c01	B	2011-05-08T22:05:00z	 -10.000	 -0.500		 500.1	 3	 34.605	3.096	134.70	 0.01	 30.900	30.900	  2.07	20.30																										
PIRATA Fr21	st006c01	B	2011-05-08T22:05:00z	 -10.000	 -0.500		 999.6	 2	 34.660	3.680	160.00	 0.01	 30.700	30.700	  2.13	30.40																										
PIRATA Fr21	st006c01	B	2011-05-08T22:05:00z	 -10.000	 -0.500		1999.6	 1	 34.966	5.740	249.50	 0.00	 19.000	19.000	  1.28	21.10																										
PIRATA Fr21	st007c01	B	2011-05-09T03:15:00z	 -10.000	 -1.000		   3.5	11	 35.858	4.573	199.60	 0.00	  0.000	0.000	  0.05	 1.00	0.0042	0.0075	0.0034	0.0061	0.0052				0.0193	0.0066			0.0802			0.0081					0.0926	0.0736				
PIRATA Fr21	st007c01	B	2011-05-09T03:15:00z	 -10.000	 -1.000		  10.0	10	 35.859	4.569	199.40	 0.00	  0.000	0.000	  0.07	 1.10																										
PIRATA Fr21	st007c01	B	2011-05-09T03:15:00z	 -10.000	 -1.000		  19.0	 9	 35.873	4.625	201.80	 0.00	  0.000	0.000	  0.07	 1.10	0.0047	0.0075	0.0036	0.0065	0.0053				0.0207	0.0068			0.0831			0.0097					0.1000	0.0779				
PIRATA Fr21	st007c01	B	2011-05-09T03:15:00z	 -10.000	 -1.000		  40.0	 8	 36.159	4.511	196.70	 0.00	  0.000	0.000	  0.13	 1.30	0.0229	0.0218	0.0100	0.0195	0.0080				0.0598	0.0107	0.0018		0.1011			0.0317					0.1859	0.1809				
PIRATA Fr21	st007c01	B	2011-05-09T03:15:00z	 -10.000	 -1.000		  60.0	 7	 35.840	3.151	137.20	 0.35	 11.400	11.000	  0.89	 3.60	0.0691	0.0449	0.0063	0.0817	0.0288				0.0817	0.0091	0.0031		0.0407			0.1355					0.1820	0.3234		0.0054		
PIRATA Fr21	st007c01	B	2011-05-09T03:15:00z	 -10.000	 -1.000		  60.1	 6	 35.839	3.147	137.00	 0.33	 11.300	11.000	  0.87	 3.90																										
PIRATA Fr21	st007c01	B	2011-05-09T03:15:00z	 -10.000	 -1.000		  80.0	 5	 35.735	2.871	125.00	 0.03	 15.100	15.100	  1.06	 4.60	0.0332	0.0235	0.0052	0.0469	0.0151				0.0394	0.0049	0.0035		0.0123			0.0417					0.0741	0.1491				
PIRATA Fr21	st007c01	B	2011-05-09T03:15:00z	 -10.000	 -1.000		 100.0	 4	 35.602	3.246	141.30	 0.01	 14.600	14.600	  1.05	 4.80	0.0220	0.0123	0.0012	0.0310	0.0066				0.0260	0.0025	0.0008		0.0053			0.0143					0.0421	0.0788				
PIRATA Fr21	st007c01	B	2011-05-09T03:15:00z	 -10.000	 -1.000		 500.0	 3	 34.633	2.874	125.10	 0.00	 31.700	31.700	  2.04	18.10																										
PIRATA Fr21	st007c01	B	2011-05-09T03:15:00z	 -10.000	 -1.000		1000.0	 2	 34.625	3.603	156.70	 0.01	 32.200	32.200	  2.17	30.40																										
PIRATA Fr21	st007c01	B	2011-05-09T03:15:00z	 -10.000	 -1.000		2000.0	 1	 34.965	5.712	248.30	 0.00	 19.400	19.400	  1.28	19.90																										
PIRATA Fr21	st008c01	B	2011-05-09T08:00:00z	 -10.000	 -1.500		   2.0	11	 35.765	4.561	199.10	 0.00	  0.000	0.000	  0.08	 0.90	0.0050	0.0099	0.0051	0.0067	0.0055				0.0210	0.0061	0.0003		0.0604			0.0084					0.1139	0.0887				
PIRATA Fr21	st008c01	B	2011-05-09T08:00:00z	 -10.000	 -1.500		   9.7	10	 35.764	4.506	196.60	 0.00	  0.000	0.000	  0.08	 1.00																										
PIRATA Fr21	st008c01	B	2011-05-09T08:00:00z	 -10.000	 -1.500		  20.8	 9	 35.764	4.523	197.40	 0.00	  0.000	0.000	  0.08	 1.00	0.0057	0.0108	0.0055	0.0072	0.0056				0.0223	0.0058			0.0609			0.0107					0.1226	0.0957				
PIRATA Fr21	st008c01	B	2011-05-09T08:00:00z	 -10.000	 -1.500		  39.4	 8	 35.838	4.812	209.80	 0.00	  0.000	0.000	  0.23	 1.50	0.0434	0.0445	0.0169	0.0369	0.0163				0.1254	0.0140	0.0019	0.0006	0.0695			0.0723					0.1668	0.3337				
PIRATA Fr21	st008c01	B	2011-05-09T08:00:00z	 -10.000	 -1.500		  40.3	 7	 35.839	4.774	208.10	 0.00	  0.000	0.000	  0.24	 1.50																										
PIRATA Fr21	st008c01	B	2011-05-09T08:00:00z	 -10.000	 -1.500		  59.2	 6	 35.728	2.895	126.00	 0.55	 14.900	14.300	  1.04	 4.00	0.0541	0.0393	0.0092	0.0701	0.0238				0.0947	0.0096	0.0016		0.0276			0.0997					0.1025	0.3064				
PIRATA Fr21	st008c01	B	2011-05-09T08:00:00z	 -10.000	 -1.500		  79.7	 5	 35.636	2.738	119.20	 0.07	 16.900	16.900	  1.13	 4.80	0.0315	0.0223	0.0036	0.0428	0.0149				0.0405	0.0041	0.0016		0.0168			0.0355					0.0874	0.1451		0.0048		
PIRATA Fr21	st008c01	B	2011-05-09T08:00:00z	 -10.000	 -1.500		 100.8	 4	 35.597	2.723	118.50	 0.08	 17.600	17.500	  1.17	 5.40	0.0217	0.0132	0.0012	0.0310	0.0086				0.0305	0.0028	0.0010		0.0085			0.0193					0.0524	0.0846				
PIRATA Fr21	st008c01	B	2011-05-09T08:00:00z	 -10.000	 -1.500		 499.8	 3	 34.580	3.083	134.10	 0.02	 31.900	31.900	  2.07	19.10																										
PIRATA Fr21	st008c01	B	2011-05-09T08:00:00z	 -10.000	 -1.500		1000.3	 2	 34.622	3.615	157.20	 0.01	 32.100	32.100	  2.17	27.80																										
PIRATA Fr21	st008c01	B	2011-05-09T08:00:00z	 -10.000	 -1.500		1999.8	 1	 34.966	5.755	250.10	 0.00	 19.300	19.300	  1.27	19.70																										
PIRATA Fr21	st009c01	B	2011-05-09T13:05:00z	 -10.000	 -2.000		   2.0	11	 35.375	4.558	199.00	 0.00	  0.000	0.000	  0.05	 1.10	0.0027	0.0065	0.0045	0.0039	0.0061				0.0147	0.0134		0.0038	0.1132			0.0049					0.1257	0.0764				
PIRATA Fr21	st009c01	B	2011-05-09T13:05:00z	 -10.000	 -2.000		  10.0	10	 35.385	4.574	199.70	 0.01	  0.100	0.100	  0.06	 1.10																										
PIRATA Fr21	st009c01	B	2011-05-09T13:05:00z	 -10.000	 -2.000		  20.0	 9	 35.411	4.579	199.90	 0.00	  0.000	0.000	  0.06	 1.20	0.0053	0.0100	0.0045	0.0061	0.0087				0.0231	0.0092		0.0020	0.1164			0.0113					0.1541	0.1030				
PIRATA Fr21	st009c01	B	2011-05-09T13:05:00z	 -10.000	 -2.000		  20.0	 8	 35.410	4.574	199.70	 0.00	  0.000	0.000	  0.06	 1.10																										
PIRATA Fr21	st009c01	B	2011-05-09T13:05:00z	 -10.000	 -2.000		  40.0	 7	 35.823	3.341	145.50	 0.39	 11.400	11.000	  0.84	 3.50	0.0533	0.0622	0.0183	0.0862	0.0289				0.1509	0.0194	0.0031	0.0033	0.0702			0.1553					0.1694	0.4405				
PIRATA Fr21	st009c01	B	2011-05-09T13:05:00z	 -10.000	 -2.000		  60.0	 6	 35.751	3.020	131.50	 0.24	 15.000	14.700	  0.99	 4.30	0.0658	0.0476	0.0040	0.0860	0.0327				0.0923	0.0090	0.0021	0.0004	0.0402			0.1306					0.1491	0.3394				
PIRATA Fr21	st009c01	B	2011-05-09T13:05:00z	 -10.000	 -2.000		  80.0	 5	 35.672	2.658	115.70	 0.03	 17.200	17.200	  1.15	 5.50	0.0784	0.0525	0.0046	0.0900	0.0362				0.1012	0.0098	0.0020		0.0418			0.0999					0.1543	0.3668				
PIRATA Fr21	st009c01	B	2011-05-09T13:05:00z	 -10.000	 -2.000		 100.0	 4	 35.619	2.795	121.70	 0.01	 15.800	15.800	  1.04	 5.00	0.0183	0.0098		0.0202	0.0076				0.0276	0.0020			0.0039			0.0117					0.0351	0.0643				
PIRATA Fr21	st009c01	B	2011-05-09T13:05:00z	 -10.000	 -2.000		 500.0	 3	 34.549	3.079	133.90	 0.00	 32.900	32.900	  2.14	20.00																										
PIRATA Fr21	st009c01	B	2011-05-09T13:05:00z	 -10.000	 -2.000		1000.0	 2	 34.611	3.659	159.10	 0.00	 32.100	32.100	  2.15	31.20																										
PIRATA Fr21	st009c01	B	2011-05-09T13:05:00z	 -10.000	 -2.000		2000.0	 1	 34.964	5.795	251.90	 0.00	 19.300	19.300	  1.26	20.50																										
PIRATA Fr21	st010c01	B	2011-05-09T18:12:00z	 -10.000	 -2.500		   2.2	11	 35.202	4.568	199.50	 0.00	  0.000	0.000	  0.05	 0.80	0.0041	0.0100	0.0068	0.0063	0.0080				0.0216	0.0100			0.1233			0.0077					0.1272	0.0898				
PIRATA Fr21	st010c01	B	2011-05-09T18:12:00z	 -10.000	 -2.500		  10.2	10	 35.200	4.573	199.70	 0.00	  0.000	0.000	  0.04	 0.80																										
PIRATA Fr21	st010c01	B	2011-05-09T18:12:00z	 -10.000	 -2.500		  10.3	 9	 35.199	4.550	198.70	 0.00	  0.000	0.000	  0.05	 0.80																										
PIRATA Fr21	st010c01	B	2011-05-09T18:12:00z	 -10.000	 -2.500		  20.2	 8	 35.217	4.237	185.00	 0.00	  0.000	0.000	  0.04	 0.90	0.0090	0.0173	0.0116	0.0111	0.0112				0.0376	0.0103	0.0015		0.1400			0.0169					0.1650	0.1398				
PIRATA Fr21	st010c01	B	2011-05-09T18:12:00z	 -10.000	 -2.500		  39.3	 7	 35.797	3.963	172.60	 0.08	  5.000	4.900	  0.54	 2.60	0.1229	0.1192	0.0467	0.1194	0.0527				0.2550	0.0259	0.0049		0.1152			0.2483					0.2161	0.7690				
PIRATA Fr21	st010c01	B	2011-05-09T18:12:00z	 -10.000	 -2.500		  60.7	 6	 35.698	2.828	123.10	 0.58	 15.800	15.300	  1.07	 4.50	0.0690	0.0460	0.0053	0.0792	0.0305				0.0912	0.0082	0.0016		0.0356			0.1310					0.1412	0.3190				
PIRATA Fr21	st010c01	B	2011-05-09T18:12:00z	 -10.000	 -2.500		  80.9	 5	 35.668	2.721	118.40	 0.06	 16.600	16.500	  1.11	 5.30	0.0504	0.0298	0.0044	0.0564	0.0220				0.0569	0.0058	0.0015		0.0195			0.0455					0.1100	0.1896		0.0035		
PIRATA Fr21	st010c01	B	2011-05-09T18:12:00z	 -10.000	 -2.500		  99.8	 4	 35.630	2.798	121.80	 0.03	 17.100	17.000	  1.13	 5.40	0.0278	0.0148	0.0050	0.0296	0.0102				0.0343	0.0030	0.0010		0.0069			0.0212					0.0523	0.0981				
PIRATA Fr21	st010c01	B	2011-05-09T18:12:00z	 -10.000	 -2.500		 501.0	 3	 34.589	2.955	128.50	 0.01	 32.400	32.400	  2.03	18.70																										
PIRATA Fr21	st010c01	B	2011-05-09T18:12:00z	 -10.000	 -2.500		 999.4	 2	 34.618	3.624	157.60	 0.01	 32.200	32.200	  2.17	30.60																										
PIRATA Fr21	st010c01	B	2011-05-09T18:12:00z	 -10.000	 -2.500		1990.0	 1	 34.964	6.002	260.80	 0.00	 19.200	19.200	  1.26	19.90																										
PIRATA Fr21	st011c01	B	2011-05-09T21:22:00z	 -10.000	 -3.000		   2.2	11	 35.276	4.540	198.30	 0.00	  0.100	0.100	  0.08	 1.10	0.0036	0.0062	0.0029	0.0047	0.0071				0.0168	0.0070			0.1025			0.0059					0.0916	0.0689				
PIRATA Fr21	st011c01	B	2011-05-09T21:22:00z	 -10.000	 -3.000		   1.7	10	 35.276	4.582	200.10	 0.02	  0.100	0.100	  0.06	 1.10																										
PIRATA Fr21	st011c01	B	2011-05-09T21:22:00z	 -10.000	 -3.000		   9.7	 9	 35.275	4.567	199.40	 0.02	  0.100	0.000	  0.05	 1.00																										
PIRATA Fr21	st011c01	B	2011-05-09T21:22:00z	 -10.000	 -3.000		  19.7	 8	 35.292	4.609	201.20	 0.00	  0.000	0.000	  0.07	 1.00	0.0049	0.0087	0.0060	0.0058	0.0078				0.0207	0.0063			0.1176			0.0073					0.1089	0.0824				
PIRATA Fr21	st011c01	B	2011-05-09T21:22:00z	 -10.000	 -3.000		  39.9	 7	 35.857	4.219	183.90	 0.05	  4.600	4.600	  0.53	 3.00	0.1037	0.0979	0.0382	0.1184	0.0415				0.2222	0.0250	0.0040	0.0019	0.0755			0.1343					0.1194	0.6086				
PIRATA Fr21	st011c01	B	2011-05-09T21:22:00z	 -10.000	 -3.000		  60.1	 6	 35.700	2.887	125.70	 0.11	 15.800	15.700	  1.06	 5.00	0.0515	0.0305	0.0064	0.0524	0.0224				0.0661	0.0069	0.0016		0.0290			0.0784					0.1137	0.2245				
PIRATA Fr21	st011c01	B	2011-05-09T21:22:00z	 -10.000	 -3.000		  79.4	 5	 35.654	2.741	119.40	 0.01	 17.300	17.300	  1.15	 5.60	0.0338	0.0201	0.0054	0.0368	0.0145				0.0395	0.0039	0.0017		0.0106			0.0259					0.0781	0.1271				
PIRATA Fr21	st011c01	B	2011-05-09T21:22:00z	 -10.000	 -3.000		  99.9	 4	 35.629	2.440	106.20	 0.00	 18.800	18.800	  1.24	 5.70	0.0227	0.0127	0.0035	0.0249	0.0090				0.0303	0.0025	0.0010		0.0041			0.0077					0.0360	0.0812				
PIRATA Fr21	st011c01	B	2011-05-09T21:22:00z	 -10.000	 -3.000		 500.0	 3	 34.587	2.861	124.60	 0.02	 32.100	32.100	  4.26	21.90																										
PIRATA Fr21	st011c01	B	2011-05-09T21:22:00z	 -10.000	 -3.000		1004.4	 2	 34.618	3.643	158.50	 0.00	 32.000	32.000	  2.12	29.10																										
PIRATA Fr21	st011c01	B	2011-05-09T21:22:00z	 -10.000	 -3.000		2000.2	 1	 34.959	5.737	249.50	 0.00	 19.200	19.200	  1.28	20.40																										
PIRATA Fr21	st012c01	B	2011-05-10T02:45:00z	 -10.000	 -3.500		   3.0	11		4.570	199.60	 0.01	  0.100	0.000	  0.08	 1.40																										
PIRATA Fr21	st012c01	B	2011-05-10T02:45:00z	 -10.000	 -3.500		   9.8	10	 35.285	4.564	199.30	 0.01	  0.100	0.100	  0.07	 1.20																										
PIRATA Fr21	st012c01	B	2011-05-10T02:45:00z	 -10.000	 -3.500		  20.1	 9	 35.285	4.570	199.60	 0.01	  0.000	0.000	  0.06	 1.20	0.0053	0.0117	0.0058	0.0063	0.0073				0.0224	0.0067			0.1119			0.0080					0.1143	0.0986				
PIRATA Fr21	st012c01	B	2011-05-10T02:45:00z	 -10.000	 -3.500		  39.7	 8	 35.485	4.744	207.00	 0.01	  0.100	0.000	  0.11	 1.30	0.0286	0.0331	0.0133	0.0276	0.0174				0.0925	0.0150	0.0025		0.1121			0.0270					0.1868	0.2776				
PIRATA Fr21	st012c01	B	2011-05-10T02:45:00z	 -10.000	 -3.500		  59.9	 7	 35.685	2.859	124.50	 0.24	 16.000	15.800	  1.06	 5.10	0.0637	0.0377	0.0086	0.0673	0.0285				0.0831	0.0088	0.0017		0.0322			0.1154					0.1257	0.2961				
PIRATA Fr21	st012c01	B	2011-05-10T02:45:00z	 -10.000	 -3.500		  80.1	 6	 35.623	2.756	120.00	 0.04	 17.300	17.300	  1.11	 5.60	0.0219	0.0128	0.0028	0.0250	0.0085				0.0276	0.0028	0.0011		0.0062			0.0232					0.0419	0.0865				
PIRATA Fr21	st012c01	B	2011-05-10T02:45:00z	 -10.000	 -3.500		 100.0	 5	 35.591	2.591	112.80	 0.03	 18.300	18.200	  1.18	 6.40	0.0088	0.0040	0.0022	0.0079	0.0036				0.0157	0.0012	0.0005		0.0019			0.0093					0.0061	0.0346				
PIRATA Fr21	st012c01	B	2011-05-10T02:45:00z	 -10.000	 -3.500		 500.0	 4	 34.697	1.724	 75.00	 0.02	 35.800	35.800	  2.23	19.20																										
PIRATA Fr21	st012c01	B	2011-05-10T02:45:00z	 -10.000	 -3.500		1000.0	 3	 34.896	3.739	162.60	 0.01	 32.000	32.000	  2.13	32.70																										
PIRATA Fr21	st012c01	B	2011-05-10T02:45:00z	 -10.000	 -3.500		2000.0	 2	 34.956	5.632	244.80	 0.02	 20.000	20.000	  1.31	23.50																										
PIRATA Fr21	st012c01	B	2011-05-10T02:45:00z	 -10.000	 -3.500		2001.0	 1	 34.955	5.624	244.40	 0.01	 20.000	20.000	  1.29	22.50																										
PIRATA Fr21	st013c01	B	2011-05-10T09:30:00z	 -10.000	 -4.000		   2.0	11	 35.227	4.578	199.90	 0.00	  0.000	0.000	  0.04	 0.80	0.0057	0.0112	0.0080	0.0068	0.0077				0.0261	0.0095		0.0009	0.0945			0.0061					0.0898	0.1034				
PIRATA Fr21	st013c01	B	2011-05-10T09:30:00z	 -10.000	 -4.000		   9.9	10	 35.227	4.618	201.70	 0.00	  0.000	0.000	  0.05	 0.90																										
PIRATA Fr21	st013c01	B	2011-05-10T09:30:00z	 -10.000	 -4.000		  19.7	 9	 35.227	4.512	197.00	 0.00	  0.000	0.000	  0.05	 0.90	0.8640	0.0128	0.0090	0.0075	0.0079				0.0277	0.0090			0.1015			0.0086					0.0993	0.1092				
PIRATA Fr21	st013c01	B	2011-05-10T09:30:00z	 -10.000	 -4.000		  39.8	 8	 35.546	4.679	204.10	 0.03	  0.300	0.300	  0.16	 1.40	0.0453	0.0569	0.0267	0.0420	0.0231				0.1301	0.0177	0.0041		0.1826			0.0593					0.3382	0.4027				
PIRATA Fr21	st013c01	B	2011-05-10T09:30:00z	 -10.000	 -4.000		  60.2	 7	 35.686	2.877	125.20	 0.31	 15.600	15.300	  1.03	 4.80	0.0766	0.0465	0.0080	0.0882	0.0293				0.0999	0.0091	0.0024		0.0358			0.1033					0.1511	0.3296				
PIRATA Fr21	st013c01	B	2011-05-10T09:30:00z	 -10.000	 -4.000		  80.5	 6	 35.600	2.849	124.00	 0.06	 16.900	16.900	  1.14	 5.70	0.0492	0.0295	0.0052	0.0610	0.0212				0.0619	0.0062	0.0022		0.0218			0.0000					0.1124	0.2061				
PIRATA Fr21	st013c01	B	2011-05-10T09:30:00z	 -10.000	 -4.000		  99.9	 5	 34.568	2.754	119.90	 0.04	 17.800	17.800	  1.19	 6.10	0.0283	0.0160	0.0052	0.0320	0.0102				0.0385	0.0033	0.0017		0.0073			0.0000					0.0571	0.1032				
PIRATA Fr21	st013c01	B	2011-05-10T09:30:00z	 -10.000	 -4.000		 499.2	 4	 34.708	1.528	 66.50	 0.01	 36.600	36.600	  2.25	18.00																										
PIRATA Fr21	st013c01	B	2011-05-10T09:30:00z	 -10.000	 -4.000		 999.5	 3	 34.589	3.669	159.50	 0.00	 32.000	32.000	  2.12	30.90																										
PIRATA Fr21	st013c01	B	2011-05-10T09:30:00z	 -10.000	 -4.000		 999.0	 2	 34.595	3.715	161.50	 0.00	 32.000	32.000	  2.11	30.90																										
PIRATA Fr21	st013c01	B	2011-05-10T09:30:00z	 -10.000	 -4.000		1998.0	 1	 34.956	5.597	243.30	 0.00	 20.100	20.100	  1.31	23.00																										
PIRATA Fr21	st014c01	B	2011-05-10T13:20:00z	 -10.000	 -4.500		   2.4	11	 35.213	4.561	199.20	 0.01	  0.000	0.000	  0.04	 0.70	0.0034	0.0074	0.0064	0.0041	0.0052				0.0188	0.0139		0.0036	0.1049			0.0043					0.1373	0.0765				
PIRATA Fr21	st014c01	B	2011-05-10T13:20:00z	 -10.000	 -4.500		  10.0	10	 35.211	4.564	199.30	 0.01	  0.000	0.000	  0.04	 0.70																										
PIRATA Fr21	st014c01	B	2011-05-10T13:20:00z	 -10.000	 -4.500		  19.0	 9	 35.213	4.595	200.70	 0.01	  0.100	0.000	  0.03	 0.70	0.0039	0.0096	0.0072	0.0056	0.0069				0.0211	0.0114		0.0019	0.1083			0.0058					0.1373	0.0823				
PIRATA Fr21	st014c01	B	2011-05-10T13:20:00z	 -10.000	 -4.500		  39.0	 8	 35.224	4.584	200.20	 0.01	  0.100	0.100	  0.03	 0.70	0.0091	0.0189	0.0118	0.0099	0.0094				0.0402	0.0093			0.1140			0.0097					0.2129	0.1363				
PIRATA Fr21	st014c01	B	2011-05-10T13:20:00z	 -10.000	 -4.500		  59.0	 7	 36.291	4.654	202.80	 0.03	  0.400	0.400	  0.21	 1.50	0.0704	0.0707	0.0184	0.0692	0.0187				0.1592	0.0132	0.0046		0.1126			0.1241					0.3377	0.3671				
PIRATA Fr21	st014c01	B	2011-05-10T13:20:00z	 -10.000	 -4.500		  79.0	 6	 35.804	2.940	128.10	 0.35	 13.700	13.400	  0.94	 4.00	0.0667	0.0475	0.0031	0.0837	0.0271				0.0991	0.0084	0.0022		0.0386			0.0905					0.1571	0.2871				
PIRATA Fr21	st014c01	B	2011-05-10T13:20:00z	 -10.000	 -4.500		 100.0	 5	 35.511	2.419	105.30	 0.04	 19.800	19.700	  1.28	 5.80	0.0385	0.0249	0.0026	0.0488	0.0155				0.0515	0.0044	0.0023		0.0159			0.0305					0.0859	0.1516				
PIRATA Fr21	st014c01	B	2011-05-10T13:20:00z	 -10.000	 -4.500		 500.0	 4	 34.708	1.970	 85.80	 0.01	 34.600	34.600	  2.14	17.40																										
PIRATA Fr21	st014c01	B	2011-05-10T13:20:00z	 -10.000	 -4.500		 500.0	 3	 34.711	1.933	 84.10	 0.01	 34.500	34.500	  2.17	17.80																										
PIRATA Fr21	st014c01	B	2011-05-10T13:20:00z	 -10.000	 -4.500		1000.0	 2	 34.609	3.740	162.70	 0.01	 31.900	31.900	  2.15	30.90																										
PIRATA Fr21	st014c01	B	2011-05-10T13:20:00z	 -10.000	 -4.500		2000.0	 1	 34.962	5.772	250.90	 0.01	 19.700	19.600	  1.30	20.10																										
PIRATA Fr21	st015c01	B	2011-05-10T18:10:00z	 -10.000	 -5.000		   2.2	11	 35.184	4.652	203.20	 0.01	  0.000	0.000	  0.03	 0.60	0.0048	0.0080	0.0037	0.0045	0.0072				0.0206	0.0066			0.0997			0.0051					0.0991	0.0741				
PIRATA Fr21	st015c01	B	2011-05-10T18:10:00z	 -10.000	 -5.000		  10.0	10	 34.962	4.567	199.50	 0.01	  0.000	0.000	  0.01	 0.60																										
PIRATA Fr21	st015c01	B	2011-05-10T18:10:00z	 -10.000	 -5.000		  20.0	 9	 35.182	4.574	199.80	 0.00	  0.000	0.000	  0.03	 0.60	0.0055	0.0090		0.0056	0.0084				0.0218	0.0066			0.1108			0.0065					0.1101	0.0825				
PIRATA Fr21	st015c01	B	2011-05-10T18:10:00z	 -10.000	 -5.000		  39.8	 8	 35.243	4.592	200.50	 0.00	  0.000	0.000	  0.03	 0.60	0.0111	0.0176	0.0102	0.0114	0.0123				0.0405	0.0071	0.0009		0.1207			0.0121					0.1763	0.1395				
PIRATA Fr21	st015c01	B	2011-05-10T18:10:00z	 -10.000	 -5.000		  59.9	 7	 36.298	4.559	198.60	 0.08	  1.100	1.000	  0.26	 1.50	0.0822	0.0731	0.0108	0.1052	0.0186				0.1610	0.0105	0.0044		0.1028			0.1762					0.3653	0.4145				
PIRATA Fr21	st015c01	B	2011-05-10T18:10:00z	 -10.000	 -5.000		  80.6	 6	 35.898	3.117	135.70	 0.07	 12.500	12.400	  0.88	 3.40	0.0461	0.0327	0.0031	0.0740	0.0137				0.0662	0.0054	0.0012		0.0287			0.0055					0.1402	0.2026				
PIRATA Fr21	st015c01	B	2011-05-10T18:10:00z	 -10.000	 -5.000		 101.0	 5	 35.623	2.664	115.90	 0.01	 17.400	17.400	  1.15	 4.80	0.0237	0.0142	0.0012	0.0329	0.0074				0.0313	0.0028	0.0007		0.0088								0.0583	0.0997				
PIRATA Fr21	st015c01	B	2011-05-10T18:10:00z	 -10.000	 -5.000		 101.0	 4	 35.613	2.643	115.00	 0.01	 17.600	17.500	  1.17	 5.10																										
PIRATA Fr21	st015c01	B	2011-05-10T18:10:00z	 -10.000	 -5.000		 499.0	 3	 34.648	2.174	 94.60	 0.00	 34.800	34.800	  2.20	18.90																										
PIRATA Fr21	st015c01	B	2011-05-10T18:10:00z	 -10.000	 -5.000		1000.0	 2	 34.591	3.600	156.50	 0.00	 32.700	32.700	  2.14	30.60																										
PIRATA Fr21	st015c01	B	2011-05-10T18:10:00z	 -10.000	 -5.000		1999.1	 1	 34.951	5.540	240.80	 0.00	 20.400	20.400	  1.34	22.80																										
PIRATA Fr21	st016c01	B	2011-05-10T23:28:00z	 -10.000	 -5.500		   1.8	11	 35.400	4.556	198.90	 0.00	  0.000	0.000	  0.01	 0.80	0.0055	0.0099	0.0065	0.0065	0.0073				0.0248	0.0080		0.0009	0.1190			0.0087					0.1393	0.1020				
PIRATA Fr21	st016c01	B	2011-05-10T23:28:00z	 -10.000	 -5.500		   9.9	10	 35.400	4.543	198.30	 0.00	  0.000	0.000	  0.03	 0.80																										
PIRATA Fr21	st016c01	B	2011-05-10T23:28:00z	 -10.000	 -5.500		  20.3	 9	 35.401	4.549	198.60	 0.00	  0.000	0.000	  0.01	 0.80	0.0052	0.0089	0.0041	0.0059	0.0068				0.0237	0.0075			0.1192			0.0076					0.1381	0.0970				
PIRATA Fr21	st016c01	B	2011-05-10T23:28:00z	 -10.000	 -5.500		  40.9	 8	 35.402	4.551	198.70	 0.00	  0.000	0.000	  0.03	 0.70	0.0061	0.0098	0.0039	0.0064	0.0072				0.0272	0.0073		0.0008	0.1150			0.0069					0.1411	0.1006				
PIRATA Fr21	st016c01	B	2011-05-10T23:28:00z	 -10.000	 -5.500		  59.5	 7	 35.989	4.877	212.80	 0.00	  0.000	0.000	  0.10	 1.00	0.0333	0.0331	0.0069	0.0282	0.0099				0.0839	0.0090	0.0011	0.0006	0.1285			0.0378					0.4056	0.2262		0.0055		
PIRATA Fr21	st016c01	B	2011-05-10T23:28:00z	 -10.000	 -5.500		  80.5	 6	 36.353	4.625	201.60	 0.06	  0.300	0.300	  0.23	 1.40	0.0421	0.0471	0.0076	0.0702	0.0138				0.1137	0.0094	0.0026		0.0769			0.1121					0.2883	0.3042		0.0119		
PIRATA Fr21	st016c01	B	2011-05-10T23:28:00z	 -10.000	 -5.500		  79.9	 5	 36.352	4.595	200.20	 0.09	  0.600	0.500	  0.25	 1.50																										
PIRATA Fr21	st016c01	B	2011-05-10T23:28:00z	 -10.000	 -5.500		  99.6	 4	 36.023	3.461	150.70	 0.32	 10.700	10.400	  0.81	 3.20	0.0237	0.0223	0.0020	0.0579	0.0098				0.0452	0.0046	0.0011		0.0220			0.0359					0.1141	0.1484				
PIRATA Fr21	st016c01	B	2011-05-10T23:28:00z	 -10.000	 -5.500		 501.0	 3	 34.660	1.973	 85.80	 0.03	 36.700	36.700	  2.21	19.60																										
PIRATA Fr21	st016c01	B	2011-05-10T23:28:00z	 -10.000	 -5.500		 995.0	 2	 34.604	3.778	164.40	 0.01	 33.500	33.500	  2.22	32.90																										
PIRATA Fr21	st016c01	B	2011-05-10T23:28:00z	 -10.000	 -5.500		2000.2	 1	 34.980	5.574	242.40	 0.00	 20.800	20.800	  1.37	22.00																										
PIRATA Fr21	st017c01	B	2011-05-11T14:01:00z	 -10.000	 -6.000		   2.0	11	 35.695	4.532	197.90	 0.00	  0.000	0.000	  0.04	 0.60	0.0030	0.0053	0.0027	0.0036	0.0039				0.0148	0.0083		0.0018	0.0914			0.0051					0.1065	0.0517				
PIRATA Fr21	st017c01	B	2011-05-11T14:01:00z	 -10.000	 -6.000		  10.5	10	 35.694	4.471	195.20	 0.00	  0.000	0.000	  0.04	 0.60																										
PIRATA Fr21	st017c01	B	2011-05-11T14:01:00z	 -10.000	 -6.000		  20.5	 9	 35.687	4.501	196.50	 0.00	  0.000	0.000	  0.05	 0.60	0.0036	0.0063	0.0024	0.0043	0.0044				0.0163	0.0061		0.0012	0.0930			0.0054					0.1121	0.0507				
PIRATA Fr21	st017c01	B	2011-05-11T14:01:00z	 -10.000	 -6.000		  40.0	 8	 35.691	4.560	199.10	 0.00	  0.000	0.000	  0.07	 0.60	0.0034	0.0092	0.0031	0.0053	0.0048				0.0212	0.0045			0.1019			0.0066					0.1530	0.0713				
PIRATA Fr21	st017c01	B	2011-05-11T14:01:00z	 -10.000	 -6.000		  60.0	 7	 36.184	4.523	197.40	 0.00	  0.000	0.000	  0.06	 0.60	0.0130	0.0186	0.0078	0.0135	0.0061				0.0486	0.0067			0.1067			0.0140					0.1762	0.1215				
PIRATA Fr21	st017c01	B	2011-05-11T14:01:00z	 -10.000	 -6.000		  60.0	 6	 36.187	4.528	197.60	 0.00	  0.000	0.000	  0.06	 0.60																										
PIRATA Fr21	st017c01	B	2011-05-11T14:01:00z	 -10.000	 -6.000		  80.0	 5	 36.051	4.805	209.50	 0.01	  0.100	0.000	  0.20	 1.40	0.0677	0.0620	0.0068	0.0690	0.0136				0.1377	0.0090	0.0021		0.1089			0.1260					0.4338	0.3479				
PIRATA Fr21	st017c01	B	2011-05-11T14:01:00z	 -10.000	 -6.000		 100.0	 4	 36.046	3.660	159.40	 0.69	  7.600	6.900	  0.63	 2.50	0.0349	0.0306	0.0065	0.0698	0.0120				0.0590	0.0054	0.0006		0.0257			0.0482					0.1252	0.1866				
PIRATA Fr21	st017c01	B	2011-05-11T14:01:00z	 -10.000	 -6.000		 498.0	 3	 34.647	1.823	 79.30	 0.02	 38.500	38.400	  2.34	20.90																										
PIRATA Fr21	st017c01	B	2011-05-11T14:01:00z	 -10.000	 -6.000		1000.0	 2	 34.619	3.623	157.60	 0.01	 33.500	33.500	  2.19	33.90																										
PIRATA Fr21	st017c01	B	2011-05-11T14:01:00z	 -10.000	 -6.000		2001.0	 1	 34.942	5.481	238.30	 0.00	 21.600	21.600	  1.40	26.10																										
PIRATA Fr21	st018c01	B	2011-05-11T18:15:00z	 -10.000	 -6.500		   2.2	11	 36.300	4.532	197.80	 0.00	  0.100	0.100	  0.07	 0.90	0.0033	0.0063	0.0028	0.0044	0.0030				0.0167	0.0055			0.0885			0.0054					0.1195	0.0465				
PIRATA Fr21	st018c01	B	2011-05-11T18:15:00z	 -10.000	 -6.500		  10.2	10	 36.300	4.536	197.90	 0.01	  0.000	0.000	  0.05	 0.90																										
PIRATA Fr21	st018c01	B	2011-05-11T18:15:00z	 -10.000	 -6.500		  19.7	 9	 36.299	4.790	209.00	 0.01	  0.000	0.000	  0.06	 1.00	0.0027	0.0052	0.0032	0.0042	0.0028				0.0154	0.0048			0.0841			0.0050					0.1125	0.0426				
PIRATA Fr21	st018c01	B	2011-05-11T18:15:00z	 -10.000	 -6.500		  40.7	 8	 36.314	4.635	202.20	 0.02	  0.000	0.000	  0.07	 0.90	0.0051	0.0092	0.0052	0.0071	0.0038				0.0225	0.0038			0.0898			0.0073					0.1728	0.0610				
PIRATA Fr21	st018c01	B	2011-05-11T18:15:00z	 -10.000	 -6.500		  40.9	 7	 36.314	4.764	207.90	 0.02	  0.000	0.000	  0.07	 0.90																										
PIRATA Fr21	st018c01	B	2011-05-11T18:15:00z	 -10.000	 -6.500		  61.5	 6	 36.361	4.693	204.70	 0.02	  0.000	0.000	  0.10	 1.10	0.0178	0.0196	0.0065	0.0186	0.0053				0.0546	0.0063	0.0007		0.1104			0.0295					0.3108	0.1307				
PIRATA Fr21	st018c01	B	2011-05-11T18:15:00z	 -10.000	 -6.500		  79.9	 5	 36.030	4.860	211.80	 0.03	  0.200	0.100	  0.24	 1.80	0.0594	0.0548	0.0071	0.0946	0.0124				0.1222	0.0086	0.0017		0.0750			0.1725					0.2897	0.3356				
PIRATA Fr21	st018c01	B	2011-05-11T18:15:00z	 -10.000	 -6.500		 100.6	 4	 35.935	3.386	147.40	 0.51	 10.900	10.400	  0.78	 3.40	0.0373	0.0232		0.0619	0.0097				0.0456	0.0045			0.0209			0.0523					0.1087	0.1612				
PIRATA Fr21	st018c01	B	2011-05-11T18:15:00z	 -10.000	 -6.500		 500.5	 3	 34.665	1.633	 71.00	 0.01	 37.700	37.700	  2.29	19.30																										
PIRATA Fr21	st018c01	B	2011-05-11T18:15:00z	 -10.000	 -6.500		 999.4	 2	 34.588	3.738	162.50	 0.02	 33.000	33.000	  2.12	31.20																										
PIRATA Fr21	st018c01	B	2011-05-11T18:15:00z	 -10.000	 -6.500		1998.6	 1	 34.947	5.544	241.00	 0.00	 21.100	21.100	  1.32	24.60																										
PIRATA Fr21	st019c01	B	2011-05-11T23:00:00z	 -10.000	 -7.000		   2.3	11	 36.443	4.487	195.80	 0.00	  0.000	0.000	  0.07	 0.00	0.0033	0.0066		0.0054	0.0035				0.0168	0.0043			0.0738			0.0047					0.0855	0.0516				
PIRATA Fr21	st019c01	B	2011-05-11T23:00:00z	 -10.000	 -7.000		  10.5	10	 36.443	4.516	197.00	 0.00	  0.000	0.000	  0.09	 0.00																										
PIRATA Fr21	st019c01	B	2011-05-11T23:00:00z	 -10.000	 -7.000		  20.0	 9	 36.444	4.484	195.60	 0.00	  0.000	0.000	  0.09	 0.10	0.0033	0.0062	0.0035	0.0054	0.0035				0.0170	0.0045			0.0768			0.0059					0.0917	0.0486				
PIRATA Fr21	st019c01	B	2011-05-11T23:00:00z	 -10.000	 -7.000		  20.3	 8	 36.442	4.492	195.90	 0.00	  0.000	0.000	  0.07	 0.00																										
PIRATA Fr21	st019c01	B	2011-05-11T23:00:00z	 -10.000	 -7.000		  40.1	 7	 36.445	4.484	195.60	 0.00	  0.100	0.100	  0.08	 0.20	0.0046	0.0079	0.0040	0.0065	0.0037				0.0200	0.0040			0.0714			0.0070					0.0928	0.0544				
PIRATA Fr21	st019c01	B	2011-05-11T23:00:00z	 -10.000	 -7.000		  60.2	 6	 36.457	4.494	196.00	 0.00	  0.100	0.100	  0.07	 0.30	0.0069	0.0090	0.0047	0.0093	0.0053				0.0273	0.0039			0.0722			0.0091					0.1220	0.0700				
PIRATA Fr21	st019c01	B	2011-05-11T23:00:00z	 -10.000	 -7.000		  80.2	 5	 36.236	4.901	213.70	 0.00	  0.200	0.200	  0.15	 0.60	0.0298	0.0295	0.0043	0.0310	0.0067				0.0804	0.0072	0.0010	0.0007	0.1146			0.0477					0.3453	0.1896				
PIRATA Fr21	st019c01	B	2011-05-11T23:00:00z	 -10.000	 -7.000		  99.7	 4	 36.052	4.033	175.70	 0.16	  5.700	5.500	  0.59	 1.90	0.0414	0.0361	0.0029	0.0747	0.0095				0.0764	0.0062	0.0011		0.0365			0.0544					0.1648	0.2017				
PIRATA Fr21	st019c01	B	2011-05-11T23:00:00z	 -10.000	 -7.000		 498.7	 3	 34.657	2.105	 91.60	 0.01	 34.900	34.800	  2.31	18.60																										
PIRATA Fr21	st019c01	B	2011-05-11T23:00:00z	 -10.000	 -7.000		1003.8	 2	 34.570	3.533	153.70	 0.00	 33.100	33.100	  2.30	32.20																										
PIRATA Fr21	st019c01	B	2011-05-11T23:00:00z	 -10.000	 -7.000		1998.2	 1	 34.937	5.416	235.50	 0.01	 21.600	21.600	  1.46	25.80																										
PIRATA Fr21	st020c01	B	2011-05-12T03:37:00z	 -10.000	 -7.500		   2.6	11	 36.411	4.511	196.80	 0.00	  0.000	0.000	  0.03	 1.20	0.0026	0.0060	0.0043	0.0044	0.0032				0.0137	0.0044			0.0702			0.0074					0.1066	0.0447				
PIRATA Fr21	st020c01	B	2011-05-12T03:37:00z	 -10.000	 -7.500		  10.5	10	 36.411	4.529	197.60	 0.00	  0.000	0.000	  0.07	 1.10																										
PIRATA Fr21	st020c01	B	2011-05-12T03:37:00z	 -10.000	 -7.500		   9.9	 9	 36.411	4.512	196.80	 0.00	  0.000	0.000	  0.04	 1.10																										
PIRATA Fr21	st020c01	B	2011-05-12T03:37:00z	 -10.000	 -7.500		  19.5	 8	 36.410	4.736	206.60	 0.00	  0.000	0.000	  0.04	 1.10	0.0025	0.0075	0.0105	0.0038	0.0029				0.0133	0.0061		0.0003	0.0679			0.0067					0.1032	0.0531				
PIRATA Fr21	st020c01	B	2011-05-12T03:37:00z	 -10.000	 -7.500		  40.6	 7	 36.411	4.538	198.00	 0.00	  0.000	0.000	  0.04	 1.10	0.0031	0.0050	0.0026	0.0038	0.0031				0.0137	0.0040			0.0693			0.0070					0.1029	0.0447				
PIRATA Fr21	st020c01	B	2011-05-12T03:37:00z	 -10.000	 -7.500		  59.3	 6	 36.362	4.718	205.80	 0.00	  0.000	0.000	  0.08	 1.30	0.0148	0.0180	0.0071	0.0167	0.0041				0.0389	0.0053		0.0004	0.0781			0.0276					0.2305	0.1058				
PIRATA Fr21	st020c01	B	2011-05-12T03:37:00z	 -10.000	 -7.500		  80.8	 5	 36.225	4.858	211.70	 0.03	  0.900	0.900	  0.23	 1.90	0.0574	0.0497	0.0082	0.0772	0.0093				0.1054	0.0082	0.0017	0.0006	0.0799			0.1085					0.3024	0.2741		0.0110		
PIRATA Fr21	st020c01	B	2011-05-12T03:37:00z	 -10.000	 -7.500		 100.2	 4	 35.765	3.021	131.50	 0.40	 14.400	14.000	  0.99	 4.60	0.0403	0.0299	0.0024	0.0649	0.0108				0.0509	0.0046	0.0008		0.0308			0.0619					0.1457	0.1777				
PIRATA Fr21	st020c01	B	2011-05-12T03:37:00z	 -10.000	 -7.500		 499.9	 3	 34.712	1.756	 76.40	 0.01	 36.000	36.000	  2.23	18.70																										
PIRATA Fr21	st020c01	B	2011-05-12T03:37:00z	 -10.000	 -7.500		1000.7	 2	 34.581	3.527	153.30	 0.01	 33.800	33.800	  2.27	33.60																										
PIRATA Fr21	st020c01	B	2011-05-12T03:37:00z	 -10.000	 -7.500		2000.0	 1	 34.939	5.461	237.40	 0.00	 21.500	21.500	  1.46	28.20																										
PIRATA Fr21	st021c01	B	2011-05-12T08:30:00z	 -10.000	 -8.000		   2.0	11	 36.233	4.531	197.70	 0.00	  0.000	0.000	  0.09	 0.60	0.0029	0.0063	0.0024	0.0055	0.0039				0.0143	0.0031			0.0506			0.0070					0.0662	0.0492				
PIRATA Fr21	st021c01	B	2011-05-12T08:30:00z	 -10.000	 -8.000		   1.6	10	 36.233	4.532	197.70	 0.00	  0.000	0.000	  0.08	 0.60																										
PIRATA Fr21	st021c01	B	2011-05-12T08:30:00z	 -10.000	 -8.000		   9.8	 9	 36.232	4.550	198.50	 0.00	  0.000	0.000	  0.08	 0.60																										
PIRATA Fr21	st021c01	B	2011-05-12T08:30:00z	 -10.000	 -8.000		  19.7	 8	 36.231	4.588	200.20	 0.00	  0.000	0.000	  0.10	 0.70	0.0040	0.0074	0.0029	0.0061	0.0043				0.0160	0.0035			0.0736			0.0072					0.0962	0.0570				
PIRATA Fr21	st021c01	B	2011-05-12T08:30:00z	 -10.000	 -8.000		  40.5	 7	 36.232	4.527	197.50	 0.00	  0.000	0.000	  0.09	 0.70	0.0039	0.0076	0.0030	0.0065	0.0044				0.0161	0.0033			0.0639			0.0078					0.0850	0.0569				
PIRATA Fr21	st021c01	B	2011-05-12T08:30:00z	 -10.000	 -8.000		  59.5	 6	 36.234	4.519	197.20	 0.00	  0.000	0.000	  0.08	 0.60	0.0044	0.0083	0.0039	0.0065	0.0045				0.0168	0.0033			0.0747			0.0084					0.1044	0.0589				
PIRATA Fr21	st021c01	B	2011-05-12T08:30:00z	 -10.000	 -8.000		  80.1	 5	 36.158	4.725	205.90	 0.04	  1.400	1.400	  0.30	 1.80	0.0547	0.0525	0.0132	0.0704	0.0102				0.1093	0.0086	0.0031		0.0848			0.1132					0.2802	0.3010		0.0114		
PIRATA Fr21	st021c01	B	2011-05-12T08:30:00z	 -10.000	 -8.000		  99.2	 4	 35.562	2.367	103.00	 0.28	 20.300	20.000	  1.31	 5.70	0.0337	0.0206		0.0469	0.0089				0.0393	0.0035	0.0010		0.0175			0.0310					0.0907	0.1224		0.0030		
PIRATA Fr21	st021c01	B	2011-05-12T08:30:00z	 -10.000	 -8.000		 500.0	 3	 34.700	1.903	 82.80	 0.00	 35.700	35.700	  2.26	18.10																										
PIRATA Fr21	st021c01	B	2011-05-12T08:30:00z	 -10.000	 -8.000		 999.8	 2	 34.556	3.516	152.80	 0.00	 34.200	34.200	  2.31	32.50																										
PIRATA Fr21	st021c01	B	2011-05-12T08:30:00z	 -10.000	 -8.000		2000.0	 1	 34.936	5.441	236.50	 0.00	 21.700	21.700	  1.45	26.10																										
PIRATA Fr21	st022c01	B	2011-05-12T12:55:00z	 -10.000	 -8.500		   2.5	11	 36.048	4.522	197.40	 0.00	  0.000	0.000	  0.07	 0.60	0.0025	0.0050	0.0035	0.0035	0.0037				0.0143	0.0086		0.0017	0.0721			0.0045					0.0850	0.0509				
PIRATA Fr21	st022c01	B	2011-05-12T12:55:00z	 -10.000	 -8.500		  10.0	10	 36.048	4.538	198.00	 0.00	  0.000	0.000	  0.08	 0.60																										
PIRATA Fr21	st022c01	B	2011-05-12T12:55:00z	 -10.000	 -8.500		  20.0	 9	 36.049	4.519	197.20	 0.00	  0.000	0.000	  0.07	 0.60	0.0029	0.0062	0.0035	0.0044	0.0046				0.0161	0.0079		0.0010	0.0759			0.0053					0.0894	0.0562				
PIRATA Fr21	st022c01	B	2011-05-12T12:55:00z	 -10.000	 -8.500		  40.0	 8	 36.050	4.514	197.00	 0.00	  0.000	0.000	  0.09	 0.60	0.0038	0.0083	0.0048	0.0056	0.0052				0.0204	0.0061		0.0010	0.0786			0.0070					0.1004	0.0670				
PIRATA Fr21	st022c01	B	2011-05-12T12:55:00z	 -10.000	 -8.500		  60.0	 7	 36.354	4.838	210.90	 0.00	  0.000	0.000	  0.15	 0.90	0.0201	0.0288	0.0065	0.0259	0.0079				0.0663	0.0085	0.0013		0.1106			0.0274					0.2752	0.1618				
PIRATA Fr21	st022c01	B	2011-05-12T12:55:00z	 -10.000	 -8.500		  80.0	 6	 36.059	4.169	181.60	 0.11	  5.400	5.300	  0.57	 2.30	0.0569	0.0514	0.0075	0.0804	0.0137				0.1018	0.0076	0.0014		0.0619			0.1232					0.2171	0.2712				
PIRATA Fr21	st022c01	B	2011-05-12T12:55:00z	 -10.000	 -8.500		 100.0	 5	 35.700	2.746	119.60	 0.46	 17.200	16.700	  1.18	 4.70	0.0396	0.0273	0.0017	0.0577	0.0124				0.0479	0.0043	0.0010		0.0248			0.0435					0.1179	0.1515				
PIRATA Fr21	st022c01	B	2011-05-12T12:55:00z	 -10.000	 -8.500		 500.0	 4	 34.703	2.213	 96.30	 0.00	 35.000	35.000	  2.24	17.50																										
PIRATA Fr21	st022c01	B	2011-05-12T12:55:00z	 -10.000	 -8.500		1000.0	 3	 34.569	3.629	157.80	 0.00	 33.600	33.600	  2.28	32.40																										
PIRATA Fr21	st022c01	B	2011-05-12T12:55:00z	 -10.000	 -8.500		2000.0	 2	 34.932	5.414	235.30	 0.00	 21.700	21.700	  1.43	27.80																										
PIRATA Fr21	st022c01	B	2011-05-12T12:55:00z	 -10.000	 -8.500		2000.0	 1	 34.934	5.428	235.90	 0.00	 21.600	21.600	  1.45	27.70																										
PIRATA Fr21	st023c01	B	2011-05-12T17:44:00z	 -10.000	 -9.000		   1.8	11	 36.294	4.320	188.50	 0.00	  0.000	0.000	  0.08		0.0019	0.0045	0.0015	0.0038	0.0041				0.0108	0.0046		0.0007	0.0830			0.0034					0.0736	0.0380				
PIRATA Fr21	st023c01	B	2011-05-12T17:44:00z	 -10.000	 -9.000		   9.8	10	 36.295	4.737	206.70	 0.00	  0.000	0.000	  0.08																											
PIRATA Fr21	st023c01	B	2011-05-12T17:44:00z	 -10.000	 -9.000		  19.3	 9	 36.334	4.531	197.70	 0.00	  0.000	0.000	  0.08		0.0025	0.0061	0.0022	0.0048	0.0046				0.0135	0.0042			0.0877			0.0049					0.0754	0.0466				
PIRATA Fr21	st023c01	B	2011-05-12T17:44:00z	 -10.000	 -9.000		  40.0	 8	 36.561	4.566	199.10	 0.00	  0.000	0.000	  0.08		0.0067	0.0102	0.0043	0.0087	0.0043				0.0320	0.0062			0.0791			0.0082					0.0855	0.0760				
PIRATA Fr21	st023c01	B	2011-05-12T17:44:00z	 -10.000	 -9.000		  60.2	 7	 36.569	4.730	206.20	 0.00	  0.000	0.000	  0.11		0.0121	0.0171	0.0056	0.0146	0.0051				0.0496	0.0061			0.0935			0.0160					0.1360	0.1126				
PIRATA Fr21	st023c01	B	2011-05-12T17:44:00z	 -10.000	 -9.000		  80.5	 6	 36.224	4.554	198.40	 0.06	  2.700	2.600	  0.39		0.0641	0.0616	0.0159	0.0859	0.0140				0.1390	0.0092	0.0026		0.0704			0.1236					0.2189	0.3224				
PIRATA Fr21	st023c01	B	2011-05-12T17:44:00z	 -10.000	 -9.000		 100.3	 5	 35.975	3.359	146.20	 0.60	 11.500	10.900	  0.86		0.0468	0.0342	0.0029	0.0649	0.0104				0.0721	0.0051	0.0012		0.0324			0.0644					0.1535	0.1891				
PIRATA Fr21	st023c01	B	2011-05-12T17:44:00z	 -10.000	 -9.000		 500.7	 4	 34.698	1.911	 83.10	 0.00	 35.400	35.400	  2.28																											
PIRATA Fr21	st023c01	B	2011-05-12T17:44:00z	 -10.000	 -9.000		 993.8	 3	 34.566	3.647	158.50	 0.00	 33.500	33.500	  2.26																											
PIRATA Fr21	st023c01	B	2011-05-12T17:44:00z	 -10.000	 -9.000		1001.5	 2	 34.566	3.634	158.00	 0.00	 33.400	33.400	  2.24																											
PIRATA Fr21	st023c01	B	2011-05-12T17:44:00z	 -10.000	 -9.000		1999.6	 1	 34.935	5.401	234.70	 0.00	 21.700	21.700	  1.44																											
PIRATA Fr21	st024c01	B	2011-05-12T23:15:00z	 -10.000	 -9.500		   1.8	11	 36.682	4.604	200.80	 0.00	  0.000	0.000	  0.13	 0.60	0.0018	0.0034	0.0015	0.0036	0.0025				0.0108	0.0042			0.0607			0.0037					0.0482	0.0309				
PIRATA Fr21	st024c01	B	2011-05-12T23:15:00z	 -10.000	 -9.500		   9.7	10	 36.682	4.600	200.60	 0.00	  0.000	0.000	  0.12	 0.60																										
PIRATA Fr21	st024c01	B	2011-05-12T23:15:00z	 -10.000	 -9.500		   2.0	 9	 36.684	4.579	199.70	 0.00	  0.000	0.000	  0.13	 0.80	0.0022	0.0036	0.0012	0.0036	0.0026				0.0110	0.0043			0.0622			0.0038					0.0487	0.0318				
PIRATA Fr21	st024c01	B	2011-05-12T23:15:00z	 -10.000	 -9.500		   9.9	 8	 36.683	4.593	200.30	 0.00	  0.000	0.000	  0.14	 0.60	0.0025	0.0046	0.0017	0.0047	0.0028				0.0131	0.0034			0.0639			0.0041					0.0498	0.0368				
PIRATA Fr21	st024c01	B	2011-05-12T23:15:00z	 -10.000	 -9.500		  20.4	 7	 36.686	4.740	206.70	 0.00	  0.000	0.000	  0.15	 0.60	0.0056	0.0085	0.0034	0.0080	0.0037				0.0248	0.0042			0.0710			0.0087					0.0828	0.0607				
PIRATA Fr21	st024c01	B	2011-05-12T23:15:00z	 -10.000	 -9.500		  80.3	 6	 36.557	4.998	217.70	 0.00	  0.000	0.000	  0.22	 0.80	0.0455	0.0416	0.0078	0.0510	0.0074				0.1053	0.0078	0.0020		0.0753			0.0910					0.2142	0.2095				
PIRATA Fr21	st024c01	B	2011-05-12T23:15:00z	 -10.000	 -9.500		  99.6	 5	 36.093	4.338	188.90	 0.15	  3.900	3.800	  0.48	 1.60	0.0496	0.0392	0.0060	0.0643	0.0097				0.0926	0.0065	0.0013		0.0552			0.1328					0.2032	0.2354				
PIRATA Fr21	st024c01	B	2011-05-12T23:15:00z	 -10.000	 -9.500		 499.0	 4	 34.712	1.706	 74.20	 0.00	 36.700	36.700	  2.20	17.70																										
PIRATA Fr21	st024c01	B	2011-05-12T23:15:00z	 -10.000	 -9.500		 499.7	 3	 34.713	1.730	 75.20	 0.00	 36.400	36.400	  2.21	17.60																										
PIRATA Fr21	st024c01	B	2011-05-12T23:15:00z	 -10.000	 -9.500		1000.9	 2	 34.569	3.671	159.60	 0.00	 33.600	33.600	  2.17	33.00																										
PIRATA Fr21	st024c01	B	2011-05-12T23:15:00z	 -10.000	 -9.500		2000.3	 1	 34.934	5.395	234.50	 0.00	 21.900	21.900	  1.41	27.40																										
PIRATA Fr21	st025c01	B	2011-05-13T02:10:00z	 -10.000	 -9.983		   2.5	11	 36.722	4.669	203.60	 0.00	  0.000	0.000	  0.18	 0.50	0.0028	0.0047	0.0015	0.0044	0.0024				0.0126	0.0033			0.0511			0.0042					0.0535	0.0346				
PIRATA Fr21	st025c01	B	2011-05-13T02:10:00z	 -10.000	 -9.983		  10.0	10	 36.712	4.605	200.80	 0.00	  0.000	0.000	  0.13	 0.50																										
PIRATA Fr21	st025c01	B	2011-05-13T02:10:00z	 -10.000	 -9.983		  20.0	 9	 36.715	4.604	200.70	 0.00	  0.000	0.000	  0.14	 0.60	0.0029	0.0050	0.0016	0.0050	0.0025				0.0136	0.0037			0.0596			0.0044					0.0627	0.0376				
PIRATA Fr21	st025c01	B	2011-05-13T02:10:00z	 -10.000	 -9.983		  40.0	 8	 36.711	4.614	201.10	 0.00	  0.000	0.000	  0.15	 0.60	0.0030	0.0050	0.0014	0.0049	0.0025				0.0135	0.0037			0.0576			0.0049					0.0607	0.0345				
PIRATA Fr21	st025c01	B	2011-05-13T02:10:00z	 -10.000	 -9.983		  59.0	 7	 36.717	4.615	201.20	 0.00	  0.000	0.000	  0.14	 0.60	0.0039	0.0061	0.0018	0.0060	0.0028				0.0170	0.0032			0.0605			0.0061					0.0671	0.0458				
PIRATA Fr21	st025c01	B	2011-05-13T02:10:00z	 -10.000	 -9.983		  80.0	 6	 36.701	4.780	208.40	 0.00	  0.000	0.000	  0.14	 0.60	0.0109	0.0133	0.0046	0.0123	0.0042				0.0388	0.0049			0.0739			0.0115					0.1680	0.0880				
PIRATA Fr21	st025c01	B	2011-05-13T02:10:00z	 -10.000	 -9.983		 100.0	 5	 36.581	5.078	221.20	 0.00	  0.000	0.000	  0.19	 0.70	0.0306	0.0383	0.0105	0.0476	0.0064				0.1017	0.0074	0.0016		0.0776			0.0915					0.2698	0.2159				
PIRATA Fr21	st025c01	B	2011-05-13T02:10:00z	 -10.000	 -9.983		 100.0	 4	 36.578	5.057	220.30	 0.00	  0.000	0.000	  0.17	 0.80																										
PIRATA Fr21	st025c01	B	2011-05-13T02:10:00z	 -10.000	 -9.983		 500.0	 3	 34.613	2.188	 95.10	 0.00	 36.800	36.800	  2.27	20.50																										
PIRATA Fr21	st025c01	B	2011-05-13T02:10:00z	 -10.000	 -9.983		1000.0	 2	 34.587	3.725	161.90	 0.00	 33.500	33.500	  2.18	32.90																										
PIRATA Fr21	st025c01	B	2011-05-13T02:10:00z	 -10.000	 -9.983		2000.0	 1	 34.930	5.403	234.90	 0.00	 22.000	22.000	  1.44	27.40																										
PIRATA Fr21	st026c01	B	2011-05-14T00:50:00z	  -6.000	 -6.000		   1.4	11	 34.776	4.576	199.90	 0.00	  0.200	0.200	  0.08	 0.30	0.0051	0.0097	0.0029	0.0061	0.0100				0.0218	0.0069			0.1007			0.0068					0.1026	0.0755				
PIRATA Fr21	st026c01	B	2011-05-14T00:50:00z	  -6.000	 -6.000		  10.4	10	 34.784	4.603	201.00	 0.00	  0.100	0.100	  0.05	 0.30																										
PIRATA Fr21	st026c01	B	2011-05-14T00:50:00z	  -6.000	 -6.000		  19.8	 9	 34.736	4.584	200.30	 0.00	  0.100	0.100	  0.05	 0.30																										
PIRATA Fr21	st026c01	B	2011-05-14T00:50:00z	  -6.000	 -6.000		  39.8	 8	 35.526	4.541	198.20	 0.00	  0.100	0.100	  0.04	 0.30																										
PIRATA Fr21	st026c01	B	2011-05-14T00:50:00z	  -6.000	 -6.000		  60.4	 7	 36.031	4.914	214.30	 0.00	  0.100	0.100	  0.13	 0.70																										
PIRATA Fr21	st026c01	B	2011-05-14T00:50:00z	  -6.000	 -6.000		  79.5	 6	 36.014	4.030	175.60	 0.14	  5.000	4.800	  0.52	 1.70																										
PIRATA Fr21	st026c01	B	2011-05-14T00:50:00z	  -6.000	 -6.000		  80.6	 5	 36.015	4.048	176.40	 0.16	  5.000	4.800	  0.55	 1.80																										
PIRATA Fr21	st026c01	B	2011-05-14T00:50:00z	  -6.000	 -6.000		  99.6	 4	 34.756	2.728	118.90	 0.15	 16.300	16.200	  1.09	 3.50																										
PIRATA Fr21	st026c01	B	2011-05-14T00:50:00z	  -6.000	 -6.000		 499.9	 3	 34.673	1.640	 71.40	 0.01	 37.900	37.800	  2.38	18.50																										
PIRATA Fr21	st026c01	B	2011-05-14T00:50:00z	  -6.000	 -6.000		 998.8	 2	 34.599	3.614	157.20	 0.00	 32.800	32.800	  2.25	29.90																										
PIRATA Fr21	st026c01	B	2011-05-14T00:50:00z	  -6.000	 -6.000		2000.6	 1	 34.942	5.485	238.50	 0.00	 20.900	20.900	  1.42	23.60																										
PIRATA Fr21	st027c01	B	2011-05-15T23:40:00z	  -4.000	 -4.000		   3.0	11	 34.864	4.625	202.00	 0.00	  0.000	0.000	  0.04	 0.50	0.0042	0.0098	0.0051	0.0043	0.0085				0.0182	0.0093			0.1146			0.0088			0.0284		0.1248	0.1382		0.0030		
PIRATA Fr21	st027c01	B	2011-05-15T23:40:00z	  -4.000	 -4.000		  10.6	10	 34.864	4.601	201.00	 0.00	  0.000	0.000	  0.03	 0.50																										
PIRATA Fr21	st027c01	B	2011-05-15T23:40:00z	  -4.000	 -4.000		  21.2	 9	 34.871	4.610	201.30	 0.00	  0.000	0.000	  0.05	 0.50																										
PIRATA Fr21	st027c01	B	2011-05-15T23:40:00z	  -4.000	 -4.000		  41.0	 8	 35.894	3.531	153.80	 0.32	  9.700	9.400	  0.73	 1.70																										
PIRATA Fr21	st027c01	B	2011-05-15T23:40:00z	  -4.000	 -4.000		  60.7	 7	 35.803	2.812	122.40	 0.13	 14.900	14.800	  0.99	 2.50																										
PIRATA Fr21	st027c01	B	2011-05-15T23:40:00z	  -4.000	 -4.000		  60.7	 6	 35.797	2.815	122.60	 0.12	 15.000	14.800	  1.02	 2.70																										
PIRATA Fr21	st027c01	B	2011-05-15T23:40:00z	  -4.000	 -4.000		  79.9	 5	 35.734	2.840	123.60	 0.17	 15.900	15.700	  1.05	 3.20																										
PIRATA Fr21	st027c01	B	2011-05-15T23:40:00z	  -4.000	 -4.000		  94.5	 4	 35.707	2.829	122.90	 0.07	 16.400	16.300	  1.07	 3.30																										
PIRATA Fr21	st027c01	B	2011-05-15T23:40:00z	  -4.000	 -4.000		 500.2	 3	 34.678	1.644	 71.50	 0.00	 37.100	37.100	  2.33	17.60																										
PIRATA Fr21	st027c01	B	2011-05-15T23:40:00z	  -4.000	 -4.000		 998.3	 2	 34.631	3.622	157.50	 0.02	 32.400	32.400	  2.17	29.40																										
PIRATA Fr21	st027c01	B	2011-05-15T23:40:00z	  -4.000	 -4.000		2002.2	 1	 34.949	5.569	242.10	 0.01	 20.700	20.700	  1.33	21.40																										
PIRATA Fr21	st028c01	B	2011-05-16T15:50:00z	  -2.000	 -2.000		   2.5	11	 35.350	4.635	202.40	 0.01	  0.100	0.100	  0.06	 0.80	0.0036	0.0101	0.0076	0.0044	0.0071				0.0208	0.0094	0.0015	0.0019	0.1084			0.0068					0.1048	0.0930				
PIRATA Fr21	st028c01	B	2011-05-16T15:50:00z	  -2.000	 -2.000		  10.9	10	 35.355	4.616	201.50	 0.00	  0.100	0.100	  0.08	 0.90																										
PIRATA Fr21	st028c01	B	2011-05-16T15:50:00z	  -2.000	 -2.000		  20.5	 9	 35.636	4.583	199.90	 0.01	  0.500	0.400	  0.14	 1.10																										
PIRATA Fr21	st028c01	B	2011-05-16T15:50:00z	  -2.000	 -2.000		  39.8	 8	 35.912	3.470	151.10	 0.12	 10.900	10.800	  0.74	 2.90																										
PIRATA Fr21	st028c01	B	2011-05-16T15:50:00z	  -2.000	 -2.000		  39.5	 7	 35.907	3.455	150.40	 0.13	 11.000	10.800	  0.75	 3.00																										
PIRATA Fr21	st028c01	B	2011-05-16T15:50:00z	  -2.000	 -2.000		  60.3	 6	 35.757	3.239	141.00	 0.02	 13.500	13.400	  0.89	 3.80																										
PIRATA Fr21	st028c01	B	2011-05-16T15:50:00z	  -2.000	 -2.000		  80.1	 5	 35.716	2.949	128.40	 0.03	 15.400	15.400	  1.00	 4.20																										
PIRATA Fr21	st028c01	B	2011-05-16T15:50:00z	  -2.000	 -2.000		  99.6	 4	 35.654	2.701	117.60	 0.00	 17.400	17.400	  1.11	 4.80																										
PIRATA Fr21	st028c01	B	2011-05-16T15:50:00z	  -2.000	 -2.000		 500.0	 3	 34.627	2.431	105.70	 0.00	 34.400	34.400	  2.18	18.40																										
PIRATA Fr21	st028c01	B	2011-05-16T15:50:00z	  -2.000	 -2.000		1000.7	 2	 34.608	3.614	157.10	 0.00	 33.400	33.400	  2.17	29.40																										
PIRATA Fr21	st028c01	B	2011-05-16T15:50:00z	  -2.000	 -2.000		2000.0	 1	 34.955	5.534	240.50	 0.00	 20.400	20.400	  1.30	21.10																										
PIRATA Fr21	st029c01	B	2011-05-17T23:40:00z	  +0.000	 +0.000		   2.2	11	 34.991	4.619	201.70	 0.00	  0.000	0.000	  0.06	 0.60	0.0061	0.0133	0.0108	0.0077	0.0106				0.0267	0.0109	0.0014		0.1520			0.0157			0.0351		0.1517	0.1577				
PIRATA Fr21	st029c01	B	2011-05-17T23:40:00z	  +0.000	 +0.000		   9.4	10	 35.005	4.577	199.80	 0.00	  0.000	0.000	  0.07	 0.70																										
PIRATA Fr21	st029c01	B	2011-05-17T23:40:00z	  +0.000	 +0.000		  19.6	 9	 35.235	4.580	199.90	 0.00	  0.000	0.000	  0.06	 0.70																										
PIRATA Fr21	st029c01	B	2011-05-17T23:40:00z	  +0.000	 +0.000		  19.9	 8	 35.292	4.581	199.90	 0.00	  0.000	0.000	  0.08	 0.60																										
PIRATA Fr21	st029c01	B	2011-05-17T23:40:00z	  +0.000	 +0.000		  39.8	 7	 36.288	4.242	184.80	 0.27	  2.800	2.500	  0.25	 0.90																										
PIRATA Fr21	st029c01	B	2011-05-17T23:40:00z	  +0.000	 +0.000		  60.2	 6	 36.087	3.957	172.30	 0.20	  6.700	6.500	  0.43	 1.50																										
PIRATA Fr21	st029c01	B	2011-05-17T23:40:00z	  +0.000	 +0.000		  79.5	 5	 35.950	3.860	168.10	 0.16	  8.500	8.300	  0.57	 2.00																										
PIRATA Fr21	st029c01	B	2011-05-17T23:40:00z	  +0.000	 +0.000		 100.2	 4	 35.742	3.292	143.30	 0.06	 12.900	12.800	  0.84	 3.20																										
PIRATA Fr21	st029c01	B	2011-05-17T23:40:00z	  +0.000	 +0.000		 500.0	 3	 34.651	2.711	117.90	 0.00	 32.600	32.600	  2.03	17.40																										
PIRATA Fr21	st029c01	B	2011-05-17T23:40:00z	  +0.000	 +0.000		1000.0	 2	 34.611	3.592	156.20	 0.00	 32.300	32.300	  2.12	29.10																										
PIRATA Fr21	st029c01	B	2011-05-17T23:40:00z	  +0.000	 +0.000		2000.0	 1	 34.961	5.700	247.80	 0.00	 19.700	19.700	  1.22	20.80																										
PIRATA Fr21	st030c01	B	2011-05-19T05:54:00z	  +0.800	 +2.000		   1.7	11		4.458	194.90	 0.00	  0.000	0.000	  0.01	 0.00																										
PIRATA Fr21	st030c01	B	2011-05-19T05:54:00z	  +0.800	 +2.000		  10.1	10		4.455	194.80	 0.00	  0.000	0.000	  0.01	 0.00																										
PIRATA Fr21	st030c01	B	2011-05-19T05:54:00z	  +0.800	 +2.000		  10.1	 9		4.457	194.80	 0.00	  0.000	0.000	  0.00	 0.00																										
PIRATA Fr21	st030c01	B	2011-05-19T05:54:00z	  +0.800	 +2.000		  20.4	 8		4.448	194.40	 0.00	  0.000	0.000	  0.00	 0.00																										
PIRATA Fr21	st030c01	B	2011-05-19T05:54:00z	  +0.800	 +2.000		  40.4	 7		4.009	174.70	 0.18	  2.400	2.200	  0.33	 0.60																										
PIRATA Fr21	st030c01	B	2011-05-19T05:54:00z	  +0.800	 +2.000		  60.9	 6		3.499	152.40	 0.35	  9.600	9.200	  0.68	 1.50																										
PIRATA Fr21	st030c01	B	2011-05-19T05:54:00z	  +0.800	 +2.000		  80.4	 5		3.372	146.80	 0.25	 11.300	11.000	  0.78	 2.30																										
PIRATA Fr21	st030c01	B	2011-05-19T05:54:00z	  +0.800	 +2.000		 100.7	 4		3.130	136.30	 0.15	 14.100	14.000	  0.95	 3.20																										
PIRATA Fr21	st030c01	B	2011-05-19T05:54:00z	  +0.800	 +2.000		 500.1	 3		2.214	 96.30	 0.00	 34.400	34.400	  2.21	18.30																										
PIRATA Fr21	st030c01	B	2011-05-19T05:54:00z	  +0.800	 +2.000		1000.1	 2		3.539	153.90	 0.00	 32.000	32.000	  2.14	27.00																										
PIRATA Fr21	st030c01	B	2011-05-19T05:54:00z	  +0.800	 +2.000		2000.4	 1		5.592	243.00	 0.00	 20.100	20.100	  1.30	20.70																										
PIRATA Fr21	st031c01	B	2011-05-20T08:51:00z	  +2.317	 +5.917		   1.9	11		4.462	195.10	 0.00	  0.000	0.000	  0.06	 1.30	0.0037	0.0095	0.0046	0.0048	0.0098				0.0213	0.0143		0.0023	0.0869			0.0063					0.1114	0.1147				
PIRATA Fr21	st031c01	B	2011-05-20T08:51:00z	  +2.317	 +5.917		   2.1	10		4.462	195.10	 0.00	  0.000	0.000	  0.01	 1.50																										
PIRATA Fr21	st031c01	B	2011-05-20T08:51:00z	  +2.317	 +5.917		  10.4	 9		4.488	196.10	 0.00	  0.000	0.000	  0.01	 1.20																										
PIRATA Fr21	st031c01	B	2011-05-20T08:51:00z	  +2.317	 +5.917		  20.0	 8		4.509	197.10	 0.00	  0.000	0.000	  0.01	 1.10	0.0056	0.0125	0.0040	0.0062	0.0148				0.0242	0.0090		0.0017	0.0785			0.0081					0.1359	0.1094				
PIRATA Fr21	st031c01	B	2011-05-20T08:51:00z	  +2.317	 +5.917		  39.8	 7		4.363	190.20	 0.00	  0.000	0.000	  0.13	 0.90	0.0167	0.0226	0.0179	0.0167	0.0116				0.0456	0.0082	0.0007		0.0510			0.0267					0.1451	0.1764		0.0049		
PIRATA Fr21	st031c01	B	2011-05-20T08:51:00z	  +2.317	 +5.917		  59.9	 6		2.948	128.40	 0.12	 10.800	10.700	  0.75	 2.40	0.0451	0.0346	0.0074	0.0597	0.0327				0.0681	0.0076	0.0015		0.0260			0.0796					0.1171	0.2529				
PIRATA Fr21	st031c01	B	2011-05-20T08:51:00z	  +2.317	 +5.917		  80.5	 5		2.658	115.70	 0.04	 14.400	14.400	  0.95	 3.50	0.0250	0.0169	0.0021	0.0323	0.0195				0.0388	0.0036	0.0003		0.0081			0.0224					0.0588	0.1143				
PIRATA Fr21	st031c01	B	2011-05-20T08:51:00z	  +2.317	 +5.917		  99.2	 4		2.535	110.40	 0.02	 16.100	16.100	  1.04	 4.30	0.0159	0.0085	0.0010	0.0173	0.0116				0.0227	0.0023			0.0033			0.0100					0.0229	0.0586				
PIRATA Fr21	st031c01	B	2011-05-20T08:51:00z	  +2.317	 +5.917		 500.1	 3		2.060	 89.60	 0.00	 35.500	35.500	  2.21	19.80																										
PIRATA Fr21	st031c01	B	2011-05-20T08:51:00z	  +2.317	 +5.917		 999.7	 2		3.396	147.60	 0.00	 32.800	32.800	  2.17	30.00																										
PIRATA Fr21	st031c01	B	2011-05-20T08:51:00z	  +2.317	 +5.917		2000.4	 1		5.413	235.30	 0.00	 20.800	20.800	  1.33	23.50																										
PIRATA Fr21	st032c01	B	2011-05-20T11:00:00z	  +2.350	 +6.017		   1.5	10				 0.00	  0.000	0.000	  0.01	 3.20	0.0038	0.0130	0.0119	0.0044	0.0119				0.0256	0.0236		0.0044	0.0818			0.0072			0.0217		0.0904	0.1324				
PIRATA Fr21	st032c01	B	2011-05-20T11:00:00z	  +2.350	 +6.017		  10.0	 9				 0.00	  0.000	0.000	  0.00	 1.30																										
PIRATA Fr21	st032c01	B	2011-05-20T11:00:00z	  +2.350	 +6.017		  20.0	 8				 0.00	  0.000	0.000	  0.00	 1.00																										
PIRATA Fr21	st032c01	B	2011-05-20T11:00:00z	  +2.350	 +6.017		  40.2	 7				 0.00	  0.000	0.000	  0.10	 0.80																										
PIRATA Fr21	st032c01	B	2011-05-20T11:00:00z	  +2.350	 +6.017		  60.2	 6				 0.25	 10.100	9.800	  0.72	 2.30																										
PIRATA Fr21	st032c01	B	2011-05-20T11:00:00z	  +2.350	 +6.017		  80.0	 5				 0.04	 13.500	13.400	  0.91	 3.90																										
PIRATA Fr21	st032c01	B	2011-05-20T11:00:00z	  +2.350	 +6.017		  99.5	 4				 0.01	 15.000	15.000	  0.99	 4.30																										
PIRATA Fr21	st032c01	B	2011-05-20T11:00:00z	  +2.350	 +6.017		 500.2	 3				 0.00	 35.500	35.500	  2.22	20.00																										
PIRATA Fr21	st032c01	B	2011-05-20T11:00:00z	  +2.350	 +6.017		1000.5	 2				 0.00	 33.300	33.300	  2.26	30.50																										
PIRATA Fr21	st032c01	B	2011-05-20T11:00:00z	  +2.350	 +6.017		1000.5	 1				 0.00	 33.400	33.400	  2.20	30.40																										
PIRATA Fr21	st033c01	B	2011-05-20T12:00:00z	  +2.367	 +6.047		   0.0	 8				 0.00	  0.100	0.100	  0.03	 3.80	0.0046	0.0097	0.0064	0.0044	0.0123				0.0247	0.0207		0.0057	0.0952			0.0070			0.0234		0.0917	0.1378				
PIRATA Fr21	st033c01	B	2011-05-20T12:00:00z	  +2.367	 +6.047		  10.0	 7				 0.01	  0.100	0.000	  0.00	 1.10																										
PIRATA Fr21	st033c01	B	2011-05-20T12:00:00z	  +2.367	 +6.047		  20.0	 6				 0.03	  0.100	0.000	  0.00	 0.90																										
PIRATA Fr21	st033c01	B	2011-05-20T12:00:00z	  +2.367	 +6.047		  40.0	 5				 0.01	  0.100	0.100	  0.10	 0.80																										
PIRATA Fr21	st033c01	B	2011-05-20T12:00:00z	  +2.367	 +6.047		  60.0	 4				 0.09	 10.900	10.800	  0.79	 2.30																										
PIRATA Fr21	st033c01	B	2011-05-20T12:00:00z	  +2.367	 +6.047		  80.0	 3				 0.03	 13.300	13.300	  0.94	 3.70																										
PIRATA Fr21	st033c01	B	2011-05-20T12:00:00z	  +2.367	 +6.047		 100.0	 2				 0.02	 14.800	14.800	  1.00	 4.10																										
PIRATA Fr21	st033c01	B	2011-05-20T12:00:00z	  +2.367	 +6.047		 500.0	 1				 0.04	 34.900	34.800	  2.19	19.20																										
PIRATA Fr21	st034c01	B	2011-05-20T13:00:00z	  +2.383	 +6.083		   2.8	 7				 0.00	  0.100	0.100	  0.00	 3.70	0.0043	0.0115	0.0059	0.0049	0.0129				0.0250	0.0157		0.0020	0.0896			0.0071			0.0214		0.0874	0.1198				
PIRATA Fr21	st034c01	B	2011-05-20T13:00:00z	  +2.383	 +6.083		  10.3	 6				 0.01	  0.100	0.000	  0.00	 1.90																										
PIRATA Fr21	st034c01	B	2011-05-20T13:00:00z	  +2.383	 +6.083		  20.2	 5				 0.01	  0.000	0.000	  0.00	 1.00																										
PIRATA Fr21	st034c01	B	2011-05-20T13:00:00z	  +2.383	 +6.083		  40.1	 4				 0.21	  2.300	2.100	  0.31	 1.60																										
PIRATA Fr21	st034c01	B	2011-05-20T13:00:00z	  +2.383	 +6.083		  60.4	 3				 0.04	 13.200	13.200	  0.92	 4.00																										
PIRATA Fr21	st034c01	B	2011-05-20T13:00:00z	  +2.383	 +6.083		  79.9	 2				 0.04	 13.300	13.200	  0.88	 4.10																										
PIRATA Fr21	st034c01	B	2011-05-20T13:00:00z	  +2.383	 +6.083		  99.4	 1				 0.04	 14.100	14.000	  0.97	 4.50																										
PIRATA Fr21	st035c01	B	2011-05-20T14:02:00z	  +2.400	 +6.167		   3.0	 4				 0.00	  0.000	0.000	  0.07	 5.20																										
PIRATA Fr21	st035c01	B	2011-05-20T14:02:00z	  +2.400	 +6.167		  10.3	 3				 0.00	  0.000	0.000	  0.02	 2.60																										
PIRATA Fr21	st035c01	B	2011-05-20T14:02:00z	  +2.400	 +6.167		  20.4	 2				 0.00	  0.000	0.000	  0.00	 1.30																										
PIRATA Fr21	st035c01	B	2011-05-20T14:02:00z	  +2.400	 +6.167		  39.7	 1				 0.16	  1.200	1.100	  0.23	 2.30																										
PIRATA Fr21	st036c01	B	2011-05-20T14:52:00z	  +2.417	 +6.200		   2.8	 3				 0.00	  0.000	0.000	  0.05	 5.00																										
PIRATA Fr21	st036c01	B	2011-05-20T14:52:00z	  +2.417	 +6.200		   9.9	 2				 0.00	  0.000	0.000	  0.00	 2.30																										
PIRATA Fr21	st036c01	B	2011-05-20T14:52:00z	  +2.417	 +6.200		  20.5	 1				 0.00	  0.000	0.000	  0.00	19.10																										
PIRATA Fr21	st037c01	B	2011-05-24T18:00:00z	  -1.000	 +2.000		   2.0	10	 34.529	4.468	195.20	 0.02	  0.100	0.000	  0.01	 1.00	0.0040	0.0080	0.0040	0.0051	0.0062				0.0210	0.0063			0.1024			0.0077					0.1151	0.0675				
PIRATA Fr21	st037c01	B	2011-05-24T18:00:00z	  -1.000	 +2.000		  10.0	 9	 34.528	4.477	195.60	 0.01	  0.100	0.000	  0.04	 1.00																										
PIRATA Fr21	st037c01	B	2011-05-24T18:00:00z	  -1.000	 +2.000		  20.0	 8	 34.527	4.471	195.40	 0.00	  0.000	0.000	  0.00	 1.10	0.0032	0.0079	0.0052	0.0049	0.0061				0.0213	0.0060			0.0983			0.0071					0.1102	0.0646				
PIRATA Fr21	st037c01	B	2011-05-24T18:00:00z	  -1.000	 +2.000		  40.0	 7	 35.010	4.609	201.30	 0.00	  0.000	0.000	  0.02	 1.20	0.0146	0.0199	0.0131	0.0109	0.0095				0.0496	0.0079	0.0017		0.1235			0.0251					0.2386	0.1609				
PIRATA Fr21	st037c01	B	2011-05-24T18:00:00z	  -1.000	 +2.000		  60.0	 6	 36.016	3.813	166.10	 0.21	  7.500	7.300	  0.55	 1.70	0.0941	0.0744	0.0162	0.1036	0.0421				0.1729	0.0169	0.0063		0.0380			0.2239					0.1319	0.5984				
PIRATA Fr21	st037c01	B	2011-05-24T18:00:00z	  -1.000	 +2.000		  80.0	 5	 35.814	2.961	128.90	 0.08	 13.200	13.100	  0.89	 3.80	0.0421	0.0247	0.0038	0.0504	0.0145				0.0609	0.0054	0.0010		0.0150			0.0298					0.0896	0.1580				
PIRATA Fr21	st037c01	B	2011-05-24T18:00:00z	  -1.000	 +2.000		 100.0	 4	 35.744	2.792	121.60	 0.01	 15.900	15.900	  1.04	 4.50	0.0233	0.0121		0.0298	0.0085				0.0380	0.0028			0.0052			0.0078					0.0403	0.0810				
PIRATA Fr21	st037c01	B	2011-05-24T18:00:00z	  -1.000	 +2.000		 500.0	 3	 34.646	2.251	 97.90	 0.13	 35.200	35.100	  2.20	19.50																										
PIRATA Fr21	st037c01	B	2011-05-24T18:00:00z	  -1.000	 +2.000		1000.0	 2	 34.648	3.512	152.70	 0.02	 32.700	32.700	  2.12	30.00																										
PIRATA Fr21	st037c01	B	2011-05-24T18:00:00z	  -1.000	 +2.000		1000.0	 1	 34.648	3.507	152.50	 0.02	 32.700	32.700	  2.16	30.10																										
PIRATA Fr21	st038c01	B	2011-05-24T22:00:00z	  -1.000	 +1.500		   1.2	10	 34.503	4.517	197.40	 0.00	  0.000	0.000	  0.01	 0.80	0.0021	0.0071	0.0085	0.0032	0.0054				0.0140	0.0077			0.1075			0.0053					0.1065	0.0881				
PIRATA Fr21	st038c01	B	2011-05-24T22:00:00z	  -1.000	 +1.500		   9.7	 9	 34.492	4.555	199.00	 0.00	  0.000	0.000	  0.00	 0.80																										
PIRATA Fr21	st038c01	B	2011-05-24T22:00:00z	  -1.000	 +1.500		  20.3	 8	 34.488	4.485	196.00	 0.00	  0.000	0.000	  0.00	 0.80	0.0028	0.0067	0.0066	0.0036	0.0051				0.0159	0.0069			0.1061			0.0058					0.1090	0.0734				
PIRATA Fr21	st038c01	B	2011-05-24T22:00:00z	  -1.000	 +1.500		  41.0	 7	 35.946	4.299	187.30	 0.00	  0.000	0.000	  0.21	 1.40	0.0359	0.0388	0.0154	0.0284	0.0132				0.1034	0.0137	0.0057	0.0016	0.0959			0.0505					0.1935	0.2799				
PIRATA Fr21	st038c01	B	2011-05-24T22:00:00z	  -1.000	 +1.500		  60.2	 6	 35.860	3.012	131.20	 0.18	 13.000	12.800	  0.88	 3.30	0.0692	0.0474	0.0095	0.0826	0.0286				0.1022	0.0105	0.0031		0.0391			0.0951					0.1437	0.3255				
PIRATA Fr21	st038c01	B	2011-05-24T22:00:00z	  -1.000	 +1.500		  80.4	 5	 35.739	2.405	104.70	 0.03	 17.700	17.700	  1.15	 5.00	0.0315	0.0168	0.0038	0.0343	0.0115				0.0478	0.0038			0.0075								0.0670	0.1081				
PIRATA Fr21	st038c01	B	2011-05-24T22:00:00z	  -1.000	 +1.500		 100.5	 4	 35.674	2.423	105.50	 0.02	 18.300	18.300	  1.19	 5.50	0.0093	0.0034		0.0078	0.0034				0.0170	0.0011			0.0010			0.0049					0.0047	0.0296				
PIRATA Fr21	st038c01	B	2011-05-24T22:00:00z	  -1.000	 +1.500		 100.4	 3	 35.676	2.428	105.70	 0.02	 18.300	18.300	  1.19	 5.50																										
PIRATA Fr21	st038c01	B	2011-05-24T22:00:00z	  -1.000	 +1.500		 500.1	 2	 34.664	2.221	 96.60	 0.00	 34.700	34.700	  2.21	18.90																										
PIRATA Fr21	st038c01	B	2011-05-24T22:00:00z	  -1.000	 +1.500		 999.4	 1	 34.638	3.493	151.90	 0.00	 32.500	32.500	  2.16	29.70																										
PIRATA Fr21	st039c01	B	2011-05-25T09:30:00z	  -1.000	 +1.000		   3.9	10	 34.974	4.565	199.40	 0.00	  0.000	0.000	  0.03	 0.70	0.0035	0.0088	0.0115	0.0043	0.0064				0.0146	0.0095			0.1087			0.0068			0.0264		0.1116	0.1279				
PIRATA Fr21	st039c01	B	2011-05-25T09:30:00z	  -1.000	 +1.000		  10.1	 9	 34.975	4.552	198.80	 0.01	  0.100	0.100	  0.03	 0.80																										
PIRATA Fr21	st039c01	B	2011-05-25T09:30:00z	  -1.000	 +1.000		  20.0	 8	 34.977	4.554	198.90	 0.00	  0.000	0.000	  0.03	 0.80	0.0040	0.0090	0.0088	0.0047	0.0059				0.0169	0.0096			0.1103			0.0072			0.0257		0.1152	0.1236				
PIRATA Fr21	st039c01	B	2011-05-25T09:30:00z	  -1.000	 +1.000		  40.1	 7	 35.903	4.166	181.50	 0.03	  0.600	0.600	  0.29	 1.60	0.0720	0.0394	0.0091	0.0761	0.0284				0.0920	0.0104	0.0021		0.0318			0.1056					0.1067	0.3179		0.0057		
PIRATA Fr21	st039c01	B	2011-05-25T09:30:00z	  -1.000	 +1.000		  60.1	 6	 35.848	3.178	138.40	 0.12	 12.500	12.300	  0.85	 3.40	0.0363	0.0301	0.0108	0.0336	0.0108				0.0837	0.0095	0.0016		0.0588			0.0796					0.1325	0.2404		0.0036		
PIRATA Fr21	st039c01	B	2011-05-25T09:30:00z	  -1.000	 +1.000		  80.2	 5	 35.752	3.114	135.60	 0.03	 14.100	14.100	  0.93	 4.00	0.0406	0.0202	0.0029	0.0443	0.0154				0.0531	0.0048			0.0111			0.0266					0.0712	0.1433				
PIRATA Fr21	st039c01	B	2011-05-25T09:30:00z	  -1.000	 +1.000		  80.5	 4	 35.743	3.094	134.70	 0.03	 14.300	14.300	  0.96	 4.30																										
PIRATA Fr21	st039c01	B	2011-05-25T09:30:00z	  -1.000	 +1.000		 100.4	 3	 35.629	2.772	120.70	 0.02	 17.100	17.100	  1.12	 5.20	0.0081	0.0027		0.0088	0.0032				0.0116	0.0008			0.0014			0.0059					0.0076	0.0280				
PIRATA Fr21	st039c01	B	2011-05-25T09:30:00z	  -1.000	 +1.000		 500.8	 2	 34.653	2.471	107.50	 0.00	 33.900	33.900	  2.15	18.50																										
PIRATA Fr21	st039c01	B	2011-05-25T09:30:00z	  -1.000	 +1.000		 998.8	 1	 34.633	3.502	152.30	 0.01	 32.500	32.500	  2.16	28.90																										
PIRATA Fr21	st041c01	B	2011-05-25T13:38:00z	  -1.000	 +0.500		   3.4	10	 35.509	4.633	202.20	 0.00	  0.000	0.000	  0.09	 1.00	0.0061	0.0105	0.0042	0.0075	0.0081				0.0258	0.0142	0.0013	0.0017	0.1064			0.0078					0.1226	0.1177				
PIRATA Fr21	st041c01	B	2011-05-25T13:38:00z	  -1.000	 +0.500		  10.7	 9	 35.509	4.611	201.20	 0.00	  0.000	0.000	  0.08	 1.10																										
PIRATA Fr21	st041c01	B	2011-05-25T13:38:00z	  -1.000	 +0.500		  20.1	 8	 35.520	4.666	203.60	 0.00	  0.000	0.000	  0.08	 1.10	0.0077	0.0133	0.0047	0.0092	0.0092				0.0316	0.0120	0.0016	0.0026	0.1118			0.0106					0.1238	0.1353				
PIRATA Fr21	st041c01	B	2011-05-25T13:38:00z	  -1.000	 +0.500		  40.4	 7	 35.963	4.087	178.10	 0.04	  1.300	1.300	  0.29	 1.70																										
PIRATA Fr21	st041c01	B	2011-05-25T13:38:00z	  -1.000	 +0.500		  40.8	 6	 35.957	3.941	171.70	 0.10	  3.000	2.900	  0.39	 1.90	0.0676	0.0638	0.0189	0.0747	0.0297				0.1405	0.0171	0.0023	0.0025	0.0495			0.1268					0.1052	0.3808				
PIRATA Fr21	st041c01	B	2011-05-25T13:38:00z	  -1.000	 +0.500		  60.1	 5	 35.863	3.265	142.20	 0.12	 11.800	11.700	  0.81	 3.20	0.0773	0.0472	0.0090	0.0719	0.0331				0.1033	0.0103	0.0038		0.0299			0.1155					0.1141	0.3265				
PIRATA Fr21	st041c01	B	2011-05-25T13:38:00z	  -1.000	 +0.500		  80.3	 4	 35.809	3.523	153.40	 0.03	 11.000	11.000	  0.76	 3.50	0.0595	0.0346	0.0076	0.0587	0.0185				0.0884	0.0071	0.0011		0.0203			0.0462			0.0296		0.1098	0.2169				
PIRATA Fr21	st041c01	B	2011-05-25T13:38:00z	  -1.000	 +0.500		 100.5	 3	 35.718	3.370	146.70	 0.07	 13.100	13.100	  0.91	 3.90	0.0272	0.0141	0.0018	0.0314	0.0088				0.0351	0.0030			0.0067			0.0173					0.0445	0.0933				
PIRATA Fr21	st041c01	B	2011-05-25T13:38:00z	  -1.000	 +0.500		 500.2	 2	 34.600	3.000	130.50	 0.05	 32.300	32.300	  2.08	18.30																										
PIRATA Fr21	st041c01	B	2011-05-25T13:38:00z	  -1.000	 +0.500		 999.7	 1	 34.648	3.529	153.50	 0.00	 32.400	32.400	  2.16	29.40																										
PIRATA Fr21	st043c01	B	2011-05-25T18:15:00z	  -1.000	 +0.000		   2.4	11	 35.747	4.616	201.40	 0.00	  0.000	0.000	  0.11	 0.80	0.0058	0.0104	0.0039	0.0079	0.0073				0.0252	0.0083	0.0007	0.0011	0.0831			0.0100					0.1000	0.0899				
PIRATA Fr21	st043c01	B	2011-05-25T18:15:00z	  -1.000	 +0.000		  10.4	10	 35.747	4.615	201.30	 0.00	  0.100	0.100	  0.09	 1.00																										
PIRATA Fr21	st043c01	B	2011-05-25T18:15:00z	  -1.000	 +0.000		  20.4	 9	 35.743	4.629	201.90	 0.00	  0.100	0.100	  0.09	 1.00	0.0079	0.0136	0.0074	0.0108	0.0089				0.0343	0.0089	0.0010	0.0017	0.0950			0.0141					0.1342	0.1141				
PIRATA Fr21	st043c01	B	2011-05-25T18:15:00z	  -1.000	 +0.000		  40.1	 8	 36.001	3.955	172.30	 0.24	  4.600	4.400	  0.41	 1.70	0.0787	0.0635	0.0094	0.0788	0.0268				0.1552	0.0132	0.0037	0.0009	0.0611			0.1776					0.1629	0.4458				
PIRATA Fr21	st043c01	B	2011-05-25T18:15:00z	  -1.000	 +0.000		  60.0	 7	 35.911	3.701	161.10	 0.08	  9.700	9.700	  0.68	 3.00	0.0681	0.0465	0.0065	0.0776	0.0276				0.0906	0.0089	0.0052		0.0359			0.0718					0.1661	0.2946				
PIRATA Fr21	st043c01	B	2011-05-25T18:15:00z	  -1.000	 +0.000		  79.4	 6	 35.796	3.557	154.80	 0.02	 11.300	11.300	  0.79	 3.40	0.0352	0.0213	0.0057	0.0452	0.0123				0.0458	0.0043	0.0016		0.0119			0.0282					0.0827	0.1337				
PIRATA Fr21	st043c01	B	2011-05-25T18:15:00z	  -1.000	 +0.000		 100.2	 5	 35.702	3.396	147.80	 0.00	 13.100	13.100	  0.90	 4.00	0.0205	0.0110	0.0015	0.0268	0.0063				0.0267	0.0024	0.0006		0.0055			0.0152					0.0379	0.0733				
PIRATA Fr21	st043c01	B	2011-05-25T18:15:00z	  -1.000	 +0.000		 500.0	 4	 34.628	2.759	120.00	 0.00	 33.000	33.000	  2.07	18.60																										
PIRATA Fr21	st043c01	B	2011-05-25T18:15:00z	  -1.000	 +0.000		1000.0	 3	 34.633	3.584	155.80	 0.00	 32.600	32.600	  2.18	30.10																										
PIRATA Fr21	st043c01	B	2011-05-25T18:15:00z	  -1.000	 +0.000		2000.4	 2	 34.966	5.225	227.10	 0.00	 21.900	21.900	  1.47	20.50																										
PIRATA Fr21	st043c01	B	2011-05-25T18:15:00z	  -1.000	 +0.000		2000.4	 1	 34.939	5.638	245.10	 0.00	 20.100	20.100	  1.31	20.80																										
PIRATA Fr21	st045c01	B	2011-05-26T00:36:00z	  -0.999	 -0.498		   2.5	10	 35.810	4.587	200.10	 0.00	  0.000	0.000	  0.15	 1.50	0.0116	0.0167	0.0085	0.0125	0.0104				0.0460	0.0130		0.0013	0.1023			0.0197			0.0225		0.1390	0.1341				
PIRATA Fr21	st045c01	B	2011-05-26T00:36:00z	  -0.999	 -0.498		   9.7	 9	 35.810	4.589	200.20	 0.00	  0.000	0.000	  0.14	 1.30																										
PIRATA Fr21	st045c01	B	2011-05-26T00:36:00z	  -0.999	 -0.498		  19.1	 8	 35.811	4.588	200.10	 0.00	  0.000	0.000	  0.13	 1.40	0.0129	0.0183	0.0093	0.0140	0.0109				0.0504	0.0134	0.0010	0.0014	0.1062			0.0239			0.0242		0.1410	0.1386				
PIRATA Fr21	st045c01	B	2011-05-26T00:36:00z	  -0.999	 -0.498		  39.2	 7	 36.132	4.166	181.50	 0.13	  3.000	2.900	  0.34	 2.10	0.1101	0.0889	0.0209	0.1008	0.0451				0.2183	0.0182	0.0050	0.0015	0.1389			0.2247					0.3445	0.5427				
PIRATA Fr21	st045c01	B	2011-05-26T00:36:00z	  -0.999	 -0.498		  60.1	 6	 36.005	3.782	164.70	 0.25	  7.700	7.400	  0.61	 2.90	0.0843	0.0612	0.0210	0.0602	0.0504				0.1122	0.0109	0.0111		0.0445			0.1665					0.2372	0.4082				
PIRATA Fr21	st045c01	B	2011-05-26T00:36:00z	  -0.999	 -0.498		  79.9	 5	 35.799	3.417	148.80	 0.09	 11.700	11.600	  0.83	 3.90	0.0448	0.0321	0.0110	0.0461	0.0250				0.0539	0.0059	0.0062		0.0155			0.0305					0.0895	0.2074		0.0040		
PIRATA Fr21	st045c01	B	2011-05-26T00:36:00z	  -0.999	 -0.498		 100.9	 4	 35.731	3.198	139.20	 0.10	 13.600	13.500	  0.93	 4.20	0.0443	0.0257	0.0099	0.0441	0.0195				0.0590	0.0052	0.0032		0.0140			0.0494					0.0852	0.1762				
PIRATA Fr21	st045c01	B	2011-05-26T00:36:00z	  -0.999	 -0.498		 500.2	 3	 34.600	2.901	126.20	 0.04	 32.400	32.400	  2.09	19.40																										
PIRATA Fr21	st045c01	B	2011-05-26T00:36:00z	  -0.999	 -0.498		 500.9	 2	 34.599	2.900	126.20	 0.04	 32.300	32.300	  2.09	20.00																										
PIRATA Fr21	st045c01	B	2011-05-26T00:36:00z	  -0.999	 -0.498		1000.1	 1	 34.642	3.647	158.60	 0.01	 31.900	31.900	  2.14	30.90																										
PIRATA Fr21	st047c01	B	2011-05-26T05:45:00z	  -1.000	 -0.983		   2.2	10	 35.650	4.581	199.90	 0.00	  0.000	0.000	  0.14	 1.10	0.0071	0.0126	0.0044	0.0085	0.0074				0.0270	0.0063			0.0810			0.0087					0.1137	0.0987				
PIRATA Fr21	st047c01	B	2011-05-26T05:45:00z	  -1.000	 -0.983		  10.3	 9	 35.674	4.572	199.50	 0.00	  0.000	0.000	  0.15	 1.20																										
PIRATA Fr21	st047c01	B	2011-05-26T05:45:00z	  -1.000	 -0.983		  20.4	 8	 35.683	4.570	199.30	 0.01	  0.000	0.000	  0.14	 1.30	0.0077	0.0142	0.0050	0.0103	0.0085				0.0332	0.0058		0.0006	0.0756			0.0115					0.1116	0.1079				
PIRATA Fr21	st047c01	B	2011-05-26T05:45:00z	  -1.000	 -0.983		  39.8	 7	 35.919	3.622	157.70	 0.13	  7.200	7.100	  0.66	 3.20	0.0723	0.0618	0.0226	0.0704	0.0363				0.1425	0.0132		0.0023	0.0867			0.1407					0.1995	0.4053				
PIRATA Fr21	st047c01	B	2011-05-26T05:45:00z	  -1.000	 -0.983		  59.8	 6	 35.841	3.326	144.80	 0.28	 11.400	11.100	  0.83	 3.70	0.0650	0.0528	0.0135	0.0509	0.0496				0.1329	0.0124		0.0047	0.0459			0.1015					0.1851	0.3766				
PIRATA Fr21	st047c01	B	2011-05-26T05:45:00z	  -1.000	 -0.983		  80.5	 5	 35.768	3.092	134.60	 0.07	 14.000	14.000	  0.95	 4.30	0.0256	0.0171	0.0082	0.0266	0.0159				0.0427	0.0042		0.0009	0.0081			0.0183					0.0477	0.1187				
PIRATA Fr21	st047c01	B	2011-05-26T05:45:00z	  -1.000	 -0.983		 100.1	 4	 35.696			 0.07	 18.000	17.900	  1.17	 5.20																										
PIRATA Fr21	st047c01	B	2011-05-26T05:45:00z	  -1.000	 -0.983		 100.1	 3	 35.696	2.408	104.80	 0.08	 18.100	18.000	  1.15	 5.40																										
PIRATA Fr21	st047c01	B	2011-05-26T05:45:00z	  -1.000	 -0.983		 499.6	 2	 34.629	2.691	117.00	 0.04	 32.900	32.900	  2.09	19.60																										
PIRATA Fr21	st047c01	B	2011-05-26T05:45:00z	  -1.000	 -0.983		1000.1	 1	 34.637	3.640	158.30	 0.00	 32.000	32.000	  2.14	30.70																										
PIRATA Fr21	st049c01	B	2011-05-26T10:30:00z	  -1.000	 -1.500		   1.6	10	 35.545	4.633	202.10	 0.00	  0.000	0.000	  0.13	 1.10	0.0084	0.0155	0.0045	0.0104	0.0095				0.0372	0.0234	0.0023	0.0052	0.1126			0.0106					0.1568	0.1388				
PIRATA Fr21	st049c01	B	2011-05-26T10:30:00z	  -1.000	 -1.500		  10.0	 9	 35.549	4.619	201.50	 0.00	  0.000	0.000	  0.14	 1.20																										
PIRATA Fr21	st049c01	B	2011-05-26T10:30:00z	  -1.000	 -1.500		  20.1	 8	 35.831	3.429	149.40	 0.04	  1.400	1.300	  0.34	 1.50	0.0310	0.0449	0.0165	0.0441	0.0229				0.1071	0.0316	0.0024	0.0058	0.0729			0.0415			0.0213		0.0799	0.2935				
PIRATA Fr21	st049c01	B	2011-05-26T10:30:00z	  -1.000	 -1.500		  39.9	 7	 35.942	3.491	152.00	 0.22	  9.900	9.700	  0.75	 3.00	0.0711	0.0564	0.0199	0.0686	0.0316				0.1188	0.0155	0.0026	0.0013	0.0406			0.1787			0.0289		0.1009	0.4042				
PIRATA Fr21	st049c01	B	2011-05-26T10:30:00z	  -1.000	 -1.500		  59.8	 6	 35.845	3.298	143.60	 0.08	 12.100	12.000	  0.83	 3.80	0.0626	0.0370	0.0101	0.0514	0.0332				0.0812	0.0077	0.0021		0.0324			0.0639					0.1469	0.2466				
PIRATA Fr21	st049c01	B	2011-05-26T10:30:00z	  -1.000	 -1.500		  79.8	 5	 35.802	3.248	141.40	 0.04	 12.800	12.800	  0.88	 4.10	0.0494	0.0273	0.0051	0.0425	0.0207				0.0664	0.0055	0.0008		0.0150			0.0227					0.1005	0.1698				
PIRATA Fr21	st049c01	B	2011-05-26T10:30:00z	  -1.000	 -1.500		  80.3	 4	 35.799	3.232	140.70	 0.04	 12.800	12.800	  0.89	 4.10																										
PIRATA Fr21	st049c01	B	2011-05-26T10:30:00z	  -1.000	 -1.500		 100.5	 3	 35.721	2.482	108.00	 0.01	 17.200	17.200	  1.14	 5.50	0.0205	0.0090		0.0186	0.0090				0.0290	0.0022			0.0036			0.0098					0.0205	0.0713				
PIRATA Fr21	st049c01	B	2011-05-26T10:30:00z	  -1.000	 -1.500		 500.0	 2	 34.623	2.769	120.40	 0.00	 32.400	32.400	  2.06	18.90																										
PIRATA Fr21	st049c01	B	2011-05-26T10:30:00z	  -1.000	 -1.500		 998.2	 1	 34.646	3.680	160.00	 0.00	 31.400	31.400	  2.10	30.50																										
PIRATA Fr21	st051c01	B	2011-05-27T18:00:00z	  -1.000	 -2.000		   2.8	 9	 35.831	4.635	202.20	 0.00	  0.000	0.000	  0.14	 1.20	0.0050	0.0094	0.0047	0.0071	0.0086				0.0220	0.0122			0.0885			0.0063			0.0150		0.0767	0.0868				
PIRATA Fr21	st051c01	B	2011-05-27T18:00:00z	  -1.000	 -2.000		  19.8	 8	 35.954	4.371	190.50	 0.07	  0.600	0.500	  0.19	 1.70	0.0189	0.0362	0.0088	0.0364	0.0225				0.0803	0.0153		0.0033	0.0792			0.0312			0.0198		0.0784	0.2136				
PIRATA Fr21	st051c01	B	2011-05-27T18:00:00z	  -1.000	 -2.000		  40.1	 7	 35.875	3.086	134.40	 0.25	 12.400	12.100	  0.89	 3.30	0.0729	0.0639	0.0094	0.0662	0.0655				0.0865	0.0098	0.0038		0.0389			0.1412			0.0261		0.0815	0.3965				
PIRATA Fr21	st051c01	B	2011-05-27T18:00:00z	  -1.000	 -2.000		  60.0	 6	 35.829	2.866	124.80	 0.12	 14.300	14.200	  0.99	 4.60																										
PIRATA Fr21	st051c01	B	2011-05-27T18:00:00z	  -1.000	 -2.000		  60.3	 5	 35.826	2.900	126.20	 0.12	 14.300	14.200	  1.01	 4.60																										
PIRATA Fr21	st051c01	B	2011-05-27T18:00:00z	  -1.000	 -2.000		  79.8	 4	 35.781	2.903	126.40	 0.05	 14.800	14.700	  1.02	 4.80																										
PIRATA Fr21	st051c01	B	2011-05-27T18:00:00z	  -1.000	 -2.000		 100.8	 3	 35.713	2.587	112.60	 0.02	 16.900	16.900	  1.15	 5.90																										
PIRATA Fr21	st051c01	B	2011-05-27T18:00:00z	  -1.000	 -2.000		 500.3	 2	 34.590	2.900	126.10	 0.01	 32.600	32.600	  2.11	19.60																										
PIRATA Fr21	st051c01	B	2011-05-27T18:00:00z	  -1.000	 -2.000		 998.9	 1	 34.638	3.709	161.20	 0.00	 31.800	31.800	  2.19	30.00																										
PIRATA Fr21	st052c01	B	2011-06-01T13:00:00z	  -0.082	 -0.014		   2.4	11	 35.686	4.651	202.90	 0.00	  0.000	0.000	  0.08	 0.80	0.0071	0.0123	0.0083	0.0075	0.0083				0.0326	0.0194	0.0010	0.0034	0.0983			0.0057					0.1370	0.1058				
PIRATA Fr21	st052c01	B	2011-06-01T13:00:00z	  -0.082	 -0.014		  10.4	10	 35.685	4.653	203.00	 0.00	  0.000	0.000	  0.08	 0.70																										
PIRATA Fr21	st052c01	B	2011-06-01T13:00:00z	  -0.082	 -0.014		  19.4	 9	 35.703	4.631	202.00	 0.00	  0.000	0.000	  0.10	 0.80	0.0116	0.0201	0.0087	0.0146	0.0129				0.0498	0.0170	0.0013	0.0030	0.1104			0.0132					0.1681	0.1511				
PIRATA Fr21	st052c01	B	2011-06-01T13:00:00z	  -0.082	 -0.014		  39.2	 8	 35.907	3.577	155.80	 0.32	  9.700	9.400	  0.71	 2.50	0.0911	0.0776	0.0215	0.1124	0.0514				0.1667	0.0220	0.0042	0.0025	0.0469			0.1513					0.1198	0.4906				
PIRATA Fr21	st052c01	B	2011-06-01T13:00:00z	  -0.082	 -0.014		  59.8	 7	 35.806	3.310	144.10	 0.11	 12.700	12.600	  0.87	 3.70	0.0914	0.0563	0.0144	0.0746	0.0468				0.1299	0.0119	0.0050		0.0331			0.0820					0.1349	0.3737				
PIRATA Fr21	st052c01	B	2011-06-01T13:00:00z	  -0.082	 -0.014		  80.3	 6	 35.709	3.280	142.80	 0.03	 13.700	13.700	  0.93	 4.10	0.0387	0.0178	0.0027	0.0374	0.0136				0.0531	0.0042			0.0088			0.0277					0.0667	0.1273				
PIRATA Fr21	st052c01	B	2011-06-01T13:00:00z	  -0.082	 -0.014		 100.5	 5	 35.627	3.101	134.90	 0.02	 15.300	15.300	  1.03	 4.70	0.0173	0.0077	0.0010	0.0173	0.0055				0.0269	0.0019			0.0025			0.0077					0.0200	0.0564				
PIRATA Fr21	st052c01	B	2011-06-01T13:00:00z	  -0.082	 -0.014		 499.4	 4	 34.629	2.778	120.80	 0.00	 32.500	32.500	  2.06	18.40																										
PIRATA Fr21	st052c01	B	2011-06-01T13:00:00z	  -0.082	 -0.014		1000.0	 3	 34.665	3.625	157.60	 0.01	 31.600	31.600	  2.14	29.10																										
PIRATA Fr21	st052c01	B	2011-06-01T13:00:00z	  -0.082	 -0.014		1999.0	 2	 34.964	5.665	246.20	 0.02	 19.600	19.600	  1.29	20.10																										
PIRATA Fr21	st052c01	B	2011-06-01T13:00:00z	  -0.082	 -0.014		1999.0	 1	 34.962	5.663	246.10	 0.02	 19.800	19.800	  1.27	20.80																										
PIRATA Fr21	st053c01	B	2011-06-01T17:14:00z	  -0.019	 -0.006		2000.2	11	 34.962	5.648	245.50	 0.00	 19.800	19.800	  1.19	20.00																										
PIRATA Fr21	st053c01	B	2011-06-01T17:14:00z	  -0.019	 -0.006		1998.9	10	 34.962	5.541	240.80	 0.00	 19.900	19.900	  1.19	20.70																										
PIRATA Fr21	st053c01	B	2011-06-01T17:14:00z	  -0.019	 -0.006		1999.6	 9	 34.962	5.660	246.00	 0.00	 19.800	19.800	  1.20	21.00																										
PIRATA Fr21	st053c01	B	2011-06-01T17:14:00z	  -0.019	 -0.006		2000.2	 8	 34.962	5.666	246.20	 0.00	 19.800	19.800	  1.21	20.60																										
PIRATA Fr21	st053c01	B	2011-06-01T17:14:00z	  -0.019	 -0.006		2000.0	 7	 34.961	5.664	246.20	 0.00	 19.900	19.900	  1.21	21.00																										
PIRATA Fr21	st053c01	B	2011-06-01T17:14:00z	  -0.019	 -0.006		2000.8	 6	 34.964	5.663	246.10	 0.00	 20.000	20.000	  1.21	21.00																										
PIRATA Fr21	st053c01	B	2011-06-01T17:14:00z	  -0.019	 -0.006		1999.0	 5	 34.964	5.664	246.20	 0.00	 19.800	19.800	  1.22	20.90																										
PIRATA Fr21	st053c01	B	2011-06-01T17:14:00z	  -0.019	 -0.006		2000.0	 4	 34.961	5.661	246.00	 0.00	 19.800	19.800	  1.21	20.80																										
PIRATA Fr21	st053c01	B	2011-06-01T17:14:00z	  -0.019	 -0.006		2000.0	 3	 34.964	5.661	246.00	 0.00	 19.800	19.800	  1.21	20.90																										
PIRATA Fr21	st053c01	B	2011-06-01T17:14:00z	  -0.019	 -0.006		1999.4	 2	 34.964	5.660	246.00	 0.00	 19.900	19.900	  1.21	21.10																										
PIRATA Fr21	st053c01	B	2011-06-01T17:14:00z	  -0.019	 -0.006		1999.2	 1	 34.963	5.665	246.20	 0.00	 19.900	19.900	  1.20	20.90																										
PIRATA Fr21	st054c01	B	2011-06-02T05:36:00z	  -0.010	 -0.748		   3.0	11	 35.929	4.701	205.00	 0.00	  0.400	0.400	  0.15	 2.20																										
PIRATA Fr21	st054c01	B	2011-06-02T05:36:00z	  -0.010	 -0.748		  10.0	10	 35.929	4.701	205.00	 0.02	  0.400	0.400	  0.15	 2.20																										
PIRATA Fr21	st054c01	B	2011-06-02T05:36:00z	  -0.010	 -0.748		  20.0	 9	 35.925	4.631	201.90	 0.03	  1.100	1.000	  0.17	 2.30																										
PIRATA Fr21	st054c01	B	2011-06-02T05:36:00z	  -0.010	 -0.748		  40.0	 8	 36.050	3.986	173.60	 0.24	  6.700	6.500	  0.55	 3.60																										
PIRATA Fr21	st054c01	B	2011-06-02T05:36:00z	  -0.010	 -0.748		  61.0	 7	 35.892	3.710	161.50	 0.14	  9.900	9.800	  0.70	 4.30																										
PIRATA Fr21	st054c01	B	2011-06-02T05:36:00z	  -0.010	 -0.748		  80.0	 6	 35.794	3.528	153.60	 0.07	 11.500	11.500	  0.79	 4.80																										
PIRATA Fr21	st054c01	B	2011-06-02T05:36:00z	  -0.010	 -0.748		 100.0	 5	 35.710	3.524	153.40	 0.03	 12.400	12.400	  0.83	 5.20																										
PIRATA Fr21	st054c01	B	2011-06-02T05:36:00z	  -0.010	 -0.748		 500.0	 4	 34.631	2.685	116.80	 0.00	 33.300	33.300	  2.07	20.40																										
PIRATA Fr21	st054c01	B	2011-06-02T05:36:00z	  -0.010	 -0.748		1001.0	 3	 34.656	3.686	160.30	 0.00	 32.100	32.100	  2.09	31.00																										
PIRATA Fr21	st054c01	B	2011-06-02T05:36:00z	  -0.010	 -0.748		1240.0	 2	 34.860	4.370	189.90	 0.00	 26.600	26.600	  1.70	24.30																										
PIRATA Fr21	st054c01	B	2011-06-02T05:36:00z	  -0.010	 -0.748		1999.0	 1	 34.956	5.602	243.40	 0.00	 20.700	20.700	  1.32	24.70																										
PIRATA Fr21	st055c01	B	2011-06-04T18:35:00z	  -9.983	 -0.717		   3.5	11	 35.985	4.687	204.40	 0.03	  0.900	0.900	  0.17	 2.10	0.0287	0.0362	0.0029	0.0340	0.0243				0.1122	0.0168		0.0027	0.0222			0.0049			0.0085		0.0202	0.2002				
PIRATA Fr21	st055c01	B	2011-06-04T18:35:00z	  -9.983	 -0.717		   9.8	10	 35.985	4.636	202.10	 0.03	  1.100	1.100	  0.15	 2.70																										
PIRATA Fr21	st055c01	B	2011-06-04T18:35:00z	  -9.983	 -0.717		  19.8	 9	 36.001	4.552	198.40	 0.06	  1.800	1.700	  0.16	 2.40	0.0606	0.0607	0.0077	0.0609	0.0338				0.1756	0.0173	0.0009		0.0297			0.0170			0.0113		0.0393	0.3142				
PIRATA Fr21	st055c01	B	2011-06-04T18:35:00z	  -9.983	 -0.717		  40.4	 8	 35.811	3.420	148.90	 0.19	 10.100	9.900	  0.75	 4.50	0.0932	0.0736	0.0127	0.0922	0.0264				0.2299	0.0148	0.0016	0.0014	0.0054			0.0607			0.0090			0.4285		0.0032		
PIRATA Fr21	st055c01	B	2011-06-04T18:35:00z	  -9.983	 -0.717		  59.9	 7	 35.665	3.021	131.50	 0.09	 15.400	15.300	  0.99	 5.80	0.0562	0.0376	0.0066	0.0736	0.0283				0.0731	0.0084	0.0026	0.0006	0.0183			0.0451					0.0512	0.2433		0.0037		
PIRATA Fr21	st055c01	B	2011-06-04T18:35:00z	  -9.983	 -0.717		  79.0	 6	 35.565	2.963	129.00	 0.03	 16.700	16.700	  1.02	 6.40	0.0259	0.0153	0.0060	0.0323	0.0116				0.0330	0.0041	0.0005		0.0076			0.0153					0.0466	0.1006		0.0023		
PIRATA Fr21	st055c01	B	2011-06-04T18:35:00z	  -9.983	 -0.717		 100.3	 5	 35.530	2.600	113.20	 0.00	 18.900	18.900	  1.23	 7.10	0.0118	0.0068	0.0012	0.0144	0.0070				0.0154	0.0018			0.0041			0.0076					0.0130	0.0454				
PIRATA Fr21	st055c01	B	2011-06-04T18:35:00z	  -9.983	 -0.717		 499.9	 4	 34.637	3.022	131.40	 0.00	 31.100	31.100	  1.93	16.70																										
PIRATA Fr21	st055c01	B	2011-06-04T18:35:00z	  -9.983	 -0.717		 499.6	 3	 34.634	3.034	132.00	 0.00	 31.200	31.200	  1.95	18.70																										
PIRATA Fr21	st055c01	B	2011-06-04T18:35:00z	  -9.983	 -0.717		1001.2	 2	 34.620	3.579	155.60	 0.00	 19.400	19.400	  1.18	20.40																										
PIRATA Fr21	st055c01	B	2011-06-04T18:35:00z	  -9.983	 -0.717		2000.5	 1	 34.967	5.759	250.30	 0.00	 19.400	19.400	  1.20	20.30																										
PIRATA Fr21	st056c01	B	2011-06-05T12:36:00z	  -9.983	 +0.750		   1.8	11	 35.833	4.694	204.70	 0.00	  0.900	0.900	  0.17	 1.90	0.0197	0.0256	0.0065	0.0296	0.0283				0.0764	0.0558		0.0141	0.0607			0.0113					0.0766	0.2020				
PIRATA Fr21	st056c01	B	2011-06-05T12:36:00z	  -9.983	 +0.750		  11.3	10	 35.821	4.644	202.50	 0.01	  0.900	0.800	  0.18	 1.90																										
PIRATA Fr21	st056c01	B	2011-06-05T12:36:00z	  -9.983	 +0.750		  21.2	 9	 35.896	4.101	178.70	 0.04	  2.500	2.500	  0.31	 2.40	0.0499	0.0512	0.0091	0.0463	0.0299				0.1264	0.0294	0.0072	0.0041	0.0738			0.0854					0.1454	0.3619				
PIRATA Fr21	st056c01	B	2011-06-05T12:36:00z	  -9.983	 +0.750		  40.6	 8	 35.781	3.269	142.30	 0.20	 12.300	12.100	  0.83	 4.50	0.0759	0.0529	0.0092	0.0663	0.0527				0.1092	0.0136	0.0043	0.0010	0.0323			0.1453					0.1002	0.4098				
PIRATA Fr21	st056c01	B	2011-06-05T12:36:00z	  -9.983	 +0.750		  60.0	 7	 35.708	3.225	140.40	 0.14	 14.100	14.000	  0.92	 5.20	0.0513	0.0314	0.0053	0.0470	0.0302				0.0669	0.0065	0.0014		0.0212			0.0343					0.0893	0.2083				
PIRATA Fr21	st056c01	B	2011-06-05T12:36:00z	  -9.983	 +0.750		  80.8	 6	 35.629	3.201	139.30	 0.04	 15.000	15.000	  0.99	 5.70	0.0265	0.0147	0.0017	0.0308	0.0120				0.0352	0.0031			0.0088								0.0570	0.0915				
PIRATA Fr21	st056c01	B	2011-06-05T12:36:00z	  -9.983	 +0.750		 101.3	 5	 35.551	3.182	138.50	 0.00	 15.800	15.800	  1.03	 6.20																										
PIRATA Fr21	st056c01	B	2011-06-05T12:36:00z	  -9.983	 +0.750		 101.1	 4	 35.549	3.185	138.60	 0.00	 15.900	15.900	  1.03	 6.00	0.0142	0.0067	0.0006	0.0173	0.0055				0.0195	0.0016			0.0031								0.0190	0.0471				
PIRATA Fr21	st056c01	B	2011-06-05T12:36:00z	  -9.983	 +0.750		 498.9	 3	 34.584	3.072	133.60	 0.00	 32.300	32.300	  2.08	20.80																										
PIRATA Fr21	st056c01	B	2011-06-05T12:36:00z	  -9.983	 +0.750		1000.1	 2	 34.660	3.631	157.80	 0.00	 31.700	31.700	  2.10	28.40																										
PIRATA Fr21	st056c01	B	2011-06-05T12:36:00z	  -9.983	 +0.750		1999.5	 1	 34.963	5.721	248.60	 0.00	 19.600	19.600	  1.24	20.70																										
PIRATA Fr21	st057c01	B	2011-06-08T23:51:00z	 -23.000	 +0.026		   2.8	11	 36.438	4.704	205.10	 0.00	  0.000	0.000	  0.07	 1.70	0.0216	0.0269	0.0075	0.0320	0.0223				0.0773	0.0268		0.0036	0.0262			0.0063			0.0094		0.0314	0.1827				
PIRATA Fr21	st057c01	B	2011-06-08T23:51:00z	 -23.000	 +0.026		   9.6	10	 36.426	4.666	203.40	 0.00	  0.000	0.000	  0.05	 1.60																										
PIRATA Fr21	st057c01	B	2011-06-08T23:51:00z	 -23.000	 +0.026		  20.1	 9	 36.411	4.566	199.10	 0.00	  0.100	0.100	  0.06	 1.60	0.0383	0.0462	0.0130	0.0453	0.0326				0.1274	0.0191		0.0032	0.0222			0.0122					0.0336	0.2704				
PIRATA Fr21	st057c01	B	2011-06-08T23:51:00z	 -23.000	 +0.026		  39.8	 8	 36.398	4.561	198.80	 0.06	  0.800	0.800	  0.13	 1.80	0.1192	0.0968	0.0174	0.1258	0.0492				0.2839	0.0237		0.0034	0.0421			0.0451					0.1090	0.5444				
PIRATA Fr21	st057c01	B	2011-06-08T23:51:00z	 -23.000	 +0.026		  59.4	 7	 36.260	4.202	183.00	 0.17	  4.500	4.400	  0.37	 2.60	0.1245	0.0804	0.0140	0.1428	0.0349				0.2125	0.0188	0.0040	0.0010	0.0297			0.1036					0.0914	0.5338				
PIRATA Fr21	st057c01	B	2011-06-08T23:51:00z	 -23.000	 +0.026		  80.0	 6	 35.939	3.862	168.10	 0.13	  9.100	9.000	  0.59	 3.80																										
PIRATA Fr21	st057c01	B	2011-06-08T23:51:00z	 -23.000	 +0.026		  80.1	 5	 35.937	3.860	168.00	 0.12	  8.900	8.800	  0.64	 3.90	0.0475	0.0325	0.0107	0.0591	0.0157				0.0591	0.0068	0.0039		0.0226			0.0476					0.1010	0.2048				
PIRATA Fr21	st057c01	B	2011-06-08T23:51:00z	 -23.000	 +0.026		  99.9	 4	 35.835	3.732	162.40	 0.07	 10.400	10.300	  0.71	 4.30	0.0438	0.0268	0.0069	0.0563	0.0136				0.0533	0.0057	0.0018		0.0177								0.0913	0.1681				
PIRATA Fr21	st057c01	B	2011-06-08T23:51:00z	 -23.000	 +0.026		 499.8	 3	 34.609	3.020	131.30	 0.01	 31.800	31.800	  2.06	20.80																										
PIRATA Fr21	st057c01	B	2011-06-08T23:51:00z	 -23.000	 +0.026		 999.7	 2	 34.619	3.599	156.50	 0.00	 31.600	31.600	  2.08	30.60																										
PIRATA Fr21	st057c01	B	2011-06-08T23:51:00z	 -23.000	 +0.026		2000.5	 1	 34.968	5.702	247.80	 0.00	 19.200	19.200	  1.22	20.60																										
PIRATA Fr21	st058c01	B	2011-06-10T05:19:00z	 -21.483	 +4.000		   3.0	11	 34.986	4.530	197.90	 0.00	  0.000	0.000	  0.02	 0.90	0.0055	0.0100	0.0059	0.0068	0.0058				0.0234	0.0057			0.0760			0.0090					0.1571	0.0907				
PIRATA Fr21	st058c01	B	2011-06-10T05:19:00z	 -21.483	 +4.000		   9.9	10	 34.987	4.527	197.70	 0.00	  0.000	0.000	  0.00	 0.90																										
PIRATA Fr21	st058c01	B	2011-06-10T05:19:00z	 -21.483	 +4.000		  20.4	 9	 34.988	4.532	198.00	 0.00	  0.000	0.000	  0.02	 0.70	0.0058	0.0127	0.0150	0.0066	0.0057				0.0240	0.0078			0.0699			0.0101					0.1497	0.0970				
PIRATA Fr21	st058c01	B	2011-06-10T05:19:00z	 -21.483	 +4.000		  40.0	 8	 35.110	4.546	198.60	 0.00	  0.000	0.000	  0.01	 0.60	0.0152	0.0226	0.0214	0.0158	0.0089				0.0490	0.0107			0.0759			0.0175					0.2307	0.1968		0.0045		
PIRATA Fr21	st058c01	B	2011-06-10T05:19:00z	 -21.483	 +4.000		  60.7	 7	 35.531	4.497	196.30	 0.00	  0.000	0.000	  0.01	 1.00																										
PIRATA Fr21	st058c01	B	2011-06-10T05:19:00z	 -21.483	 +4.000		  60.0	 6	 35.538	4.485	195.80	 0.00	  0.000	0.000	  0.00	 1.10	0.0731	0.0627	0.0161	0.0624	0.0198				0.1880	0.0210	0.0086		0.0783			0.0968					0.2941	0.5886		0.0140		
PIRATA Fr21	st058c01	B	2011-06-10T05:19:00z	 -21.483	 +4.000		  80.1	 5	 35.902	3.237	141.00	 0.29	  3.600	3.300	  0.26	 2.50	0.0611	0.0379	0.0042	0.0827	0.0163				0.0814	0.0079	0.0029		0.0285			0.1207					0.1304	0.2994		0.0059		
PIRATA Fr21	st058c01	B	2011-06-10T05:19:00z	 -21.483	 +4.000		 100.1	 4	 35.745	1.850	 80.50	 0.04	 19.100	19.000	  1.18	 5.20	0.0326	0.0170	0.0046	0.0418	0.0115				0.0356	0.0040			0.0106			0.0379					0.0703	0.1217				
PIRATA Fr21	st058c01	B	2011-06-10T05:19:00z	 -21.483	 +4.000		 500.0	 3	 34.747	2.203	 95.80	 0.00	 32.900	32.900	  2.04	18.50																										
PIRATA Fr21	st058c01	B	2011-06-10T05:19:00z	 -21.483	 +4.000		1000.9	 2	 34.660	3.476	151.10	 0.00	 32.000	32.000	  2.15	30.10																										
PIRATA Fr21	st058c01	B	2011-06-10T05:19:00z	 -21.483	 +4.000		1999.9	 1	 34.965	5.549	241.20	 0.00	 20.200	20.200	  1.32	21.60																										
PIRATA Fr21	st059c01	B	2011-06-11T07:40:00z	 -20.000	 +8.000		   3.0	11	 35.992	4.635	202.30	 0.02	  0.200	0.200	  0.03	 0.80	0.0039	0.0100	0.0080	0.0062	0.0056				0.0192	0.0058			0.0971			0.0097					0.1249	0.0968				
PIRATA Fr21	st059c01	B	2011-06-11T07:40:00z	 -20.000	 +8.000		  10.0	10	 35.996	4.587	200.20	 0.02	  0.100	0.100	  0.02	 0.80																										
PIRATA Fr21	st059c01	B	2011-06-11T07:40:00z	 -20.000	 +8.000		  20.0	 9	 36.067	4.594	200.40	 0.01	  0.100	0.100	  0.02	 0.60																										
PIRATA Fr21	st059c01	B	2011-06-11T07:40:00z	 -20.000	 +8.000		  40.0	 8	 35.743	3.150	137.20	 0.30	 11.400	11.100	  0.73	 3.60																										
PIRATA Fr21	st059c01	B	2011-06-11T07:40:00z	 -20.000	 +8.000		  40.0	 7	 35.742	3.141	136.80	 0.30	 11.400	11.100	  0.75	 3.80	0.1008	0.0736	0.0109	0.0896	0.0571				0.1327	0.0155	0.0207	0.0014	0.0366			0.2325					0.1150	0.6585				
PIRATA Fr21	st059c01	B	2011-06-11T07:40:00z	 -20.000	 +8.000		  60.0	 6	 35.645	2.418	105.20	 0.50	 18.400	17.900	  1.13	 5.30	0.0364	0.0185	0.0024	0.0359	0.0215				0.0388	0.0047	0.0008		0.0135			0.0655					0.0584	0.1637				
PIRATA Fr21	st059c01	B	2011-06-11T07:40:00z	 -20.000	 +8.000		  79.0	 5	 35.517	2.316	100.80	 0.06	 20.600	20.500	  1.29	 6.30	0.0251	0.0116	0.0016	0.0260	0.0114				0.0329	0.0028	0.0005		0.0058			0.0189					0.0411	0.0819				
PIRATA Fr21	st059c01	B	2011-06-11T07:40:00z	 -20.000	 +8.000		  99.0	 4	 35.460	2.162	 94.10	 0.02	 21.800	21.800	  1.38	 7.20	0.0157	0.0059		0.0136	0.0074				0.0229	0.0016			0.0019			0.0072					0.0138	0.0493				
PIRATA Fr21	st059c01	B	2011-06-11T07:40:00z	 -20.000	 +8.000		 500.8	 3	 35.009	1.033	 44.90	 0.01	 35.800	35.800	  2.18	17.10																										
PIRATA Fr21	st059c01	B	2011-06-11T07:40:00z	 -20.000	 +8.000		1000.6	 2	 34.746	3.073	133.60	 0.01	 32.500	32.400	  2.17	27.20																										
PIRATA Fr21	st059c01	B	2011-06-11T07:40:00z	 -20.000	 +8.000		2000.2	 1	 34.956	5.451	236.90	 0.02	 20.800	20.800	  1.39	23.70																										
